id_kel,nama_provinsi,nama_kota,nama_kecamatan,nama_kelurahan,suspek,perawatan_rs,isolasi_di_rumah,suspek_meninggal,selesai_isolasi,probable,perawatan_rs,isolasi_di_rumah,probable_meninggal,selesai_isolasi,pelaku_perjalanan,perawatan_rs,isolasi_di_rumah,selesai_isolasi,kontak_erat,isolasi_di_rumah,selesai_isolasi,discarded,meninggal,selesai_isolasi,positif,dirawat,sembuh,meninggal,self_isolation,keterangan
3172051003,DKI JAKARTA,JAKARTA UTARA,PADEMANGAN,ANCOL,273,7,27,0,239,1,0,0,0,1,8,0,0,8,426,33,393,4,0,4,102,15,72,2,13,
3173041007,DKI JAKARTA,JAKARTA BARAT,TAMBORA,ANGKE,271,0,6,2,263,1,0,0,1,0,0,0,0,0,394,24,370,24,0,24,87,9,71,2,5,
3175041005,DKI JAKARTA,JAKARTA TIMUR,KRAMAT JATI,BALE KAMBANG,151,8,17,1,125,1,0,0,0,1,4,0,1,3,330,70,260,23,0,23,65,2,51,1,11,
3175031003,DKI JAKARTA,JAKARTA TIMUR,JATINEGARA,BALI MESTER,55,0,6,1,48,0,0,0,0,0,0,0,0,0,53,5,48,2,0,2,14,0,12,1,1,
3175101006,DKI JAKARTA,JAKARTA TIMUR,CIPAYUNG,BAMBU APUS,166,7,13,1,145,0,0,0,0,0,3,0,0,3,246,42,204,15,0,15,62,0,61,0,1,
3174031002,DKI JAKARTA,JAKARTA SELATAN,MAMPANG PRAPATAN,BANGKA,108,0,4,2,102,3,0,0,1,2,18,0,0,18,445,15,430,7,0,7,58,4,42,2,10,
3175051002,DKI JAKARTA,JAKARTA TIMUR,PASAR REBO,BARU,137,3,15,1,118,0,0,0,0,0,4,0,1,3,239,17,222,9,0,9,38,3,30,0,5,
3175041004,DKI JAKARTA,JAKARTA TIMUR,KRAMAT JATI,BATU AMPAR,252,3,34,1,214,2,1,0,0,1,2,0,1,1,520,65,455,25,0,25,67,2,58,3,4,
BELUM DIKETAHUI,BELUM DIKETAHUI,BELUM DIKETAHUI,BELUM DIKETAHUI,BELUM DIKETAHUI,10831,0,0,1690,9141,1320,0,0,1318,2,105,0,0,105,5214,0,5214,73,1,72,12299,2015,7462,260,2562,
3171071002,DKI JAKARTA,JAKARTA PUSAT,TANAH ABANG,BENDUNGAN HILIR,257,9,14,0,234,0,0,0,0,0,3,0,0,3,307,15,292,5,0,5,55,2,47,1,5,
3175031002,DKI JAKARTA,JAKARTA TIMUR,JATINEGARA,BIDARA CINA,183,6,23,3,151,0,0,0,0,0,1,0,0,1,225,28,197,23,0,23,124,3,102,8,11,
3174101002,DKI JAKARTA,JAKARTA SELATAN,PESANGGRAHAN,BINTARO,452,1,28,2,421,3,1,0,0,2,7,0,0,7,928,35,893,19,0,19,106,6,85,6,9,
3174011005,DKI JAKARTA,JAKARTA SELATAN,TEBET,BUKIT DURI,126,4,9,3,110,1,0,0,0,1,13,0,0,13,300,28,272,10,0,10,57,2,47,6,2,
3171041006,DKI JAKARTA,JAKARTA PUSAT,SENEN,BUNGUR,135,4,10,2,119,1,0,0,0,1,13,0,0,13,388,17,371,9,0,9,91,2,75,2,12,
3175061007,DKI JAKARTA,JAKARTA TIMUR,CAKUNG,CAKUNG BARAT,135,8,8,1,118,0,0,0,0,0,0,0,0,0,407,53,354,34,0,34,78,3,64,1,10,
3175061004,DKI JAKARTA,JAKARTA TIMUR,CAKUNG,CAKUNG TIMUR,157,13,17,2,125,2,1,0,1,0,3,0,0,3,388,52,336,26,0,26,66,7,55,1,3,
3175041007,DKI JAKARTA,JAKARTA TIMUR,KRAMAT JATI,CAWANG,147,8,24,0,115,1,0,0,0,1,4,0,0,4,353,39,314,12,0,12,63,2,55,2,4,
3175101008,DKI JAKARTA,JAKARTA TIMUR,CIPAYUNG,CEGER,107,3,9,0,95,0,0,0,0,0,0,0,0,0,102,14,88,8,0,8,16,2,14,0,0,
3171031006,DKI JAKARTA,JAKARTA PUSAT,KEMAYORAN,CEMPAKA BARU,328,18,19,2,289,1,1,0,0,0,7,0,0,7,358,57,301,29,0,29,191,5,151,9,26,
3171051002,DKI JAKARTA,JAKARTA PUSAT,CEMPAKA PUTIH,CEMPAKA PUTIH BARAT,572,8,19,2,543,1,1,0,0,0,9,0,0,9,1290,65,1225,40,0,40,277,9,234,9,25,
3171051001,DKI JAKARTA,JAKARTA PUSAT,CEMPAKA PUTIH,CEMPAKA PUTIH TIMUR,386,4,22,1,359,0,0,0,0,0,9,0,0,9,949,37,912,45,0,45,166,0,147,3,16,
3173011001,DKI JAKARTA,JAKARTA BARAT,CENGKARENG,CENGKARENG BARAT,256,7,41,1,207,0,0,0,0,0,5,0,0,5,643,49,594,8,0,8,95,4,74,4,13,
3173011006,DKI JAKARTA,JAKARTA BARAT,CENGKARENG,CENGKARENG TIMUR,368,8,28,7,325,1,0,0,0,1,3,0,0,3,775,89,686,14,0,14,199,7,154,7,31,
3175091002,DKI JAKARTA,JAKARTA TIMUR,CIRACAS,CIBUBUR,357,9,33,4,311,0,0,0,0,0,28,0,3,25,1321,123,1198,77,0,77,87,5,75,3,4,
3171011002,DKI JAKARTA,JAKARTA PUSAT,GAMBIR,CIDENG,173,3,6,2,162,0,0,0,0,0,8,0,0,8,311,21,290,11,0,11,84,2,65,5,12,
3174091003,DKI JAKARTA,JAKARTA SELATAN,JAGAKARSA,CIGANJUR,437,10,18,1,408,1,0,0,0,1,9,0,0,9,302,50,252,7,0,7,71,1,61,4,5,
3175051003,DKI JAKARTA,JAKARTA TIMUR,PASAR REBO,CIJANTUNG,330,10,30,3,287,0,0,0,0,0,1,0,0,1,324,56,268,4,0,4,91,7,64,3,17,
3171061003,DKI JAKARTA,JAKARTA PUSAT,MENTENG,CIKINI,82,4,11,0,67,0,0,0,0,0,0,0,0,0,142,18,124,11,0,11,23,1,15,2,5,
3174081006,DKI JAKARTA,JAKARTA SELATAN,PANCORAN,CIKOKO,87,3,9,0,75,0,0,0,0,0,10,0,0,10,184,6,178,0,0,0,31,1,27,1,2,
3174061001,DKI JAKARTA,JAKARTA SELATAN,CILANDAK,CILANDAK BARAT,370,19,27,5,319,0,0,0,0,0,92,0,0,92,597,60,537,36,0,36,91,1,84,4,2,
3174041003,DKI JAKARTA,JAKARTA SELATAN,PASAR MINGGU,CILANDAK TIMUR,170,31,12,1,126,0,0,0,0,0,17,0,0,17,247,13,234,58,0,58,109,7,82,4,16,
3175101002,DKI JAKARTA,JAKARTA TIMUR,CIPAYUNG,CILANGKAP,170,6,12,1,151,0,0,0,0,0,1,0,0,1,219,32,187,18,0,18,54,3,39,0,12,
3175041006,DKI JAKARTA,JAKARTA TIMUR,KRAMAT JATI,CILILITAN,154,5,14,1,134,0,0,0,0,0,4,0,1,3,443,58,385,41,0,41,88,2,69,2,15,
3172041001,DKI JAKARTA,JAKARTA UTARA,CILINCING,CILINCING,278,9,29,1,239,0,0,0,0,0,5,0,1,4,903,116,787,59,0,59,219,18,159,3,39,
3175101001,DKI JAKARTA,JAKARTA TIMUR,CIPAYUNG,CIPAYUNG,214,5,10,2,197,1,0,0,1,0,4,0,0,4,235,32,203,9,0,9,82,1,79,1,1,
3174091006,DKI JAKARTA,JAKARTA SELATAN,JAGAKARSA,CIPEDAK,354,17,16,0,321,1,0,0,0,1,0,0,0,0,218,35,183,5,0,5,50,3,37,0,10,
3174061005,DKI JAKARTA,JAKARTA SELATAN,CILANDAK,CIPETE SELATAN,139,7,10,1,121,1,1,0,0,0,44,0,0,44,225,24,201,4,0,4,30,1,22,4,3,
3174071010,DKI JAKARTA,JAKARTA SELATAN,KEBAYORAN BARU,CIPETE UTARA,272,8,42,3,219,0,0,0,0,0,9,0,0,9,303,23,280,5,0,5,48,3,33,3,9,
3175021003,DKI JAKARTA,JAKARTA TIMUR,PULO GADUNG,CIPINANG,131,7,12,2,110,0,0,0,0,0,3,0,0,3,530,94,436,27,0,27,138,8,102,5,23,
3175031007,DKI JAKARTA,JAKARTA TIMUR,JATINEGARA,CIPINANG BESAR SELATAN,128,9,11,2,106,0,0,0,0,0,1,0,0,1,189,31,158,7,0,7,43,3,38,1,1,
3175031008,DKI JAKARTA,JAKARTA TIMUR,JATINEGARA,CIPINANG BESAR UTARA,139,8,24,0,107,1,1,0,0,0,3,0,0,3,339,32,307,15,0,15,74,1,69,2,2,
3175031005,DKI JAKARTA,JAKARTA TIMUR,JATINEGARA,CIPINANG CEMPEDAK,131,7,16,2,106,0,0,0,0,0,2,0,0,2,159,33,126,8,0,8,38,0,34,1,3,
3175081005,DKI JAKARTA,JAKARTA TIMUR,MAKASAR,CIPINANG MELAYU,172,5,44,2,121,1,1,0,0,0,2,0,0,2,361,41,320,14,0,14,81,0,72,5,4,
3175031006,DKI JAKARTA,JAKARTA TIMUR,JATINEGARA,CIPINANG MUARA,190,11,31,1,147,2,1,0,0,1,4,0,0,4,388,52,336,22,0,22,106,3,78,1,24,
3174051003,DKI JAKARTA,JAKARTA SELATAN,KEBAYORAN LAMA,CIPULIR,153,6,9,4,134,4,2,0,0,2,6,0,0,6,402,18,384,5,0,5,95,3,79,4,9,
3175091001,DKI JAKARTA,JAKARTA TIMUR,CIRACAS,CIRACAS,369,9,45,9,306,0,0,0,0,0,22,0,0,22,1039,85,954,42,0,42,114,5,91,5,13,
3175041003,DKI JAKARTA,JAKARTA TIMUR,KRAMAT JATI,DUKUH,122,4,9,1,108,0,0,0,0,0,1,0,0,1,318,45,273,13,0,13,45,3,35,0,7,
3175071001,DKI JAKARTA,JAKARTA TIMUR,DUREN SAWIT,DUREN SAWIT,527,9,21,3,494,10,8,0,0,2,2,0,0,2,508,69,439,17,0,17,229,16,171,8,34,
3174081004,DKI JAKARTA,JAKARTA SELATAN,PANCORAN,DUREN TIGA,183,9,8,0,166,0,0,0,0,0,3,0,0,3,333,18,315,2,0,2,34,1,31,0,2,
3173051005,DKI JAKARTA,JAKARTA BARAT,KEBON JERUK,DURI KEPA,227,9,19,2,197,3,1,0,0,2,12,0,0,12,697,50,647,65,0,65,162,7,139,7,9,
3173011002,DKI JAKARTA,JAKARTA BARAT,CENGKARENG,DURI KOSAMBI,253,7,17,3,226,0,0,0,0,0,4,0,0,4,456,51,405,10,0,10,97,4,76,3,14,
3171011006,DKI JAKARTA,JAKARTA PUSAT,GAMBIR,DURI PULO,102,3,4,3,92,0,0,0,0,0,0,0,0,0,223,35,188,7,0,7,59,2,49,2,6,
3173041011,DKI JAKARTA,JAKARTA BARAT,TAMBORA,DURI SELATAN,85,2,7,1,75,0,0,0,0,0,2,0,0,2,97,11,86,3,0,3,43,4,32,2,5,
3173041003,DKI JAKARTA,JAKARTA BARAT,TAMBORA,DURI UTARA,113,2,14,2,95,0,0,0,0,0,1,0,0,1,142,14,128,1,0,1,54,8,35,3,8,
3171081003,DKI JAKARTA,JAKARTA PUSAT,JOHAR BARU,GALUR,118,7,9,0,102,1,1,0,0,0,2,0,0,2,255,17,238,43,0,43,101,1,84,8,8,
3171011001,DKI JAKARTA,JAKARTA PUSAT,GAMBIR,GAMBIR,52,1,3,0,48,0,0,0,0,0,17,0,0,17,206,20,186,6,0,6,77,3,44,0,30,
3174061004,DKI JAKARTA,JAKARTA SELATAN,CILANDAK,GANDARIA SELATAN,114,5,8,0,101,1,0,0,0,1,20,0,0,20,400,30,370,2,0,2,58,2,51,3,2,
3174071009,DKI JAKARTA,JAKARTA SELATAN,KEBAYORAN BARU,GANDARIA UTARA,229,8,28,2,191,0,0,0,0,0,3,0,0,3,395,22,373,1,0,1,72,9,57,2,4,
3175051001,DKI JAKARTA,JAKARTA TIMUR,PASAR REBO,GEDONG,434,10,58,0,366,0,0,0,0,0,3,0,1,2,202,24,178,22,0,22,92,1,83,0,8,
3171071001,DKI JAKARTA,JAKARTA PUSAT,TANAH ABANG,GELORA,36,0,0,1,35,0,0,0,0,0,5,0,0,5,72,3,69,0,0,0,47,0,45,2,0,
3173031007,DKI JAKARTA,JAKARTA BARAT,TAMAN SARI,GLODOK,52,1,5,0,46,0,0,0,0,0,0,0,0,0,96,9,87,0,0,0,9,0,7,1,1,
3171061004,DKI JAKARTA,JAKARTA PUSAT,MENTENG,GONDANGDIA,37,2,4,1,30,0,0,0,0,0,4,0,0,4,83,7,76,7,0,7,30,1,23,2,4,
3173021001,DKI JAKARTA,JAKARTA BARAT,GROGOL PETAMBURAN,GROGOL,183,1,8,4,170,0,0,0,0,0,39,0,0,39,489,36,453,31,0,31,76,6,64,0,6,
3174051005,DKI JAKARTA,JAKARTA SELATAN,KEBAYORAN LAMA,GROGOL SELATAN,176,5,19,5,147,0,0,0,0,0,12,0,0,12,426,18,408,4,0,4,88,5,65,5,13,
3174051004,DKI JAKARTA,JAKARTA SELATAN,KEBAYORAN LAMA,GROGOL UTARA,192,6,12,4,170,0,0,0,0,0,24,0,0,24,427,22,405,13,0,13,124,6,106,2,10,
3174021007,DKI JAKARTA,JAKARTA SELATAN,SETIA BUDI,GUNTUR,40,0,7,0,33,0,0,0,0,0,1,0,0,1,111,33,78,1,0,1,13,0,8,0,5,
3174071002,DKI JAKARTA,JAKARTA SELATAN,KEBAYORAN BARU,GUNUNG,64,2,8,3,51,0,0,0,0,0,7,0,0,7,217,5,212,0,0,0,20,1,14,1,4,
3171031005,DKI JAKARTA,JAKARTA PUSAT,KEMAYORAN,GUNUNG SAHARI SELATAN,173,2,21,1,149,0,0,0,0,0,2,0,0,2,236,38,198,1,0,1,56,5,43,3,5,
3171021004,DKI JAKARTA,JAKARTA PUSAT,SAWAH BESAR,GUNUNG SAHARI UTARA,154,7,12,1,134,0,0,0,0,0,5,0,0,5,314,82,232,6,0,6,53,1,33,5,14,
3175081004,DKI JAKARTA,JAKARTA TIMUR,MAKASAR,HALIM PERDANA KUSUMAH,111,6,14,2,89,0,0,0,0,0,4,0,2,2,282,32,250,9,0,9,121,4,89,3,25,
3171031003,DKI JAKARTA,JAKARTA PUSAT,KEMAYORAN,HARAPAN MULIA,208,6,16,3,183,0,0,0,0,0,6,0,0,6,268,33,235,26,0,26,129,4,116,6,3,
3174091001,DKI JAKARTA,JAKARTA SELATAN,JAGAKARSA,JAGAKARSA,539,16,22,2,499,3,1,0,0,2,7,0,0,7,491,77,414,11,0,11,149,5,126,3,15,
3175021007,DKI JAKARTA,JAKARTA TIMUR,PULO GADUNG,JATI,185,9,47,1,128,0,0,0,0,0,6,0,0,6,575,61,514,21,0,21,113,10,89,0,14,
3174041002,DKI JAKARTA,JAKARTA SELATAN,PASAR MINGGU,JATI PADANG,196,9,20,2,165,0,0,0,0,0,3,0,1,2,378,28,350,56,0,56,50,2,35,3,10,
3173071004,DKI JAKARTA,JAKARTA BARAT,PALMERAH,JATI PULO,275,1,16,4,254,0,0,0,0,0,3,0,0,3,481,35,446,60,0,60,140,10,123,2,5,
3175061001,DKI JAKARTA,JAKARTA TIMUR,CAKUNG,JATINEGARA,242,11,20,3,208,0,0,0,0,0,2,0,0,2,662,129,533,32,0,32,125,5,89,6,25,
3175021004,DKI JAKARTA,JAKARTA TIMUR,PULO GADUNG,JATINEGARA KAUM,44,2,3,0,39,1,0,0,1,0,3,0,0,3,164,35,129,6,0,6,16,1,14,0,1,
3173021004,DKI JAKARTA,JAKARTA BARAT,GROGOL PETAMBURAN,JELAMBAR,193,5,15,5,168,2,0,0,0,2,24,0,0,24,498,31,467,7,0,7,88,5,74,4,5,
3173021006,DKI JAKARTA,JAKARTA BARAT,GROGOL PETAMBURAN,JELAMBAR BARU,245,5,20,2,218,1,0,0,0,1,4,0,0,4,422,21,401,17,0,17,44,2,31,3,8,
3173041006,DKI JAKARTA,JAKARTA BARAT,TAMBORA,JEMBATAN BESI,408,7,9,1,391,0,0,0,0,0,4,0,1,3,396,30,366,7,0,7,135,4,120,6,5,
3173041008,DKI JAKARTA,JAKARTA BARAT,TAMBORA,JEMBATAN LIMA,117,4,4,0,109,0,0,0,0,0,0,0,0,0,149,23,126,1,0,1,35,2,24,2,7,
3173081005,DKI JAKARTA,JAKARTA BARAT,KEMBANGAN,JOGLO,162,8,16,4,134,0,0,0,0,0,4,0,0,4,304,23,281,12,0,12,56,6,48,1,1,
3171081001,DKI JAKARTA,JAKARTA PUSAT,JOHAR BARU,JOHAR BARU,353,9,30,3,311,1,1,0,0,0,3,0,0,3,972,80,892,92,0,92,252,10,220,11,11,
3173041002,DKI JAKARTA,JAKARTA BARAT,TAMBORA,KALI ANYAR,233,3,23,0,207,0,0,0,0,0,3,0,0,3,273,19,254,9,0,9,96,5,67,4,20,
3172041004,DKI JAKARTA,JAKARTA UTARA,CILINCING,KALI BARU,227,10,23,5,189,0,0,0,0,0,4,0,1,3,502,30,472,33,0,33,158,5,114,6,33,
3174081002,DKI JAKARTA,JAKARTA SELATAN,PANCORAN,KALIBATA,262,9,11,3,239,3,2,0,0,1,8,0,0,8,417,33,384,10,0,10,120,7,105,1,7,
3173061001,DKI JAKARTA,JAKARTA BARAT,KALI DERES,KALIDERES,601,13,58,4,526,0,0,0,0,0,5,0,0,5,1475,71,1404,28,0,28,132,6,103,4,19,
3175051004,DKI JAKARTA,JAKARTA TIMUR,PASAR REBO,KALISARI,506,13,47,0,446,0,0,0,0,0,2,0,1,1,252,36,216,7,0,7,76,1,67,3,5,
3173061004,DKI JAKARTA,JAKARTA BARAT,KALI DERES,KAMAL,209,2,8,3,196,0,0,0,0,0,1,0,0,1,368,16,352,2,0,2,16,0,14,2,0,
3172011002,DKI JAKARTA,JAKARTA UTARA,PENJARINGAN,KAMAL MUARA,49,1,3,0,45,0,0,0,0,0,4,0,0,4,79,11,68,0,0,0,22,1,20,1,0,
3171071007,DKI JAKARTA,JAKARTA PUSAT,TANAH ABANG,KAMPUNG BALI,100,5,7,2,86,1,1,0,0,0,2,0,0,2,125,8,117,2,0,2,28,3,23,2,0,
3175031001,DKI JAKARTA,JAKARTA TIMUR,JATINEGARA,KAMPUNG MELAYU,113,14,19,5,75,1,1,0,0,0,4,0,1,3,135,39,96,4,0,4,92,1,85,3,3,
3171081002,DKI JAKARTA,JAKARTA PUSAT,JOHAR BARU,KAMPUNG RAWA,194,6,16,0,172,1,0,0,0,1,0,0,0,0,439,35,404,62,0,62,140,3,115,13,9,
3175041002,DKI JAKARTA,JAKARTA TIMUR,KRAMAT JATI,KAMPUNG TENGAH,330,10,39,1,280,1,0,0,0,1,8,0,1,7,754,89,665,48,0,48,162,5,127,9,21,
3173011005,DKI JAKARTA,JAKARTA BARAT,CENGKARENG,KAPUK,353,19,40,16,278,0,0,0,0,0,9,0,2,7,685,74,611,11,0,11,115,8,82,7,18,
3172011003,DKI JAKARTA,JAKARTA UTARA,PENJARINGAN,KAPUK MUARA,117,7,7,0,103,0,0,0,0,0,9,0,0,9,259,55,204,17,0,17,69,6,58,4,1,
3171021002,DKI JAKARTA,JAKARTA PUSAT,SAWAH BESAR,KARANG ANYAR,308,5,15,5,283,0,0,0,0,0,4,0,0,4,604,42,562,7,0,7,97,6,78,5,8,
3174021004,DKI JAKARTA,JAKARTA SELATAN,SETIA BUDI,KARET,87,3,6,0,78,0,0,0,0,0,10,0,0,10,257,16,241,4,0,4,40,4,34,0,2,
3174021003,DKI JAKARTA,JAKARTA SELATAN,SETIA BUDI,KARET KUNINGAN,115,7,14,1,93,0,0,0,0,0,21,0,0,21,223,9,214,4,0,4,36,3,26,2,5,
3174021002,DKI JAKARTA,JAKARTA SELATAN,SETIA BUDI,KARET SEMANGGI,41,0,1,1,39,0,0,0,0,0,3,0,0,3,56,11,45,0,0,0,10,1,6,2,1,
3171071003,DKI JAKARTA,JAKARTA PUSAT,TANAH ABANG,KARET TENGSIN,171,3,8,0,160,0,0,0,0,0,7,0,0,7,190,21,169,0,0,0,39,6,30,1,2,
3171021003,DKI JAKARTA,JAKARTA PUSAT,SAWAH BESAR,KARTINI,215,2,11,1,201,1,1,0,0,0,0,0,0,0,428,18,410,15,0,15,109,3,91,2,13,
3175011003,DKI JAKARTA,JAKARTA TIMUR,MATRAMAN,KAYU MANIS,173,5,12,0,156,1,0,0,0,1,0,0,0,0,435,50,385,22,0,22,76,1,64,4,7,
3175021006,DKI JAKARTA,JAKARTA TIMUR,PULO GADUNG,KAYU PUTIH,256,3,16,4,233,0,0,0,0,0,11,0,0,11,718,41,677,23,0,23,138,0,122,5,11,
3173031006,DKI JAKARTA,JAKARTA BARAT,TAMAN SARI,KEAGUNGAN,173,5,30,0,138,0,0,0,0,0,2,0,0,2,301,23,278,7,0,7,69,7,46,1,15,
3174041007,DKI JAKARTA,JAKARTA SELATAN,PASAR MINGGU,KEBAGUSAN,217,7,12,1,197,1,0,0,0,1,0,0,0,0,407,30,377,18,0,18,56,0,53,0,3,
3174051006,DKI JAKARTA,JAKARTA SELATAN,KEBAYORAN LAMA,KEBAYORAN LAMA SELATAN,300,11,25,0,264,4,1,0,0,3,1,0,0,1,613,15,598,10,0,10,89,2,74,4,9,
3174051001,DKI JAKARTA,JAKARTA SELATAN,KEBAYORAN LAMA,KEBAYORAN LAMA UTARA,185,1,14,1,169,0,0,0,0,0,15,0,0,15,353,10,343,2,0,2,57,0,53,2,2,
3174011004,DKI JAKARTA,JAKARTA SELATAN,TEBET,KEBON BARU,140,5,17,2,116,0,0,0,0,0,15,0,0,15,392,39,353,16,0,16,54,3,44,0,7,
3172021005,DKI JAKARTA,JAKARTA UTARA,TANJUNG PRIOK,KEBON BAWANG,381,17,41,1,322,0,0,0,0,0,13,0,1,12,695,62,633,50,0,50,219,11,193,2,13,
3173051001,DKI JAKARTA,JAKARTA BARAT,KEBON JERUK,KEBON JERUK,310,8,26,6,270,0,0,0,0,0,13,0,0,13,1060,71,989,53,0,53,173,8,127,11,27,
3171071006,DKI JAKARTA,JAKARTA PUSAT,TANAH ABANG,KEBON KACANG,355,11,9,1,334,0,0,0,0,0,0,0,0,0,321,16,305,3,0,3,197,6,168,9,14,
3171011005,DKI JAKARTA,JAKARTA PUSAT,GAMBIR,KEBON KELAPA,87,1,7,1,78,0,0,0,0,0,1,0,0,1,136,9,127,0,0,0,29,0,20,1,8,
3171031002,DKI JAKARTA,JAKARTA PUSAT,KEMAYORAN,KEBON KOSONG,220,3,15,5,197,0,0,0,0,0,7,0,0,7,265,27,238,27,0,27,119,1,107,6,5,
3175011005,DKI JAKARTA,JAKARTA TIMUR,MATRAMAN,KEBON MANGGIS,100,4,7,4,85,0,0,0,0,0,1,0,0,1,130,16,114,18,0,18,85,5,71,2,7,
3171071005,DKI JAKARTA,JAKARTA PUSAT,TANAH ABANG,KEBON MELATI,348,8,19,3,318,0,0,0,0,0,5,0,0,5,339,20,319,5,0,5,156,5,124,7,20,
3175081003,DKI JAKARTA,JAKARTA TIMUR,MAKASAR,KEBON PALA,134,12,13,1,108,0,0,0,0,0,4,0,0,4,502,45,457,13,0,13,92,2,86,1,3,
3171061005,DKI JAKARTA,JAKARTA PUSAT,MENTENG,KEBON SIRIH,89,0,4,2,83,0,0,0,0,0,2,0,0,2,228,5,223,12,0,12,61,1,45,2,13,
3173011004,DKI JAKARTA,JAKARTA BARAT,CENGKARENG,KEDAUNG KALI ANGKE,176,6,10,0,160,0,0,0,0,0,1,0,0,1,177,11,166,5,0,5,111,2,76,2,31,
3173051007,DKI JAKARTA,JAKARTA BARAT,KEBON JERUK,KEDOYA SELATAN,150,10,11,5,124,2,0,0,0,2,4,0,0,4,337,31,306,16,0,16,59,5,40,3,11,
3173051006,DKI JAKARTA,JAKARTA BARAT,KEBON JERUK,KEDOYA UTARA,133,13,7,2,111,1,0,0,0,1,15,0,0,15,436,38,398,18,0,18,66,3,51,0,12,
3173051004,DKI JAKARTA,JAKARTA BARAT,KEBON JERUK,KELAPA DUA,87,3,8,0,76,0,0,0,0,0,5,0,0,5,254,12,242,18,0,18,46,1,42,2,1,
3175091003,DKI JAKARTA,JAKARTA TIMUR,CIRACAS,KELAPA DUA WETAN,280,8,30,1,241,0,0,0,0,0,7,0,0,7,717,44,673,33,0,33,72,1,62,2,7,
3172061003,DKI JAKARTA,JAKARTA UTARA,KELAPA GADING,KELAPA GADING BARAT,482,11,49,2,420,1,1,0,0,0,44,0,3,41,872,79,793,41,0,41,187,19,130,5,33,
3172061001,DKI JAKARTA,JAKARTA UTARA,KELAPA GADING,KELAPA GADING TIMUR,430,9,16,2,403,0,0,0,0,0,18,0,1,17,854,77,777,26,0,26,98,6,80,8,4,
3173071005,DKI JAKARTA,JAKARTA BARAT,PALMERAH,KEMANGGISAN,294,6,26,6,256,0,0,0,0,0,7,0,0,7,525,42,483,48,0,48,110,7,91,5,7,
3171031001,DKI JAKARTA,JAKARTA PUSAT,KEMAYORAN,KEMAYORAN,234,8,14,3,209,0,0,0,0,0,0,0,0,0,343,46,297,20,0,20,144,2,126,5,11,
3173081006,DKI JAKARTA,JAKARTA BARAT,KEMBANGAN,KEMBANGAN SELATAN,105,8,6,1,90,0,0,0,0,0,5,0,0,5,328,18,310,52,0,52,74,7,49,2,16,
3173081001,DKI JAKARTA,JAKARTA BARAT,KEMBANGAN,KEMBANGAN UTARA,215,10,15,3,187,1,0,0,1,0,2,0,0,2,962,56,906,10,0,10,81,9,67,2,3,
3171041002,DKI JAKARTA,JAKARTA PUSAT,SENEN,KENARI,133,2,6,1,124,0,0,0,0,0,0,0,0,0,313,26,287,44,0,44,135,0,132,2,1,
3173041005,DKI JAKARTA,JAKARTA BARAT,TAMBORA,KERENDANG,163,3,6,2,152,1,0,0,0,1,0,0,0,0,139,15,124,3,0,3,71,7,56,6,2,
3175071003,DKI JAKARTA,JAKARTA TIMUR,DUREN SAWIT,KLENDER,390,10,20,2,358,1,1,0,0,0,3,0,0,3,495,69,426,17,0,17,150,6,113,9,22,
3172031001,DKI JAKARTA,JAKARTA UTARA,KOJA,KOJA,198,2,13,0,183,0,0,0,0,0,4,0,0,4,315,34,281,25,0,25,133,9,78,4,42,
3173071006,DKI JAKARTA,JAKARTA BARAT,PALMERAH,KOTA BAMBU SELATAN,286,6,23,5,252,0,0,0,0,0,1,0,0,1,649,32,617,71,0,71,159,3,150,4,2,
3173071003,DKI JAKARTA,JAKARTA BARAT,PALMERAH,KOTA BAMBU UTARA,245,4,15,11,215,0,0,0,0,0,3,0,1,2,403,21,382,52,0,52,146,4,136,6,0,
3171041004,DKI JAKARTA,JAKARTA PUSAT,SENEN,KRAMAT,273,2,20,5,246,0,0,0,0,0,4,0,0,4,680,46,634,30,0,30,187,1,172,9,5,
3175041001,DKI JAKARTA,JAKARTA TIMUR,KRAMAT JATI,KRAMAT JATI,190,3,25,1,161,0,0,0,0,0,9,0,1,8,419,70,349,21,0,21,83,7,54,5,17,
3174071003,DKI JAKARTA,JAKARTA SELATAN,KEBAYORAN BARU,KRAMAT PELA,70,4,13,0,53,0,0,0,0,0,0,0,0,0,402,18,384,4,0,4,74,1,64,0,9,
3173031002,DKI JAKARTA,JAKARTA BARAT,TAMAN SARI,KRUKUT,104,1,18,6,79,0,0,0,0,0,3,0,0,3,234,26,208,9,0,9,52,6,37,3,6,
3174031005,DKI JAKARTA,JAKARTA SELATAN,MAMPANG PRAPATAN,KUNINGAN BARAT,65,4,3,1,57,0,0,0,0,0,0,0,0,0,292,9,283,5,0,5,11,0,11,0,0,
3174021008,DKI JAKARTA,JAKARTA SELATAN,SETIA BUDI,KUNINGAN TIMUR,77,2,3,1,71,0,0,0,0,0,20,0,0,20,88,20,68,1,0,1,27,1,12,2,12,
3171041005,DKI JAKARTA,JAKARTA PUSAT,SENEN,KWITANG,174,3,4,0,167,1,0,0,0,1,2,0,0,2,328,23,305,7,0,7,65,0,48,4,13,
3172031003,DKI JAKARTA,JAKARTA UTARA,KOJA,LAGOA,370,11,20,1,338,0,0,0,0,0,4,0,0,4,403,60,343,40,0,40,317,7,289,7,14,
3174061002,DKI JAKARTA,JAKARTA SELATAN,CILANDAK,LEBAK BULUS,187,6,11,2,168,3,0,0,0,3,27,0,0,27,363,57,306,20,0,20,70,0,53,7,10,
3174091004,DKI JAKARTA,JAKARTA SELATAN,JAGAKARSA,LENTENG AGUNG,400,6,12,0,382,1,1,0,0,0,6,0,0,6,296,60,236,9,0,9,61,1,57,0,3,
LUAR DKI JAKARTA,LUAR DKI JAKARTA,LUAR DKI JAKARTA,LUAR DKI JAKARTA,LUAR DKI JAKARTA,13702,104,391,98,13109,26,6,0,0,20,440,0,18,422,18260,807,17453,919,0,919,4913,270,4324,98,221,
3175101007,DKI JAKARTA,JAKARTA TIMUR,CIPAYUNG,LUBANG BUAYA,299,12,20,3,264,1,1,0,0,0,4,0,1,3,407,46,361,25,0,25,94,6,69,1,18,
3175081001,DKI JAKARTA,JAKARTA TIMUR,MAKASAR,MAKASAR,136,4,17,1,114,0,0,0,0,0,7,0,0,7,557,52,505,18,0,18,60,5,44,0,11,
3175071006,DKI JAKARTA,JAKARTA TIMUR,DUREN SAWIT,MALAKA JAYA,218,9,8,2,199,1,1,0,0,0,2,0,0,2,303,38,265,9,0,9,68,3,58,0,7,
3175071005,DKI JAKARTA,JAKARTA TIMUR,DUREN SAWIT,MALAKA SARI,184,4,8,1,171,0,0,0,0,0,0,0,0,0,224,27,197,6,0,6,61,1,46,3,11,
3174031001,DKI JAKARTA,JAKARTA SELATAN,MAMPANG PRAPATAN,MAMPANG PRAPATAN,149,7,16,2,124,0,0,0,0,0,0,0,0,0,658,51,607,9,0,9,105,5,79,5,16,
3173031005,DKI JAKARTA,JAKARTA BARAT,TAMAN SARI,MANGGA BESAR,71,1,11,1,58,0,0,0,0,0,0,0,0,0,114,8,106,3,0,3,15,1,12,0,2,
3171021005,DKI JAKARTA,JAKARTA PUSAT,SAWAH BESAR,MANGGA DUA SELATAN,192,7,16,1,168,1,1,0,0,0,1,0,0,1,556,112,444,9,0,9,84,10,50,2,22,
3174011007,DKI JAKARTA,JAKARTA SELATAN,TEBET,MANGGARAI,184,12,31,0,141,2,2,0,0,0,4,0,0,4,317,31,286,19,0,19,59,3,42,1,13,
3174011006,DKI JAKARTA,JAKARTA SELATAN,TEBET,MANGGARAI SELATAN,111,6,9,2,94,0,0,0,0,0,6,0,0,6,333,12,321,18,0,18,45,1,41,2,1,
3173031003,DKI JAKARTA,JAKARTA BARAT,TAMAN SARI,MAPHAR,123,0,8,1,114,0,0,0,0,0,6,0,0,6,253,34,219,36,0,36,125,5,119,0,1,
3172041003,DKI JAKARTA,JAKARTA UTARA,CILINCING,MARUNDA,165,10,12,0,143,0,0,0,0,0,0,0,0,0,264,36,228,12,0,12,51,2,43,1,5,
3174071001,DKI JAKARTA,JAKARTA SELATAN,KEBAYORAN BARU,MELAWAI,30,0,1,0,29,0,0,0,0,0,1,0,0,1,45,3,42,0,0,0,7,0,6,0,1,
3171061001,DKI JAKARTA,JAKARTA PUSAT,MENTENG,MENTENG,201,12,21,2,166,1,0,0,0,1,1,0,0,1,505,73,432,23,0,23,121,8,74,5,34,
3174021005,DKI JAKARTA,JAKARTA SELATAN,SETIA BUDI,MENTENG ATAS,199,5,19,3,172,0,0,0,0,0,45,0,0,45,861,40,821,31,0,31,107,2,83,2,20,
3174011003,DKI JAKARTA,JAKARTA SELATAN,TEBET,MENTENG DALAM,233,7,20,4,202,1,0,0,0,1,13,0,1,12,429,26,403,38,0,38,82,4,65,6,7,
3173081003,DKI JAKARTA,JAKARTA BARAT,KEMBANGAN,MERUYA SELATAN,134,3,11,1,119,0,0,0,0,0,2,0,0,2,324,21,303,14,0,14,54,4,42,3,5,
3173081002,DKI JAKARTA,JAKARTA BARAT,KEMBANGAN,MERUYA UTARA,190,8,18,6,158,0,0,0,0,0,6,0,0,6,476,48,428,10,0,10,68,1,63,1,3,
3175101004,DKI JAKARTA,JAKARTA TIMUR,CIPAYUNG,MUNJUL,129,7,8,0,114,0,0,0,0,0,2,0,0,2,158,17,141,23,0,23,36,2,33,0,1,
3172051002,DKI JAKARTA,JAKARTA UTARA,PADEMANGAN,PADEMANGAN BARAT,1221,14,82,5,1120,3,0,0,0,3,10,0,0,10,1994,103,1891,23,0,23,454,21,390,17,26,
3172051001,DKI JAKARTA,JAKARTA UTARA,PADEMANGAN,PADEMANGAN TIMUR,355,9,38,3,305,1,1,0,0,0,13,0,0,13,614,43,571,12,0,12,111,7,77,3,24,
3175011004,DKI JAKARTA,JAKARTA TIMUR,MATRAMAN,PAL MERIAM,149,3,8,2,136,1,0,0,0,1,2,0,1,1,410,36,374,58,0,58,106,1,83,6,16,
3173071001,DKI JAKARTA,JAKARTA BARAT,PALMERAH,PALMERAH,616,8,37,2,569,0,0,0,0,0,1,0,0,1,1122,89,1033,65,0,65,217,14,177,11,15,
3174081001,DKI JAKARTA,JAKARTA SELATAN,PANCORAN,PANCORAN,153,9,13,0,131,1,0,0,0,1,8,0,0,8,376,24,352,6,0,6,122,4,99,3,16,
3172021003,DKI JAKARTA,JAKARTA UTARA,TANJUNG PRIOK,PAPANGGO,212,3,15,0,194,0,0,0,0,0,5,0,0,5,541,31,510,46,0,46,123,3,87,2,31,
3171021001,DKI JAKARTA,JAKARTA PUSAT,SAWAH BESAR,PASAR BARU,135,1,13,2,119,1,0,0,0,1,4,0,0,4,309,40,269,5,0,5,61,1,53,0,7,
3174021006,DKI JAKARTA,JAKARTA SELATAN,SETIA BUDI,PASAR MANGGIS,137,7,12,3,115,1,0,0,0,1,26,0,0,26,601,93,508,15,0,15,82,1,56,4,21,
3174041001,DKI JAKARTA,JAKARTA SELATAN,PASAR MINGGU,PASAR MINGGU,209,13,13,1,182,1,0,0,0,1,5,0,0,5,347,22,325,5,0,5,102,2,88,2,10,
3171041003,DKI JAKARTA,JAKARTA PUSAT,SENEN,PASEBAN,291,6,19,1,265,0,0,0,0,0,4,0,0,4,536,70,466,59,0,59,140,6,120,7,7,
3173061005,DKI JAKARTA,JAKARTA BARAT,KALI DERES,PEGADUNGAN,460,8,52,7,393,0,0,0,0,0,10,0,0,10,925,50,875,16,0,16,104,4,89,3,8,
3171061002,DKI JAKARTA,JAKARTA PUSAT,MENTENG,PEGANGSAAN,232,9,45,2,176,1,1,0,0,0,0,0,0,0,642,100,542,48,0,48,194,1,165,2,26,
3172061002,DKI JAKARTA,JAKARTA UTARA,KELAPA GADING,PEGANGSAAN DUA,510,18,39,1,452,0,0,0,0,0,41,0,0,41,1155,68,1087,79,0,79,167,9,111,5,42,
3172011004,DKI JAKARTA,JAKARTA UTARA,PENJARINGAN,PEJAGALAN,237,14,18,2,203,1,0,0,0,1,7,0,0,7,516,56,460,24,0,24,84,5,67,3,9,
3174041006,DKI JAKARTA,JAKARTA SELATAN,PASAR MINGGU,PEJATEN BARAT,208,5,36,2,165,4,0,0,0,4,1,0,0,1,446,74,372,63,0,63,66,2,56,2,6,
3174041005,DKI JAKARTA,JAKARTA SELATAN,PASAR MINGGU,PEJATEN TIMUR,259,3,23,1,232,2,0,0,0,2,2,0,1,1,392,26,366,30,0,30,82,3,74,5,0,
3175051005,DKI JAKARTA,JAKARTA TIMUR,PASAR REBO,PEKAYON,441,7,34,1,399,0,0,0,0,0,3,0,0,3,174,26,148,9,0,9,46,3,36,2,5,
3173041009,DKI JAKARTA,JAKARTA BARAT,TAMBORA,PEKOJAN,186,5,9,2,170,0,0,0,0,0,2,0,0,2,170,15,155,16,0,16,55,7,35,2,11,
3174031003,DKI JAKARTA,JAKARTA SELATAN,MAMPANG PRAPATAN,PELA MAMPANG,202,6,12,2,182,3,0,0,0,3,13,0,0,13,752,54,698,5,0,5,94,3,67,4,20,
3174081005,DKI JAKARTA,JAKARTA SELATAN,PANCORAN,PENGADEGAN,115,2,5,2,106,0,0,0,0,0,6,0,0,6,243,13,230,6,0,6,45,1,40,0,4,
3175061003,DKI JAKARTA,JAKARTA TIMUR,CAKUNG,PENGGILINGAN,317,19,49,1,248,0,0,0,0,0,5,0,1,4,848,133,715,64,0,64,189,9,150,6,24,
3172011001,DKI JAKARTA,JAKARTA UTARA,PENJARINGAN,PENJARINGAN,522,22,60,4,436,1,0,0,0,1,22,0,0,22,2212,115,2097,115,0,115,300,7,265,8,20,
3174101001,DKI JAKARTA,JAKARTA SELATAN,PESANGGRAHAN,PESANGGRAHAN,241,11,6,4,220,1,0,0,0,1,0,0,0,0,465,37,428,18,0,18,50,2,36,3,9,
3171071004,DKI JAKARTA,JAKARTA PUSAT,TANAH ABANG,PETAMBURAN,422,5,18,7,392,0,0,0,0,0,7,0,0,7,297,18,279,4,0,4,225,16,170,11,28,
3174071008,DKI JAKARTA,JAKARTA SELATAN,KEBAYORAN BARU,PETOGOGAN,89,4,12,0,73,0,0,0,0,0,2,0,0,2,184,2,182,0,0,0,23,1,18,0,4,
3171011004,DKI JAKARTA,JAKARTA PUSAT,GAMBIR,PETOJO SELATAN,137,4,6,1,126,0,0,0,0,0,22,0,0,22,427,37,390,14,0,14,89,3,74,6,6,
3171011003,DKI JAKARTA,JAKARTA PUSAT,GAMBIR,PETOJO UTARA,109,2,13,3,91,1,1,0,0,0,11,0,0,11,244,16,228,25,0,25,62,1,52,2,7,
3174101004,DKI JAKARTA,JAKARTA SELATAN,PESANGGRAHAN,PETUKANGAN SELATAN,217,3,10,2,202,0,0,0,0,0,1,0,0,1,490,31,459,7,0,7,31,1,17,1,12,
3174101003,DKI JAKARTA,JAKARTA SELATAN,PESANGGRAHAN,PETUKANGAN UTARA,291,3,11,4,273,1,0,0,0,1,5,0,0,5,1114,21,1093,8,0,8,68,3,55,2,8,
3175081002,DKI JAKARTA,JAKARTA TIMUR,MAKASAR,PINANG RANTI,107,2,6,1,98,0,0,0,0,0,0,0,0,0,420,29,391,22,0,22,57,4,47,2,4,
3173031008,DKI JAKARTA,JAKARTA BARAT,TAMAN SARI,PINANGSIA,66,1,7,1,57,0,0,0,0,0,2,0,0,2,151,7,144,2,0,2,39,12,26,0,1,
3175011001,DKI JAKARTA,JAKARTA TIMUR,MATRAMAN,PISANGAN BARU,186,10,14,3,159,1,1,0,0,0,1,0,0,1,204,25,179,28,0,28,77,2,64,4,7,
3175021002,DKI JAKARTA,JAKARTA TIMUR,PULO GADUNG,PISANGAN TIMUR,188,4,19,4,161,0,0,0,0,0,10,0,0,10,417,40,377,23,0,23,72,2,66,3,1,
3172011005,DKI JAKARTA,JAKARTA UTARA,PENJARINGAN,PLUIT,168,6,11,4,147,0,0,0,0,0,12,0,0,12,658,99,559,8,0,8,104,1,91,7,5,
3175071002,DKI JAKARTA,JAKARTA TIMUR,DUREN SAWIT,PONDOK BAMBU,654,12,54,1,587,1,1,0,0,0,3,0,0,3,399,89,310,9,0,9,152,7,122,4,19,
3175071004,DKI JAKARTA,JAKARTA TIMUR,DUREN SAWIT,PONDOK KELAPA,418,13,32,0,373,0,0,0,0,0,9,0,1,8,585,66,519,12,0,12,135,3,106,5,21,
3175071007,DKI JAKARTA,JAKARTA TIMUR,DUREN SAWIT,PONDOK KOPI,248,1,35,1,211,0,0,0,0,0,1,0,0,1,238,31,207,8,0,8,85,4,51,7,23,
3174061003,DKI JAKARTA,JAKARTA SELATAN,CILANDAK,PONDOK LABU,213,11,9,1,192,4,1,0,0,3,73,0,0,73,583,55,528,34,0,34,61,2,50,1,8,
3174051002,DKI JAKARTA,JAKARTA SELATAN,KEBAYORAN LAMA,PONDOK PINANG,312,12,21,4,275,0,0,0,0,0,44,0,0,44,532,26,506,9,0,9,103,9,77,9,8,
3175101003,DKI JAKARTA,JAKARTA TIMUR,CIPAYUNG,PONDOK RANGGON,136,5,17,3,111,0,0,0,0,0,3,0,0,3,147,15,132,21,0,21,46,3,30,1,12,
3101011003,DKI JAKARTA,KAB.ADM.KEP.SERIBU,KEP. SERIBU UTARA,PULAU HARAPAN,59,0,0,0,59,0,0,0,0,0,0,0,0,0,56,0,56,0,0,0,1,0,1,0,0,
3101011002,DKI JAKARTA,KAB.ADM.KEP.SERIBU,KEP. SERIBU UTARA,PULAU KELAPA,45,0,0,1,44,0,0,0,0,0,3,0,3,0,140,2,138,1,0,1,5,0,5,0,0,
3101011001,DKI JAKARTA,KAB.ADM.KEP.SERIBU,KEP. SERIBU UTARA,PULAU PANGGANG,51,0,1,1,49,0,0,0,0,0,0,0,0,0,129,0,129,4,0,4,7,0,7,0,0,
3101021003,DKI JAKARTA,KAB.ADM.KEP.SERIBU,KEP. SERIBU SELATAN,PULAU PARI,6,0,0,0,6,0,0,0,0,0,0,0,0,0,159,1,158,1,0,1,3,0,3,0,0,
3101021002,DKI JAKARTA,KAB.ADM.KEP.SERIBU,KEP. SERIBU SELATAN,PULAU TIDUNG,32,1,0,0,31,0,0,0,0,0,0,0,0,0,329,1,328,1,0,1,30,0,30,0,0,
3101021001,DKI JAKARTA,KAB.ADM.KEP.SERIBU,KEP. SERIBU SELATAN,PULAU UNTUNG JAWA,22,0,0,0,22,0,0,0,0,0,0,0,0,0,95,0,95,0,0,0,2,0,2,0,0,
3174071007,DKI JAKARTA,JAKARTA SELATAN,KEBAYORAN BARU,PULO,87,5,13,1,68,0,0,0,0,0,1,0,0,1,106,3,103,0,0,0,11,0,10,0,1,
3175021001,DKI JAKARTA,JAKARTA TIMUR,PULO GADUNG,PULO GADUNG,219,16,17,2,184,0,0,0,0,0,9,0,0,9,501,106,395,17,0,17,82,3,66,4,9,
3175061005,DKI JAKARTA,JAKARTA TIMUR,CAKUNG,PULO GEBANG,224,10,22,2,190,1,1,0,0,0,5,0,0,5,738,146,592,50,0,50,123,5,107,4,7,
3174041004,DKI JAKARTA,JAKARTA SELATAN,PASAR MINGGU,RAGUNAN,245,4,13,2,226,1,0,0,0,1,1,0,0,1,418,17,401,16,0,16,36,1,31,3,1,
3175091005,DKI JAKARTA,JAKARTA TIMUR,CIRACAS,RAMBUTAN,236,3,8,1,224,2,0,0,0,2,11,0,0,11,528,32,496,26,0,26,54,1,52,0,1,
3172031006,DKI JAKARTA,JAKARTA UTARA,KOJA,RAWA BADAK SELATAN,320,9,18,2,291,1,0,0,0,1,2,0,0,2,350,37,313,39,0,39,181,3,141,4,33,
3172031004,DKI JAKARTA,JAKARTA UTARA,KOJA,RAWA BADAK UTARA,260,14,16,1,229,0,0,0,0,0,2,0,0,2,306,33,273,47,0,47,146,5,123,4,14,
3174071005,DKI JAKARTA,JAKARTA SELATAN,KEBAYORAN BARU,RAWA BARAT,51,0,9,2,40,0,0,0,0,0,1,0,0,1,108,4,104,0,0,0,11,0,10,1,0,
3173011003,DKI JAKARTA,JAKARTA BARAT,CENGKARENG,RAWA BUAYA,146,3,11,2,130,0,0,0,0,0,4,0,0,4,317,31,286,4,0,4,85,7,73,4,1,
3175031004,DKI JAKARTA,JAKARTA TIMUR,JATINEGARA,RAWA BUNGA,70,6,19,1,44,0,0,0,0,0,0,0,0,0,91,6,85,5,0,5,41,1,31,1,8,
3174081003,DKI JAKARTA,JAKARTA SELATAN,PANCORAN,RAWA JATI,138,8,13,0,117,1,0,0,0,1,10,0,0,10,274,24,250,6,0,6,29,8,19,0,2,
3175061002,DKI JAKARTA,JAKARTA TIMUR,CAKUNG,RAWA TERATE,44,3,4,0,37,0,0,0,0,0,2,0,0,2,190,26,164,0,0,0,36,0,19,0,17,
3175021005,DKI JAKARTA,JAKARTA TIMUR,PULO GADUNG,RAWAMANGUN,181,15,20,0,146,0,0,0,0,0,6,0,0,6,488,62,426,20,0,20,92,6,72,2,12,
3171051003,DKI JAKARTA,JAKARTA PUSAT,CEMPAKA PUTIH,RAWASARI,445,14,24,2,405,3,2,0,1,0,5,0,0,5,836,65,771,24,0,24,163,7,127,4,25,
3173041010,DKI JAKARTA,JAKARTA BARAT,TAMBORA,ROA MALAKA,32,1,16,0,15,1,1,0,0,0,0,0,0,0,28,3,25,0,0,0,4,0,3,0,1,
3172041006,DKI JAKARTA,JAKARTA UTARA,CILINCING,ROROTAN,174,11,25,2,136,0,0,0,0,0,2,0,1,1,441,51,390,59,0,59,55,2,45,2,6,
3174071004,DKI JAKARTA,JAKARTA SELATAN,KEBAYORAN BARU,SELONG,20,0,0,0,20,0,0,0,0,0,2,0,0,2,70,1,69,0,0,0,14,5,9,0,0,
3173061002,DKI JAKARTA,JAKARTA BARAT,KALI DERES,SEMANAN,248,2,29,3,214,0,0,0,0,0,2,0,0,2,622,43,579,6,0,6,52,3,42,1,6,
3172041007,DKI JAKARTA,JAKARTA UTARA,CILINCING,SEMPER BARAT,378,18,33,1,326,1,1,0,0,0,10,0,0,10,834,92,742,76,0,76,227,16,174,3,34,
3172041005,DKI JAKARTA,JAKARTA UTARA,CILINCING,SEMPER TIMUR,238,15,21,1,201,0,0,0,0,0,3,0,0,3,502,71,431,33,0,33,99,1,84,2,12,
3174071006,DKI JAKARTA,JAKARTA SELATAN,KEBAYORAN BARU,SENAYAN,26,0,0,0,26,0,0,0,0,0,9,0,0,9,148,4,144,0,0,0,34,0,28,0,6,
3171041001,DKI JAKARTA,JAKARTA PUSAT,SENEN,SENEN,132,4,8,0,120,0,0,0,0,0,6,0,0,6,564,21,543,24,0,24,90,1,81,2,6,
3171031004,DKI JAKARTA,JAKARTA PUSAT,KEMAYORAN,SERDANG,245,4,33,2,206,0,0,0,0,0,5,0,0,5,350,88,262,25,0,25,75,1,71,3,0,
3174021001,DKI JAKARTA,JAKARTA SELATAN,SETIA BUDI,SETIA BUDI,42,4,3,0,35,0,0,0,0,0,4,0,0,4,171,33,138,6,0,6,11,0,10,0,1,
3175101005,DKI JAKARTA,JAKARTA TIMUR,CIPAYUNG,SETU,150,2,17,0,131,0,0,0,0,0,2,0,0,2,132,21,111,12,0,12,36,7,28,0,1,
3173071002,DKI JAKARTA,JAKARTA BARAT,PALMERAH,SLIPI,319,13,42,2,262,0,0,0,0,0,2,0,0,2,478,100,378,39,0,39,103,5,89,2,7,
3173081004,DKI JAKARTA,JAKARTA BARAT,KEMBANGAN,SRENGSENG,203,3,15,3,182,1,0,0,0,1,5,0,0,5,633,30,603,17,0,17,110,6,93,4,7,
3174091002,DKI JAKARTA,JAKARTA SELATAN,JAGAKARSA,SRENGSENG SAWAH,420,10,24,0,386,3,1,0,0,2,9,0,1,8,391,69,322,16,0,16,82,4,67,5,6,
3173051003,DKI JAKARTA,JAKARTA BARAT,KEBON JERUK,SUKABUMI SELATAN,147,6,6,4,131,0,0,0,0,0,1,0,0,1,329,17,312,23,0,23,71,1,63,2,5,
3173051002,DKI JAKARTA,JAKARTA BARAT,KEBON JERUK,SUKABUMI UTARA,130,1,6,3,120,0,0,0,0,0,19,0,0,19,340,22,318,40,0,40,68,3,60,4,1,
3172041002,DKI JAKARTA,JAKARTA UTARA,CILINCING,SUKAPURA,319,31,10,2,276,0,0,0,0,0,5,0,0,5,679,52,627,65,0,65,172,6,139,3,24,
3171031007,DKI JAKARTA,JAKARTA PUSAT,KEMAYORAN,SUMUR BATU,199,8,7,1,183,0,0,0,0,0,4,0,0,4,238,44,194,16,0,16,63,4,55,2,2,
3172021004,DKI JAKARTA,JAKARTA UTARA,TANJUNG PRIOK,SUNGAI BAMBU,165,3,16,0,146,0,0,0,0,0,6,0,0,6,363,44,319,29,0,29,59,5,47,4,3,
3172021006,DKI JAKARTA,JAKARTA UTARA,TANJUNG PRIOK,SUNTER AGUNG,547,10,55,1,481,1,0,0,0,1,18,0,0,18,1305,114,1191,58,0,58,282,15,232,14,21,
3172021002,DKI JAKARTA,JAKARTA UTARA,TANJUNG PRIOK,SUNTER JAYA,472,19,39,6,408,0,0,0,0,0,8,0,2,6,949,86,863,145,0,145,252,5,215,15,17,
3175091004,DKI JAKARTA,JAKARTA TIMUR,CIRACAS,SUSUKAN,160,2,27,1,130,0,0,0,0,0,16,0,1,15,815,52,763,69,0,69,50,1,45,1,3,
3173031001,DKI JAKARTA,JAKARTA BARAT,TAMAN SARI,TAMAN SARI,142,9,16,0,117,1,1,0,0,0,0,0,0,0,224,11,213,10,0,10,61,2,38,2,19,
3173041001,DKI JAKARTA,JAKARTA BARAT,TAMBORA,TAMBORA,116,9,7,3,97,0,0,0,0,0,0,0,0,0,226,13,213,1,0,1,33,6,17,2,8,
3173041004,DKI JAKARTA,JAKARTA BARAT,TAMBORA,TANAH SEREAL,191,3,9,2,177,1,0,0,0,1,4,0,0,4,190,14,176,2,0,2,93,7,69,5,12,
3171081004,DKI JAKARTA,JAKARTA PUSAT,JOHAR BARU,TANAH TINGGI,264,6,20,3,235,1,0,0,0,1,2,0,0,2,539,54,485,31,0,31,195,4,167,15,9,
3173031004,DKI JAKARTA,JAKARTA BARAT,TAMAN SARI,TANGKI,138,4,23,1,110,0,0,0,0,0,3,0,1,2,203,18,185,2,0,2,31,3,22,1,5,
3174091005,DKI JAKARTA,JAKARTA SELATAN,JAGAKARSA,TANJUNG BARAT,353,7,15,1,330,0,0,0,0,0,1,0,0,1,252,48,204,11,0,11,72,2,58,3,9,
3173021005,DKI JAKARTA,JAKARTA BARAT,GROGOL PETAMBURAN,TANJUNG DUREN SELATAN,189,1,17,1,170,0,0,0,0,0,19,0,0,19,357,25,332,19,0,19,110,5,93,5,7,
3173021002,DKI JAKARTA,JAKARTA BARAT,GROGOL PETAMBURAN,TANJUNG DUREN UTARA,145,2,5,0,138,1,0,0,0,1,20,0,0,20,323,20,303,17,0,17,51,2,42,3,4,
3172021001,DKI JAKARTA,JAKARTA UTARA,TANJUNG PRIOK,TANJUNG PRIOK,239,8,26,6,199,0,0,0,0,0,9,0,0,9,454,49,405,41,0,41,172,3,147,6,16,
3174011002,DKI JAKARTA,JAKARTA SELATAN,TEBET,TEBET BARAT,178,6,14,0,158,1,0,0,0,1,8,0,0,8,408,49,359,19,0,19,162,5,129,3,25,
3174011001,DKI JAKARTA,JAKARTA SELATAN,TEBET,TEBET TIMUR,130,7,20,2,101,0,0,0,0,0,5,0,0,5,316,28,288,26,0,26,48,3,39,3,3,
3173061003,DKI JAKARTA,JAKARTA BARAT,KALI DERES,TEGAL ALUR,382,5,27,6,344,0,0,0,0,0,3,0,0,3,636,60,576,8,0,8,78,5,58,3,12,
3174031004,DKI JAKARTA,JAKARTA SELATAN,MAMPANG PRAPATAN,TEGAL PARANG,176,5,8,3,160,3,1,0,1,1,3,0,0,3,534,54,480,4,0,4,101,4,79,3,15,
3173021003,DKI JAKARTA,JAKARTA BARAT,GROGOL PETAMBURAN,TOMANG,257,2,25,2,228,0,0,0,0,0,14,0,0,14,450,29,421,71,0,71,142,2,132,2,6,
3172031005,DKI JAKARTA,JAKARTA UTARA,KOJA,TUGU SELATAN,254,8,11,1,234,0,0,0,0,0,1,0,0,1,274,29,245,60,0,60,91,4,66,3,18,
3172031002,DKI JAKARTA,JAKARTA UTARA,KOJA,TUGU UTARA,538,16,46,0,476,0,0,0,0,0,6,0,0,6,493,41,452,65,0,65,139,14,103,6,16,
3175061006,DKI JAKARTA,JAKARTA TIMUR,CAKUNG,UJUNG MENTENG,73,4,9,2,58,1,1,0,0,0,0,0,0,0,231,44,187,11,0,11,40,2,25,2,11,
3174101005,DKI JAKARTA,JAKARTA SELATAN,PESANGGRAHAN,ULUJAMI,374,9,14,2,349,0,0,0,0,0,0,0,0,0,840,27,813,25,0,25,100,1,90,3,6,
3175011006,DKI JAKARTA,JAKARTA TIMUR,MATRAMAN,UTAN KAYU SELATAN,290,8,15,8,259,1,1,0,0,0,1,0,0,1,484,42,442,79,0,79,114,3,99,5,7,
3175011002,DKI JAKARTA,JAKARTA TIMUR,MATRAMAN,UTAN KAYU UTARA,220,6,23,0,191,1,0,0,0,1,2,0,0,2,359,27,332,38,0,38,69,1,62,3,3,
3171031008,DKI JAKARTA,JAKARTA PUSAT,KEMAYORAN,UTAN PANJANG,224,3,16,2,203,0,0,0,0,0,2,0,0,2,209,29,180,17,0,17,76,4,63,6,3,
3172021007,DKI JAKARTA,JAKARTA UTARA,TANJUNG PRIOK,WARAKAS,218,4,33,2,179,0,0,0,0,0,9,0,0,9,513,70,443,43,0,43,112,6,100,3,3,
3173021007,DKI JAKARTA,JAKARTA BARAT,GROGOL PETAMBURAN,WIJAYA KUSUMA,233,4,10,2,217,0,0,0,0,0,6,0,0,6,543,28,515,18,0,18,104,12,82,3,7,
