id_kel,nama_provinsi,nama_kota,nama_kecamatan,nama_kelurahan,suspek,perawatan_rs,isolasi_di_rumah,suspek_meninggal,selesai_isolasi,probable,perawatan_rs,isolasi_di_rumah,probable_meninggal,selesai_isolasi,pelaku_perjalanan,perawatan_rs,isolasi_di_rumah,selesai_isolasi,kontak_erat,isolasi_di_rumah,selesai_isolasi,discarded,meninggal,selesai_isolasi,positif,dirawat,sembuh,meninggal,self_isolation,keterangan
3172051003,DKI JAKARTA,JAKARTA UTARA,PADEMANGAN,ANCOL,288,3,27,0,258,3,2,0,0,1,8,0,0,8,447,32,415,5,0,5,134,8,103,5,18,
3173041007,DKI JAKARTA,JAKARTA BARAT,TAMBORA,ANGKE,286,5,10,2,269,1,0,0,1,0,0,0,0,0,398,9,389,24,0,24,100,12,80,4,4,
3175041005,DKI JAKARTA,JAKARTA TIMUR,KRAMAT JATI,BALE KAMBANG,162,6,14,1,141,1,0,0,0,1,4,0,1,3,343,29,314,23,0,23,68,2,64,0,2,
3175031003,DKI JAKARTA,JAKARTA TIMUR,JATINEGARA,BALI MESTER,63,3,7,1,52,0,0,0,0,0,0,0,0,0,62,10,52,2,0,2,16,2,12,2,0,
3175101006,DKI JAKARTA,JAKARTA TIMUR,CIPAYUNG,BAMBU APUS,185,10,19,1,155,0,0,0,0,0,3,0,0,3,279,41,238,15,0,15,65,2,61,2,0,
3174031002,DKI JAKARTA,JAKARTA SELATAN,MAMPANG PRAPATAN,BANGKA,118,1,7,2,108,4,0,0,1,3,18,0,0,18,464,20,444,8,0,8,67,4,54,1,8,
3175051002,DKI JAKARTA,JAKARTA TIMUR,PASAR REBO,BARU,164,2,27,1,134,0,0,0,0,0,4,0,0,4,251,15,236,10,0,10,53,5,34,0,14,
3175041004,DKI JAKARTA,JAKARTA TIMUR,KRAMAT JATI,BATU AMPAR,271,7,37,1,226,2,1,0,0,1,2,0,0,2,563,74,489,25,0,25,85,5,66,4,10,
BELUM DIKETAHUI,BELUM DIKETAHUI,BELUM DIKETAHUI,BELUM DIKETAHUI,BELUM DIKETAHUI,11081,24,76,1690,9291,1611,0,0,1609,2,105,0,0,105,6329,677,5652,73,1,72,13792,2324,8193,273,3002,
3171071002,DKI JAKARTA,JAKARTA PUSAT,TANAH ABANG,BENDUNGAN HILIR,278,10,17,0,251,0,0,0,0,0,3,0,0,3,316,12,304,5,0,5,71,6,56,1,8,
3175031002,DKI JAKARTA,JAKARTA TIMUR,JATINEGARA,BIDARA CINA,196,5,19,3,169,0,0,0,0,0,1,0,0,1,238,30,208,23,0,23,135,7,117,6,5,
3174101002,DKI JAKARTA,JAKARTA SELATAN,PESANGGRAHAN,BINTARO,470,1,37,2,430,4,0,0,0,4,7,0,0,7,966,42,924,20,0,20,113,9,91,6,7,
3174011005,DKI JAKARTA,JAKARTA SELATAN,TEBET,BUKIT DURI,139,4,15,3,117,1,0,0,0,1,13,0,0,13,330,39,291,12,0,12,60,2,53,2,3,
3171041006,DKI JAKARTA,JAKARTA PUSAT,SENEN,BUNGUR,145,1,15,2,127,1,0,0,0,1,13,0,0,13,402,17,385,9,0,9,105,1,83,1,20,
3175061007,DKI JAKARTA,JAKARTA TIMUR,CAKUNG,CAKUNG BARAT,155,9,22,1,123,0,0,0,0,0,0,0,0,0,449,55,394,36,0,36,106,6,92,1,7,
3175061004,DKI JAKARTA,JAKARTA TIMUR,CAKUNG,CAKUNG TIMUR,185,9,29,2,145,2,1,0,1,0,3,0,0,3,455,74,381,26,0,26,83,4,65,2,12,
3175041007,DKI JAKARTA,JAKARTA TIMUR,KRAMAT JATI,CAWANG,164,6,19,0,139,1,0,0,0,1,4,0,0,4,385,51,334,13,0,13,94,12,64,4,14,
3175101008,DKI JAKARTA,JAKARTA TIMUR,CIPAYUNG,CEGER,121,6,15,0,100,0,0,0,0,0,0,0,0,0,122,25,97,8,0,8,21,4,15,0,2,
3171031006,DKI JAKARTA,JAKARTA PUSAT,KEMAYORAN,CEMPAKA BARU,368,14,30,2,322,1,1,0,0,0,7,0,0,7,412,88,324,29,0,29,207,8,174,10,15,
3171051002,DKI JAKARTA,JAKARTA PUSAT,CEMPAKA PUTIH,CEMPAKA PUTIH BARAT,604,7,29,2,566,2,2,0,0,0,9,0,0,9,1367,91,1276,41,0,41,371,10,308,14,39,
3171051001,DKI JAKARTA,JAKARTA PUSAT,CEMPAKA PUTIH,CEMPAKA PUTIH TIMUR,406,9,24,1,372,0,0,0,0,0,9,0,0,9,989,43,946,45,0,45,216,4,162,7,43,
3173011001,DKI JAKARTA,JAKARTA BARAT,CENGKARENG,CENGKARENG BARAT,291,5,47,1,238,0,0,0,0,0,5,0,0,5,743,75,668,9,0,9,112,15,75,6,16,
3173011006,DKI JAKARTA,JAKARTA BARAT,CENGKARENG,CENGKARENG TIMUR,417,8,55,7,347,1,0,0,0,1,3,0,0,3,934,131,803,14,0,14,247,29,174,6,38,
3175091002,DKI JAKARTA,JAKARTA TIMUR,CIRACAS,CIBUBUR,418,12,66,4,336,1,0,0,0,1,28,0,1,27,1396,104,1292,81,0,81,112,10,86,4,12,
3171011002,DKI JAKARTA,JAKARTA PUSAT,GAMBIR,CIDENG,187,2,14,2,169,0,0,0,0,0,8,0,0,8,363,59,304,11,0,11,96,5,69,4,18,
3174091003,DKI JAKARTA,JAKARTA SELATAN,JAGAKARSA,CIGANJUR,451,11,17,1,422,2,0,0,0,2,9,0,0,9,332,52,280,8,0,8,80,3,69,3,5,
3175051003,DKI JAKARTA,JAKARTA TIMUR,PASAR REBO,CIJANTUNG,365,10,35,3,317,0,0,0,0,0,1,0,0,1,349,45,304,4,0,4,100,6,76,3,15,
3171061003,DKI JAKARTA,JAKARTA PUSAT,MENTENG,CIKINI,91,4,12,0,75,0,0,0,0,0,0,0,0,0,146,15,131,11,0,11,29,0,18,3,8,
3174081006,DKI JAKARTA,JAKARTA SELATAN,PANCORAN,CIKOKO,134,1,25,0,108,0,0,0,0,0,10,0,0,10,201,7,194,0,0,0,35,2,30,1,2,
3174061001,DKI JAKARTA,JAKARTA SELATAN,CILANDAK,CILANDAK BARAT,430,14,51,5,360,0,0,0,0,0,92,0,0,92,653,85,568,36,0,36,109,3,82,5,19,
3174041003,DKI JAKARTA,JAKARTA SELATAN,PASAR MINGGU,CILANDAK TIMUR,193,36,19,1,137,3,2,0,0,1,17,0,0,17,266,26,240,80,0,80,126,9,105,5,7,
3175101002,DKI JAKARTA,JAKARTA TIMUR,CIPAYUNG,CILANGKAP,188,6,11,1,170,0,0,0,0,0,1,0,0,1,267,53,214,18,0,18,67,1,53,0,13,
3175041006,DKI JAKARTA,JAKARTA TIMUR,KRAMAT JATI,CILILITAN,172,5,17,1,149,0,0,0,0,0,4,0,0,4,485,54,431,41,0,41,113,7,89,0,17,
3172041001,DKI JAKARTA,JAKARTA UTARA,CILINCING,CILINCING,304,13,28,1,262,0,0,0,0,0,5,0,0,5,933,61,872,64,0,64,232,15,189,6,22,
3175101001,DKI JAKARTA,JAKARTA TIMUR,CIPAYUNG,CIPAYUNG,238,6,17,2,213,1,0,0,1,0,4,0,0,4,259,41,218,10,0,10,86,2,79,1,4,
3174091006,DKI JAKARTA,JAKARTA SELATAN,JAGAKARSA,CIPEDAK,372,17,16,0,339,2,0,0,0,2,0,0,0,0,250,47,203,5,0,5,54,2,40,2,10,
3174061005,DKI JAKARTA,JAKARTA SELATAN,CILANDAK,CIPETE SELATAN,153,7,12,1,133,1,1,0,0,0,44,0,0,44,251,29,222,5,0,5,33,2,24,5,2,
3174071010,DKI JAKARTA,JAKARTA SELATAN,KEBAYORAN BARU,CIPETE UTARA,327,10,55,3,259,0,0,0,0,0,9,0,0,9,318,15,303,5,0,5,56,5,42,3,6,
3175021003,DKI JAKARTA,JAKARTA TIMUR,PULO GADUNG,CIPINANG,152,8,14,2,128,0,0,0,0,0,3,0,0,3,571,94,477,28,0,28,168,7,132,7,22,
3175031007,DKI JAKARTA,JAKARTA TIMUR,JATINEGARA,CIPINANG BESAR SELATAN,135,7,11,2,115,1,0,0,0,1,1,0,0,1,234,48,186,9,0,9,54,1,46,1,6,
3175031008,DKI JAKARTA,JAKARTA TIMUR,JATINEGARA,CIPINANG BESAR UTARA,157,9,28,0,120,1,0,0,0,1,3,0,0,3,352,29,323,16,0,16,96,8,84,3,1,
3175031005,DKI JAKARTA,JAKARTA TIMUR,JATINEGARA,CIPINANG CEMPEDAK,143,3,13,2,125,0,0,0,0,0,2,0,0,2,197,35,162,10,0,10,40,1,37,1,1,
3175081005,DKI JAKARTA,JAKARTA TIMUR,MAKASAR,CIPINANG MELAYU,191,2,51,2,136,1,0,0,0,1,3,0,1,2,435,89,346,15,0,15,108,1,82,4,21,
3175031006,DKI JAKARTA,JAKARTA TIMUR,JATINEGARA,CIPINANG MUARA,203,1,24,1,177,4,0,0,0,4,4,0,0,4,424,62,362,22,0,22,114,9,92,1,12,
3174051003,DKI JAKARTA,JAKARTA SELATAN,KEBAYORAN LAMA,CIPULIR,175,5,18,4,148,4,2,0,0,2,6,0,0,6,407,15,392,5,0,5,112,1,96,5,10,
3175091001,DKI JAKARTA,JAKARTA TIMUR,CIRACAS,CIRACAS,407,13,42,9,343,2,1,0,0,1,22,0,0,22,1099,91,1008,42,0,42,154,15,107,7,25,
3175041003,DKI JAKARTA,JAKARTA TIMUR,KRAMAT JATI,DUKUH,133,5,6,1,121,0,0,0,0,0,1,0,0,1,337,36,301,13,0,13,65,7,46,1,11,
3175071001,DKI JAKARTA,JAKARTA TIMUR,DUREN SAWIT,DUREN SAWIT,577,13,44,3,517,12,2,0,0,10,2,0,0,2,584,94,490,18,0,18,288,21,192,9,66,
3174081004,DKI JAKARTA,JAKARTA SELATAN,PANCORAN,DUREN TIGA,233,5,19,0,209,1,0,0,0,1,3,0,0,3,376,26,350,2,0,2,49,8,31,0,10,
3173051005,DKI JAKARTA,JAKARTA BARAT,KEBON JERUK,DURI KEPA,254,7,30,2,215,3,0,0,0,3,12,0,0,12,760,66,694,65,0,65,180,8,156,5,11,
3173011002,DKI JAKARTA,JAKARTA BARAT,CENGKARENG,DURI KOSAMBI,291,6,38,3,244,0,0,0,0,0,4,0,0,4,560,69,491,10,0,10,119,8,84,7,20,
3171011006,DKI JAKARTA,JAKARTA PUSAT,GAMBIR,DURI PULO,107,4,4,3,96,0,0,0,0,0,0,0,0,0,239,38,201,7,0,7,80,5,54,4,17,
3173041011,DKI JAKARTA,JAKARTA BARAT,TAMBORA,DURI SELATAN,93,5,6,1,81,0,0,0,0,0,2,0,0,2,101,1,100,4,0,4,52,4,41,4,3,
3173041003,DKI JAKARTA,JAKARTA BARAT,TAMBORA,DURI UTARA,121,4,11,2,104,0,0,0,0,0,1,0,0,1,155,15,140,2,0,2,64,10,44,1,9,
3171081003,DKI JAKARTA,JAKARTA PUSAT,JOHAR BARU,GALUR,125,4,9,0,112,1,0,0,0,1,2,0,0,2,289,15,274,43,0,43,131,5,100,4,22,
3171011001,DKI JAKARTA,JAKARTA PUSAT,GAMBIR,GAMBIR,58,3,6,0,49,1,1,0,0,0,17,0,0,17,215,20,195,6,0,6,77,3,54,1,19,
3174061004,DKI JAKARTA,JAKARTA SELATAN,CILANDAK,GANDARIA SELATAN,120,4,8,0,108,2,0,0,0,2,20,0,0,20,418,35,383,2,0,2,66,2,48,4,12,
3174071009,DKI JAKARTA,JAKARTA SELATAN,KEBAYORAN BARU,GANDARIA UTARA,258,11,32,2,213,0,0,0,0,0,3,0,0,3,416,26,390,1,0,1,76,5,66,1,4,
3175051001,DKI JAKARTA,JAKARTA TIMUR,PASAR REBO,GEDONG,464,11,31,0,422,0,0,0,0,0,3,0,0,3,215,23,192,22,0,22,101,3,86,4,8,
3171071001,DKI JAKARTA,JAKARTA PUSAT,TANAH ABANG,GELORA,38,2,0,1,35,0,0,0,0,0,5,0,0,5,74,5,69,0,0,0,56,0,43,4,9,
3173031007,DKI JAKARTA,JAKARTA BARAT,TAMAN SARI,GLODOK,64,3,14,0,47,0,0,0,0,0,0,0,0,0,108,18,90,0,0,0,11,2,7,1,1,
3171061004,DKI JAKARTA,JAKARTA PUSAT,MENTENG,GONDANGDIA,39,0,4,1,34,0,0,0,0,0,4,0,0,4,87,9,78,7,0,7,36,0,24,3,9,
3173021001,DKI JAKARTA,JAKARTA BARAT,GROGOL PETAMBURAN,GROGOL,215,8,28,4,175,1,0,0,0,1,39,0,0,39,511,40,471,31,0,31,89,8,69,2,10,
3174051005,DKI JAKARTA,JAKARTA SELATAN,KEBAYORAN LAMA,GROGOL SELATAN,198,5,17,5,171,0,0,0,0,0,12,0,0,12,440,17,423,4,0,4,98,8,81,3,6,
3174051004,DKI JAKARTA,JAKARTA SELATAN,KEBAYORAN LAMA,GROGOL UTARA,227,4,36,4,183,0,0,0,0,0,24,0,0,24,446,32,414,14,0,14,138,7,113,4,14,
3174021007,DKI JAKARTA,JAKARTA SELATAN,SETIA BUDI,GUNTUR,41,1,4,0,36,0,0,0,0,0,1,0,0,1,117,36,81,1,0,1,18,3,14,0,1,
3174071002,DKI JAKARTA,JAKARTA SELATAN,KEBAYORAN BARU,GUNUNG,131,2,70,3,56,0,0,0,0,0,7,0,0,7,259,44,215,0,0,0,28,1,20,1,6,
3171031005,DKI JAKARTA,JAKARTA PUSAT,KEMAYORAN,GUNUNG SAHARI SELATAN,186,3,19,1,163,0,0,0,0,0,2,0,0,2,254,28,226,1,0,1,70,4,52,1,13,
3171021004,DKI JAKARTA,JAKARTA PUSAT,SAWAH BESAR,GUNUNG SAHARI UTARA,173,3,16,1,153,0,0,0,0,0,5,0,0,5,347,44,303,8,0,8,75,3,36,6,30,
3175081004,DKI JAKARTA,JAKARTA TIMUR,MAKASAR,HALIM PERDANA KUSUMAH,127,9,16,2,100,0,0,0,0,0,4,0,0,4,295,18,277,9,0,9,146,16,96,3,31,
3171031003,DKI JAKARTA,JAKARTA PUSAT,KEMAYORAN,HARAPAN MULIA,224,8,16,3,197,0,0,0,0,0,6,0,0,6,291,32,259,26,0,26,132,3,119,6,4,
3174091001,DKI JAKARTA,JAKARTA SELATAN,JAGAKARSA,JAGAKARSA,572,20,28,2,522,3,1,0,0,2,7,0,0,7,547,84,463,11,0,11,152,4,137,5,6,
3175021007,DKI JAKARTA,JAKARTA TIMUR,PULO GADUNG,JATI,202,5,57,1,139,0,0,0,0,0,6,0,0,6,610,63,547,23,0,23,130,16,91,2,21,
3174041002,DKI JAKARTA,JAKARTA SELATAN,PASAR MINGGU,JATI PADANG,214,8,19,2,185,0,0,0,0,0,3,0,1,2,398,30,368,62,0,62,63,7,50,2,4,
3173071004,DKI JAKARTA,JAKARTA BARAT,PALMERAH,JATI PULO,292,5,27,4,256,0,0,0,0,0,3,0,0,3,511,52,459,61,0,61,149,7,134,3,5,
3175061001,DKI JAKARTA,JAKARTA TIMUR,CAKUNG,JATINEGARA,272,11,33,3,225,0,0,0,0,0,2,0,0,2,737,129,608,35,0,35,156,6,110,5,35,
3175021004,DKI JAKARTA,JAKARTA TIMUR,PULO GADUNG,JATINEGARA KAUM,48,2,3,0,43,1,0,0,1,0,3,0,0,3,188,38,150,6,0,6,22,3,15,1,3,
3173021004,DKI JAKARTA,JAKARTA BARAT,GROGOL PETAMBURAN,JELAMBAR,211,5,18,5,183,2,0,0,0,2,24,0,0,24,527,46,481,8,0,8,99,7,80,3,9,
3173021006,DKI JAKARTA,JAKARTA BARAT,GROGOL PETAMBURAN,JELAMBAR BARU,249,2,10,2,235,2,1,0,0,1,4,0,0,4,435,17,418,17,0,17,49,3,38,3,5,
3173041006,DKI JAKARTA,JAKARTA BARAT,TAMBORA,JEMBATAN BESI,429,10,15,1,403,0,0,0,0,0,4,0,0,4,403,16,387,7,0,7,163,6,143,4,10,
3173041008,DKI JAKARTA,JAKARTA BARAT,TAMBORA,JEMBATAN LIMA,121,2,3,0,116,0,0,0,0,0,0,0,0,0,158,17,141,1,0,1,38,1,29,3,5,
3173081005,DKI JAKARTA,JAKARTA BARAT,KEMBANGAN,JOGLO,185,5,28,4,148,0,0,0,0,0,4,0,0,4,344,45,299,12,0,12,70,5,59,0,6,
3171081001,DKI JAKARTA,JAKARTA PUSAT,JOHAR BARU,JOHAR BARU,386,10,36,3,337,1,0,0,0,1,3,0,0,3,1110,126,984,93,0,93,269,3,246,8,12,
3173041002,DKI JAKARTA,JAKARTA BARAT,TAMBORA,KALI ANYAR,249,4,24,0,221,1,0,0,0,1,3,0,0,3,288,16,272,9,0,9,124,4,92,5,23,
3172041004,DKI JAKARTA,JAKARTA UTARA,CILINCING,KALI BARU,269,27,32,5,205,0,0,0,0,0,4,0,0,4,523,32,491,33,0,33,244,5,204,6,29,
3174081002,DKI JAKARTA,JAKARTA SELATAN,PANCORAN,KALIBATA,320,10,30,3,277,3,0,0,0,3,9,0,1,8,487,61,426,12,0,12,143,8,111,0,24,
3173061001,DKI JAKARTA,JAKARTA BARAT,KALI DERES,KALIDERES,647,11,73,4,559,1,1,0,0,0,5,0,0,5,1540,87,1453,29,0,29,179,25,130,5,19,
3175051004,DKI JAKARTA,JAKARTA TIMUR,PASAR REBO,KALISARI,531,4,34,0,493,0,0,0,0,0,2,0,0,2,267,23,244,7,0,7,93,5,75,4,9,
3173061004,DKI JAKARTA,JAKARTA BARAT,KALI DERES,KAMAL,230,1,26,3,200,0,0,0,0,0,1,0,0,1,376,14,362,4,0,4,27,1,19,2,5,
3172011002,DKI JAKARTA,JAKARTA UTARA,PENJARINGAN,KAMAL MUARA,52,1,1,0,50,0,0,0,0,0,4,0,0,4,90,20,70,0,0,0,39,2,20,1,16,
3171071007,DKI JAKARTA,JAKARTA PUSAT,TANAH ABANG,KAMPUNG BALI,110,6,8,2,94,1,0,0,0,1,2,0,0,2,132,11,121,2,0,2,33,6,25,2,0,
3175031001,DKI JAKARTA,JAKARTA TIMUR,JATINEGARA,KAMPUNG MELAYU,126,10,19,5,92,1,0,0,0,1,4,0,0,4,149,30,119,4,0,4,131,3,113,2,13,
3171081002,DKI JAKARTA,JAKARTA PUSAT,JOHAR BARU,KAMPUNG RAWA,204,2,16,0,186,1,0,0,0,1,0,0,0,0,470,35,435,63,0,63,169,4,143,13,9,
3175041002,DKI JAKARTA,JAKARTA TIMUR,KRAMAT JATI,KAMPUNG TENGAH,351,9,40,1,301,1,0,0,0,1,8,0,0,8,786,75,711,48,0,48,169,10,138,7,14,
3173011005,DKI JAKARTA,JAKARTA BARAT,CENGKARENG,KAPUK,394,14,48,16,316,1,1,0,0,0,9,0,2,7,902,176,726,11,0,11,180,24,103,6,47,
3172011003,DKI JAKARTA,JAKARTA UTARA,PENJARINGAN,KAPUK MUARA,123,5,4,0,114,0,0,0,0,0,9,0,0,9,297,78,219,17,0,17,79,9,62,3,5,
3171021002,DKI JAKARTA,JAKARTA PUSAT,SAWAH BESAR,KARANG ANYAR,328,9,15,5,299,1,0,0,0,1,4,0,0,4,638,42,596,8,0,8,101,7,81,4,9,
3174021004,DKI JAKARTA,JAKARTA SELATAN,SETIA BUDI,KARET,90,4,7,0,79,0,0,0,0,0,10,0,0,10,278,24,254,4,0,4,41,3,36,0,2,
3174021003,DKI JAKARTA,JAKARTA SELATAN,SETIA BUDI,KARET KUNINGAN,133,3,19,1,110,0,0,0,0,0,21,0,0,21,244,25,219,4,0,4,41,0,27,3,11,
3174021002,DKI JAKARTA,JAKARTA SELATAN,SETIA BUDI,KARET SEMANGGI,41,0,0,1,40,0,0,0,0,0,3,0,0,3,67,20,47,0,0,0,12,3,6,2,1,
3171071003,DKI JAKARTA,JAKARTA PUSAT,TANAH ABANG,KARET TENGSIN,177,2,6,0,169,0,0,0,0,0,7,0,0,7,203,25,178,0,0,0,50,6,40,1,3,
3171021003,DKI JAKARTA,JAKARTA PUSAT,SAWAH BESAR,KARTINI,223,1,10,1,211,1,0,0,0,1,0,0,0,0,458,39,419,15,0,15,122,2,101,3,16,
3175011003,DKI JAKARTA,JAKARTA TIMUR,MATRAMAN,KAYU MANIS,195,9,17,0,169,1,0,0,0,1,0,0,0,0,466,39,427,23,0,23,77,2,72,3,0,
3175021006,DKI JAKARTA,JAKARTA TIMUR,PULO GADUNG,KAYU PUTIH,274,3,25,4,242,1,0,0,1,0,11,0,0,11,760,57,703,25,0,25,151,4,136,3,8,
3173031006,DKI JAKARTA,JAKARTA BARAT,TAMAN SARI,KEAGUNGAN,194,3,40,0,151,0,0,0,0,0,2,0,0,2,320,33,287,9,0,9,74,6,55,1,12,
3174041007,DKI JAKARTA,JAKARTA SELATAN,PASAR MINGGU,KEBAGUSAN,304,8,88,1,207,1,0,0,0,1,1,0,0,1,436,30,406,24,0,24,70,7,59,0,4,
3174051006,DKI JAKARTA,JAKARTA SELATAN,KEBAYORAN LAMA,KEBAYORAN LAMA SELATAN,316,16,17,0,283,4,1,0,0,3,1,0,0,1,628,19,609,10,0,10,115,8,98,5,4,
3174051001,DKI JAKARTA,JAKARTA SELATAN,KEBAYORAN LAMA,KEBAYORAN LAMA UTARA,219,3,36,1,179,0,0,0,0,0,15,0,0,15,364,13,351,3,0,3,69,0,54,6,9,
3174011004,DKI JAKARTA,JAKARTA SELATAN,TEBET,KEBON BARU,165,3,32,2,128,0,0,0,0,0,15,0,0,15,424,47,377,17,0,17,69,5,47,0,17,
3172021005,DKI JAKARTA,JAKARTA UTARA,TANJUNG PRIOK,KEBON BAWANG,423,7,58,1,357,0,0,0,0,0,13,0,0,13,758,71,687,52,0,52,236,6,209,3,18,
3173051001,DKI JAKARTA,JAKARTA BARAT,KEBON JERUK,KEBON JERUK,348,13,41,6,288,1,0,0,0,1,13,0,0,13,1122,83,1039,53,0,53,201,17,146,10,28,
3171071006,DKI JAKARTA,JAKARTA PUSAT,TANAH ABANG,KEBON KACANG,362,5,13,1,343,1,1,0,0,0,0,0,0,0,330,17,313,3,0,3,211,2,186,7,16,
3171011005,DKI JAKARTA,JAKARTA PUSAT,GAMBIR,KEBON KELAPA,90,3,4,1,82,1,1,0,0,0,1,0,0,1,151,18,133,0,0,0,35,1,23,1,10,
3171031002,DKI JAKARTA,JAKARTA PUSAT,KEMAYORAN,KEBON KOSONG,236,3,20,5,208,0,0,0,0,0,7,0,0,7,278,20,258,27,0,27,130,1,118,6,5,
3175011005,DKI JAKARTA,JAKARTA TIMUR,MATRAMAN,KEBON MANGGIS,109,4,10,4,91,0,0,0,0,0,1,0,0,1,137,15,122,18,0,18,92,6,75,1,10,
3171071005,DKI JAKARTA,JAKARTA PUSAT,TANAH ABANG,KEBON MELATI,363,9,17,3,334,0,0,0,0,0,5,0,0,5,352,21,331,7,0,7,249,6,126,8,109,
3175081003,DKI JAKARTA,JAKARTA TIMUR,MAKASAR,KEBON PALA,148,10,10,1,127,0,0,0,0,0,4,0,0,4,580,91,489,13,0,13,116,3,102,3,8,
3171061005,DKI JAKARTA,JAKARTA PUSAT,MENTENG,KEBON SIRIH,101,2,11,2,86,0,0,0,0,0,2,0,0,2,239,13,226,13,0,13,82,3,48,2,29,
3173011004,DKI JAKARTA,JAKARTA BARAT,CENGKARENG,KEDAUNG KALI ANGKE,230,3,43,0,184,0,0,0,0,0,1,0,0,1,264,50,214,5,0,5,116,3,89,2,22,
3173051007,DKI JAKARTA,JAKARTA BARAT,KEBON JERUK,KEDOYA SELATAN,172,14,23,5,130,2,0,0,0,2,5,0,1,4,355,25,330,17,0,17,69,9,47,2,11,
3173051006,DKI JAKARTA,JAKARTA BARAT,KEBON JERUK,KEDOYA UTARA,143,6,12,2,123,1,0,0,0,1,15,0,0,15,482,63,419,18,0,18,91,5,65,3,18,
3173051004,DKI JAKARTA,JAKARTA BARAT,KEBON JERUK,KELAPA DUA,109,8,18,0,83,0,0,0,0,0,5,0,0,5,282,33,249,18,0,18,49,3,44,1,1,
3175091003,DKI JAKARTA,JAKARTA TIMUR,CIRACAS,KELAPA DUA WETAN,302,7,32,1,262,0,0,0,0,0,7,0,0,7,754,52,702,33,0,33,94,5,71,0,18,
3172061003,DKI JAKARTA,JAKARTA UTARA,KELAPA GADING,KELAPA GADING BARAT,547,15,86,2,444,1,0,0,0,1,44,0,0,44,952,118,834,50,0,50,206,22,151,7,26,
3172061001,DKI JAKARTA,JAKARTA UTARA,KELAPA GADING,KELAPA GADING TIMUR,464,7,36,2,419,0,0,0,0,0,18,0,0,18,912,95,817,34,0,34,119,10,92,6,11,
3173071005,DKI JAKARTA,JAKARTA BARAT,PALMERAH,KEMANGGISAN,330,4,50,6,270,0,0,0,0,0,7,0,0,7,560,61,499,48,0,48,132,14,103,6,9,
3171031001,DKI JAKARTA,JAKARTA PUSAT,KEMAYORAN,KEMAYORAN,256,5,24,3,224,0,0,0,0,0,0,0,0,0,370,43,327,20,0,20,150,8,122,5,15,
3173081006,DKI JAKARTA,JAKARTA BARAT,KEMBANGAN,KEMBANGAN SELATAN,131,4,30,1,96,0,0,0,0,0,5,0,0,5,352,28,324,52,0,52,83,11,62,1,9,
3173081001,DKI JAKARTA,JAKARTA BARAT,KEMBANGAN,KEMBANGAN UTARA,264,6,52,3,203,1,0,0,1,0,2,0,0,2,1006,61,945,10,0,10,110,6,92,4,8,
3171041002,DKI JAKARTA,JAKARTA PUSAT,SENEN,KENARI,141,4,8,1,128,1,0,0,0,1,0,0,0,0,343,37,306,44,0,44,136,1,127,7,1,
3173041005,DKI JAKARTA,JAKARTA BARAT,TAMBORA,KERENDANG,177,4,13,2,158,1,0,0,0,1,0,0,0,0,149,14,135,3,0,3,99,16,74,3,6,
3175071003,DKI JAKARTA,JAKARTA TIMUR,DUREN SAWIT,KLENDER,419,8,33,2,376,2,0,0,0,2,3,0,0,3,564,76,488,17,0,17,166,11,134,9,12,
3172031001,DKI JAKARTA,JAKARTA UTARA,KOJA,KOJA,216,3,20,0,193,0,0,0,0,0,4,0,0,4,334,26,308,30,0,30,141,4,115,5,17,
3173071006,DKI JAKARTA,JAKARTA BARAT,PALMERAH,KOTA BAMBU SELATAN,300,8,14,5,273,0,0,0,0,0,1,0,0,1,674,37,637,71,0,71,180,8,167,5,0,
3173071003,DKI JAKARTA,JAKARTA BARAT,PALMERAH,KOTA BAMBU UTARA,260,4,21,11,224,0,0,0,0,0,3,0,1,2,418,26,392,53,0,53,180,5,169,5,1,
3171041004,DKI JAKARTA,JAKARTA PUSAT,SENEN,KRAMAT,290,5,28,5,252,0,0,0,0,0,4,0,0,4,712,57,655,30,0,30,235,0,228,5,2,
3175041001,DKI JAKARTA,JAKARTA TIMUR,KRAMAT JATI,KRAMAT JATI,203,4,27,1,171,0,0,0,0,0,9,0,0,9,464,80,384,21,0,21,105,6,77,6,16,
3174071003,DKI JAKARTA,JAKARTA SELATAN,KEBAYORAN BARU,KRAMAT PELA,81,2,14,0,65,0,0,0,0,0,0,0,0,0,407,17,390,4,0,4,88,2,75,0,11,
3173031002,DKI JAKARTA,JAKARTA BARAT,TAMAN SARI,KRUKUT,132,6,34,6,86,0,0,0,0,0,3,0,0,3,257,28,229,9,0,9,54,6,43,2,3,
3174031005,DKI JAKARTA,JAKARTA SELATAN,MAMPANG PRAPATAN,KUNINGAN BARAT,75,1,11,1,62,0,0,0,0,0,0,0,0,0,296,5,291,5,0,5,13,0,11,0,2,
3174021008,DKI JAKARTA,JAKARTA SELATAN,SETIA BUDI,KUNINGAN TIMUR,81,1,4,1,75,1,0,0,0,1,20,0,0,20,102,19,83,1,0,1,39,3,29,1,6,
3171041005,DKI JAKARTA,JAKARTA PUSAT,SENEN,KWITANG,184,4,11,0,169,1,0,0,0,1,2,0,0,2,346,26,320,7,0,7,80,3,56,2,19,
3172031003,DKI JAKARTA,JAKARTA UTARA,KOJA,LAGOA,398,12,25,1,360,0,0,0,0,0,4,0,0,4,447,51,396,45,0,45,351,8,304,9,30,
3174061002,DKI JAKARTA,JAKARTA SELATAN,CILANDAK,LEBAK BULUS,203,7,18,2,176,3,0,0,0,3,27,0,0,27,384,58,326,20,0,20,85,3,60,8,14,
3174091004,DKI JAKARTA,JAKARTA SELATAN,JAGAKARSA,LENTENG AGUNG,415,8,15,0,392,2,1,0,0,1,6,0,0,6,331,73,258,11,0,11,87,2,59,2,24,
LUAR DKI JAKARTA,LUAR DKI JAKARTA,LUAR DKI JAKARTA,LUAR DKI JAKARTA,LUAR DKI JAKARTA,15559,311,1364,98,13786,36,5,0,0,31,446,0,14,432,21418,3044,18374,1049,0,1049,5404,493,4468,140,303,
3175101007,DKI JAKARTA,JAKARTA TIMUR,CIPAYUNG,LUBANG BUAYA,365,8,68,3,286,1,1,0,0,0,4,0,0,4,448,55,393,27,0,27,126,9,81,3,33,
3175081001,DKI JAKARTA,JAKARTA TIMUR,MAKASAR,MAKASAR,147,4,20,1,122,0,0,0,0,0,7,0,0,7,632,96,536,19,0,19,70,12,47,2,9,
3175071006,DKI JAKARTA,JAKARTA TIMUR,DUREN SAWIT,MALAKA JAYA,232,3,13,2,214,1,0,0,0,1,2,0,0,2,345,48,297,10,0,10,76,3,66,0,7,
3175071005,DKI JAKARTA,JAKARTA TIMUR,DUREN SAWIT,MALAKA SARI,198,7,9,1,181,0,0,0,0,0,0,0,0,0,261,37,224,8,0,8,73,2,56,4,11,
3174031001,DKI JAKARTA,JAKARTA SELATAN,MAMPANG PRAPATAN,MAMPANG PRAPATAN,183,6,13,2,162,0,0,0,0,0,0,0,0,0,714,76,638,9,0,9,118,5,98,4,11,
3173031005,DKI JAKARTA,JAKARTA BARAT,TAMAN SARI,MANGGA BESAR,80,1,12,1,66,0,0,0,0,0,0,0,0,0,124,13,111,3,0,3,21,5,14,1,1,
3171021005,DKI JAKARTA,JAKARTA PUSAT,SAWAH BESAR,MANGGA DUA SELATAN,206,7,12,1,186,1,0,0,0,1,1,0,0,1,595,101,494,9,0,9,111,8,68,6,29,
3174011007,DKI JAKARTA,JAKARTA SELATAN,TEBET,MANGGARAI,202,8,38,0,156,2,2,0,0,0,4,0,0,4,341,30,311,19,0,19,75,7,48,2,18,
3174011006,DKI JAKARTA,JAKARTA SELATAN,TEBET,MANGGARAI SELATAN,123,5,15,2,101,0,0,0,0,0,6,0,0,6,346,14,332,18,0,18,55,5,47,1,2,
3173031003,DKI JAKARTA,JAKARTA BARAT,TAMAN SARI,MAPHAR,133,0,17,1,115,0,0,0,0,0,6,0,0,6,261,26,235,36,0,36,134,8,125,1,0,
3172041003,DKI JAKARTA,JAKARTA UTARA,CILINCING,MARUNDA,175,8,11,0,156,2,2,0,0,0,0,0,0,0,280,27,253,12,0,12,60,1,56,1,2,
3174071001,DKI JAKARTA,JAKARTA SELATAN,KEBAYORAN BARU,MELAWAI,39,1,7,0,31,0,0,0,0,0,1,0,0,1,47,2,45,0,0,0,7,0,6,0,1,
3171061001,DKI JAKARTA,JAKARTA PUSAT,MENTENG,MENTENG,221,5,24,2,190,1,0,0,0,1,1,0,0,1,534,46,488,24,0,24,134,8,103,5,18,
3174021005,DKI JAKARTA,JAKARTA SELATAN,SETIA BUDI,MENTENG ATAS,223,6,31,3,183,0,0,0,0,0,45,0,0,45,912,68,844,32,0,32,141,4,121,5,11,
3174011003,DKI JAKARTA,JAKARTA SELATAN,TEBET,MENTENG DALAM,290,2,66,4,218,2,1,0,0,1,13,0,1,12,498,73,425,38,0,38,104,17,76,3,8,
3173081003,DKI JAKARTA,JAKARTA BARAT,KEMBANGAN,MERUYA SELATAN,158,1,32,1,124,0,0,0,0,0,2,0,0,2,372,54,318,14,0,14,76,10,48,3,15,
3173081002,DKI JAKARTA,JAKARTA BARAT,KEMBANGAN,MERUYA UTARA,228,3,47,6,172,0,0,0,0,0,6,0,0,6,544,69,475,10,0,10,97,10,77,1,9,
3175101004,DKI JAKARTA,JAKARTA TIMUR,CIPAYUNG,MUNJUL,146,5,15,0,126,0,0,0,0,0,2,0,0,2,179,31,148,23,0,23,41,3,36,1,1,
3172051002,DKI JAKARTA,JAKARTA UTARA,PADEMANGAN,PADEMANGAN BARAT,1291,11,101,5,1174,4,0,0,0,4,10,0,0,10,2053,108,1945,25,0,25,530,19,466,16,29,
3172051001,DKI JAKARTA,JAKARTA UTARA,PADEMANGAN,PADEMANGAN TIMUR,393,9,55,3,326,1,0,0,0,1,13,0,0,13,631,28,603,12,0,12,129,5,93,3,28,
3175011004,DKI JAKARTA,JAKARTA TIMUR,MATRAMAN,PAL MERIAM,162,4,8,2,148,1,0,0,0,1,2,0,0,2,431,46,385,58,0,58,117,1,91,4,21,
3173071001,DKI JAKARTA,JAKARTA BARAT,PALMERAH,PALMERAH,654,8,53,2,591,0,0,0,0,0,2,0,1,1,1165,99,1066,65,0,65,262,15,205,11,31,
3174081001,DKI JAKARTA,JAKARTA SELATAN,PANCORAN,PANCORAN,236,10,31,0,195,1,0,0,0,1,8,0,0,8,422,52,370,6,0,6,130,7,114,2,7,
3172021003,DKI JAKARTA,JAKARTA UTARA,TANJUNG PRIOK,PAPANGGO,234,2,27,0,205,1,0,0,0,1,5,0,0,5,591,55,536,48,0,48,141,4,119,2,16,
3171021001,DKI JAKARTA,JAKARTA PUSAT,SAWAH BESAR,PASAR BARU,143,3,10,2,128,1,0,0,0,1,4,0,0,4,337,53,284,6,0,6,70,1,60,0,9,
3174021006,DKI JAKARTA,JAKARTA SELATAN,SETIA BUDI,PASAR MANGGIS,155,7,14,3,131,2,1,0,0,1,26,0,0,26,645,68,577,15,0,15,103,1,78,4,20,
3174041001,DKI JAKARTA,JAKARTA SELATAN,PASAR MINGGU,PASAR MINGGU,229,10,19,1,199,1,0,0,0,1,5,0,0,5,375,28,347,6,0,6,97,3,86,3,5,
3171041003,DKI JAKARTA,JAKARTA PUSAT,SENEN,PASEBAN,307,4,22,1,280,0,0,0,0,0,4,0,0,4,580,83,497,59,0,59,177,5,138,8,26,
3173061005,DKI JAKARTA,JAKARTA BARAT,KALI DERES,PEGADUNGAN,475,5,36,7,427,0,0,0,0,0,10,0,0,10,950,40,910,16,0,16,119,7,101,3,8,
3171061002,DKI JAKARTA,JAKARTA PUSAT,MENTENG,PEGANGSAAN,252,6,33,2,211,1,1,0,0,0,0,0,0,0,682,86,596,48,0,48,230,4,191,5,30,
3172061002,DKI JAKARTA,JAKARTA UTARA,KELAPA GADING,PEGANGSAAN DUA,554,12,60,1,481,0,0,0,0,0,41,0,0,41,1229,106,1123,87,0,87,210,14,167,5,24,
3172011004,DKI JAKARTA,JAKARTA UTARA,PENJARINGAN,PEJAGALAN,254,13,25,2,214,1,0,0,0,1,7,0,0,7,544,54,490,25,0,25,102,11,83,1,7,
3174041006,DKI JAKARTA,JAKARTA SELATAN,PASAR MINGGU,PEJATEN BARAT,229,2,29,2,196,7,0,0,0,7,1,0,0,1,470,30,440,64,0,64,85,4,63,3,15,
3174041005,DKI JAKARTA,JAKARTA SELATAN,PASAR MINGGU,PEJATEN TIMUR,270,2,22,1,245,3,0,0,0,3,2,0,0,2,413,26,387,35,0,35,94,4,79,7,4,
3175051005,DKI JAKARTA,JAKARTA TIMUR,PASAR REBO,PEKAYON,471,6,28,1,436,0,0,0,0,0,3,0,0,3,191,33,158,9,0,9,69,3,48,4,14,
3173041009,DKI JAKARTA,JAKARTA BARAT,TAMBORA,PEKOJAN,195,1,12,2,180,0,0,0,0,0,2,0,0,2,180,15,165,16,0,16,72,4,43,3,22,
3174031003,DKI JAKARTA,JAKARTA SELATAN,MAMPANG PRAPATAN,PELA MAMPANG,220,8,9,2,201,4,0,0,0,4,14,0,1,13,819,98,721,5,0,5,115,6,77,3,29,
3174081005,DKI JAKARTA,JAKARTA SELATAN,PANCORAN,PENGADEGAN,133,3,5,2,123,0,0,0,0,0,7,0,0,7,287,22,265,9,0,9,51,2,46,0,3,
3175061003,DKI JAKARTA,JAKARTA TIMUR,CAKUNG,PENGGILINGAN,352,5,66,1,280,1,0,0,0,1,5,0,1,4,947,147,800,69,0,69,259,10,207,5,37,
3172011001,DKI JAKARTA,JAKARTA UTARA,PENJARINGAN,PENJARINGAN,542,21,14,4,503,1,0,0,0,1,22,0,0,22,2287,96,2191,116,0,116,321,11,291,8,11,
3174101001,DKI JAKARTA,JAKARTA SELATAN,PESANGGRAHAN,PESANGGRAHAN,263,6,22,4,231,1,0,0,0,1,0,0,0,0,490,26,464,18,0,18,52,2,41,3,6,
3171071004,DKI JAKARTA,JAKARTA PUSAT,TANAH ABANG,PETAMBURAN,460,9,42,7,402,0,0,0,0,0,7,0,0,7,322,31,291,5,0,5,271,5,204,7,55,
3174071008,DKI JAKARTA,JAKARTA SELATAN,KEBAYORAN BARU,PETOGOGAN,93,3,5,0,85,0,0,0,0,0,2,0,0,2,190,4,186,0,0,0,25,2,21,1,1,
3171011004,DKI JAKARTA,JAKARTA PUSAT,GAMBIR,PETOJO SELATAN,145,4,8,1,132,0,0,0,0,0,22,0,0,22,462,56,406,14,0,14,115,19,79,7,10,
3171011003,DKI JAKARTA,JAKARTA PUSAT,GAMBIR,PETOJO UTARA,118,3,14,3,98,1,0,0,0,1,11,0,0,11,261,27,234,25,0,25,70,2,56,6,6,
3174101004,DKI JAKARTA,JAKARTA SELATAN,PESANGGRAHAN,PETUKANGAN SELATAN,233,4,18,2,209,0,0,0,0,0,1,0,0,1,513,38,475,7,0,7,36,1,26,1,8,
3174101003,DKI JAKARTA,JAKARTA SELATAN,PESANGGRAHAN,PETUKANGAN UTARA,317,8,23,4,282,1,0,0,0,1,5,0,0,5,1150,38,1112,9,0,9,76,9,58,2,7,
3175081002,DKI JAKARTA,JAKARTA TIMUR,MAKASAR,PINANG RANTI,111,3,5,1,102,0,0,0,0,0,0,0,0,0,458,51,407,22,0,22,78,10,47,4,17,
3173031008,DKI JAKARTA,JAKARTA BARAT,TAMAN SARI,PINANGSIA,76,6,10,1,59,0,0,0,0,0,2,0,0,2,158,7,151,2,0,2,43,6,31,1,5,
3175011001,DKI JAKARTA,JAKARTA TIMUR,MATRAMAN,PISANGAN BARU,195,3,14,3,175,1,0,0,0,1,1,0,0,1,221,27,194,28,0,28,94,5,75,3,11,
3175021002,DKI JAKARTA,JAKARTA TIMUR,PULO GADUNG,PISANGAN TIMUR,202,5,22,4,171,0,0,0,0,0,10,0,0,10,444,44,400,24,0,24,86,11,72,2,1,
3172011005,DKI JAKARTA,JAKARTA UTARA,PENJARINGAN,PLUIT,176,5,13,4,154,0,0,0,0,0,12,0,0,12,737,109,628,10,0,10,115,3,101,7,4,
3175071002,DKI JAKARTA,JAKARTA TIMUR,DUREN SAWIT,PONDOK BAMBU,679,8,36,1,634,2,0,0,0,2,3,0,0,3,524,93,431,16,0,16,167,11,121,6,29,
3175071004,DKI JAKARTA,JAKARTA TIMUR,DUREN SAWIT,PONDOK KELAPA,449,16,31,0,402,0,0,0,0,0,9,0,0,9,662,90,572,13,0,13,160,8,123,5,24,
3175071007,DKI JAKARTA,JAKARTA TIMUR,DUREN SAWIT,PONDOK KOPI,271,3,22,1,245,0,0,0,0,0,1,0,0,1,256,35,221,8,0,8,114,4,66,8,36,
3174061003,DKI JAKARTA,JAKARTA SELATAN,CILANDAK,PONDOK LABU,224,4,13,1,206,4,0,0,0,4,73,0,0,73,628,49,579,35,0,35,63,1,53,2,7,
3174051002,DKI JAKARTA,JAKARTA SELATAN,KEBAYORAN LAMA,PONDOK PINANG,334,4,22,4,304,0,0,0,0,0,44,0,0,44,560,36,524,9,0,9,113,9,90,7,7,
3175101003,DKI JAKARTA,JAKARTA TIMUR,CIPAYUNG,PONDOK RANGGON,155,3,19,3,130,0,0,0,0,0,3,0,0,3,154,11,143,21,0,21,51,4,44,2,1,
3101011003,DKI JAKARTA,KAB.ADM.KEP.SERIBU,KEP. SERIBU UTARA,PULAU HARAPAN,59,0,0,0,59,0,0,0,0,0,0,0,0,0,57,1,56,0,0,0,1,0,1,0,0,
3101011002,DKI JAKARTA,KAB.ADM.KEP.SERIBU,KEP. SERIBU UTARA,PULAU KELAPA,45,0,0,1,44,0,0,0,0,0,3,0,0,3,141,2,139,1,0,1,10,1,9,0,0,
3101011001,DKI JAKARTA,KAB.ADM.KEP.SERIBU,KEP. SERIBU UTARA,PULAU PANGGANG,53,0,2,1,50,0,0,0,0,0,0,0,0,0,140,11,129,4,0,4,8,0,7,0,1,
3101021003,DKI JAKARTA,KAB.ADM.KEP.SERIBU,KEP. SERIBU SELATAN,PULAU PARI,6,0,0,0,6,0,0,0,0,0,0,0,0,0,160,2,158,1,0,1,3,0,3,0,0,
3101021002,DKI JAKARTA,KAB.ADM.KEP.SERIBU,KEP. SERIBU SELATAN,PULAU TIDUNG,33,0,0,0,33,0,0,0,0,0,0,0,0,0,330,1,329,1,0,1,28,0,26,1,1,
3101021001,DKI JAKARTA,KAB.ADM.KEP.SERIBU,KEP. SERIBU SELATAN,PULAU UNTUNG JAWA,22,0,0,0,22,0,0,0,0,0,0,0,0,0,97,2,95,0,0,0,2,0,2,0,0,
3174071007,DKI JAKARTA,JAKARTA SELATAN,KEBAYORAN BARU,PULO,124,4,37,1,82,0,0,0,0,0,1,0,0,1,109,3,106,0,0,0,14,0,11,0,3,
3175021001,DKI JAKARTA,JAKARTA TIMUR,PULO GADUNG,PULO GADUNG,234,6,20,2,206,0,0,0,0,0,9,0,0,9,569,110,459,20,0,20,101,4,75,3,19,
3175061005,DKI JAKARTA,JAKARTA TIMUR,CAKUNG,PULO GEBANG,263,10,46,2,205,1,0,0,0,1,5,0,0,5,819,118,701,51,0,51,154,5,133,4,12,
3174041004,DKI JAKARTA,JAKARTA SELATAN,PASAR MINGGU,RAGUNAN,279,5,35,2,237,1,0,0,0,1,1,0,0,1,440,23,417,17,0,17,56,10,37,0,9,
3175091005,DKI JAKARTA,JAKARTA TIMUR,CIRACAS,RAMBUTAN,254,3,21,1,229,2,0,0,0,2,12,0,1,11,549,37,512,27,0,27,65,2,59,1,3,
3172031006,DKI JAKARTA,JAKARTA UTARA,KOJA,RAWA BADAK SELATAN,339,10,20,2,307,1,0,0,0,1,2,0,0,2,374,21,353,40,0,40,223,1,148,3,71,
3172031004,DKI JAKARTA,JAKARTA UTARA,KOJA,RAWA BADAK UTARA,283,6,22,1,254,0,0,0,0,0,2,0,0,2,332,27,305,49,0,49,169,1,132,4,32,
3174071005,DKI JAKARTA,JAKARTA SELATAN,KEBAYORAN BARU,RAWA BARAT,56,0,2,2,52,0,0,0,0,0,1,0,0,1,116,10,106,0,0,0,11,0,10,1,0,
3173011003,DKI JAKARTA,JAKARTA BARAT,CENGKARENG,RAWA BUAYA,169,7,19,2,141,0,0,0,0,0,4,0,0,4,413,69,344,4,0,4,129,6,93,4,26,
3175031004,DKI JAKARTA,JAKARTA TIMUR,JATINEGARA,RAWA BUNGA,85,2,24,1,58,0,0,0,0,0,0,0,0,0,108,14,94,5,0,5,57,2,42,1,12,
3174081003,DKI JAKARTA,JAKARTA SELATAN,PANCORAN,RAWA JATI,187,3,25,0,159,2,0,0,0,2,10,0,0,10,324,41,283,6,0,6,33,5,27,0,1,
3175061002,DKI JAKARTA,JAKARTA TIMUR,CAKUNG,RAWA TERATE,50,4,5,0,41,0,0,0,0,0,2,0,0,2,208,25,183,2,0,2,43,3,26,0,14,
3175021005,DKI JAKARTA,JAKARTA TIMUR,PULO GADUNG,RAWAMANGUN,202,8,23,0,171,0,0,0,0,0,6,0,0,6,544,86,458,23,0,23,99,4,80,2,13,
3171051003,DKI JAKARTA,JAKARTA PUSAT,CEMPAKA PUTIH,RAWASARI,469,9,30,2,428,3,0,0,1,2,5,0,0,5,908,79,829,29,0,29,198,7,151,4,36,
3173041010,DKI JAKARTA,JAKARTA BARAT,TAMBORA,ROA MALAKA,26,1,1,0,24,1,0,0,0,1,0,0,0,0,31,2,29,1,0,1,10,0,4,0,6,
3172041006,DKI JAKARTA,JAKARTA UTARA,CILINCING,ROROTAN,205,19,32,2,152,0,0,0,0,0,2,0,0,2,458,42,416,59,0,59,75,1,59,3,12,
3174071004,DKI JAKARTA,JAKARTA SELATAN,KEBAYORAN BARU,SELONG,21,0,0,0,21,0,0,0,0,0,2,0,0,2,75,4,71,0,0,0,14,2,11,1,0,
3173061002,DKI JAKARTA,JAKARTA BARAT,KALI DERES,SEMANAN,263,4,22,3,234,0,0,0,0,0,2,0,0,2,647,42,605,6,0,6,57,1,49,2,5,
3172041007,DKI JAKARTA,JAKARTA UTARA,CILINCING,SEMPER BARAT,420,19,44,1,356,1,1,0,0,0,10,0,0,10,897,95,802,78,0,78,270,9,236,7,18,
3172041005,DKI JAKARTA,JAKARTA UTARA,CILINCING,SEMPER TIMUR,249,10,17,1,221,1,1,0,0,0,3,0,0,3,533,59,474,34,0,34,149,1,113,0,35,
3174071006,DKI JAKARTA,JAKARTA SELATAN,KEBAYORAN BARU,SENAYAN,34,1,6,0,27,0,0,0,0,0,9,0,0,9,174,29,145,0,0,0,38,2,34,0,2,
3171041001,DKI JAKARTA,JAKARTA PUSAT,SENEN,SENEN,137,0,9,0,128,0,0,0,0,0,6,0,0,6,572,19,553,24,0,24,101,3,82,2,14,
3171031004,DKI JAKARTA,JAKARTA PUSAT,KEMAYORAN,SERDANG,286,7,31,2,246,0,0,0,0,0,5,0,0,5,369,61,308,27,0,27,90,5,78,1,6,
3174021001,DKI JAKARTA,JAKARTA SELATAN,SETIA BUDI,SETIA BUDI,47,1,6,0,40,0,0,0,0,0,4,0,0,4,191,27,164,6,0,6,15,0,14,0,1,
3175101005,DKI JAKARTA,JAKARTA TIMUR,CIPAYUNG,SETU,163,2,14,0,147,0,0,0,0,0,2,0,0,2,155,16,139,13,0,13,38,7,29,0,2,
3173071002,DKI JAKARTA,JAKARTA BARAT,PALMERAH,SLIPI,340,16,39,2,283,0,0,0,0,0,2,0,0,2,547,94,453,39,0,39,144,8,107,1,28,
3173081004,DKI JAKARTA,JAKARTA BARAT,KEMBANGAN,SRENGSENG,229,6,26,3,194,1,0,0,0,1,5,0,0,5,681,60,621,19,0,19,143,16,118,5,4,
3174091002,DKI JAKARTA,JAKARTA SELATAN,JAGAKARSA,SRENGSENG SAWAH,439,10,16,0,413,5,0,0,0,5,9,0,0,9,430,64,366,17,0,17,96,4,81,7,4,
3173051003,DKI JAKARTA,JAKARTA BARAT,KEBON JERUK,SUKABUMI SELATAN,168,10,19,4,135,0,0,0,0,0,1,0,0,1,357,37,320,23,0,23,84,2,73,3,6,
3173051002,DKI JAKARTA,JAKARTA BARAT,KEBON JERUK,SUKABUMI UTARA,142,2,13,3,124,0,0,0,0,0,19,0,0,19,370,34,336,41,0,41,75,6,63,3,3,
3172041002,DKI JAKARTA,JAKARTA UTARA,CILINCING,SUKAPURA,365,31,33,2,299,0,0,0,0,0,5,0,0,5,713,50,663,69,0,69,197,6,147,4,40,
3171031007,DKI JAKARTA,JAKARTA PUSAT,KEMAYORAN,SUMUR BATU,228,12,22,1,193,0,0,0,0,0,4,0,0,4,273,63,210,19,0,19,75,3,62,2,8,
3172021004,DKI JAKARTA,JAKARTA UTARA,TANJUNG PRIOK,SUNGAI BAMBU,187,4,24,0,159,0,0,0,0,0,6,0,0,6,407,64,343,31,0,31,64,4,52,4,4,
3172021006,DKI JAKARTA,JAKARTA UTARA,TANJUNG PRIOK,SUNTER AGUNG,609,14,78,1,516,2,1,0,0,1,18,0,0,18,1424,141,1283,60,0,60,327,11,281,12,23,
3172021002,DKI JAKARTA,JAKARTA UTARA,TANJUNG PRIOK,SUNTER JAYA,511,11,53,6,441,0,0,0,0,0,8,0,0,8,1038,115,923,148,0,148,274,5,240,12,17,
3175091004,DKI JAKARTA,JAKARTA TIMUR,CIRACAS,SUSUKAN,184,3,35,1,145,0,0,0,0,0,16,0,0,16,835,45,790,69,0,69,61,4,53,2,2,
3173031001,DKI JAKARTA,JAKARTA BARAT,TAMAN SARI,TAMAN SARI,150,5,16,0,129,1,0,0,0,1,0,0,0,0,235,13,222,11,0,11,69,2,56,2,9,
3173041001,DKI JAKARTA,JAKARTA BARAT,TAMBORA,TAMBORA,118,5,3,3,107,0,0,0,0,0,0,0,0,0,236,14,222,2,0,2,35,2,28,2,3,
3173041004,DKI JAKARTA,JAKARTA BARAT,TAMBORA,TANAH SEREAL,212,6,16,2,188,1,0,0,0,1,4,0,0,4,200,14,186,3,0,3,102,8,86,1,7,
3171081004,DKI JAKARTA,JAKARTA PUSAT,JOHAR BARU,TANAH TINGGI,281,4,23,3,251,1,0,0,0,1,2,0,0,2,619,38,581,31,0,31,225,4,187,10,24,
3173031004,DKI JAKARTA,JAKARTA BARAT,TAMAN SARI,TANGKI,153,5,31,1,116,0,0,0,0,0,3,0,0,3,215,17,198,2,0,2,46,8,30,2,6,
3174091005,DKI JAKARTA,JAKARTA SELATAN,JAGAKARSA,TANJUNG BARAT,367,3,15,1,348,1,0,0,0,1,1,0,0,1,291,65,226,11,0,11,75,2,60,3,10,
3173021005,DKI JAKARTA,JAKARTA BARAT,GROGOL PETAMBURAN,TANJUNG DUREN SELATAN,235,5,42,1,187,0,0,0,0,0,19,0,0,19,385,38,347,19,0,19,119,12,97,6,4,
3173021002,DKI JAKARTA,JAKARTA BARAT,GROGOL PETAMBURAN,TANJUNG DUREN UTARA,159,4,9,0,146,1,0,0,0,1,20,0,0,20,338,23,315,17,0,17,55,4,46,3,2,
3172021001,DKI JAKARTA,JAKARTA UTARA,TANJUNG PRIOK,TANJUNG PRIOK,278,10,41,6,221,0,0,0,0,0,10,0,1,9,508,57,451,46,0,46,187,6,164,7,10,
3174011002,DKI JAKARTA,JAKARTA SELATAN,TEBET,TEBET BARAT,204,15,18,0,171,1,0,0,0,1,8,0,0,8,429,30,399,20,0,20,187,16,151,3,17,
3174011001,DKI JAKARTA,JAKARTA SELATAN,TEBET,TEBET TIMUR,144,9,18,2,115,0,0,0,0,0,5,0,0,5,338,23,315,26,0,26,50,3,44,2,1,
3173061003,DKI JAKARTA,JAKARTA BARAT,KALI DERES,TEGAL ALUR,429,4,55,6,364,0,0,0,0,0,3,0,0,3,717,98,619,8,0,8,110,14,80,2,14,
3174031004,DKI JAKARTA,JAKARTA SELATAN,MAMPANG PRAPATAN,TEGAL PARANG,194,3,16,3,172,4,0,0,1,3,3,0,0,3,597,88,509,7,0,7,131,1,105,3,22,
3173021003,DKI JAKARTA,JAKARTA BARAT,GROGOL PETAMBURAN,TOMANG,275,3,25,2,245,0,0,0,0,0,14,0,0,14,471,32,439,72,0,72,153,4,137,3,9,
3172031005,DKI JAKARTA,JAKARTA UTARA,KOJA,TUGU SELATAN,271,7,13,1,250,0,0,0,0,0,1,0,0,1,304,32,272,62,0,62,115,10,96,4,5,
3172031002,DKI JAKARTA,JAKARTA UTARA,KOJA,TUGU UTARA,576,19,40,0,517,1,0,0,0,1,6,0,0,6,549,51,498,67,0,67,170,16,131,4,19,
3175061006,DKI JAKARTA,JAKARTA TIMUR,CAKUNG,UJUNG MENTENG,87,3,18,2,64,1,1,0,0,0,0,0,0,0,257,45,212,14,0,14,50,2,27,2,19,
3174101005,DKI JAKARTA,JAKARTA SELATAN,PESANGGRAHAN,ULUJAMI,392,7,25,2,358,0,0,0,0,0,0,0,0,0,858,21,837,25,0,25,126,5,104,3,14,
3175011006,DKI JAKARTA,JAKARTA TIMUR,MATRAMAN,UTAN KAYU SELATAN,310,8,19,8,275,1,1,0,0,0,2,0,1,1,514,46,468,79,0,79,127,4,111,6,6,
3175011002,DKI JAKARTA,JAKARTA TIMUR,MATRAMAN,UTAN KAYU UTARA,242,9,23,0,210,1,0,0,0,1,2,0,0,2,401,44,357,38,0,38,73,2,67,2,2,
3171031008,DKI JAKARTA,JAKARTA PUSAT,KEMAYORAN,UTAN PANJANG,244,6,19,2,217,0,0,0,0,0,2,0,0,2,247,35,212,18,0,18,113,4,96,3,10,
3172021007,DKI JAKARTA,JAKARTA UTARA,TANJUNG PRIOK,WARAKAS,242,5,37,2,198,0,0,0,0,0,9,0,0,9,569,69,500,43,0,43,127,6,114,3,4,
3173021007,DKI JAKARTA,JAKARTA BARAT,GROGOL PETAMBURAN,WIJAYA KUSUMA,246,2,16,2,226,0,0,0,0,0,6,0,0,6,576,37,539,18,0,18,103,6,84,3,10,
