id_kel,nama_provinsi,nama_kota,nama_kecamatan,nama_kelurahan,suspek,perawatan_rs,isolasi_di_rumah,suspek_meninggal,selesai_isolasi,probable,perawatan_rs,isolasi_di_rumah,probable_meninggal,selesai_isolasi,pelaku_perjalanan,perawatan_rs,isolasi_di_rumah,selesai_isolasi,kontak_erat,isolasi_di_rumah,selesai_isolasi,discarded,meninggal,selesai_isolasi,positif,dirawat,sembuh,meninggal,self_isolation,keterangan
3172051003,DKI JAKARTA,JAKARTA UTARA,PADEMANGAN,ANCOL,310,2,32,0,276,4,3,0,0,1,8,0,0,8,463,35,428,5,0,5,146,6,102,2,36,
3173041007,DKI JAKARTA,JAKARTA BARAT,TAMBORA,ANGKE,293,7,10,2,274,1,0,0,1,0,0,0,0,0,400,5,395,24,0,24,102,6,88,2,6,
3175041005,DKI JAKARTA,JAKARTA TIMUR,KRAMAT JATI,BALE KAMBANG,176,5,19,1,151,1,0,0,0,1,4,0,0,4,348,18,330,23,0,23,78,5,64,1,8,
3175031003,DKI JAKARTA,JAKARTA TIMUR,JATINEGARA,BALI MESTER,63,3,3,1,56,0,0,0,0,0,0,0,0,0,63,7,56,2,0,2,17,3,12,1,1,
3175101006,DKI JAKARTA,JAKARTA TIMUR,CIPAYUNG,BAMBU APUS,188,7,11,1,169,0,0,0,0,0,3,0,0,3,299,39,260,16,0,16,75,2,61,1,11,
3174031002,DKI JAKARTA,JAKARTA SELATAN,MAMPANG PRAPATAN,BANGKA,131,3,14,2,112,4,0,0,1,3,18,0,0,18,471,19,452,8,0,8,78,4,57,2,15,
3175051002,DKI JAKARTA,JAKARTA TIMUR,PASAR REBO,BARU,169,2,28,1,138,0,0,0,0,0,4,0,0,4,259,17,242,11,0,11,64,7,38,0,19,
3175041004,DKI JAKARTA,JAKARTA TIMUR,KRAMAT JATI,BATU AMPAR,281,8,22,1,250,2,1,0,0,1,2,0,0,2,585,62,523,25,0,25,92,4,66,3,19,
3171071002,DKI JAKARTA,JAKARTA PUSAT,TANAH ABANG,BENDUNGAN HILIR,284,10,16,0,258,0,0,0,0,0,3,0,0,3,332,16,316,6,0,6,72,10,55,2,5,
3175031002,DKI JAKARTA,JAKARTA TIMUR,JATINEGARA,BIDARA CINA,204,6,16,3,179,0,0,0,0,0,1,0,0,1,247,22,225,25,0,25,135,5,117,8,5,
3174101002,DKI JAKARTA,JAKARTA SELATAN,PESANGGRAHAN,BINTARO,487,5,19,2,461,4,0,0,0,4,7,0,0,7,1004,62,942,21,0,21,122,4,101,6,11,
3174011005,DKI JAKARTA,JAKARTA SELATAN,TEBET,BUKIT DURI,149,3,19,3,124,1,0,0,0,1,13,0,0,13,348,44,304,12,0,12,64,2,51,6,5,
3171041006,DKI JAKARTA,JAKARTA PUSAT,SENEN,BUNGUR,154,5,11,2,136,1,0,0,0,1,13,0,0,13,405,12,393,9,0,9,95,2,86,2,5,
3175061007,DKI JAKARTA,JAKARTA TIMUR,CAKUNG,CAKUNG BARAT,162,6,20,1,135,0,0,0,0,0,0,0,0,0,457,47,410,37,0,37,111,6,77,1,27,
3175061004,DKI JAKARTA,JAKARTA TIMUR,CAKUNG,CAKUNG TIMUR,195,5,28,2,160,2,0,0,1,1,3,0,0,3,476,80,396,27,0,27,103,7,66,1,29,
3175041007,DKI JAKARTA,JAKARTA TIMUR,KRAMAT JATI,CAWANG,175,4,13,0,158,1,0,0,0,1,4,0,0,4,405,49,356,13,0,13,92,11,65,2,14,
3175101008,DKI JAKARTA,JAKARTA TIMUR,CIPAYUNG,CEGER,125,4,11,0,110,0,0,0,0,0,0,0,0,0,140,25,115,8,0,8,26,3,16,0,7,
3171031006,DKI JAKARTA,JAKARTA PUSAT,KEMAYORAN,CEMPAKA BARU,393,11,34,2,346,1,0,0,0,1,7,0,0,7,461,88,373,29,0,29,208,8,183,11,6,
3171051002,DKI JAKARTA,JAKARTA PUSAT,CEMPAKA PUTIH,CEMPAKA PUTIH BARAT,618,6,35,2,575,2,1,0,0,1,9,0,0,9,1375,76,1299,42,0,42,373,17,271,10,75,
3171051001,DKI JAKARTA,JAKARTA PUSAT,CEMPAKA PUTIH,CEMPAKA PUTIH TIMUR,415,9,15,1,390,0,0,0,0,0,9,0,0,9,997,38,959,45,0,45,210,6,164,3,37,
3173011001,DKI JAKARTA,JAKARTA BARAT,CENGKARENG,CENGKARENG BARAT,312,4,41,1,266,0,0,0,0,0,5,0,0,5,773,72,701,9,0,9,140,18,89,4,29,
3173011006,DKI JAKARTA,JAKARTA BARAT,CENGKARENG,CENGKARENG TIMUR,454,11,66,7,370,1,0,0,0,1,3,0,0,3,985,112,873,14,0,14,261,30,191,8,32,
3175091002,DKI JAKARTA,JAKARTA TIMUR,CIRACAS,CIBUBUR,445,13,71,4,357,1,0,0,0,1,28,0,0,28,1442,111,1331,81,0,81,130,12,84,4,30,
3171011002,DKI JAKARTA,JAKARTA PUSAT,GAMBIR,CIDENG,191,2,16,2,171,0,0,0,0,0,8,0,0,8,386,65,321,11,0,11,110,6,78,5,21,
3174091003,DKI JAKARTA,JAKARTA SELATAN,JAGAKARSA,CIGANJUR,459,9,12,1,437,2,0,0,0,2,9,0,0,9,346,36,310,9,0,9,76,0,67,4,5,
3175051003,DKI JAKARTA,JAKARTA TIMUR,PASAR REBO,CIJANTUNG,384,12,29,3,340,0,0,0,0,0,1,0,0,1,364,30,334,4,0,4,123,12,88,4,19,
3171061003,DKI JAKARTA,JAKARTA PUSAT,MENTENG,CIKINI,93,4,9,0,80,0,0,0,0,0,0,0,0,0,147,4,143,11,0,11,30,1,21,2,6,
3174081006,DKI JAKARTA,JAKARTA SELATAN,PANCORAN,CIKOKO,138,2,13,0,123,1,0,0,0,1,10,0,0,10,208,12,196,0,0,0,34,2,29,1,2,
3174061001,DKI JAKARTA,JAKARTA SELATAN,CILANDAK,CILANDAK BARAT,459,12,61,5,381,1,0,0,0,1,94,0,2,92,729,118,611,36,0,36,133,3,87,4,39,
3174041003,DKI JAKARTA,JAKARTA SELATAN,PASAR MINGGU,CILANDAK TIMUR,218,11,38,1,168,3,2,0,0,1,17,0,0,17,270,27,243,86,0,86,145,7,117,5,16,
3175101002,DKI JAKARTA,JAKARTA TIMUR,CIPAYUNG,CILANGKAP,199,8,11,1,179,0,0,0,0,0,1,0,0,1,278,37,241,18,0,18,74,2,53,0,19,
3175041006,DKI JAKARTA,JAKARTA TIMUR,KRAMAT JATI,CILILITAN,183,6,18,1,158,0,0,0,0,0,4,0,0,4,506,60,446,41,0,41,115,7,87,2,19,
3172041001,DKI JAKARTA,JAKARTA UTARA,CILINCING,CILINCING,316,10,24,1,281,0,0,0,0,0,6,0,1,5,963,51,912,66,0,66,250,5,198,3,44,
3175101001,DKI JAKARTA,JAKARTA TIMUR,CIPAYUNG,CIPAYUNG,255,6,20,2,227,1,0,0,1,0,4,0,0,4,273,34,239,11,0,11,98,4,85,1,8,
3174091006,DKI JAKARTA,JAKARTA SELATAN,JAGAKARSA,CIPEDAK,381,11,17,0,353,2,0,0,0,2,0,0,0,0,257,30,227,5,0,5,74,4,48,1,21,
3174061005,DKI JAKARTA,JAKARTA SELATAN,CILANDAK,CIPETE SELATAN,157,8,8,1,140,2,1,0,0,1,44,0,0,44,254,23,231,6,0,6,36,1,27,4,4,
3174071010,DKI JAKARTA,JAKARTA SELATAN,KEBAYORAN BARU,CIPETE UTARA,343,8,62,3,270,0,0,0,0,0,9,0,0,9,321,12,309,5,0,5,63,6,46,3,8,
3175021003,DKI JAKARTA,JAKARTA TIMUR,PULO GADUNG,CIPINANG,166,9,16,2,139,0,0,0,0,0,3,0,0,3,584,45,539,29,0,29,167,12,131,6,18,
3175031007,DKI JAKARTA,JAKARTA TIMUR,JATINEGARA,CIPINANG BESAR SELATAN,143,2,5,2,134,2,0,0,0,2,1,0,0,1,248,52,196,10,0,10,62,4,46,1,11,
3175031008,DKI JAKARTA,JAKARTA TIMUR,JATINEGARA,CIPINANG BESAR UTARA,183,13,33,0,137,1,0,0,0,1,3,0,0,3,358,21,337,16,0,16,124,9,74,3,38,
3175031005,DKI JAKARTA,JAKARTA TIMUR,JATINEGARA,CIPINANG CEMPEDAK,150,2,12,2,134,0,0,0,0,0,2,0,0,2,222,40,182,10,0,10,54,3,37,1,13,
3175081005,DKI JAKARTA,JAKARTA TIMUR,MAKASAR,CIPINANG MELAYU,201,4,21,2,174,1,0,0,0,1,3,0,1,2,452,82,370,16,0,16,117,9,76,5,27,
3175031006,DKI JAKARTA,JAKARTA TIMUR,JATINEGARA,CIPINANG MUARA,216,5,19,1,191,4,0,0,0,4,4,0,0,4,475,88,387,22,0,22,127,13,96,2,16,
3174051003,DKI JAKARTA,JAKARTA SELATAN,KEBAYORAN LAMA,CIPULIR,182,6,8,4,164,4,0,0,0,4,6,0,0,6,418,14,404,5,0,5,109,2,91,4,12,
3175091001,DKI JAKARTA,JAKARTA TIMUR,CIRACAS,CIRACAS,435,9,45,9,372,3,2,0,0,1,22,0,0,22,1140,78,1062,43,0,43,194,23,108,5,58,
3175041003,DKI JAKARTA,JAKARTA TIMUR,KRAMAT JATI,DUKUH,138,4,7,1,126,0,0,0,0,0,1,0,0,1,353,38,315,13,0,13,65,8,45,1,11,
3175071001,DKI JAKARTA,JAKARTA TIMUR,DUREN SAWIT,DUREN SAWIT,600,17,38,3,542,14,3,0,0,11,2,0,0,2,626,99,527,19,0,19,305,15,218,8,64,
3174081004,DKI JAKARTA,JAKARTA SELATAN,PANCORAN,DUREN TIGA,252,6,19,0,227,2,0,0,0,2,3,0,0,3,386,28,358,2,0,2,56,10,35,0,11,
3173051005,DKI JAKARTA,JAKARTA BARAT,KEBON JERUK,DURI KEPA,264,5,22,2,235,3,0,0,0,3,12,0,0,12,788,62,726,65,0,65,189,9,154,7,19,
3173011002,DKI JAKARTA,JAKARTA BARAT,CENGKARENG,DURI KOSAMBI,307,9,35,3,260,0,0,0,0,0,4,0,0,4,596,60,536,10,0,10,135,16,93,3,23,
3171011006,DKI JAKARTA,JAKARTA PUSAT,GAMBIR,DURI PULO,109,5,2,3,99,0,0,0,0,0,0,0,0,0,253,33,220,7,0,7,81,7,55,2,17,
3173041011,DKI JAKARTA,JAKARTA BARAT,TAMBORA,DURI SELATAN,93,4,3,1,85,0,0,0,0,0,2,0,0,2,103,3,100,4,0,4,48,2,41,3,2,
3173041003,DKI JAKARTA,JAKARTA BARAT,TAMBORA,DURI UTARA,130,2,14,2,112,0,0,0,0,0,1,0,0,1,158,13,145,2,0,2,71,8,54,3,6,
3171081003,DKI JAKARTA,JAKARTA PUSAT,JOHAR BARU,GALUR,126,2,6,0,118,1,0,0,0,1,2,0,0,2,297,21,276,43,0,43,130,7,94,9,20,
3171011001,DKI JAKARTA,JAKARTA PUSAT,GAMBIR,GAMBIR,58,2,3,0,53,1,1,0,0,0,17,0,0,17,227,19,208,6,0,6,94,0,74,0,20,
3174061004,DKI JAKARTA,JAKARTA SELATAN,CILANDAK,GANDARIA SELATAN,126,5,7,0,114,2,0,0,0,2,20,0,0,20,447,41,406,2,0,2,70,2,53,3,12,
3174071009,DKI JAKARTA,JAKARTA SELATAN,KEBAYORAN BARU,GANDARIA UTARA,274,10,30,2,232,0,0,0,0,0,3,0,0,3,422,22,400,3,0,3,84,6,69,2,7,
3175051001,DKI JAKARTA,JAKARTA TIMUR,PASAR REBO,GEDONG,474,15,22,0,437,0,0,0,0,0,3,0,0,3,225,21,204,22,0,22,102,4,92,0,6,
3171071001,DKI JAKARTA,JAKARTA PUSAT,TANAH ABANG,GELORA,46,3,1,1,41,0,0,0,0,0,5,0,0,5,75,4,71,0,0,0,57,0,46,2,9,
3173031007,DKI JAKARTA,JAKARTA BARAT,TAMAN SARI,GLODOK,68,3,15,0,50,0,0,0,0,0,0,0,0,0,109,12,97,0,0,0,12,1,8,1,2,
3171061004,DKI JAKARTA,JAKARTA PUSAT,MENTENG,GONDANGDIA,40,0,4,1,35,0,0,0,0,0,4,0,0,4,89,6,83,7,0,7,35,0,27,3,5,
3173021001,DKI JAKARTA,JAKARTA BARAT,GROGOL PETAMBURAN,GROGOL,237,9,40,4,184,1,0,0,0,1,39,0,0,39,517,25,492,32,0,32,96,13,73,0,10,
3174051005,DKI JAKARTA,JAKARTA SELATAN,KEBAYORAN LAMA,GROGOL SELATAN,204,4,13,5,182,0,0,0,0,0,12,0,0,12,446,16,430,4,0,4,107,9,83,5,10,
3174051004,DKI JAKARTA,JAKARTA SELATAN,KEBAYORAN LAMA,GROGOL UTARA,235,3,37,4,191,0,0,0,0,0,24,0,0,24,450,16,434,15,0,15,154,11,121,5,17,
3174021007,DKI JAKARTA,JAKARTA SELATAN,SETIA BUDI,GUNTUR,42,1,1,0,40,0,0,0,0,0,1,0,0,1,118,6,112,1,0,1,19,3,15,0,1,
3174071002,DKI JAKARTA,JAKARTA SELATAN,KEBAYORAN BARU,GUNUNG,161,1,93,3,64,0,0,0,0,0,7,0,0,7,261,40,221,0,0,0,39,0,22,2,15,
3171031005,DKI JAKARTA,JAKARTA PUSAT,KEMAYORAN,GUNUNG SAHARI SELATAN,192,4,11,1,176,0,0,0,0,0,2,0,0,2,266,26,240,1,0,1,65,6,50,3,6,
3171021004,DKI JAKARTA,JAKARTA PUSAT,SAWAH BESAR,GUNUNG SAHARI UTARA,176,1,9,1,165,0,0,0,0,0,5,0,0,5,361,48,313,8,0,8,79,2,48,6,23,
3175081004,DKI JAKARTA,JAKARTA TIMUR,MAKASAR,HALIM PERDANA KUSUMAH,129,10,6,2,111,0,0,0,0,0,4,0,0,4,321,33,288,9,0,9,157,22,118,3,14,
3171031003,DKI JAKARTA,JAKARTA PUSAT,KEMAYORAN,HARAPAN MULIA,234,5,15,3,211,0,0,0,0,0,6,0,0,6,319,36,283,27,0,27,145,2,123,7,13,
3174091001,DKI JAKARTA,JAKARTA SELATAN,JAGAKARSA,JAGAKARSA,600,14,33,2,551,5,0,0,0,5,7,0,0,7,565,61,504,17,0,17,183,5,146,3,29,
3175021007,DKI JAKARTA,JAKARTA TIMUR,PULO GADUNG,JATI,213,4,19,1,189,0,0,0,0,0,6,0,0,6,629,49,580,23,0,23,152,13,113,0,26,
3174041002,DKI JAKARTA,JAKARTA SELATAN,PASAR MINGGU,JATI PADANG,249,9,36,2,202,0,0,0,0,0,3,0,0,3,403,19,384,65,0,65,70,8,48,3,11,
3173071004,DKI JAKARTA,JAKARTA BARAT,PALMERAH,JATI PULO,304,5,24,4,271,0,0,0,0,0,3,0,0,3,536,52,484,61,0,61,158,7,138,2,11,
3175061001,DKI JAKARTA,JAKARTA TIMUR,CAKUNG,JATINEGARA,285,6,32,3,244,1,0,0,0,1,2,0,0,2,788,123,665,35,0,35,177,7,127,6,37,
3175021004,DKI JAKARTA,JAKARTA TIMUR,PULO GADUNG,JATINEGARA KAUM,55,3,6,0,46,1,0,0,1,0,3,0,0,3,206,30,176,6,0,6,28,4,16,1,7,
3173021004,DKI JAKARTA,JAKARTA BARAT,GROGOL PETAMBURAN,JELAMBAR,227,4,10,5,208,2,0,0,0,2,24,0,0,24,534,27,507,8,0,8,108,12,83,5,8,
3173021006,DKI JAKARTA,JAKARTA BARAT,GROGOL PETAMBURAN,JELAMBAR BARU,262,2,14,2,244,2,0,0,0,2,4,0,0,4,438,12,426,17,0,17,56,4,43,3,6,
3173041006,DKI JAKARTA,JAKARTA BARAT,TAMBORA,JEMBATAN BESI,435,9,17,1,408,0,0,0,0,0,4,0,0,4,405,11,394,7,0,7,155,4,131,6,14,
3173041008,DKI JAKARTA,JAKARTA BARAT,TAMBORA,JEMBATAN LIMA,123,3,2,0,118,0,0,0,0,0,0,0,0,0,159,9,150,1,0,1,45,3,33,3,6,
3173081005,DKI JAKARTA,JAKARTA BARAT,KEMBANGAN,JOGLO,197,4,25,4,164,0,0,0,0,0,4,0,0,4,358,36,322,12,0,12,75,10,58,1,6,
3171081001,DKI JAKARTA,JAKARTA PUSAT,JOHAR BARU,JOHAR BARU,394,8,17,3,366,1,0,0,0,1,3,0,0,3,1142,121,1021,94,0,94,296,7,242,11,36,
3173041002,DKI JAKARTA,JAKARTA BARAT,TAMBORA,KALI ANYAR,254,4,19,0,231,1,0,0,0,1,3,0,0,3,289,11,278,10,0,10,123,7,93,4,19,
3172041004,DKI JAKARTA,JAKARTA UTARA,CILINCING,KALI BARU,278,20,26,5,227,0,0,0,0,0,4,0,0,4,536,26,510,33,0,33,205,6,171,6,22,
3174081002,DKI JAKARTA,JAKARTA SELATAN,PANCORAN,KALIBATA,339,10,17,3,309,5,0,0,0,5,10,0,2,8,544,75,469,12,0,12,166,10,119,1,36,
3173061001,DKI JAKARTA,JAKARTA BARAT,KALI DERES,KALIDERES,682,16,64,4,598,1,1,0,0,0,5,0,0,5,1594,113,1481,29,0,29,174,20,126,4,24,
3175051004,DKI JAKARTA,JAKARTA TIMUR,PASAR REBO,KALISARI,552,4,31,0,517,0,0,0,0,0,2,0,0,2,279,25,254,7,0,7,101,9,73,3,16,
3173061004,DKI JAKARTA,JAKARTA BARAT,KALI DERES,KAMAL,242,2,30,3,207,0,0,0,0,0,1,0,0,1,394,20,374,4,0,4,33,4,14,2,13,
3172011002,DKI JAKARTA,JAKARTA UTARA,PENJARINGAN,KAMAL MUARA,52,1,0,0,51,0,0,0,0,0,4,0,0,4,98,18,80,0,0,0,44,8,21,2,13,
3171071007,DKI JAKARTA,JAKARTA PUSAT,TANAH ABANG,KAMPUNG BALI,113,3,7,2,101,1,0,0,0,1,2,0,0,2,138,9,129,2,0,2,35,7,26,2,0,
3175031001,DKI JAKARTA,JAKARTA TIMUR,JATINEGARA,KAMPUNG MELAYU,134,12,11,5,106,2,1,0,0,1,4,0,0,4,155,14,141,4,0,4,114,5,91,3,15,
3171081002,DKI JAKARTA,JAKARTA PUSAT,JOHAR BARU,KAMPUNG RAWA,209,1,9,0,199,1,0,0,0,1,0,0,0,0,478,29,449,63,0,63,176,5,126,13,32,
3175041002,DKI JAKARTA,JAKARTA TIMUR,KRAMAT JATI,KAMPUNG TENGAH,365,9,32,1,323,1,0,0,0,1,8,0,0,8,812,64,748,48,0,48,182,11,149,9,13,
3173011005,DKI JAKARTA,JAKARTA BARAT,CENGKARENG,KAPUK,416,8,37,16,355,1,1,0,0,0,10,0,1,9,932,139,793,12,0,12,192,26,115,8,43,
3172011003,DKI JAKARTA,JAKARTA UTARA,PENJARINGAN,KAPUK MUARA,127,6,6,0,115,0,0,0,0,0,9,0,0,9,311,52,259,17,0,17,79,5,65,4,5,
3171021002,DKI JAKARTA,JAKARTA PUSAT,SAWAH BESAR,KARANG ANYAR,330,5,10,5,310,1,0,0,0,1,4,0,0,4,648,41,607,8,0,8,115,14,89,5,7,
3174021004,DKI JAKARTA,JAKARTA SELATAN,SETIA BUDI,KARET,92,4,2,0,86,0,0,0,0,0,10,0,0,10,279,15,264,4,0,4,44,3,40,0,1,
3174021003,DKI JAKARTA,JAKARTA SELATAN,SETIA BUDI,KARET KUNINGAN,139,3,14,1,121,0,0,0,0,0,21,0,0,21,253,29,224,4,0,4,43,1,32,2,8,
3174021002,DKI JAKARTA,JAKARTA SELATAN,SETIA BUDI,KARET SEMANGGI,41,0,0,1,40,0,0,0,0,0,3,0,0,3,67,16,51,0,0,0,11,1,8,2,0,
3171071003,DKI JAKARTA,JAKARTA PUSAT,TANAH ABANG,KARET TENGSIN,179,1,5,0,173,0,0,0,0,0,7,0,0,7,214,15,199,0,0,0,51,5,44,1,1,
3171021003,DKI JAKARTA,JAKARTA PUSAT,SAWAH BESAR,KARTINI,225,0,9,1,215,1,0,0,0,1,0,0,0,0,468,40,428,15,0,15,130,1,107,3,19,
3175011003,DKI JAKARTA,JAKARTA TIMUR,MATRAMAN,KAYU MANIS,207,6,14,0,187,1,0,0,0,1,0,0,0,0,482,38,444,23,0,23,91,5,72,4,10,
3175021006,DKI JAKARTA,JAKARTA TIMUR,PULO GADUNG,KAYU PUTIH,294,8,26,4,256,1,0,0,1,0,11,0,0,11,779,46,733,27,0,27,162,8,133,5,16,
3173031006,DKI JAKARTA,JAKARTA BARAT,TAMAN SARI,KEAGUNGAN,214,3,45,0,166,0,0,0,0,0,2,0,0,2,339,40,299,9,0,9,85,7,59,1,18,
3174041007,DKI JAKARTA,JAKARTA SELATAN,PASAR MINGGU,KEBAGUSAN,339,4,98,1,236,2,0,0,0,2,1,0,0,1,443,31,412,39,0,39,78,8,58,0,12,
3174051006,DKI JAKARTA,JAKARTA SELATAN,KEBAYORAN LAMA,KEBAYORAN LAMA SELATAN,333,10,18,0,305,4,0,0,0,4,2,0,1,1,630,9,621,12,0,12,108,9,86,4,9,
3174051001,DKI JAKARTA,JAKARTA SELATAN,KEBAYORAN LAMA,KEBAYORAN LAMA UTARA,224,2,12,1,209,1,0,0,0,1,15,0,0,15,368,12,356,3,0,3,77,0,55,3,19,
3174011004,DKI JAKARTA,JAKARTA SELATAN,TEBET,KEBON BARU,175,2,31,2,140,0,0,0,0,0,15,0,0,15,436,37,399,17,0,17,82,6,53,0,23,
3172021005,DKI JAKARTA,JAKARTA UTARA,TANJUNG PRIOK,KEBON BAWANG,440,6,44,1,389,0,0,0,0,0,13,0,0,13,773,66,707,54,0,54,247,4,217,2,24,
3173051001,DKI JAKARTA,JAKARTA BARAT,KEBON JERUK,KEBON JERUK,364,13,31,6,314,2,1,0,0,1,13,0,0,13,1154,73,1081,53,0,53,231,14,161,12,44,
3171071006,DKI JAKARTA,JAKARTA PUSAT,TANAH ABANG,KEBON KACANG,367,2,12,1,352,1,1,0,0,0,0,0,0,0,339,11,328,3,0,3,217,2,188,9,18,
3171011005,DKI JAKARTA,JAKARTA PUSAT,GAMBIR,KEBON KELAPA,97,6,5,1,85,1,0,0,0,1,1,0,0,1,162,24,138,0,0,0,39,0,23,1,15,
3171031002,DKI JAKARTA,JAKARTA PUSAT,KEMAYORAN,KEBON KOSONG,250,2,18,5,225,0,0,0,0,0,7,0,0,7,294,22,272,29,0,29,128,3,113,6,6,
3175011005,DKI JAKARTA,JAKARTA TIMUR,MATRAMAN,KEBON MANGGIS,115,7,8,4,96,0,0,0,0,0,1,0,0,1,158,29,129,18,0,18,106,7,79,2,18,
3171071005,DKI JAKARTA,JAKARTA PUSAT,TANAH ABANG,KEBON MELATI,373,7,12,3,351,0,0,0,0,0,5,0,0,5,391,30,361,7,0,7,265,5,149,7,104,
3175081003,DKI JAKARTA,JAKARTA TIMUR,MAKASAR,KEBON PALA,156,9,7,1,139,0,0,0,0,0,4,0,0,4,617,101,516,13,0,13,135,9,93,1,32,
3171061005,DKI JAKARTA,JAKARTA PUSAT,MENTENG,KEBON SIRIH,113,2,20,2,89,0,0,0,0,0,2,0,0,2,242,13,229,13,0,13,94,6,58,2,28,
3173011004,DKI JAKARTA,JAKARTA BARAT,CENGKARENG,KEDAUNG KALI ANGKE,246,2,52,0,192,0,0,0,0,0,1,0,0,1,284,51,233,5,0,5,131,7,100,2,22,
3173051007,DKI JAKARTA,JAKARTA BARAT,KEBON JERUK,KEDOYA SELATAN,182,12,23,5,142,2,0,0,0,2,5,0,1,4,365,24,341,17,0,17,83,11,58,3,11,
3173051006,DKI JAKARTA,JAKARTA BARAT,KEBON JERUK,KEDOYA UTARA,162,5,19,2,136,1,0,0,0,1,15,0,0,15,519,76,443,18,0,18,97,9,67,1,20,
3173051004,DKI JAKARTA,JAKARTA BARAT,KEBON JERUK,KELAPA DUA,123,8,21,0,94,0,0,0,0,0,5,0,0,5,306,41,265,18,0,18,55,3,46,2,4,
3175091003,DKI JAKARTA,JAKARTA TIMUR,CIRACAS,KELAPA DUA WETAN,312,7,25,1,279,0,0,0,0,0,7,0,0,7,776,45,731,33,0,33,108,10,71,2,25,
3172061003,DKI JAKARTA,JAKARTA UTARA,KELAPA GADING,KELAPA GADING BARAT,561,14,61,2,484,2,1,0,0,1,44,0,0,44,971,80,891,53,0,53,235,17,172,5,41,
3172061001,DKI JAKARTA,JAKARTA UTARA,KELAPA GADING,KELAPA GADING TIMUR,475,9,31,2,433,0,0,0,0,0,18,0,0,18,949,75,874,39,0,39,124,8,95,8,13,
3173071005,DKI JAKARTA,JAKARTA BARAT,PALMERAH,KEMANGGISAN,342,4,41,6,291,0,0,0,0,0,8,0,1,7,590,64,526,48,0,48,158,15,105,5,33,
3171031001,DKI JAKARTA,JAKARTA PUSAT,KEMAYORAN,KEMAYORAN,264,2,18,3,241,0,0,0,0,0,0,0,0,0,385,22,363,20,0,20,176,12,140,5,19,
3173081006,DKI JAKARTA,JAKARTA BARAT,KEMBANGAN,KEMBANGAN SELATAN,139,1,24,1,113,0,0,0,0,0,5,0,0,5,376,32,344,52,0,52,98,9,67,2,20,
3173081001,DKI JAKARTA,JAKARTA BARAT,KEMBANGAN,KEMBANGAN UTARA,309,8,71,3,227,2,1,0,1,0,3,0,1,2,1045,62,983,10,0,10,122,9,82,4,27,
3171041002,DKI JAKARTA,JAKARTA PUSAT,SENEN,KENARI,145,5,5,1,134,1,0,0,0,1,1,0,1,0,353,34,319,44,0,44,139,1,133,2,3,
3173041005,DKI JAKARTA,JAKARTA BARAT,TAMBORA,KERENDANG,179,3,8,2,166,1,0,0,0,1,0,0,0,0,150,10,140,3,0,3,85,7,65,6,7,
3175071003,DKI JAKARTA,JAKARTA TIMUR,DUREN SAWIT,KLENDER,429,7,27,2,393,2,0,0,0,2,3,0,0,3,583,53,530,17,0,17,188,15,141,9,23,
3172031001,DKI JAKARTA,JAKARTA UTARA,KOJA,KOJA,218,2,14,0,202,0,0,0,0,0,4,0,0,4,346,26,320,30,0,30,160,5,127,5,23,
3173071006,DKI JAKARTA,JAKARTA BARAT,PALMERAH,KOTA BAMBU SELATAN,320,4,26,5,285,0,0,0,0,0,1,0,0,1,691,43,648,71,0,71,174,7,157,5,5,
3173071003,DKI JAKARTA,JAKARTA BARAT,PALMERAH,KOTA BAMBU UTARA,276,6,20,11,239,0,0,0,0,0,3,0,0,3,424,18,406,53,0,53,159,5,141,6,7,
3171041004,DKI JAKARTA,JAKARTA PUSAT,SENEN,KRAMAT,297,3,21,5,268,0,0,0,0,0,4,0,0,4,729,51,678,30,0,30,199,3,179,9,8,
3175041001,DKI JAKARTA,JAKARTA TIMUR,KRAMAT JATI,KRAMAT JATI,216,6,17,1,192,0,0,0,0,0,9,0,0,9,487,66,421,21,0,21,139,13,79,6,41,
3174071003,DKI JAKARTA,JAKARTA SELATAN,KEBAYORAN BARU,KRAMAT PELA,91,2,18,0,71,0,0,0,0,0,0,0,0,0,412,5,407,5,0,5,88,2,74,0,12,
3173031002,DKI JAKARTA,JAKARTA BARAT,TAMAN SARI,KRUKUT,141,7,34,6,94,0,0,0,0,0,3,0,0,3,266,26,240,9,0,9,61,6,46,3,6,
3174031005,DKI JAKARTA,JAKARTA SELATAN,MAMPANG PRAPATAN,KUNINGAN BARAT,79,1,10,1,67,0,0,0,0,0,0,0,0,0,301,7,294,5,0,5,19,0,11,0,8,
3174021008,DKI JAKARTA,JAKARTA SELATAN,SETIA BUDI,KUNINGAN TIMUR,81,0,4,1,76,1,0,0,0,1,20,0,0,20,103,7,96,1,0,1,42,3,29,2,8,
3171041005,DKI JAKARTA,JAKARTA PUSAT,SENEN,KWITANG,186,3,8,0,175,2,0,0,0,2,4,0,2,2,347,20,327,7,0,7,86,6,61,4,15,
3172031003,DKI JAKARTA,JAKARTA UTARA,KOJA,LAGOA,410,12,19,1,378,0,0,0,0,0,5,0,1,4,466,53,413,46,0,46,380,15,318,7,40,
3174061002,DKI JAKARTA,JAKARTA SELATAN,CILANDAK,LEBAK BULUS,214,4,19,2,189,3,0,0,0,3,27,0,0,27,411,33,378,21,0,21,93,2,64,7,20,
3174091004,DKI JAKARTA,JAKARTA SELATAN,JAGAKARSA,LENTENG AGUNG,428,9,15,0,404,2,1,0,0,1,6,0,0,6,344,40,304,11,0,11,99,5,61,0,33,
LUAR DKI JAKARTA,LUAR DKI JAKARTA,LUAR DKI JAKARTA,LUAR DKI JAKARTA,LUAR DKI JAKARTA,16789,495,1571,98,14625,49,3,0,0,46,493,0,50,443,23086,3916,19170,1098,0,1098,6145,744,4756,109,536,
3175101007,DKI JAKARTA,JAKARTA TIMUR,CIPAYUNG,LUBANG BUAYA,385,6,64,3,312,1,0,0,0,1,4,0,0,4,460,36,424,27,0,27,136,12,93,1,30,
3175081001,DKI JAKARTA,JAKARTA TIMUR,MAKASAR,MAKASAR,154,10,8,1,135,0,0,0,0,0,8,0,1,7,711,140,571,21,0,21,94,14,57,0,23,
3175071006,DKI JAKARTA,JAKARTA TIMUR,DUREN SAWIT,MALAKA JAYA,240,1,14,2,223,1,0,0,0,1,2,0,0,2,368,51,317,10,0,10,92,7,68,0,17,
3175071005,DKI JAKARTA,JAKARTA TIMUR,DUREN SAWIT,MALAKA SARI,204,5,6,1,192,0,0,0,0,0,0,0,0,0,274,41,233,8,0,8,76,2,59,3,12,
3174031001,DKI JAKARTA,JAKARTA SELATAN,MAMPANG PRAPATAN,MAMPANG PRAPATAN,196,7,11,2,176,0,0,0,0,0,0,0,0,0,739,58,681,9,0,9,149,3,106,5,35,
3173031005,DKI JAKARTA,JAKARTA BARAT,TAMAN SARI,MANGGA BESAR,83,2,10,1,70,0,0,0,0,0,0,0,0,0,127,10,117,3,0,3,25,4,16,1,4,
3171021005,DKI JAKARTA,JAKARTA PUSAT,SAWAH BESAR,MANGGA DUA SELATAN,211,4,10,1,196,2,0,0,0,2,1,0,0,1,604,46,558,9,0,9,112,7,82,2,21,
3174011007,DKI JAKARTA,JAKARTA SELATAN,TEBET,MANGGARAI,225,5,34,0,186,4,2,0,0,2,4,0,0,4,356,21,335,19,0,19,81,9,57,1,14,
3174011006,DKI JAKARTA,JAKARTA SELATAN,TEBET,MANGGARAI SELATAN,127,4,9,2,112,0,0,0,0,0,6,0,0,6,352,13,339,18,0,18,60,4,43,2,11,
3173031003,DKI JAKARTA,JAKARTA BARAT,TAMAN SARI,MAPHAR,148,1,23,1,123,0,0,0,0,0,6,0,0,6,267,23,244,36,0,36,142,7,123,0,12,
3172041003,DKI JAKARTA,JAKARTA UTARA,CILINCING,MARUNDA,180,3,10,0,167,2,2,0,0,0,0,0,0,0,285,17,268,12,0,12,65,1,56,1,7,
3174071001,DKI JAKARTA,JAKARTA SELATAN,KEBAYORAN BARU,MELAWAI,42,1,9,0,32,0,0,0,0,0,1,0,0,1,47,1,46,0,0,0,8,1,7,0,0,
3171061001,DKI JAKARTA,JAKARTA PUSAT,MENTENG,MENTENG,242,8,25,2,207,1,0,0,0,1,1,0,0,1,542,40,502,24,0,24,149,15,114,6,14,
3174021005,DKI JAKARTA,JAKARTA SELATAN,SETIA BUDI,MENTENG ATAS,235,11,22,3,199,1,0,0,0,1,45,0,0,45,928,59,869,33,0,33,129,11,100,2,16,
3174011003,DKI JAKARTA,JAKARTA SELATAN,TEBET,MENTENG DALAM,343,2,105,4,232,2,1,0,0,1,13,0,0,13,525,82,443,38,0,38,102,16,74,6,6,
3173081003,DKI JAKARTA,JAKARTA BARAT,KEMBANGAN,MERUYA SELATAN,187,1,42,1,143,0,0,0,0,0,2,0,0,2,391,59,332,14,0,14,96,8,51,3,34,
3173081002,DKI JAKARTA,JAKARTA BARAT,KEMBANGAN,MERUYA UTARA,246,3,48,6,189,0,0,0,0,0,7,0,1,6,568,62,506,10,0,10,96,10,69,1,16,
3175101004,DKI JAKARTA,JAKARTA TIMUR,CIPAYUNG,MUNJUL,152,5,15,0,132,0,0,0,0,0,2,0,0,2,193,31,162,23,0,23,47,3,38,0,6,
3172051002,DKI JAKARTA,JAKARTA UTARA,PADEMANGAN,PADEMANGAN BARAT,1364,8,117,5,1234,4,0,0,0,4,10,0,0,10,2090,90,2000,26,0,26,525,11,436,18,60,
3172051001,DKI JAKARTA,JAKARTA UTARA,PADEMANGAN,PADEMANGAN TIMUR,412,3,52,3,354,1,0,0,0,1,13,0,0,13,654,40,614,13,0,13,137,2,111,3,21,
3175011004,DKI JAKARTA,JAKARTA TIMUR,MATRAMAN,PAL MERIAM,168,3,8,2,155,1,0,0,0,1,2,0,0,2,440,21,419,58,0,58,131,2,99,6,24,
3173071001,DKI JAKARTA,JAKARTA BARAT,PALMERAH,PALMERAH,696,11,68,2,615,0,0,0,0,0,2,0,1,1,1228,123,1105,68,0,68,257,18,199,13,27,
3174081001,DKI JAKARTA,JAKARTA SELATAN,PANCORAN,PANCORAN,249,6,19,0,224,1,0,0,0,1,8,0,0,8,432,18,414,6,0,6,147,10,120,3,14,
3172021003,DKI JAKARTA,JAKARTA UTARA,TANJUNG PRIOK,PAPANGGO,241,3,22,0,216,1,0,0,0,1,5,0,0,5,600,50,550,48,0,48,155,2,122,2,29,
3171021001,DKI JAKARTA,JAKARTA PUSAT,SAWAH BESAR,PASAR BARU,155,2,3,2,148,1,0,0,0,1,4,0,0,4,343,34,309,6,0,6,94,1,61,0,32,
3174021006,DKI JAKARTA,JAKARTA SELATAN,SETIA BUDI,PASAR MANGGIS,158,6,10,3,139,2,1,0,0,1,26,0,0,26,658,46,612,15,0,15,110,1,91,6,12,
3174041001,DKI JAKARTA,JAKARTA SELATAN,PASAR MINGGU,PASAR MINGGU,260,7,35,1,217,2,0,0,0,2,5,0,0,5,380,22,358,20,0,20,104,2,98,2,2,
3171041003,DKI JAKARTA,JAKARTA PUSAT,SENEN,PASEBAN,325,6,22,1,296,0,0,0,0,0,4,0,0,4,588,64,524,59,0,59,166,6,133,7,20,
3173061005,DKI JAKARTA,JAKARTA BARAT,KALI DERES,PEGADUNGAN,497,9,31,7,450,0,0,0,0,0,10,0,0,10,1018,90,928,16,0,16,126,7,101,3,15,
3171061002,DKI JAKARTA,JAKARTA PUSAT,MENTENG,PEGANGSAAN,268,5,34,2,227,1,0,0,0,1,0,0,0,0,696,64,632,48,0,48,240,4,194,2,40,
3172061002,DKI JAKARTA,JAKARTA UTARA,KELAPA GADING,PEGANGSAAN DUA,569,11,50,1,507,0,0,0,0,0,41,0,0,41,1276,107,1169,87,0,87,219,15,166,6,32,
3172011004,DKI JAKARTA,JAKARTA UTARA,PENJARINGAN,PEJAGALAN,272,8,25,2,237,1,0,0,0,1,7,0,0,7,619,75,544,26,0,26,110,13,83,3,11,
3174041006,DKI JAKARTA,JAKARTA SELATAN,PASAR MINGGU,PEJATEN BARAT,273,4,53,2,214,7,0,0,0,7,1,0,0,1,473,21,452,73,0,73,91,5,75,2,9,
3174041005,DKI JAKARTA,JAKARTA SELATAN,PASAR MINGGU,PEJATEN TIMUR,293,4,29,1,259,4,0,0,0,4,2,0,0,2,423,24,399,39,0,39,98,4,78,6,10,
3175051005,DKI JAKARTA,JAKARTA TIMUR,PASAR REBO,PEKAYON,485,6,30,1,448,0,0,0,0,0,3,0,0,3,196,20,176,9,0,9,71,3,45,2,21,
3173041009,DKI JAKARTA,JAKARTA BARAT,TAMBORA,PEKOJAN,203,5,6,2,190,0,0,0,0,0,2,0,0,2,180,10,170,17,0,17,64,3,50,2,9,
3174031003,DKI JAKARTA,JAKARTA SELATAN,MAMPANG PRAPATAN,PELA MAMPANG,235,11,15,2,207,4,0,0,0,4,14,0,1,13,895,115,780,5,0,5,141,6,89,4,42,
3174081005,DKI JAKARTA,JAKARTA SELATAN,PANCORAN,PENGADEGAN,140,3,7,2,128,0,0,0,0,0,8,0,0,8,293,16,277,9,0,9,56,6,47,0,3,
3175061003,DKI JAKARTA,JAKARTA TIMUR,CAKUNG,PENGGILINGAN,367,5,42,1,319,1,0,0,0,1,6,0,1,5,1006,153,853,70,0,70,248,12,191,7,38,
3172011001,DKI JAKARTA,JAKARTA UTARA,PENJARINGAN,PENJARINGAN,565,17,23,4,521,1,0,0,0,1,22,0,0,22,2359,123,2236,116,0,116,331,16,287,13,15,
3174101001,DKI JAKARTA,JAKARTA SELATAN,PESANGGRAHAN,PESANGGRAHAN,280,10,27,4,239,1,0,0,0,1,0,0,0,0,502,29,473,18,0,18,69,6,47,3,13,
3171071004,DKI JAKARTA,JAKARTA PUSAT,TANAH ABANG,PETAMBURAN,462,7,28,7,420,0,0,0,0,0,7,0,0,7,359,45,314,5,0,5,266,8,211,11,36,
3174071008,DKI JAKARTA,JAKARTA SELATAN,KEBAYORAN BARU,PETOGOGAN,94,4,2,0,88,0,0,0,0,0,3,0,1,2,191,4,187,0,0,0,27,3,23,0,1,
3171011004,DKI JAKARTA,JAKARTA PUSAT,GAMBIR,PETOJO SELATAN,154,6,12,1,135,0,0,0,0,0,22,0,0,22,467,41,426,14,0,14,118,17,84,8,9,
3171011003,DKI JAKARTA,JAKARTA PUSAT,GAMBIR,PETOJO UTARA,124,4,10,3,107,1,0,0,0,1,11,0,0,11,266,21,245,25,0,25,71,3,60,2,6,
3174101004,DKI JAKARTA,JAKARTA SELATAN,PESANGGRAHAN,PETUKANGAN SELATAN,246,9,16,2,219,0,0,0,0,0,1,0,0,1,532,40,492,8,0,8,38,2,30,1,5,
3174101003,DKI JAKARTA,JAKARTA SELATAN,PESANGGRAHAN,PETUKANGAN UTARA,326,8,25,4,289,1,0,0,0,1,5,0,0,5,1188,68,1120,9,0,9,99,9,68,2,20,
3175081002,DKI JAKARTA,JAKARTA TIMUR,MAKASAR,PINANG RANTI,116,5,2,1,108,0,0,0,0,0,0,0,0,0,479,46,433,22,0,22,83,7,53,4,19,
3173031008,DKI JAKARTA,JAKARTA BARAT,TAMAN SARI,PINANGSIA,85,7,15,1,62,0,0,0,0,0,2,0,0,2,161,9,152,2,0,2,52,3,32,0,17,
3175011001,DKI JAKARTA,JAKARTA TIMUR,MATRAMAN,PISANGAN BARU,211,1,5,3,202,1,0,0,0,1,1,0,0,1,237,28,209,28,0,28,116,6,73,4,33,
3175021002,DKI JAKARTA,JAKARTA TIMUR,PULO GADUNG,PISANGAN TIMUR,215,7,18,4,186,1,1,0,0,0,10,0,0,10,466,39,427,24,0,24,91,15,69,3,4,
3172011005,DKI JAKARTA,JAKARTA UTARA,PENJARINGAN,PLUIT,183,5,10,4,164,0,0,0,0,0,12,0,0,12,804,119,685,10,0,10,122,6,96,8,12,
3175071002,DKI JAKARTA,JAKARTA TIMUR,DUREN SAWIT,PONDOK BAMBU,702,11,34,1,656,2,0,0,0,2,3,0,0,3,557,47,510,16,0,16,205,16,146,4,39,
3175071004,DKI JAKARTA,JAKARTA TIMUR,DUREN SAWIT,PONDOK KELAPA,457,12,15,0,430,0,0,0,0,0,10,0,1,9,712,88,624,13,0,13,190,11,129,6,44,
3175071007,DKI JAKARTA,JAKARTA TIMUR,DUREN SAWIT,PONDOK KOPI,280,2,27,1,250,0,0,0,0,0,1,0,0,1,265,28,237,9,0,9,133,3,78,7,45,
3174061003,DKI JAKARTA,JAKARTA SELATAN,CILANDAK,PONDOK LABU,246,6,24,1,215,4,0,0,0,4,73,0,0,73,653,58,595,36,0,36,62,1,59,1,1,
3174051002,DKI JAKARTA,JAKARTA SELATAN,KEBAYORAN LAMA,PONDOK PINANG,345,3,16,4,322,0,0,0,0,0,44,0,0,44,573,33,540,9,0,9,135,7,94,9,25,
3175101003,DKI JAKARTA,JAKARTA TIMUR,CIPAYUNG,PONDOK RANGGON,156,1,16,3,136,0,0,0,0,0,3,0,0,3,169,21,148,21,0,21,53,4,44,1,4,
PROSES UPDATE DATA,PROSES UPDATE DATA,PROSES UPDATE DATA,PROSES UPDATE DATA,PROSES UPDATE DATA,11147,36,91,1690,9330,1727,0,0,1725,2,105,0,0,105,6451,686,5765,73,1,72,15505,2198,11111,345,1851,
3101011003,DKI JAKARTA,KAB.ADM.KEP.SERIBU,KEP. SERIBU UTARA,PULAU HARAPAN,59,0,0,0,59,0,0,0,0,0,0,0,0,0,57,1,56,0,0,0,1,0,1,0,0,
3101011002,DKI JAKARTA,KAB.ADM.KEP.SERIBU,KEP. SERIBU UTARA,PULAU KELAPA,45,0,0,1,44,0,0,0,0,0,3,0,0,3,141,1,140,1,0,1,5,0,5,0,0,
3101011001,DKI JAKARTA,KAB.ADM.KEP.SERIBU,KEP. SERIBU UTARA,PULAU PANGGANG,54,1,2,1,50,0,0,0,0,0,0,0,0,0,141,12,129,4,0,4,15,0,7,0,8,
3101021003,DKI JAKARTA,KAB.ADM.KEP.SERIBU,KEP. SERIBU SELATAN,PULAU PARI,6,0,0,0,6,0,0,0,0,0,0,0,0,0,160,1,159,1,0,1,3,0,3,0,0,
3101021002,DKI JAKARTA,KAB.ADM.KEP.SERIBU,KEP. SERIBU SELATAN,PULAU TIDUNG,33,0,0,0,33,0,0,0,0,0,0,0,0,0,331,2,329,1,0,1,30,1,28,0,1,
3101021001,DKI JAKARTA,KAB.ADM.KEP.SERIBU,KEP. SERIBU SELATAN,PULAU UNTUNG JAWA,22,0,0,0,22,0,0,0,0,0,0,0,0,0,97,2,95,0,0,0,2,0,2,0,0,
3174071007,DKI JAKARTA,JAKARTA SELATAN,KEBAYORAN BARU,PULO,132,3,40,1,88,0,0,0,0,0,1,0,0,1,115,8,107,0,0,0,24,0,11,0,13,
3175021001,DKI JAKARTA,JAKARTA TIMUR,PULO GADUNG,PULO GADUNG,246,8,21,2,215,0,0,0,0,0,9,0,0,9,585,61,524,20,0,20,108,6,79,4,19,
3175061005,DKI JAKARTA,JAKARTA TIMUR,CAKUNG,PULO GEBANG,279,5,43,2,229,1,0,0,0,1,5,0,0,5,865,118,747,51,0,51,160,4,122,4,30,
3174041004,DKI JAKARTA,JAKARTA SELATAN,PASAR MINGGU,RAGUNAN,313,4,47,2,260,1,0,0,0,1,1,0,0,1,451,26,425,24,0,24,54,7,33,3,11,
3175091005,DKI JAKARTA,JAKARTA TIMUR,CIRACAS,RAMBUTAN,263,3,22,1,237,2,0,0,0,2,12,0,1,11,559,26,533,27,0,27,61,1,54,0,6,
3172031006,DKI JAKARTA,JAKARTA UTARA,KOJA,RAWA BADAK SELATAN,345,8,15,2,320,2,1,0,0,1,2,0,0,2,386,26,360,40,0,40,222,2,164,4,52,
3172031004,DKI JAKARTA,JAKARTA UTARA,KOJA,RAWA BADAK UTARA,290,3,13,1,273,0,0,0,0,0,2,0,0,2,337,27,310,49,0,49,171,0,140,4,27,
3174071005,DKI JAKARTA,JAKARTA SELATAN,KEBAYORAN BARU,RAWA BARAT,59,0,2,2,55,0,0,0,0,0,1,0,0,1,118,10,108,0,0,0,11,0,10,1,0,
3173011003,DKI JAKARTA,JAKARTA BARAT,CENGKARENG,RAWA BUAYA,177,7,19,2,149,0,0,0,0,0,4,0,0,4,430,63,367,4,0,4,133,9,90,4,30,
3175031004,DKI JAKARTA,JAKARTA TIMUR,JATINEGARA,RAWA BUNGA,91,3,19,1,68,0,0,0,0,0,0,0,0,0,116,15,101,6,0,6,65,3,40,1,21,
3174081003,DKI JAKARTA,JAKARTA SELATAN,PANCORAN,RAWA JATI,195,1,13,0,181,2,0,0,0,2,10,0,0,10,343,43,300,6,0,6,38,5,29,0,4,
3175061002,DKI JAKARTA,JAKARTA TIMUR,CAKUNG,RAWA TERATE,55,4,6,0,45,0,0,0,0,0,2,0,0,2,226,36,190,2,0,2,52,5,36,0,11,
3175021005,DKI JAKARTA,JAKARTA TIMUR,PULO GADUNG,RAWAMANGUN,212,5,17,0,190,0,0,0,0,0,6,0,0,6,564,66,498,24,0,24,116,6,90,2,18,
3171051003,DKI JAKARTA,JAKARTA PUSAT,CEMPAKA PUTIH,RAWASARI,482,7,26,2,447,3,0,0,1,2,6,0,1,5,918,67,851,29,0,29,208,6,156,4,42,
3173041010,DKI JAKARTA,JAKARTA BARAT,TAMBORA,ROA MALAKA,26,0,0,0,26,1,0,0,0,1,0,0,0,0,31,2,29,1,0,1,10,0,10,0,0,
3172041006,DKI JAKARTA,JAKARTA UTARA,CILINCING,ROROTAN,220,16,26,2,176,0,0,0,0,0,2,0,0,2,472,29,443,61,0,61,83,5,59,2,17,
3174071004,DKI JAKARTA,JAKARTA SELATAN,KEBAYORAN BARU,SELONG,23,1,1,0,21,0,0,0,0,0,3,0,1,2,75,4,71,0,0,0,17,2,13,1,1,
3173061002,DKI JAKARTA,JAKARTA BARAT,KALI DERES,SEMANAN,277,4,25,3,245,0,0,0,0,0,2,0,0,2,654,32,622,6,0,6,68,9,51,1,7,
3172041007,DKI JAKARTA,JAKARTA UTARA,CILINCING,SEMPER BARAT,435,12,30,1,392,1,1,0,0,0,10,0,0,10,920,68,852,80,0,80,285,7,234,3,41,
3172041005,DKI JAKARTA,JAKARTA UTARA,CILINCING,SEMPER TIMUR,257,3,12,1,241,1,1,0,0,0,3,0,0,3,547,38,509,34,0,34,149,1,107,3,38,
3174071006,DKI JAKARTA,JAKARTA SELATAN,KEBAYORAN BARU,SENAYAN,34,1,3,0,30,0,0,0,0,0,9,0,0,9,176,5,171,0,0,0,45,5,34,0,6,
3171041001,DKI JAKARTA,JAKARTA PUSAT,SENEN,SENEN,140,2,5,0,133,1,1,0,0,0,6,0,0,6,577,9,568,24,0,24,101,2,88,2,9,
3171031004,DKI JAKARTA,JAKARTA PUSAT,KEMAYORAN,SERDANG,303,8,31,2,262,0,0,0,0,0,5,0,0,5,395,24,371,27,0,27,92,10,72,3,7,
3174021001,DKI JAKARTA,JAKARTA SELATAN,SETIA BUDI,SETIA BUDI,47,1,3,0,43,0,0,0,0,0,4,0,0,4,197,20,177,6,0,6,16,0,14,0,2,
3175101005,DKI JAKARTA,JAKARTA TIMUR,CIPAYUNG,SETU,171,2,12,0,157,0,0,0,0,0,2,0,0,2,181,26,155,13,0,13,45,0,36,0,9,
3173071002,DKI JAKARTA,JAKARTA BARAT,PALMERAH,SLIPI,357,15,36,2,304,0,0,0,0,0,2,0,0,2,571,95,476,39,0,39,138,7,109,2,20,
3173081004,DKI JAKARTA,JAKARTA BARAT,KEMBANGAN,SRENGSENG,241,6,27,3,205,1,0,0,0,1,5,0,0,5,703,55,648,19,0,19,137,15,109,4,9,
3174091002,DKI JAKARTA,JAKARTA SELATAN,JAGAKARSA,SRENGSENG SAWAH,457,11,21,0,425,8,1,0,0,7,9,0,0,9,469,75,394,23,0,23,100,5,74,6,15,
3173051003,DKI JAKARTA,JAKARTA BARAT,KEBON JERUK,SUKABUMI SELATAN,174,8,19,4,143,0,0,0,0,0,1,0,0,1,381,50,331,23,0,23,82,3,69,3,7,
3173051002,DKI JAKARTA,JAKARTA BARAT,KEBON JERUK,SUKABUMI UTARA,151,2,16,3,130,0,0,0,0,0,19,0,0,19,394,44,350,42,0,42,83,6,67,4,6,
3172041002,DKI JAKARTA,JAKARTA UTARA,CILINCING,SUKAPURA,375,15,29,2,329,0,0,0,0,0,5,0,0,5,720,33,687,69,0,69,200,7,155,3,35,
3171031007,DKI JAKARTA,JAKARTA PUSAT,KEMAYORAN,SUMUR BATU,242,10,24,1,207,0,0,0,0,0,4,0,0,4,311,49,262,19,0,19,93,3,60,2,28,
3172021004,DKI JAKARTA,JAKARTA UTARA,TANJUNG PRIOK,SUNGAI BAMBU,190,3,16,0,171,0,0,0,0,0,6,0,0,6,413,48,365,31,0,31,94,3,55,4,32,
3172021006,DKI JAKARTA,JAKARTA UTARA,TANJUNG PRIOK,SUNTER AGUNG,629,10,62,1,556,2,0,0,0,2,18,0,0,18,1442,131,1311,60,0,60,347,10,267,14,56,
3172021002,DKI JAKARTA,JAKARTA UTARA,TANJUNG PRIOK,SUNTER JAYA,532,7,44,6,475,0,0,0,0,0,8,0,0,8,1076,121,955,148,0,148,292,6,236,16,34,
3175091004,DKI JAKARTA,JAKARTA TIMUR,CIRACAS,SUSUKAN,197,2,32,1,162,0,0,0,0,0,16,0,0,16,892,74,818,69,0,69,62,3,49,1,9,
3173031001,DKI JAKARTA,JAKARTA BARAT,TAMAN SARI,TAMAN SARI,159,2,15,0,142,1,0,0,0,1,0,0,0,0,240,16,224,11,0,11,81,6,60,2,13,
3173041001,DKI JAKARTA,JAKARTA BARAT,TAMBORA,TAMBORA,128,6,6,3,113,0,0,0,0,0,0,0,0,0,239,11,228,2,0,2,42,6,29,2,5,
3173041004,DKI JAKARTA,JAKARTA BARAT,TAMBORA,TANAH SEREAL,216,5,16,2,193,1,0,0,0,1,4,0,0,4,200,10,190,3,0,3,106,11,86,5,4,
3171081004,DKI JAKARTA,JAKARTA PUSAT,JOHAR BARU,TANAH TINGGI,293,7,13,3,270,1,0,0,0,1,2,0,0,2,628,26,602,31,0,31,226,5,184,16,21,
3173031004,DKI JAKARTA,JAKARTA BARAT,TAMAN SARI,TANGKI,166,3,29,1,133,1,0,0,0,1,3,0,0,3,218,13,205,2,0,2,54,8,32,1,13,
3174091005,DKI JAKARTA,JAKARTA SELATAN,JAGAKARSA,TANJUNG BARAT,379,3,14,1,361,1,0,0,0,1,2,0,1,1,302,39,263,11,0,11,102,3,69,3,27,
3173021005,DKI JAKARTA,JAKARTA BARAT,GROGOL PETAMBURAN,TANJUNG DUREN SELATAN,245,4,43,1,197,0,0,0,0,0,19,0,0,19,415,55,360,19,0,19,133,5,111,5,12,
3173021002,DKI JAKARTA,JAKARTA BARAT,GROGOL PETAMBURAN,TANJUNG DUREN UTARA,168,6,12,0,150,1,0,0,0,1,20,0,0,20,342,15,327,17,0,17,54,2,49,3,0,
3172021001,DKI JAKARTA,JAKARTA UTARA,TANJUNG PRIOK,TANJUNG PRIOK,284,8,29,6,241,0,0,0,0,0,10,0,1,9,519,52,467,46,0,46,202,5,163,6,28,
3174011002,DKI JAKARTA,JAKARTA SELATAN,TEBET,TEBET BARAT,280,15,83,0,182,1,0,0,0,1,8,0,0,8,442,27,415,20,0,20,195,14,158,3,20,
3174011001,DKI JAKARTA,JAKARTA SELATAN,TEBET,TEBET TIMUR,153,7,12,2,132,0,0,0,0,0,5,0,0,5,355,27,328,27,0,27,58,2,46,3,7,
3173061003,DKI JAKARTA,JAKARTA BARAT,KALI DERES,TEGAL ALUR,456,7,62,6,381,0,0,0,0,0,3,0,0,3,752,126,626,8,0,8,103,10,75,3,15,
3174031004,DKI JAKARTA,JAKARTA SELATAN,MAMPANG PRAPATAN,TEGAL PARANG,205,4,20,3,178,5,0,0,1,4,3,0,0,3,650,83,567,8,0,8,144,4,98,3,39,
3173021003,DKI JAKARTA,JAKARTA BARAT,GROGOL PETAMBURAN,TOMANG,279,3,15,2,259,0,0,0,0,0,14,0,0,14,481,29,452,72,0,72,160,13,141,2,4,
3172031005,DKI JAKARTA,JAKARTA UTARA,KOJA,TUGU SELATAN,274,4,11,1,258,0,0,0,0,0,1,0,0,1,310,27,283,62,0,62,122,12,92,4,14,
3172031002,DKI JAKARTA,JAKARTA UTARA,KOJA,TUGU UTARA,592,9,26,0,557,3,1,0,0,2,6,0,0,6,566,54,512,70,0,70,194,7,138,6,43,
3175061006,DKI JAKARTA,JAKARTA TIMUR,CAKUNG,UJUNG MENTENG,89,1,14,2,72,1,0,0,0,1,0,0,0,0,259,26,233,14,0,14,65,4,38,2,21,
3174101005,DKI JAKARTA,JAKARTA SELATAN,PESANGGRAHAN,ULUJAMI,404,9,21,2,372,0,0,0,0,0,0,0,0,0,872,27,845,25,0,25,119,6,95,3,15,
3175011006,DKI JAKARTA,JAKARTA TIMUR,MATRAMAN,UTAN KAYU SELATAN,321,6,17,8,290,2,1,0,0,1,2,0,0,2,544,40,504,79,0,79,155,8,109,5,33,
3175011002,DKI JAKARTA,JAKARTA TIMUR,MATRAMAN,UTAN KAYU UTARA,249,11,8,0,230,2,1,0,0,1,2,0,0,2,418,38,380,38,0,38,105,10,66,3,26,
3171031008,DKI JAKARTA,JAKARTA PUSAT,KEMAYORAN,UTAN PANJANG,256,4,16,2,234,0,0,0,0,0,2,0,0,2,269,34,235,18,0,18,91,2,71,7,11,
3172021007,DKI JAKARTA,JAKARTA UTARA,TANJUNG PRIOK,WARAKAS,252,3,30,2,217,0,0,0,0,0,9,0,0,9,581,59,522,44,0,44,151,6,115,3,27,
3173021007,DKI JAKARTA,JAKARTA BARAT,GROGOL PETAMBURAN,WIJAYA KUSUMA,253,1,20,2,230,0,0,0,0,0,6,0,0,6,583,33,550,19,0,19,113,10,92,4,7,
