id_kel,nama_provinsi,nama_kota,nama_kecamatan,nama_kelurahan,suspek,perawatan_rs,isolasi_di_rumah,suspek_meninggal,selesai_isolasi,probable,perawatan_rs,isolasi_di_rumah,probable_meninggal,selesai_isolasi,pelaku_perjalanan,perawatan_rs,isolasi_di_rumah,selesai_isolasi,kontak_erat,isolasi_di_rumah,selesai_isolasi,discarded,meninggal,selesai_isolasi,positif,dirawat,sembuh,meninggal,self_isolation,keterangan
3172051003,DKI JAKARTA,JAKARTA UTARA,PADEMANGAN,ANCOL,345,0,48,0,297,4,2,0,0,2,9,0,1,8,482,29,453,6,0,6,166,7,124,2,33,
3173041007,DKI JAKARTA,JAKARTA BARAT,TAMBORA,ANGKE,313,1,16,2,294,1,0,0,1,0,0,0,0,0,410,11,399,25,0,25,110,2,95,2,11,
3175041005,DKI JAKARTA,JAKARTA TIMUR,KRAMAT JATI,BALE KAMBANG,189,7,18,1,163,1,0,0,0,1,5,0,0,5,373,26,347,23,0,23,89,8,70,1,10,
3175031003,DKI JAKARTA,JAKARTA TIMUR,JATINEGARA,BALI MESTER,78,0,13,1,64,0,0,0,0,0,0,0,0,0,79,14,65,2,0,2,20,2,14,1,3,
3175101006,DKI JAKARTA,JAKARTA TIMUR,CIPAYUNG,BAMBU APUS,221,8,23,1,189,0,0,0,0,0,3,0,0,3,337,49,288,16,0,16,82,7,68,1,6,
3174031002,DKI JAKARTA,JAKARTA SELATAN,MAMPANG PRAPATAN,BANGKA,157,9,26,2,120,4,0,0,1,3,18,0,0,18,498,32,466,8,0,8,96,7,65,2,22,
3175051002,DKI JAKARTA,JAKARTA TIMUR,PASAR REBO,BARU,203,2,16,1,184,0,0,0,0,0,4,0,0,4,288,31,257,13,0,13,74,5,59,0,10,
3175041004,DKI JAKARTA,JAKARTA TIMUR,KRAMAT JATI,BATU AMPAR,306,5,24,1,276,2,0,0,0,2,2,0,0,2,647,62,585,25,0,25,112,9,77,3,23,
3171071002,DKI JAKARTA,JAKARTA PUSAT,TANAH ABANG,BENDUNGAN HILIR,300,4,13,0,283,0,0,0,0,0,3,0,0,3,370,27,343,8,0,8,111,18,67,2,24,
3175031002,DKI JAKARTA,JAKARTA TIMUR,JATINEGARA,BIDARA CINA,220,3,15,3,199,0,0,0,0,0,1,0,0,1,273,30,243,29,0,29,168,5,123,9,31,
3174101002,DKI JAKARTA,JAKARTA SELATAN,PESANGGRAHAN,BINTARO,521,5,28,2,486,4,0,0,0,4,9,0,1,8,1076,84,992,22,0,22,152,6,111,6,29,
3174011005,DKI JAKARTA,JAKARTA SELATAN,TEBET,BUKIT DURI,239,1,78,3,157,1,0,0,0,1,13,0,0,13,397,30,367,12,0,12,89,5,55,7,22,
3171041006,DKI JAKARTA,JAKARTA PUSAT,SENEN,BUNGUR,166,5,13,2,146,1,0,0,0,1,13,0,0,13,419,14,405,9,0,9,119,16,89,2,12,
3175061007,DKI JAKARTA,JAKARTA TIMUR,CAKUNG,CAKUNG BARAT,179,8,19,1,151,0,0,0,0,0,0,0,0,0,481,25,456,38,0,38,123,2,98,2,21,
3175061004,DKI JAKARTA,JAKARTA TIMUR,CAKUNG,CAKUNG TIMUR,225,7,28,2,188,2,0,0,1,1,5,0,2,3,525,53,472,30,0,30,128,11,96,1,20,
3175041007,DKI JAKARTA,JAKARTA TIMUR,KRAMAT JATI,CAWANG,198,5,24,0,169,1,0,0,0,1,4,0,0,4,459,42,417,13,0,13,114,11,85,3,15,
3175101008,DKI JAKARTA,JAKARTA TIMUR,CIPAYUNG,CEGER,138,0,13,0,125,0,0,0,0,0,0,0,0,0,196,55,141,8,0,8,42,11,23,0,8,
3171031006,DKI JAKARTA,JAKARTA PUSAT,KEMAYORAN,CEMPAKA BARU,422,8,24,2,388,1,0,0,0,1,7,0,0,7,557,111,446,31,0,31,219,7,192,12,8,
3171051002,DKI JAKARTA,JAKARTA PUSAT,CEMPAKA PUTIH,CEMPAKA PUTIH BARAT,660,12,22,2,624,2,0,0,0,2,11,0,2,9,1450,67,1383,46,0,46,430,24,337,10,59,
3171051001,DKI JAKARTA,JAKARTA PUSAT,CEMPAKA PUTIH,CEMPAKA PUTIH TIMUR,444,6,19,1,418,0,0,0,0,0,9,0,0,9,1042,49,993,51,0,51,248,6,194,3,45,
3173011001,DKI JAKARTA,JAKARTA BARAT,CENGKARENG,CENGKARENG BARAT,378,7,60,1,310,0,0,0,0,0,5,0,0,5,885,134,751,11,0,11,189,23,118,4,44,
3173011006,DKI JAKARTA,JAKARTA BARAT,CENGKARENG,CENGKARENG TIMUR,530,13,76,7,434,1,0,0,0,1,4,0,1,3,1172,242,930,14,0,14,327,19,236,9,63,
3175091002,DKI JAKARTA,JAKARTA TIMUR,CIRACAS,CIBUBUR,521,7,57,4,453,1,0,0,0,1,30,0,0,30,1511,87,1424,82,0,82,164,8,124,4,28,
3171011002,DKI JAKARTA,JAKARTA PUSAT,GAMBIR,CIDENG,205,1,12,2,190,0,0,0,0,0,8,0,0,8,406,35,371,12,0,12,134,9,91,5,29,
3174091003,DKI JAKARTA,JAKARTA SELATAN,JAGAKARSA,CIGANJUR,485,4,17,1,463,2,0,0,0,2,11,0,1,10,381,40,341,10,0,10,89,3,72,4,10,
3175051003,DKI JAKARTA,JAKARTA TIMUR,PASAR REBO,CIJANTUNG,439,3,32,3,401,0,0,0,0,0,1,0,0,1,391,27,364,7,0,7,134,8,104,5,17,
3171061003,DKI JAKARTA,JAKARTA PUSAT,MENTENG,CIKINI,98,0,4,0,94,0,0,0,0,0,0,0,0,0,160,13,147,11,0,11,28,3,22,2,1,
3174081006,DKI JAKARTA,JAKARTA SELATAN,PANCORAN,CIKOKO,143,4,1,0,138,1,0,0,0,1,10,0,0,10,225,15,210,0,0,0,45,6,33,1,5,
3174061001,DKI JAKARTA,JAKARTA SELATAN,CILANDAK,CILANDAK BARAT,553,11,92,5,445,1,0,0,0,1,95,0,1,94,910,173,737,36,0,36,146,2,129,5,10,
3174041003,DKI JAKARTA,JAKARTA SELATAN,PASAR MINGGU,CILANDAK TIMUR,285,13,62,1,209,4,1,0,0,3,17,0,0,17,297,25,272,86,0,86,164,7,132,5,20,
3175101002,DKI JAKARTA,JAKARTA TIMUR,CIPAYUNG,CILANGKAP,203,0,14,1,188,1,1,0,0,0,2,0,0,2,338,70,268,18,0,18,90,9,64,0,17,
3175041006,DKI JAKARTA,JAKARTA TIMUR,KRAMAT JATI,CILILITAN,204,4,25,1,174,0,0,0,0,0,5,0,0,5,553,59,494,42,0,42,132,9,103,3,17,
3172041001,DKI JAKARTA,JAKARTA UTARA,CILINCING,CILINCING,359,9,36,1,313,0,0,0,0,0,6,0,1,5,995,44,951,69,0,69,269,6,230,5,28,
3175101001,DKI JAKARTA,JAKARTA TIMUR,CIPAYUNG,CIPAYUNG,276,5,24,2,245,2,1,0,1,0,4,0,0,4,322,53,269,21,0,21,116,7,91,2,16,
3174091006,DKI JAKARTA,JAKARTA SELATAN,JAGAKARSA,CIPEDAK,407,3,21,0,383,2,0,0,0,2,0,0,0,0,305,42,263,6,0,6,83,5,61,1,16,
3174061005,DKI JAKARTA,JAKARTA SELATAN,CILANDAK,CIPETE SELATAN,176,4,18,1,153,2,0,0,0,2,44,0,0,44,284,29,255,6,0,6,44,2,28,6,8,
3174071010,DKI JAKARTA,JAKARTA SELATAN,KEBAYORAN BARU,CIPETE UTARA,369,4,33,3,329,0,0,0,0,0,9,0,0,9,345,19,326,5,0,5,77,6,55,3,13,
3175021003,DKI JAKARTA,JAKARTA TIMUR,PULO GADUNG,CIPINANG,204,2,30,2,170,0,0,0,0,0,3,0,0,3,644,68,576,32,0,32,185,17,144,6,18,
3175031007,DKI JAKARTA,JAKARTA TIMUR,JATINEGARA,CIPINANG BESAR SELATAN,168,5,10,2,151,2,0,0,0,2,1,0,0,1,290,40,250,12,0,12,85,5,61,1,18,
3175031008,DKI JAKARTA,JAKARTA TIMUR,JATINEGARA,CIPINANG BESAR UTARA,238,10,45,0,183,1,0,0,0,1,3,0,0,3,436,73,363,16,0,16,163,6,89,3,65,
3175031005,DKI JAKARTA,JAKARTA TIMUR,JATINEGARA,CIPINANG CEMPEDAK,167,0,16,2,149,0,0,0,0,0,2,0,0,2,262,40,222,11,0,11,66,4,48,1,13,
3175081005,DKI JAKARTA,JAKARTA TIMUR,MAKASAR,CIPINANG MELAYU,222,5,15,2,200,1,0,0,0,1,3,0,0,3,527,64,463,17,0,17,144,5,107,5,27,
3175031006,DKI JAKARTA,JAKARTA TIMUR,JATINEGARA,CIPINANG MUARA,251,5,28,1,217,4,0,0,0,4,5,0,0,5,544,106,438,24,0,24,156,10,110,3,33,
3174051003,DKI JAKARTA,JAKARTA SELATAN,KEBAYORAN LAMA,CIPULIR,206,6,15,4,181,4,0,0,0,4,6,0,0,6,428,15,413,5,0,5,125,4,101,4,16,
3175091001,DKI JAKARTA,JAKARTA TIMUR,CIRACAS,CIRACAS,499,5,63,9,422,3,2,0,0,1,22,0,0,22,1201,62,1139,43,0,43,227,19,152,7,49,
3175041003,DKI JAKARTA,JAKARTA TIMUR,KRAMAT JATI,DUKUH,171,7,22,1,141,0,0,0,0,0,1,0,0,1,399,55,344,13,0,13,77,4,58,1,14,
3175071001,DKI JAKARTA,JAKARTA TIMUR,DUREN SAWIT,DUREN SAWIT,649,11,37,3,598,14,2,0,0,12,2,0,0,2,708,99,609,22,0,22,347,12,273,9,53,
3174081004,DKI JAKARTA,JAKARTA SELATAN,PANCORAN,DUREN TIGA,272,6,14,0,252,2,0,0,0,2,3,0,0,3,430,33,397,2,0,2,74,11,50,0,13,
3173051005,DKI JAKARTA,JAKARTA BARAT,KEBON JERUK,DURI KEPA,314,4,38,2,270,3,0,0,0,3,12,0,0,12,884,102,782,66,0,66,224,16,166,8,34,
3173011002,DKI JAKARTA,JAKARTA BARAT,CENGKARENG,DURI KOSAMBI,353,3,41,3,306,0,0,0,0,0,4,0,0,4,698,123,575,10,0,10,164,14,115,4,31,
3171011006,DKI JAKARTA,JAKARTA PUSAT,GAMBIR,DURI PULO,128,1,13,3,111,0,0,0,0,0,0,0,0,0,273,29,244,7,0,7,105,11,75,4,15,
3173041011,DKI JAKARTA,JAKARTA BARAT,TAMBORA,DURI SELATAN,96,0,2,1,93,0,0,0,0,0,2,0,0,2,113,11,102,4,0,4,53,2,44,3,4,
3173041003,DKI JAKARTA,JAKARTA BARAT,TAMBORA,DURI UTARA,135,0,11,2,122,1,1,0,0,0,1,0,0,1,168,13,155,2,0,2,74,2,62,3,7,
3171081003,DKI JAKARTA,JAKARTA PUSAT,JOHAR BARU,GALUR,139,1,4,0,134,2,1,0,0,1,2,0,0,2,337,15,322,44,0,44,150,4,104,9,33,
3171011001,DKI JAKARTA,JAKARTA PUSAT,GAMBIR,GAMBIR,67,1,6,0,60,1,0,0,0,1,17,0,0,17,240,17,223,6,0,6,126,2,85,0,39,
3174061004,DKI JAKARTA,JAKARTA SELATAN,CILANDAK,GANDARIA SELATAN,140,6,10,0,124,2,0,0,0,2,20,0,0,20,494,47,447,2,0,2,76,4,66,3,3,
3174071009,DKI JAKARTA,JAKARTA SELATAN,KEBAYORAN BARU,GANDARIA UTARA,340,7,60,2,271,0,0,0,0,0,3,0,0,3,457,31,426,5,0,5,96,5,79,3,9,
3175051001,DKI JAKARTA,JAKARTA TIMUR,PASAR REBO,GEDONG,517,8,24,0,485,0,0,0,0,0,4,0,0,4,250,24,226,24,0,24,124,13,100,2,9,
3171071001,DKI JAKARTA,JAKARTA PUSAT,TANAH ABANG,GELORA,46,0,1,1,44,0,0,0,0,0,5,0,0,5,79,4,75,0,0,0,90,0,53,2,35,
3173031007,DKI JAKARTA,JAKARTA BARAT,TAMAN SARI,GLODOK,76,1,10,0,65,0,0,0,0,0,1,0,0,1,116,7,109,0,0,0,15,0,10,1,4,
3171061004,DKI JAKARTA,JAKARTA PUSAT,MENTENG,GONDANGDIA,46,0,3,1,42,0,0,0,0,0,4,0,0,4,99,13,86,7,0,7,43,1,27,3,12,
3173021001,DKI JAKARTA,JAKARTA BARAT,GROGOL PETAMBURAN,GROGOL,271,1,34,4,232,1,0,0,0,1,39,0,0,39,590,81,509,32,0,32,111,8,83,0,20,
3174051005,DKI JAKARTA,JAKARTA SELATAN,KEBAYORAN LAMA,GROGOL SELATAN,226,6,17,4,199,0,0,0,0,0,12,0,0,12,469,24,445,5,0,5,123,7,92,5,19,
3174051004,DKI JAKARTA,JAKARTA SELATAN,KEBAYORAN LAMA,GROGOL UTARA,257,2,15,4,236,0,0,0,0,0,24,0,0,24,472,24,448,15,0,15,177,11,134,6,26,
3174021007,DKI JAKARTA,JAKARTA SELATAN,SETIA BUDI,GUNTUR,44,0,3,0,41,0,0,0,0,0,1,0,0,1,126,8,118,1,0,1,21,0,19,0,2,
3174071002,DKI JAKARTA,JAKARTA SELATAN,KEBAYORAN BARU,GUNUNG,183,0,49,3,131,0,0,0,0,0,7,0,0,7,267,7,260,0,0,0,50,1,35,2,12,
3171031005,DKI JAKARTA,JAKARTA PUSAT,KEMAYORAN,GUNUNG SAHARI SELATAN,215,4,22,1,188,0,0,0,0,0,2,0,0,2,298,35,263,1,0,1,74,4,56,3,11,
3171021004,DKI JAKARTA,JAKARTA PUSAT,SAWAH BESAR,GUNUNG SAHARI UTARA,187,2,6,1,178,0,0,0,0,0,5,0,0,5,394,41,353,8,0,8,111,8,65,7,31,
3175081004,DKI JAKARTA,JAKARTA TIMUR,MAKASAR,HALIM PERDANA KUSUMAH,153,7,9,2,135,0,0,0,0,0,5,0,1,4,359,52,307,9,0,9,185,17,138,4,26,
3171031003,DKI JAKARTA,JAKARTA PUSAT,KEMAYORAN,HARAPAN MULIA,252,2,15,3,232,0,0,0,0,0,6,0,0,6,357,38,319,28,0,28,159,12,129,7,11,
3174091001,DKI JAKARTA,JAKARTA SELATAN,JAGAKARSA,JAGAKARSA,652,15,47,2,588,7,2,0,0,5,7,0,0,7,674,102,572,17,0,17,214,5,158,3,48,
3175021007,DKI JAKARTA,JAKARTA TIMUR,PULO GADUNG,JATI,260,11,30,1,218,0,0,0,0,0,7,0,0,7,684,65,619,28,0,28,162,6,132,1,23,
3174041002,DKI JAKARTA,JAKARTA SELATAN,PASAR MINGGU,JATI PADANG,303,6,56,2,239,0,0,0,0,0,3,0,0,3,442,37,405,66,0,66,80,5,60,3,12,
3173071004,DKI JAKARTA,JAKARTA BARAT,PALMERAH,JATI PULO,351,2,49,4,296,1,0,0,0,1,3,0,0,3,567,50,517,61,0,61,185,10,149,2,24,
3175061001,DKI JAKARTA,JAKARTA TIMUR,CAKUNG,JATINEGARA,339,5,46,3,285,1,0,0,0,1,2,0,0,2,887,123,764,38,0,38,234,14,164,6,50,
3175021004,DKI JAKARTA,JAKARTA TIMUR,PULO GADUNG,JATINEGARA KAUM,73,0,16,0,57,1,0,0,1,0,3,0,0,3,226,24,202,6,0,6,40,5,20,1,14,
3173021004,DKI JAKARTA,JAKARTA BARAT,GROGOL PETAMBURAN,JELAMBAR,281,2,35,5,239,2,0,0,0,2,24,0,0,24,564,29,535,11,0,11,119,11,95,5,8,
3173021006,DKI JAKARTA,JAKARTA BARAT,GROGOL PETAMBURAN,JELAMBAR BARU,282,2,20,2,258,2,0,0,0,2,4,0,0,4,464,31,433,17,0,17,84,19,49,3,13,
3173041006,DKI JAKARTA,JAKARTA BARAT,TAMBORA,JEMBATAN BESI,449,4,13,1,431,0,0,0,0,0,4,0,0,4,418,14,404,7,0,7,168,6,141,6,15,
3173041008,DKI JAKARTA,JAKARTA BARAT,TAMBORA,JEMBATAN LIMA,137,0,9,0,128,0,0,0,0,0,0,0,0,0,167,10,157,1,0,1,61,5,38,4,14,
3173081005,DKI JAKARTA,JAKARTA BARAT,KEMBANGAN,JOGLO,231,4,37,4,186,0,0,0,0,0,4,0,0,4,424,77,347,12,0,12,104,13,67,1,23,
3171081001,DKI JAKARTA,JAKARTA PUSAT,JOHAR BARU,JOHAR BARU,441,6,15,3,417,1,0,0,0,1,4,0,1,3,1256,55,1201,94,0,94,328,12,277,12,27,
3173041002,DKI JAKARTA,JAKARTA BARAT,TAMBORA,KALI ANYAR,270,3,8,0,259,1,0,0,0,1,3,0,0,3,301,10,291,10,0,10,131,10,104,4,13,
3172041004,DKI JAKARTA,JAKARTA UTARA,CILINCING,KALI BARU,314,17,22,5,270,0,0,0,0,0,4,0,0,4,554,25,529,35,0,35,221,4,190,7,20,
3174081002,DKI JAKARTA,JAKARTA SELATAN,PANCORAN,KALIBATA,373,11,23,4,335,6,1,0,0,5,11,0,1,10,592,66,526,12,0,12,202,8,155,2,37,
3173061001,DKI JAKARTA,JAKARTA BARAT,KALI DERES,KALIDERES,739,17,58,4,660,1,0,0,0,1,5,0,0,5,1692,136,1556,29,0,29,217,26,162,4,25,
3175051004,DKI JAKARTA,JAKARTA TIMUR,PASAR REBO,KALISARI,626,9,37,0,580,0,0,0,0,0,3,0,0,3,335,53,282,9,0,9,119,7,90,3,19,
3173061004,DKI JAKARTA,JAKARTA BARAT,KALI DERES,KAMAL,256,7,17,3,229,0,0,0,0,0,1,0,0,1,438,51,387,4,0,4,32,3,21,3,5,
3172011002,DKI JAKARTA,JAKARTA UTARA,PENJARINGAN,KAMAL MUARA,59,4,4,0,51,0,0,0,0,0,4,0,0,4,118,24,94,0,0,0,58,18,34,2,4,
3171071007,DKI JAKARTA,JAKARTA PUSAT,TANAH ABANG,KAMPUNG BALI,112,0,1,2,109,1,0,0,0,1,2,0,0,2,148,6,142,2,0,2,49,5,30,2,12,
3175031001,DKI JAKARTA,JAKARTA TIMUR,JATINEGARA,KAMPUNG MELAYU,150,1,18,5,126,2,1,0,0,1,4,0,0,4,168,12,156,4,0,4,126,8,100,3,15,
3171081002,DKI JAKARTA,JAKARTA PUSAT,JOHAR BARU,KAMPUNG RAWA,225,5,1,0,219,1,0,0,0,1,0,0,0,0,511,13,498,63,0,63,202,5,144,13,40,
3175041002,DKI JAKARTA,JAKARTA TIMUR,KRAMAT JATI,KAMPUNG TENGAH,383,6,13,1,363,1,0,0,0,1,9,0,1,8,854,49,805,49,0,49,200,6,165,9,20,
3173011005,DKI JAKARTA,JAKARTA BARAT,CENGKARENG,KAPUK,480,7,62,16,395,1,1,0,0,0,10,0,1,9,1041,151,890,12,0,12,266,38,166,8,54,
3172011003,DKI JAKARTA,JAKARTA UTARA,PENJARINGAN,KAPUK MUARA,143,0,17,0,126,0,0,0,0,0,9,0,0,9,342,41,301,20,0,20,93,8,75,6,4,
3171021002,DKI JAKARTA,JAKARTA PUSAT,SAWAH BESAR,KARANG ANYAR,348,3,15,5,325,1,0,0,0,1,4,0,0,4,681,39,642,8,0,8,126,11,96,5,14,
3174021004,DKI JAKARTA,JAKARTA SELATAN,SETIA BUDI,KARET,94,0,4,0,90,0,0,0,0,0,10,0,0,10,288,10,278,4,0,4,48,2,42,0,4,
3174021003,DKI JAKARTA,JAKARTA SELATAN,SETIA BUDI,KARET KUNINGAN,152,0,9,1,142,0,0,0,0,0,21,0,0,21,272,26,246,4,0,4,61,10,38,2,11,
3174021002,DKI JAKARTA,JAKARTA SELATAN,SETIA BUDI,KARET SEMANGGI,42,0,0,1,41,0,0,0,0,0,3,0,0,3,68,6,62,0,0,0,16,2,9,2,3,
3171071003,DKI JAKARTA,JAKARTA PUSAT,TANAH ABANG,KARET TENGSIN,183,0,5,0,178,0,0,0,0,0,7,0,0,7,226,11,215,0,0,0,82,22,49,1,10,
3171021003,DKI JAKARTA,JAKARTA PUSAT,SAWAH BESAR,KARTINI,245,0,20,1,224,1,0,0,0,1,0,0,0,0,503,43,460,16,0,16,159,8,120,4,27,
3175011003,DKI JAKARTA,JAKARTA TIMUR,MATRAMAN,KAYU MANIS,233,6,7,0,220,3,2,0,0,1,0,0,0,0,514,28,486,25,0,25,114,7,79,4,24,
3175021006,DKI JAKARTA,JAKARTA TIMUR,PULO GADUNG,KAYU PUTIH,325,5,33,4,283,1,0,0,1,0,11,0,0,11,822,45,777,30,0,30,195,15,140,5,35,
3173031006,DKI JAKARTA,JAKARTA BARAT,TAMAN SARI,KEAGUNGAN,232,2,33,0,197,0,0,0,0,0,2,0,0,2,390,69,321,9,0,9,113,2,74,1,36,
3174041007,DKI JAKARTA,JAKARTA SELATAN,PASAR MINGGU,KEBAGUSAN,390,2,50,1,337,2,0,0,0,2,2,0,0,2,551,40,511,39,0,39,99,6,73,0,20,
3174051006,DKI JAKARTA,JAKARTA SELATAN,KEBAYORAN LAMA,KEBAYORAN LAMA SELATAN,359,5,24,0,330,4,0,0,0,4,2,0,0,2,653,27,626,12,0,12,139,6,98,4,31,
3174051001,DKI JAKARTA,JAKARTA SELATAN,KEBAYORAN LAMA,KEBAYORAN LAMA UTARA,257,6,18,1,232,1,0,0,0,1,15,0,0,15,390,24,366,3,0,3,93,3,63,3,24,
3174011004,DKI JAKARTA,JAKARTA SELATAN,TEBET,KEBON BARU,236,3,46,2,185,0,0,0,0,0,15,0,0,15,469,31,438,17,0,17,104,6,73,0,25,
3172021005,DKI JAKARTA,JAKARTA UTARA,TANJUNG PRIOK,KEBON BAWANG,473,7,38,1,427,0,0,0,0,0,13,0,0,13,893,127,766,57,0,57,284,10,234,3,37,
3173051001,DKI JAKARTA,JAKARTA BARAT,KEBON JERUK,KEBON JERUK,413,4,43,6,360,2,1,0,0,1,13,0,0,13,1291,143,1148,55,0,55,257,11,194,13,39,
3171071006,DKI JAKARTA,JAKARTA PUSAT,TANAH ABANG,KEBON KACANG,379,1,10,1,367,1,0,0,0,1,0,0,0,0,353,12,341,4,0,4,230,3,193,10,24,
3171011005,DKI JAKARTA,JAKARTA PUSAT,GAMBIR,KEBON KELAPA,100,1,4,0,95,3,1,0,0,2,2,0,1,1,173,22,151,1,0,1,62,4,32,1,25,
3171031002,DKI JAKARTA,JAKARTA PUSAT,KEMAYORAN,KEBON KOSONG,272,3,22,5,242,0,0,0,0,0,7,0,0,7,330,43,287,29,0,29,155,2,120,7,26,
3175011005,DKI JAKARTA,JAKARTA TIMUR,MATRAMAN,KEBON MANGGIS,133,1,18,4,110,0,0,0,0,0,2,0,1,1,193,48,145,20,0,20,101,2,87,2,10,
3171071005,DKI JAKARTA,JAKARTA PUSAT,TANAH ABANG,KEBON MELATI,391,2,6,3,380,0,0,0,0,0,5,0,0,5,466,16,450,7,0,7,347,17,246,7,77,
3175081003,DKI JAKARTA,JAKARTA TIMUR,MAKASAR,KEBON PALA,174,4,14,1,155,0,0,0,0,0,4,0,0,4,730,136,594,14,0,14,169,11,122,2,34,
3171061005,DKI JAKARTA,JAKARTA PUSAT,MENTENG,KEBON SIRIH,120,0,16,2,102,0,0,0,0,0,2,0,0,2,254,13,241,14,0,14,106,3,81,2,20,
3173011004,DKI JAKARTA,JAKARTA BARAT,CENGKARENG,KEDAUNG KALI ANGKE,295,2,80,0,213,0,0,0,0,0,1,0,0,1,327,63,264,5,0,5,169,19,118,3,29,
3173051007,DKI JAKARTA,JAKARTA BARAT,KEBON JERUK,KEDOYA SELATAN,204,2,17,5,180,2,0,0,0,2,6,0,0,6,421,53,368,18,0,18,100,9,70,4,17,
3173051006,DKI JAKARTA,JAKARTA BARAT,KEBON JERUK,KEDOYA UTARA,198,6,31,2,159,1,0,0,0,1,15,0,0,15,589,83,506,18,0,18,128,17,87,3,21,
3173051004,DKI JAKARTA,JAKARTA BARAT,KEBON JERUK,KELAPA DUA,150,1,32,0,117,0,0,0,0,0,5,0,0,5,360,71,289,18,0,18,80,6,49,2,23,
3175091003,DKI JAKARTA,JAKARTA TIMUR,CIRACAS,KELAPA DUA WETAN,381,2,56,1,322,1,1,0,0,0,7,0,0,7,809,45,764,35,0,35,117,14,85,2,16,
3172061003,DKI JAKARTA,JAKARTA UTARA,KELAPA GADING,KELAPA GADING BARAT,615,3,71,3,538,2,1,0,0,1,45,0,0,45,1055,90,965,70,0,70,270,16,220,5,29,
3172061001,DKI JAKARTA,JAKARTA UTARA,KELAPA GADING,KELAPA GADING TIMUR,524,11,45,2,466,1,0,0,0,1,20,0,2,18,1015,83,932,45,0,45,148,12,107,8,21,
3173071005,DKI JAKARTA,JAKARTA BARAT,PALMERAH,KEMANGGISAN,389,4,46,6,333,0,0,0,0,0,8,0,0,8,654,85,569,49,0,49,171,9,135,5,22,
3171031001,DKI JAKARTA,JAKARTA PUSAT,KEMAYORAN,KEMAYORAN,286,5,20,3,258,0,0,0,0,0,0,0,0,0,436,44,392,20,0,20,199,10,154,10,25,
3173081006,DKI JAKARTA,JAKARTA BARAT,KEMBANGAN,KEMBANGAN SELATAN,151,2,16,1,132,0,0,0,0,0,5,0,0,5,402,34,368,52,0,52,109,5,88,2,14,
3173081001,DKI JAKARTA,JAKARTA BARAT,KEMBANGAN,KEMBANGAN UTARA,349,2,52,3,292,3,2,0,1,0,3,0,1,2,1118,85,1033,10,0,10,157,9,110,4,34,
3171041002,DKI JAKARTA,JAKARTA PUSAT,SENEN,KENARI,155,1,9,1,144,1,0,0,0,1,1,0,1,0,372,23,349,44,0,44,144,3,137,2,2,
3173041005,DKI JAKARTA,JAKARTA BARAT,TAMBORA,KERENDANG,192,0,9,2,181,1,0,0,0,1,0,0,0,0,158,11,147,3,0,3,92,3,76,6,7,
3175071003,DKI JAKARTA,JAKARTA TIMUR,DUREN SAWIT,KLENDER,484,4,32,2,446,2,0,0,0,2,3,0,0,3,658,52,606,21,0,21,237,13,177,9,38,
3172031001,DKI JAKARTA,JAKARTA UTARA,KOJA,KOJA,233,2,16,0,215,0,0,0,0,0,4,0,0,4,374,22,352,32,0,32,176,0,147,5,24,
3173071006,DKI JAKARTA,JAKARTA BARAT,PALMERAH,KOTA BAMBU SELATAN,346,4,27,5,310,0,0,0,0,0,1,0,0,1,711,38,673,71,0,71,189,7,164,5,13,
3173071003,DKI JAKARTA,JAKARTA BARAT,PALMERAH,KOTA BAMBU UTARA,298,0,24,11,263,0,0,0,0,0,3,0,0,3,460,43,417,54,0,54,170,7,149,6,8,
3171041004,DKI JAKARTA,JAKARTA PUSAT,SENEN,KRAMAT,306,1,7,6,292,0,0,0,0,0,5,0,0,5,747,24,723,31,0,31,210,3,189,10,8,
3175041001,DKI JAKARTA,JAKARTA TIMUR,KRAMAT JATI,KRAMAT JATI,251,5,32,1,213,0,0,0,0,0,9,0,0,9,547,69,478,21,0,21,151,20,98,6,27,
3174071003,DKI JAKARTA,JAKARTA SELATAN,KEBAYORAN BARU,KRAMAT PELA,98,3,12,0,83,0,0,0,0,0,0,0,0,0,426,15,411,6,0,6,91,2,84,0,5,
3173031002,DKI JAKARTA,JAKARTA BARAT,TAMAN SARI,KRUKUT,177,5,36,6,130,0,0,0,0,0,3,0,0,3,303,42,261,11,0,11,94,6,53,4,31,
3174031005,DKI JAKARTA,JAKARTA SELATAN,MAMPANG PRAPATAN,KUNINGAN BARAT,86,2,9,1,74,0,0,0,0,0,0,0,0,0,356,59,297,5,0,5,31,2,14,0,15,
3174021008,DKI JAKARTA,JAKARTA SELATAN,SETIA BUDI,KUNINGAN TIMUR,95,2,11,1,81,1,0,0,0,1,20,0,0,20,112,9,103,1,0,1,46,2,39,2,3,
3171041005,DKI JAKARTA,JAKARTA PUSAT,SENEN,KWITANG,188,0,4,0,184,2,0,0,0,2,5,0,0,5,366,20,346,8,0,8,92,4,68,4,16,
3172031003,DKI JAKARTA,JAKARTA UTARA,KOJA,LAGOA,449,13,29,1,406,0,0,0,0,0,5,0,1,4,518,54,464,53,0,53,432,9,351,7,65,
3174061002,DKI JAKARTA,JAKARTA SELATAN,CILANDAK,LEBAK BULUS,247,5,31,2,209,3,0,0,0,3,27,0,0,27,476,75,401,21,0,21,111,6,77,8,20,
3174091004,DKI JAKARTA,JAKARTA SELATAN,JAGAKARSA,LENTENG AGUNG,458,7,23,0,428,3,1,0,0,2,6,0,0,6,401,47,354,11,0,11,120,6,86,0,28,
LUAR DKI JAKARTA,LUAR DKI JAKARTA,LUAR DKI JAKARTA,LUAR DKI JAKARTA,LUAR DKI JAKARTA,20753,588,2612,99,17454,54,5,0,0,49,524,0,57,467,29533,6903,22630,1243,0,1243,6946,697,5458,123,668,
3175101007,DKI JAKARTA,JAKARTA TIMUR,CIPAYUNG,LUBANG BUAYA,442,10,42,3,387,1,0,0,0,1,5,0,0,5,520,52,468,28,0,28,157,14,124,2,17,
3175081001,DKI JAKARTA,JAKARTA TIMUR,MAKASAR,MAKASAR,172,9,7,1,155,0,0,0,0,0,8,0,0,8,841,127,714,22,0,22,125,11,86,0,28,
3175071006,DKI JAKARTA,JAKARTA TIMUR,DUREN SAWIT,MALAKA JAYA,254,1,13,2,238,1,0,0,0,1,2,0,0,2,406,33,373,12,0,12,127,7,98,1,21,
3175071005,DKI JAKARTA,JAKARTA TIMUR,DUREN SAWIT,MALAKA SARI,223,2,12,1,208,0,0,0,0,0,0,0,0,0,319,44,275,9,0,9,111,5,70,3,33,
3174031001,DKI JAKARTA,JAKARTA SELATAN,MAMPANG PRAPATAN,MAMPANG PRAPATAN,223,13,14,2,194,0,0,0,0,0,0,0,0,0,807,78,729,9,0,9,187,8,128,6,45,
3173031005,DKI JAKARTA,JAKARTA BARAT,TAMAN SARI,MANGGA BESAR,95,0,15,1,79,0,0,0,0,0,0,0,0,0,130,6,124,3,0,3,38,6,22,1,9,
3171021005,DKI JAKARTA,JAKARTA PUSAT,SAWAH BESAR,MANGGA DUA SELATAN,246,1,26,1,218,2,0,0,0,2,1,0,0,1,638,44,594,9,0,9,130,3,106,2,19,
3174011007,DKI JAKARTA,JAKARTA SELATAN,TEBET,MANGGARAI,272,5,43,0,224,4,1,0,0,3,4,0,0,4,393,34,359,21,0,21,103,10,75,1,17,
3174011006,DKI JAKARTA,JAKARTA SELATAN,TEBET,MANGGARAI SELATAN,149,3,13,2,131,0,0,0,0,0,6,0,0,6,372,22,350,18,0,18,66,4,50,2,10,
3173031003,DKI JAKARTA,JAKARTA BARAT,TAMAN SARI,MAPHAR,159,0,27,1,131,0,0,0,0,0,6,0,0,6,295,32,263,36,0,36,151,5,132,1,13,
3172041003,DKI JAKARTA,JAKARTA UTARA,CILINCING,MARUNDA,199,7,17,0,175,2,0,0,0,2,0,0,0,0,294,14,280,12,0,12,79,6,62,1,10,
3174071001,DKI JAKARTA,JAKARTA SELATAN,KEBAYORAN BARU,MELAWAI,41,0,1,0,40,0,0,0,0,0,1,0,0,1,52,5,47,0,0,0,11,3,7,0,1,
3171061001,DKI JAKARTA,JAKARTA PUSAT,MENTENG,MENTENG,271,4,34,2,231,2,1,0,0,1,1,0,0,1,571,29,542,24,0,24,184,16,131,6,31,
3174021005,DKI JAKARTA,JAKARTA SELATAN,SETIA BUDI,MENTENG ATAS,256,1,19,3,233,1,0,0,0,1,45,0,0,45,974,56,918,35,0,35,133,6,116,2,9,
3174011003,DKI JAKARTA,JAKARTA SELATAN,TEBET,MENTENG DALAM,435,5,37,4,389,3,1,0,0,2,13,0,0,13,580,41,539,39,0,39,120,4,95,6,15,
3173081003,DKI JAKARTA,JAKARTA BARAT,KEMBANGAN,MERUYA SELATAN,210,3,39,1,167,0,0,0,0,0,2,0,0,2,469,94,375,15,0,15,108,7,74,3,24,
3173081002,DKI JAKARTA,JAKARTA BARAT,KEMBANGAN,MERUYA UTARA,316,5,71,6,234,1,0,0,1,0,7,0,1,6,685,136,549,10,0,10,114,5,90,1,18,
3175101004,DKI JAKARTA,JAKARTA TIMUR,CIPAYUNG,MUNJUL,172,5,16,0,151,0,0,0,0,0,2,0,0,2,213,31,182,23,0,23,56,4,45,0,7,
3172051002,DKI JAKARTA,JAKARTA UTARA,PADEMANGAN,PADEMANGAN BARAT,1498,6,172,5,1315,4,0,0,0,4,12,0,1,11,2171,97,2074,28,0,28,576,11,483,19,63,
3172051001,DKI JAKARTA,JAKARTA UTARA,PADEMANGAN,PADEMANGAN TIMUR,461,0,53,3,405,1,0,0,0,1,13,0,0,13,696,43,653,14,0,14,151,2,122,3,24,
3175011004,DKI JAKARTA,JAKARTA TIMUR,MATRAMAN,PAL MERIAM,175,2,7,2,164,1,0,0,0,1,2,0,0,2,477,35,442,58,0,58,139,5,106,6,22,
3173071001,DKI JAKARTA,JAKARTA BARAT,PALMERAH,PALMERAH,762,4,92,2,664,0,0,0,0,0,2,0,0,2,1337,164,1173,70,0,70,293,18,213,16,46,
3174081001,DKI JAKARTA,JAKARTA SELATAN,PANCORAN,PANCORAN,263,3,12,0,248,1,0,0,0,1,9,0,0,9,463,31,432,6,0,6,168,15,137,4,12,
3172021003,DKI JAKARTA,JAKARTA UTARA,TANJUNG PRIOK,PAPANGGO,294,7,55,0,232,1,0,0,0,1,5,0,0,5,638,54,584,50,0,50,178,6,139,2,31,
3171021001,DKI JAKARTA,JAKARTA PUSAT,SAWAH BESAR,PASAR BARU,164,0,7,2,155,1,0,0,0,1,4,0,0,4,366,28,338,6,0,6,102,6,72,1,23,
3174021006,DKI JAKARTA,JAKARTA SELATAN,SETIA BUDI,PASAR MANGGIS,170,3,6,3,158,2,0,0,0,2,27,0,1,26,703,59,644,15,0,15,123,3,98,8,14,
3174041001,DKI JAKARTA,JAKARTA SELATAN,PASAR MINGGU,PASAR MINGGU,281,3,25,1,252,2,0,0,0,2,5,0,0,5,408,23,385,20,0,20,122,10,100,2,10,
3171041003,DKI JAKARTA,JAKARTA PUSAT,SENEN,PASEBAN,373,3,30,1,339,0,0,0,0,0,8,0,2,6,619,34,585,59,0,59,178,6,148,7,17,
3173061005,DKI JAKARTA,JAKARTA BARAT,KALI DERES,PEGADUNGAN,520,4,32,7,477,0,0,0,0,0,10,0,0,10,1114,154,960,16,0,16,145,11,113,4,17,
3171061002,DKI JAKARTA,JAKARTA PUSAT,MENTENG,PEGANGSAAN,282,0,24,2,256,1,0,0,0,1,0,0,0,0,726,32,694,50,0,50,292,4,230,4,54,
3172061002,DKI JAKARTA,JAKARTA UTARA,KELAPA GADING,PEGANGSAAN DUA,616,7,52,1,556,1,1,0,0,0,41,0,0,41,1372,137,1235,94,0,94,262,21,190,6,45,
3172011004,DKI JAKARTA,JAKARTA UTARA,PENJARINGAN,PEJAGALAN,319,4,35,2,278,2,1,0,0,1,7,0,0,7,688,87,601,27,0,27,149,8,99,3,39,
3174041006,DKI JAKARTA,JAKARTA SELATAN,PASAR MINGGU,PEJATEN BARAT,308,3,46,2,257,7,0,0,0,7,1,0,0,1,515,36,479,73,0,73,127,4,88,2,33,
3174041005,DKI JAKARTA,JAKARTA SELATAN,PASAR MINGGU,PEJATEN TIMUR,334,2,34,1,297,4,0,0,0,4,3,0,1,2,470,44,426,40,0,40,122,13,83,7,19,
3175051005,DKI JAKARTA,JAKARTA TIMUR,PASAR REBO,PEKAYON,585,2,41,1,541,0,0,0,0,0,3,0,0,3,229,25,204,11,0,11,97,10,64,2,21,
3173041009,DKI JAKARTA,JAKARTA BARAT,TAMBORA,PEKOJAN,214,1,10,2,201,0,0,0,0,0,2,0,0,2,190,14,176,17,0,17,90,5,59,3,23,
3174031003,DKI JAKARTA,JAKARTA SELATAN,MAMPANG PRAPATAN,PELA MAMPANG,256,5,14,2,235,4,0,0,0,4,13,0,0,13,1047,167,880,6,0,6,162,5,118,5,34,
3174081005,DKI JAKARTA,JAKARTA SELATAN,PANCORAN,PENGADEGAN,150,3,8,2,137,0,0,0,0,0,8,0,0,8,310,25,285,10,0,10,70,8,50,0,12,
3175061003,DKI JAKARTA,JAKARTA TIMUR,CAKUNG,PENGGILINGAN,404,5,32,1,366,1,0,0,0,1,6,0,1,5,1107,136,971,74,0,74,293,16,214,8,55,
3172011001,DKI JAKARTA,JAKARTA UTARA,PENJARINGAN,PENJARINGAN,655,4,79,4,568,1,0,0,0,1,22,0,0,22,2460,146,2314,117,0,117,358,14,305,14,25,
3174101001,DKI JAKARTA,JAKARTA SELATAN,PESANGGRAHAN,PESANGGRAHAN,328,13,42,4,269,2,0,0,1,1,0,0,0,0,597,108,489,19,0,19,86,5,61,3,17,
3171071004,DKI JAKARTA,JAKARTA PUSAT,TANAH ABANG,PETAMBURAN,479,1,12,7,459,0,0,0,0,0,7,0,0,7,431,32,399,5,0,5,310,14,246,11,39,
3174071008,DKI JAKARTA,JAKARTA SELATAN,KEBAYORAN BARU,PETOGOGAN,98,2,3,0,93,0,0,0,0,0,3,0,1,2,194,3,191,0,0,0,30,3,24,0,3,
3171011004,DKI JAKARTA,JAKARTA PUSAT,GAMBIR,PETOJO SELATAN,164,1,13,1,149,0,0,0,0,0,22,0,0,22,495,30,465,14,0,14,178,4,110,8,56,
3171011003,DKI JAKARTA,JAKARTA PUSAT,GAMBIR,PETOJO UTARA,136,0,10,3,123,1,0,0,0,1,11,0,0,11,276,13,263,25,0,25,87,5,65,2,15,
3174101004,DKI JAKARTA,JAKARTA SELATAN,PESANGGRAHAN,PETUKANGAN SELATAN,299,7,49,2,241,0,0,0,0,0,2,0,0,2,581,62,519,8,0,8,48,0,33,2,13,
3174101003,DKI JAKARTA,JAKARTA SELATAN,PESANGGRAHAN,PETUKANGAN UTARA,364,10,26,4,324,1,0,0,0,1,5,0,0,5,1279,126,1153,9,0,9,127,14,88,2,23,
3175081002,DKI JAKARTA,JAKARTA TIMUR,MAKASAR,PINANG RANTI,134,7,8,1,118,0,0,0,0,0,0,0,0,0,526,49,477,22,0,22,82,1,65,4,12,
3173031008,DKI JAKARTA,JAKARTA BARAT,TAMAN SARI,PINANGSIA,95,0,16,1,78,0,0,0,0,0,2,0,0,2,164,8,156,2,0,2,53,1,40,0,12,
3175011001,DKI JAKARTA,JAKARTA TIMUR,MATRAMAN,PISANGAN BARU,241,2,9,3,227,1,0,0,0,1,2,0,0,2,286,41,245,29,0,29,125,3,90,5,27,
3175021002,DKI JAKARTA,JAKARTA TIMUR,PULO GADUNG,PISANGAN TIMUR,246,3,29,4,210,1,1,0,0,0,10,0,0,10,494,38,456,26,0,26,111,9,81,5,16,
3172011005,DKI JAKARTA,JAKARTA UTARA,PENJARINGAN,PLUIT,227,4,43,4,176,0,0,0,0,0,12,0,0,12,889,127,762,10,0,10,138,10,110,8,10,
3175071002,DKI JAKARTA,JAKARTA TIMUR,DUREN SAWIT,PONDOK BAMBU,778,13,52,1,712,3,1,0,0,2,3,0,0,3,680,85,595,20,0,20,244,17,175,5,47,
3175071004,DKI JAKARTA,JAKARTA TIMUR,DUREN SAWIT,PONDOK KELAPA,501,9,24,0,468,0,0,0,0,0,11,0,1,10,784,89,695,17,0,17,223,12,150,9,52,
3175071007,DKI JAKARTA,JAKARTA TIMUR,DUREN SAWIT,PONDOK KOPI,307,2,15,1,289,0,0,0,0,0,1,0,0,1,292,23,269,11,0,11,136,6,108,7,15,
3174061003,DKI JAKARTA,JAKARTA SELATAN,CILANDAK,PONDOK LABU,293,5,46,1,241,6,2,0,0,4,73,0,0,73,746,110,636,36,0,36,80,4,61,1,14,
3174051002,DKI JAKARTA,JAKARTA SELATAN,KEBAYORAN LAMA,PONDOK PINANG,378,1,29,4,344,0,0,0,0,0,44,0,0,44,634,54,580,9,0,9,156,13,116,9,18,
3175101003,DKI JAKARTA,JAKARTA TIMUR,CIPAYUNG,PONDOK RANGGON,184,6,17,3,158,0,0,0,0,0,3,0,0,3,208,41,167,21,0,21,75,8,53,1,13,
PROSES UPDATE DATA,PROSES UPDATE DATA,PROSES UPDATE DATA,PROSES UPDATE DATA,PROSES UPDATE DATA,11885,121,550,1697,9517,2017,0,0,2015,2,105,0,0,105,7611,1276,6335,72,1,71,17646,1952,13465,377,1852,
3101011003,DKI JAKARTA,KAB.ADM.KEP.SERIBU,KEP. SERIBU UTARA,PULAU HARAPAN,60,0,0,0,60,0,0,0,0,0,0,0,0,0,55,2,53,0,0,0,5,1,1,0,3,
3101011002,DKI JAKARTA,KAB.ADM.KEP.SERIBU,KEP. SERIBU UTARA,PULAU KELAPA,45,0,1,1,43,0,0,0,0,0,3,0,0,3,143,2,141,1,0,1,5,0,5,0,0,
3101011001,DKI JAKARTA,KAB.ADM.KEP.SERIBU,KEP. SERIBU UTARA,PULAU PANGGANG,69,0,18,1,50,0,0,0,0,0,0,0,0,0,151,23,128,4,0,4,18,0,8,0,10,
3101021003,DKI JAKARTA,KAB.ADM.KEP.SERIBU,KEP. SERIBU SELATAN,PULAU PARI,6,0,0,0,6,0,0,0,0,0,0,0,0,0,163,4,159,1,0,1,4,1,3,0,0,
3101021002,DKI JAKARTA,KAB.ADM.KEP.SERIBU,KEP. SERIBU SELATAN,PULAU TIDUNG,32,0,1,0,31,0,0,0,0,0,0,0,0,0,335,6,329,1,0,1,31,1,29,0,1,
3101021001,DKI JAKARTA,KAB.ADM.KEP.SERIBU,KEP. SERIBU SELATAN,PULAU UNTUNG JAWA,22,0,0,0,22,0,0,0,0,0,0,0,0,0,98,3,95,0,0,0,3,0,2,0,1,
3174071007,DKI JAKARTA,JAKARTA SELATAN,KEBAYORAN BARU,PULO,167,3,40,1,123,1,1,0,0,0,1,0,0,1,121,2,119,0,0,0,34,1,19,0,14,
3175021001,DKI JAKARTA,JAKARTA TIMUR,PULO GADUNG,PULO GADUNG,275,4,26,2,243,0,0,0,0,0,10,0,1,9,642,61,581,22,0,22,142,11,105,4,22,
3175061005,DKI JAKARTA,JAKARTA TIMUR,CAKUNG,PULO GEBANG,342,6,52,2,282,1,0,0,0,1,6,0,1,5,977,136,841,54,0,54,215,12,146,5,52,
3174041004,DKI JAKARTA,JAKARTA SELATAN,PASAR MINGGU,RAGUNAN,376,3,70,2,301,1,0,0,0,1,1,0,0,1,483,34,449,24,0,24,84,8,41,4,31,
3175091005,DKI JAKARTA,JAKARTA TIMUR,CIRACAS,RAMBUTAN,284,1,21,1,261,2,0,0,0,2,12,0,0,12,590,30,560,28,0,28,79,7,61,0,11,
3172031006,DKI JAKARTA,JAKARTA UTARA,KOJA,RAWA BADAK SELATAN,366,6,13,2,345,2,1,0,0,1,2,0,0,2,434,53,381,41,0,41,253,5,212,4,32,
3172031004,DKI JAKARTA,JAKARTA UTARA,KOJA,RAWA BADAK UTARA,313,3,14,1,295,0,0,0,0,0,2,0,0,2,384,37,347,53,0,53,194,6,162,4,22,
3174071005,DKI JAKARTA,JAKARTA SELATAN,KEBAYORAN BARU,RAWA BARAT,66,0,5,2,59,0,0,0,0,0,1,0,0,1,123,7,116,0,0,0,12,1,10,1,0,
3173011003,DKI JAKARTA,JAKARTA BARAT,CENGKARENG,RAWA BUAYA,204,4,27,2,171,0,0,0,0,0,4,0,0,4,524,112,412,5,0,5,150,11,104,7,28,
3175031004,DKI JAKARTA,JAKARTA TIMUR,JATINEGARA,RAWA BUNGA,104,2,14,1,87,0,0,0,0,0,1,0,0,1,140,23,117,9,0,9,71,2,57,1,11,
3174081003,DKI JAKARTA,JAKARTA SELATAN,PANCORAN,RAWA JATI,217,3,18,0,196,2,0,0,0,2,10,0,0,10,380,40,340,7,0,7,47,6,33,0,8,
3175061002,DKI JAKARTA,JAKARTA TIMUR,CAKUNG,RAWA TERATE,72,0,20,0,52,0,0,0,0,0,2,0,0,2,239,28,211,2,0,2,61,6,46,0,9,
3175021005,DKI JAKARTA,JAKARTA TIMUR,PULO GADUNG,RAWAMANGUN,243,5,24,0,214,0,0,0,0,0,7,0,0,7,622,60,562,26,0,26,146,16,98,3,29,
3171051003,DKI JAKARTA,JAKARTA PUSAT,CEMPAKA PUTIH,RAWASARI,523,2,16,2,503,3,0,0,1,2,6,0,1,5,963,37,926,30,0,30,276,5,176,4,91,
3173041010,DKI JAKARTA,JAKARTA BARAT,TAMBORA,ROA MALAKA,28,2,0,0,26,1,0,0,0,1,0,0,0,0,32,1,31,1,0,1,12,0,10,0,2,
3172041006,DKI JAKARTA,JAKARTA UTARA,CILINCING,ROROTAN,251,9,38,2,202,0,0,0,0,0,3,0,1,2,498,33,465,62,0,62,110,9,76,2,23,
3174071004,DKI JAKARTA,JAKARTA SELATAN,KEBAYORAN BARU,SELONG,41,1,16,0,24,0,0,0,0,0,3,0,0,3,80,6,74,0,0,0,20,4,13,1,2,
3173061002,DKI JAKARTA,JAKARTA BARAT,KALI DERES,SEMANAN,294,3,25,3,263,0,0,0,0,0,2,0,0,2,738,83,655,6,0,6,83,3,62,1,17,
3172041007,DKI JAKARTA,JAKARTA UTARA,CILINCING,SEMPER BARAT,506,5,76,1,424,2,1,0,0,1,12,0,2,10,945,46,899,82,0,82,310,6,262,4,38,
3172041005,DKI JAKARTA,JAKARTA UTARA,CILINCING,SEMPER TIMUR,294,10,26,1,257,1,0,0,0,1,4,0,1,3,579,40,539,34,0,34,154,2,131,3,18,
3174071006,DKI JAKARTA,JAKARTA SELATAN,KEBAYORAN BARU,SENAYAN,36,0,2,0,34,0,0,0,0,0,9,0,0,9,186,12,174,0,0,0,53,5,44,0,4,
3171041001,DKI JAKARTA,JAKARTA PUSAT,SENEN,SENEN,148,4,7,0,137,1,1,0,0,0,6,0,0,6,587,14,573,25,0,25,107,1,94,2,10,
3171031004,DKI JAKARTA,JAKARTA PUSAT,KEMAYORAN,SERDANG,320,4,23,2,291,0,0,0,0,0,5,0,0,5,442,48,394,27,0,27,137,7,83,4,43,
3174021001,DKI JAKARTA,JAKARTA SELATAN,SETIA BUDI,SETIA BUDI,57,0,7,0,50,0,0,0,0,0,4,0,0,4,215,18,197,6,0,6,20,0,15,0,5,
3175101005,DKI JAKARTA,JAKARTA TIMUR,CIPAYUNG,SETU,185,7,10,0,168,0,0,0,0,0,2,0,0,2,217,33,184,13,0,13,60,6,45,0,9,
3173071002,DKI JAKARTA,JAKARTA BARAT,PALMERAH,SLIPI,393,3,42,2,346,0,0,0,0,0,2,0,0,2,696,148,548,39,0,39,161,6,126,2,27,
3173081004,DKI JAKARTA,JAKARTA BARAT,KEMBANGAN,SRENGSENG,276,2,36,3,235,1,0,0,0,1,5,0,0,5,785,98,687,20,0,20,161,7,125,4,25,
3174091002,DKI JAKARTA,JAKARTA SELATAN,JAGAKARSA,SRENGSENG SAWAH,495,8,33,0,454,8,1,0,0,7,10,0,0,10,549,93,456,23,0,23,127,3,90,7,27,
3173051003,DKI JAKARTA,JAKARTA BARAT,KEBON JERUK,SUKABUMI SELATAN,202,4,22,4,172,0,0,0,0,0,1,0,0,1,455,75,380,23,0,23,97,2,79,3,13,
3173051002,DKI JAKARTA,JAKARTA BARAT,KEBON JERUK,SUKABUMI UTARA,184,3,24,3,154,0,0,0,0,0,19,0,0,19,465,86,379,42,0,42,98,6,74,5,13,
3172041002,DKI JAKARTA,JAKARTA UTARA,CILINCING,SUKAPURA,416,13,35,2,366,0,0,0,0,0,5,0,0,5,752,35,717,71,0,71,236,13,189,3,31,
3171031007,DKI JAKARTA,JAKARTA PUSAT,KEMAYORAN,SUMUR BATU,261,8,9,1,243,1,1,0,0,0,5,0,0,5,368,57,311,21,0,21,121,4,75,2,40,
3172021004,DKI JAKARTA,JAKARTA UTARA,TANJUNG PRIOK,SUNGAI BAMBU,210,2,16,0,192,0,0,0,0,0,6,0,0,6,467,70,397,32,0,32,107,9,63,4,31,
3172021006,DKI JAKARTA,JAKARTA UTARA,TANJUNG PRIOK,SUNTER AGUNG,687,12,64,1,610,2,0,0,0,2,19,0,1,18,1519,103,1416,63,0,63,384,17,302,14,51,
3172021002,DKI JAKARTA,JAKARTA UTARA,TANJUNG PRIOK,SUNTER JAYA,585,11,53,6,515,0,0,0,0,0,8,0,0,8,1171,136,1035,151,0,151,342,15,264,17,46,
3175091004,DKI JAKARTA,JAKARTA TIMUR,CIRACAS,SUSUKAN,243,6,38,1,198,0,0,0,0,0,16,0,0,16,911,27,884,69,0,69,80,3,58,2,17,
3173031001,DKI JAKARTA,JAKARTA BARAT,TAMAN SARI,TAMAN SARI,198,2,42,0,154,2,1,0,0,1,0,0,0,0,276,39,237,11,0,11,98,5,75,3,15,
3173041001,DKI JAKARTA,JAKARTA BARAT,TAMBORA,TAMBORA,140,2,11,3,124,0,0,0,0,0,0,0,0,0,246,9,237,2,0,2,49,2,36,2,9,
3173041004,DKI JAKARTA,JAKARTA BARAT,TAMBORA,TANAH SEREAL,227,3,7,2,215,1,0,0,0,1,4,0,0,4,206,8,198,3,0,3,115,6,97,6,6,
3171081004,DKI JAKARTA,JAKARTA PUSAT,JOHAR BARU,TANAH TINGGI,319,5,10,3,301,1,0,0,0,1,2,0,0,2,687,18,669,31,0,31,280,7,203,16,54,
3173031004,DKI JAKARTA,JAKARTA BARAT,TAMAN SARI,TANGKI,180,1,24,1,154,1,0,0,0,1,3,0,0,3,235,16,219,2,0,2,67,6,42,1,18,
3174091005,DKI JAKARTA,JAKARTA SELATAN,JAGAKARSA,TANJUNG BARAT,397,2,16,1,378,1,0,0,0,1,2,0,1,1,348,49,299,11,0,11,133,9,95,3,26,
3173021005,DKI JAKARTA,JAKARTA BARAT,GROGOL PETAMBURAN,TANJUNG DUREN SELATAN,285,2,25,1,257,0,0,0,0,0,19,0,0,19,474,79,395,19,0,19,170,12,122,7,29,
3173021002,DKI JAKARTA,JAKARTA BARAT,GROGOL PETAMBURAN,TANJUNG DUREN UTARA,205,0,22,0,183,1,0,0,0,1,20,0,0,20,372,29,343,18,0,18,68,4,52,3,9,
3172021001,DKI JAKARTA,JAKARTA UTARA,TANJUNG PRIOK,TANJUNG PRIOK,332,3,40,6,283,0,0,0,0,0,10,0,1,9,572,65,507,50,0,50,231,6,184,8,33,
3174011002,DKI JAKARTA,JAKARTA SELATAN,TEBET,TEBET BARAT,326,4,37,0,285,1,0,0,0,1,8,0,0,8,493,40,453,22,0,22,218,7,192,3,16,
3174011001,DKI JAKARTA,JAKARTA SELATAN,TEBET,TEBET TIMUR,243,2,82,2,157,0,0,0,0,0,6,0,0,6,390,34,356,28,0,28,79,4,53,3,19,
3173061003,DKI JAKARTA,JAKARTA BARAT,KALI DERES,TEGAL ALUR,481,2,41,6,432,0,0,0,0,0,7,0,4,3,883,131,752,8,0,8,110,8,91,3,8,
3174031004,DKI JAKARTA,JAKARTA SELATAN,MAMPANG PRAPATAN,TEGAL PARANG,233,7,16,3,207,5,0,0,1,4,3,0,0,3,722,81,641,10,0,10,171,6,124,4,37,
3173021003,DKI JAKARTA,JAKARTA BARAT,GROGOL PETAMBURAN,TOMANG,308,4,18,2,284,0,0,0,0,0,14,0,0,14,524,45,479,73,0,73,164,9,148,2,5,
3172031005,DKI JAKARTA,JAKARTA UTARA,KOJA,TUGU SELATAN,291,1,18,1,271,0,0,0,0,0,1,0,0,1,343,30,313,62,0,62,141,9,106,5,21,
3172031002,DKI JAKARTA,JAKARTA UTARA,KOJA,TUGU UTARA,641,10,36,0,595,3,1,0,0,2,7,0,0,7,641,74,567,71,0,71,239,6,164,6,63,
3175061006,DKI JAKARTA,JAKARTA TIMUR,CAKUNG,UJUNG MENTENG,100,0,10,2,88,1,0,0,0,1,0,0,0,0,288,27,261,16,0,16,72,8,47,3,14,
3174101005,DKI JAKARTA,JAKARTA SELATAN,PESANGGRAHAN,ULUJAMI,433,8,17,2,406,0,0,0,0,0,0,0,0,0,923,57,866,25,0,25,133,4,105,3,21,
3175011006,DKI JAKARTA,JAKARTA TIMUR,MATRAMAN,UTAN KAYU SELATAN,356,7,18,8,323,2,1,0,0,1,2,0,0,2,600,37,563,81,0,81,167,7,124,6,30,
3175011002,DKI JAKARTA,JAKARTA TIMUR,MATRAMAN,UTAN KAYU UTARA,275,3,17,0,255,2,1,0,0,1,2,0,0,2,479,51,428,40,0,40,125,10,78,4,33,
3171031008,DKI JAKARTA,JAKARTA PUSAT,KEMAYORAN,UTAN PANJANG,279,1,21,2,255,0,0,0,0,0,2,0,0,2,321,59,262,18,0,18,132,3,82,7,40,
3172021007,DKI JAKARTA,JAKARTA UTARA,TANJUNG PRIOK,WARAKAS,304,5,53,2,244,0,0,0,0,0,9,0,0,9,666,93,573,46,0,46,180,3,129,4,44,
3173021007,DKI JAKARTA,JAKARTA BARAT,GROGOL PETAMBURAN,WIJAYA KUSUMA,275,2,20,2,251,0,0,0,0,0,7,0,1,6,600,20,580,21,0,21,133,4,101,5,23,
