id_kel,nama_provinsi,nama_kota,nama_kecamatan,nama_kelurahan,suspek,perawatan_rs,isolasi_di_rumah,suspek_meninggal,selesai_isolasi,probable,perawatan_rs,isolasi_di_rumah,probable_meninggal,selesai_isolasi,pelaku_perjalanan,perawatan_rs,isolasi_di_rumah,selesai_isolasi,kontak_erat,isolasi_di_rumah,selesai_isolasi,discarded,meninggal,selesai_isolasi,positif,dirawat,sembuh,meninggal,self_isolation,keterangan
3172051003,DKI JAKARTA,JAKARTA UTARA,PADEMANGAN,ANCOL,283,4,25,0,254,1,0,0,0,1,8,0,0,8,444,41,403,5,0,5,121,17,84,5,15,
3173041007,DKI JAKARTA,JAKARTA BARAT,TAMBORA,ANGKE,284,5,9,2,268,1,0,0,1,0,0,0,0,0,394,10,384,24,0,24,99,13,78,4,4,
3175041005,DKI JAKARTA,JAKARTA TIMUR,KRAMAT JATI,BALE KAMBANG,156,6,15,1,134,1,0,0,0,1,4,0,1,3,340,52,288,23,0,23,68,2,63,0,3,
3175031003,DKI JAKARTA,JAKARTA TIMUR,JATINEGARA,BALI MESTER,63,3,7,1,52,0,0,0,0,0,0,0,0,0,61,11,50,2,0,2,16,2,12,2,0,
3175101006,DKI JAKARTA,JAKARTA TIMUR,CIPAYUNG,BAMBU APUS,184,11,20,1,152,0,0,0,0,0,3,0,0,3,278,48,230,15,0,15,66,2,60,3,1,
3174031002,DKI JAKARTA,JAKARTA SELATAN,MAMPANG PRAPATAN,BANGKA,116,0,7,2,107,4,0,0,1,3,18,0,0,18,461,25,436,8,0,8,65,2,52,1,10,
3175051002,DKI JAKARTA,JAKARTA TIMUR,PASAR REBO,BARU,164,2,30,1,131,0,0,0,0,0,4,0,1,3,250,17,233,10,0,10,48,5,33,0,10,
3175041004,DKI JAKARTA,JAKARTA TIMUR,KRAMAT JATI,BATU AMPAR,269,7,39,1,222,2,1,0,0,1,2,0,1,1,558,83,475,25,0,25,77,2,66,4,5,
BELUM DIKETAHUI,BELUM DIKETAHUI,BELUM DIKETAHUI,BELUM DIKETAHUI,BELUM DIKETAHUI,10883,24,21,1690,9148,1511,0,0,1509,2,105,0,0,105,5491,163,5328,73,1,72,13221,2124,7488,257,3352,
3171071002,DKI JAKARTA,JAKARTA PUSAT,TANAH ABANG,BENDUNGAN HILIR,276,11,23,0,242,0,0,0,0,0,3,0,0,3,312,14,298,5,0,5,68,6,55,1,6,
3175031002,DKI JAKARTA,JAKARTA TIMUR,JATINEGARA,BIDARA CINA,196,6,24,3,163,0,0,0,0,0,1,0,0,1,237,32,205,23,0,23,130,3,116,6,5,
3174101002,DKI JAKARTA,JAKARTA SELATAN,PESANGGRAHAN,BINTARO,469,1,39,2,427,4,0,0,0,4,7,0,0,7,959,42,917,20,0,20,110,6,89,6,9,
3174011005,DKI JAKARTA,JAKARTA SELATAN,TEBET,BUKIT DURI,136,6,12,3,115,1,0,0,0,1,13,0,0,13,325,40,285,11,0,11,58,1,52,2,3,
3171041006,DKI JAKARTA,JAKARTA PUSAT,SENEN,BUNGUR,143,1,14,2,126,1,0,0,0,1,13,0,0,13,401,17,384,9,0,9,93,1,82,1,9,
3175061007,DKI JAKARTA,JAKARTA TIMUR,CAKUNG,CAKUNG BARAT,148,9,15,1,123,0,0,0,0,0,0,0,0,0,447,69,378,35,0,35,96,2,92,1,1,
3175061004,DKI JAKARTA,JAKARTA TIMUR,CAKUNG,CAKUNG TIMUR,176,14,20,2,140,2,1,0,1,0,3,0,0,3,452,90,362,26,0,26,82,6,62,2,12,
3175041007,DKI JAKARTA,JAKARTA TIMUR,KRAMAT JATI,CAWANG,163,6,20,0,137,1,0,0,0,1,4,0,0,4,384,56,328,13,0,13,92,11,64,4,13,
3175101008,DKI JAKARTA,JAKARTA TIMUR,CIPAYUNG,CEGER,119,6,13,0,100,0,0,0,0,0,0,0,0,0,122,32,90,8,0,8,20,4,15,0,1,
3171031006,DKI JAKARTA,JAKARTA PUSAT,KEMAYORAN,CEMPAKA BARU,366,22,37,2,305,1,1,0,0,0,7,0,0,7,408,90,318,29,0,29,203,5,166,9,23,
3171051002,DKI JAKARTA,JAKARTA PUSAT,CEMPAKA PUTIH,CEMPAKA PUTIH BARAT,595,9,24,2,560,2,2,0,0,0,9,0,0,9,1364,96,1268,41,0,41,352,9,300,14,29,
3171051001,DKI JAKARTA,JAKARTA PUSAT,CEMPAKA PUTIH,CEMPAKA PUTIH TIMUR,400,9,18,1,372,0,0,0,0,0,9,0,0,9,977,44,933,45,0,45,199,3,149,7,40,
3173011001,DKI JAKARTA,JAKARTA BARAT,CENGKARENG,CENGKARENG BARAT,286,6,43,1,236,0,0,0,0,0,5,0,0,5,737,82,655,9,0,9,109,13,75,5,16,
3173011006,DKI JAKARTA,JAKARTA BARAT,CENGKARENG,CENGKARENG TIMUR,411,8,59,7,337,1,0,0,0,1,3,0,0,3,926,149,777,14,0,14,230,14,171,6,39,
3175091002,DKI JAKARTA,JAKARTA TIMUR,CIRACAS,CIBUBUR,414,15,67,4,328,1,0,0,0,1,28,0,3,25,1392,115,1277,81,0,81,108,8,84,3,13,
3171011002,DKI JAKARTA,JAKARTA PUSAT,GAMBIR,CIDENG,185,4,13,2,166,0,0,0,0,0,8,0,0,8,362,61,301,11,0,11,85,5,66,4,10,
3174091003,DKI JAKARTA,JAKARTA SELATAN,JAGAKARSA,CIGANJUR,451,12,21,1,417,2,0,0,0,2,9,0,0,9,328,63,265,8,0,8,75,1,68,3,3,
3175051003,DKI JAKARTA,JAKARTA TIMUR,PASAR REBO,CIJANTUNG,357,14,37,3,303,0,0,0,0,0,1,0,0,1,345,49,296,4,0,4,97,5,74,3,15,
3171061003,DKI JAKARTA,JAKARTA PUSAT,MENTENG,CIKINI,91,4,13,0,74,0,0,0,0,0,0,0,0,0,146,20,126,11,0,11,23,0,16,2,5,
3174081006,DKI JAKARTA,JAKARTA SELATAN,PANCORAN,CIKOKO,133,1,27,0,105,0,0,0,0,0,10,0,0,10,200,7,193,0,0,0,34,1,30,1,2,
3174061001,DKI JAKARTA,JAKARTA SELATAN,CILANDAK,CILANDAK BARAT,413,20,50,5,338,0,0,0,0,0,92,0,0,92,649,94,555,36,0,36,106,1,82,5,18,
3174041003,DKI JAKARTA,JAKARTA SELATAN,PASAR MINGGU,CILANDAK TIMUR,183,36,11,1,135,3,2,0,0,1,17,0,0,17,265,27,238,80,0,80,125,9,101,5,10,
3175101002,DKI JAKARTA,JAKARTA TIMUR,CIPAYUNG,CILANGKAP,184,7,11,1,165,0,0,0,0,0,1,0,0,1,263,64,199,18,0,18,57,2,41,0,14,
3175041006,DKI JAKARTA,JAKARTA TIMUR,KRAMAT JATI,CILILITAN,171,6,18,1,146,0,0,0,0,0,4,0,1,3,476,52,424,41,0,41,103,5,88,0,10,
3172041001,DKI JAKARTA,JAKARTA UTARA,CILINCING,CILINCING,300,16,27,1,256,0,0,0,0,0,5,0,1,4,933,80,853,63,0,63,218,15,187,6,10,
3175101001,DKI JAKARTA,JAKARTA TIMUR,CIPAYUNG,CIPAYUNG,236,7,15,2,212,1,0,0,1,0,4,0,0,4,254,43,211,10,0,10,85,1,78,1,5,
3174091006,DKI JAKARTA,JAKARTA SELATAN,JAGAKARSA,CIPEDAK,371,22,16,0,333,2,0,0,0,2,0,0,0,0,248,54,194,5,0,5,54,2,39,2,11,
3174061005,DKI JAKARTA,JAKARTA SELATAN,CILANDAK,CIPETE SELATAN,151,9,10,1,131,1,1,0,0,0,44,0,0,44,249,36,213,5,0,5,33,1,23,5,4,
3174071010,DKI JAKARTA,JAKARTA SELATAN,KEBAYORAN BARU,CIPETE UTARA,324,9,73,3,239,0,0,0,0,0,9,0,0,9,315,27,288,5,0,5,51,3,41,3,4,
3175021003,DKI JAKARTA,JAKARTA TIMUR,PULO GADUNG,CIPINANG,152,11,15,2,124,0,0,0,0,0,3,0,0,3,566,106,460,28,0,28,166,9,123,6,28,
3175031007,DKI JAKARTA,JAKARTA TIMUR,JATINEGARA,CIPINANG BESAR SELATAN,135,9,11,2,113,1,0,0,0,1,1,0,0,1,234,59,175,9,0,9,52,3,40,1,8,
3175031008,DKI JAKARTA,JAKARTA TIMUR,JATINEGARA,CIPINANG BESAR UTARA,154,11,28,0,115,1,0,0,0,1,3,0,0,3,350,34,316,16,0,16,93,6,80,3,4,
3175031005,DKI JAKARTA,JAKARTA TIMUR,JATINEGARA,CIPINANG CEMPEDAK,141,5,15,2,119,0,0,0,0,0,2,0,0,2,197,44,153,10,0,10,38,0,37,1,0,
3175081005,DKI JAKARTA,JAKARTA TIMUR,MAKASAR,CIPINANG MELAYU,179,4,42,2,131,1,0,0,0,1,3,0,1,2,431,91,340,15,0,15,90,1,82,4,3,
3175031006,DKI JAKARTA,JAKARTA TIMUR,JATINEGARA,CIPINANG MUARA,201,5,27,1,168,4,0,0,0,4,4,0,0,4,419,69,350,22,0,22,109,5,90,1,13,
3174051003,DKI JAKARTA,JAKARTA SELATAN,KEBAYORAN LAMA,CIPULIR,168,8,14,4,142,4,2,0,0,2,6,0,0,6,406,16,390,5,0,5,103,1,93,5,4,
3175091001,DKI JAKARTA,JAKARTA TIMUR,CIRACAS,CIRACAS,404,15,46,9,334,1,0,0,0,1,22,0,0,22,1092,103,989,42,0,42,145,11,106,7,21,
3175041003,DKI JAKARTA,JAKARTA TIMUR,KRAMAT JATI,DUKUH,131,5,7,1,118,0,0,0,0,0,1,0,0,1,336,41,295,13,0,13,51,2,45,0,4,
3175071001,DKI JAKARTA,JAKARTA TIMUR,DUREN SAWIT,DUREN SAWIT,573,17,43,3,510,12,2,0,0,10,2,0,0,2,561,84,477,18,0,18,278,19,189,9,61,
3174081004,DKI JAKARTA,JAKARTA SELATAN,PANCORAN,DUREN TIGA,232,8,20,0,204,1,0,0,0,1,3,0,0,3,371,24,347,2,0,2,47,6,30,0,11,
3173051005,DKI JAKARTA,JAKARTA BARAT,KEBON JERUK,DURI KEPA,252,10,32,2,208,3,0,0,0,3,12,0,0,12,749,78,671,65,0,65,173,8,152,5,8,
3173011002,DKI JAKARTA,JAKARTA BARAT,CENGKARENG,DURI KOSAMBI,287,10,35,3,239,0,0,0,0,0,4,0,0,4,560,79,481,10,0,10,112,5,83,7,17,
3171011006,DKI JAKARTA,JAKARTA PUSAT,GAMBIR,DURI PULO,106,5,4,3,94,0,0,0,0,0,0,0,0,0,238,46,192,7,0,7,73,5,52,4,12,
3173041011,DKI JAKARTA,JAKARTA BARAT,TAMBORA,DURI SELATAN,92,6,5,1,80,0,0,0,0,0,2,0,0,2,101,11,90,3,0,3,51,4,40,3,4,
3173041003,DKI JAKARTA,JAKARTA BARAT,TAMBORA,DURI UTARA,119,3,17,2,97,0,0,0,0,0,1,0,0,1,153,16,137,2,0,2,62,9,42,1,10,
3171081003,DKI JAKARTA,JAKARTA PUSAT,JOHAR BARU,GALUR,125,6,10,0,109,1,0,0,0,1,2,0,0,2,284,12,272,43,0,43,127,5,100,4,18,
3171011001,DKI JAKARTA,JAKARTA PUSAT,GAMBIR,GAMBIR,58,3,6,0,49,1,1,0,0,0,17,0,0,17,215,24,191,6,0,6,75,3,53,1,18,
3174061004,DKI JAKARTA,JAKARTA SELATAN,CILANDAK,GANDARIA SELATAN,119,6,7,0,106,2,0,0,0,2,20,0,0,20,418,44,374,2,0,2,66,2,47,4,13,
3174071009,DKI JAKARTA,JAKARTA SELATAN,KEBAYORAN BARU,GANDARIA UTARA,253,13,28,2,210,0,0,0,0,0,3,0,0,3,413,31,382,1,0,1,75,6,62,1,6,
3175051001,DKI JAKARTA,JAKARTA TIMUR,PASAR REBO,GEDONG,462,12,31,0,419,0,0,0,0,0,3,0,1,2,211,23,188,22,0,22,95,2,84,4,5,
3171071001,DKI JAKARTA,JAKARTA PUSAT,TANAH ABANG,GELORA,37,1,0,1,35,0,0,0,0,0,5,0,0,5,74,5,69,0,0,0,50,0,43,4,3,
3173031007,DKI JAKARTA,JAKARTA BARAT,TAMAN SARI,GLODOK,61,3,12,0,46,0,0,0,0,0,0,0,0,0,104,16,88,0,0,0,11,2,7,1,1,
3171061004,DKI JAKARTA,JAKARTA PUSAT,MENTENG,GONDANGDIA,38,1,3,1,33,0,0,0,0,0,4,0,0,4,86,8,78,7,0,7,36,1,22,3,10,
3173021001,DKI JAKARTA,JAKARTA BARAT,GROGOL PETAMBURAN,GROGOL,212,7,26,4,175,1,0,0,0,1,39,0,0,39,505,41,464,31,0,31,88,7,67,2,12,
3174051005,DKI JAKARTA,JAKARTA SELATAN,KEBAYORAN LAMA,GROGOL SELATAN,194,5,23,5,161,0,0,0,0,0,12,0,0,12,438,17,421,4,0,4,97,8,81,3,5,
3174051004,DKI JAKARTA,JAKARTA SELATAN,KEBAYORAN LAMA,GROGOL UTARA,221,8,34,4,175,0,0,0,0,0,24,0,0,24,442,33,409,13,0,13,131,2,111,4,14,
3174021007,DKI JAKARTA,JAKARTA SELATAN,SETIA BUDI,GUNTUR,41,1,7,0,33,0,0,0,0,0,1,0,0,1,117,39,78,1,0,1,17,2,14,0,1,
3174071002,DKI JAKARTA,JAKARTA SELATAN,KEBAYORAN BARU,GUNUNG,130,3,71,3,53,0,0,0,0,0,7,0,0,7,246,32,214,0,0,0,28,1,18,1,8,
3171031005,DKI JAKARTA,JAKARTA PUSAT,KEMAYORAN,GUNUNG SAHARI SELATAN,184,3,20,1,160,0,0,0,0,0,2,0,0,2,251,38,213,1,0,1,68,2,51,1,14,
3171021004,DKI JAKARTA,JAKARTA PUSAT,SAWAH BESAR,GUNUNG SAHARI UTARA,172,4,16,1,151,0,0,0,0,0,5,0,0,5,343,56,287,8,0,8,54,1,36,5,12,
3175081004,DKI JAKARTA,JAKARTA TIMUR,MAKASAR,HALIM PERDANA KUSUMAH,126,11,15,2,98,0,0,0,0,0,4,0,2,2,294,27,267,9,0,9,132,9,96,3,24,
3171031003,DKI JAKARTA,JAKARTA PUSAT,KEMAYORAN,HARAPAN MULIA,222,10,22,3,187,0,0,0,0,0,6,0,0,6,291,37,254,26,0,26,128,2,118,6,2,
3174091001,DKI JAKARTA,JAKARTA SELATAN,JAGAKARSA,JAGAKARSA,566,21,24,2,519,3,1,0,0,2,7,0,0,7,544,97,447,11,0,11,151,4,136,5,6,
3175021007,DKI JAKARTA,JAKARTA TIMUR,PULO GADUNG,JATI,202,7,59,1,135,0,0,0,0,0,6,0,0,6,606,76,530,23,0,23,123,11,89,2,21,
3174041002,DKI JAKARTA,JAKARTA SELATAN,PASAR MINGGU,JATI PADANG,210,11,20,2,177,0,0,0,0,0,3,0,1,2,395,36,359,61,0,61,57,3,47,2,5,
3173071004,DKI JAKARTA,JAKARTA BARAT,PALMERAH,JATI PULO,288,3,26,4,255,0,0,0,0,0,3,0,0,3,510,57,453,61,0,61,147,6,133,3,5,
3175061001,DKI JAKARTA,JAKARTA TIMUR,CAKUNG,JATINEGARA,267,12,32,3,220,0,0,0,0,0,2,0,0,2,731,158,573,34,0,34,156,6,106,5,39,
3175021004,DKI JAKARTA,JAKARTA TIMUR,PULO GADUNG,JATINEGARA KAUM,47,3,3,0,41,1,0,0,1,0,3,0,0,3,188,49,139,6,0,6,17,0,15,0,2,
3173021004,DKI JAKARTA,JAKARTA BARAT,GROGOL PETAMBURAN,JELAMBAR,210,7,21,5,177,2,0,0,0,2,24,0,0,24,518,41,477,7,0,7,96,7,79,3,7,
3173021006,DKI JAKARTA,JAKARTA BARAT,GROGOL PETAMBURAN,JELAMBAR BARU,248,4,11,2,231,1,0,0,0,1,4,0,0,4,431,15,416,17,0,17,48,2,38,3,5,
3173041006,DKI JAKARTA,JAKARTA BARAT,TAMBORA,JEMBATAN BESI,425,10,16,1,398,0,0,0,0,0,4,0,0,4,400,16,384,7,0,7,157,4,143,4,6,
3173041008,DKI JAKARTA,JAKARTA BARAT,TAMBORA,JEMBATAN LIMA,121,5,3,0,113,0,0,0,0,0,0,0,0,0,157,20,137,1,0,1,38,2,27,2,7,
3173081005,DKI JAKARTA,JAKARTA BARAT,KEMBANGAN,JOGLO,183,9,26,4,144,0,0,0,0,0,4,0,0,4,339,44,295,12,0,12,66,4,58,0,4,
3171081001,DKI JAKARTA,JAKARTA PUSAT,JOHAR BARU,JOHAR BARU,384,14,39,3,328,1,1,0,0,0,3,0,0,3,1074,106,968,92,0,92,264,7,240,8,9,
3173041002,DKI JAKARTA,JAKARTA BARAT,TAMBORA,KALI ANYAR,247,5,32,0,210,0,0,0,0,0,3,0,0,3,284,17,267,9,0,9,122,4,92,5,21,
3172041004,DKI JAKARTA,JAKARTA UTARA,CILINCING,KALI BARU,261,30,27,5,199,0,0,0,0,0,4,0,0,4,520,30,490,33,0,33,231,8,182,4,37,
3174081002,DKI JAKARTA,JAKARTA SELATAN,PANCORAN,KALIBATA,317,11,33,3,270,3,1,0,0,2,8,0,0,8,480,64,416,12,0,12,135,5,110,0,20,
3173061001,DKI JAKARTA,JAKARTA BARAT,KALI DERES,KALIDERES,630,17,64,4,545,1,1,0,0,0,5,0,0,5,1535,102,1433,28,0,28,165,13,127,5,20,
3175051004,DKI JAKARTA,JAKARTA TIMUR,PASAR REBO,KALISARI,526,4,40,0,482,0,0,0,0,0,2,0,0,2,266,28,238,7,0,7,83,3,74,4,2,
3173061004,DKI JAKARTA,JAKARTA BARAT,KALI DERES,KAMAL,228,3,24,3,198,0,0,0,0,0,1,0,0,1,376,18,358,3,0,3,26,0,19,2,5,
3172011002,DKI JAKARTA,JAKARTA UTARA,PENJARINGAN,KAMAL MUARA,51,1,2,0,48,0,0,0,0,0,4,0,0,4,87,18,69,0,0,0,35,2,20,1,12,
3171071007,DKI JAKARTA,JAKARTA PUSAT,TANAH ABANG,KAMPUNG BALI,109,8,9,2,90,1,0,0,0,1,2,0,0,2,131,10,121,2,0,2,30,3,25,2,0,
3175031001,DKI JAKARTA,JAKARTA TIMUR,JATINEGARA,KAMPUNG MELAYU,124,16,19,5,84,1,0,0,0,1,4,0,0,4,147,36,111,4,0,4,118,3,108,2,5,
3171081002,DKI JAKARTA,JAKARTA PUSAT,JOHAR BARU,KAMPUNG RAWA,200,4,16,0,180,1,0,0,0,1,0,0,0,0,462,33,429,63,0,63,163,4,139,13,7,
3175041002,DKI JAKARTA,JAKARTA TIMUR,KRAMAT JATI,KAMPUNG TENGAH,347,11,39,1,296,1,0,0,0,1,8,0,1,7,780,82,698,48,0,48,167,9,136,7,15,
3173011005,DKI JAKARTA,JAKARTA BARAT,CENGKARENG,KAPUK,391,21,56,16,298,0,0,0,0,0,9,0,2,7,895,180,715,11,0,11,160,14,103,5,38,
3172011003,DKI JAKARTA,JAKARTA UTARA,PENJARINGAN,KAPUK MUARA,120,8,2,0,110,0,0,0,0,0,9,0,0,9,294,81,213,17,0,17,77,8,62,3,4,
3171021002,DKI JAKARTA,JAKARTA PUSAT,SAWAH BESAR,KARANG ANYAR,325,9,15,5,296,1,0,0,0,1,4,0,0,4,632,55,577,8,0,8,98,7,79,4,8,
3174021004,DKI JAKARTA,JAKARTA SELATAN,SETIA BUDI,KARET,90,4,7,0,79,0,0,0,0,0,10,0,0,10,275,26,249,4,0,4,41,3,36,0,2,
3174021003,DKI JAKARTA,JAKARTA SELATAN,SETIA BUDI,KARET KUNINGAN,132,4,20,1,107,0,0,0,0,0,21,0,0,21,242,24,218,4,0,4,39,1,26,3,9,
3174021002,DKI JAKARTA,JAKARTA SELATAN,SETIA BUDI,KARET SEMANGGI,41,0,1,1,39,0,0,0,0,0,3,0,0,3,63,17,46,0,0,0,11,2,6,2,1,
3171071003,DKI JAKARTA,JAKARTA PUSAT,TANAH ABANG,KARET TENGSIN,174,3,4,0,167,0,0,0,0,0,7,0,0,7,202,26,176,0,0,0,49,6,38,1,4,
3171021003,DKI JAKARTA,JAKARTA PUSAT,SAWAH BESAR,KARTINI,222,2,9,1,210,1,0,0,0,1,0,0,0,0,456,43,413,15,0,15,112,3,100,2,7,
3175011003,DKI JAKARTA,JAKARTA TIMUR,MATRAMAN,KAYU MANIS,187,10,13,0,164,1,0,0,0,1,0,0,0,0,452,51,401,23,0,23,77,2,65,3,7,
3175021006,DKI JAKARTA,JAKARTA TIMUR,PULO GADUNG,KAYU PUTIH,268,6,19,4,239,1,0,0,1,0,11,0,0,11,756,63,693,25,0,25,148,1,131,3,13,
3173031006,DKI JAKARTA,JAKARTA BARAT,TAMAN SARI,KEAGUNGAN,192,4,39,0,149,0,0,0,0,0,2,0,0,2,319,33,286,9,0,9,74,6,55,1,12,
3174041007,DKI JAKARTA,JAKARTA SELATAN,PASAR MINGGU,KEBAGUSAN,280,9,65,1,205,1,0,0,0,1,1,0,0,1,434,42,392,24,0,24,59,0,59,0,0,
3174051006,DKI JAKARTA,JAKARTA SELATAN,KEBAYORAN LAMA,KEBAYORAN LAMA SELATAN,314,17,17,0,280,4,1,0,0,3,1,0,0,1,628,21,607,10,0,10,108,3,97,5,3,
3174051001,DKI JAKARTA,JAKARTA SELATAN,KEBAYORAN LAMA,KEBAYORAN LAMA UTARA,196,2,20,1,173,0,0,0,0,0,15,0,0,15,362,15,347,3,0,3,69,0,54,6,9,
3174011004,DKI JAKARTA,JAKARTA SELATAN,TEBET,KEBON BARU,162,4,34,2,122,0,0,0,0,0,15,0,0,15,420,50,370,16,0,16,57,1,47,0,9,
3172021005,DKI JAKARTA,JAKARTA UTARA,TANJUNG PRIOK,KEBON BAWANG,416,14,58,1,343,0,0,0,0,0,13,0,0,13,757,92,665,52,0,52,230,7,205,3,15,
3173051001,DKI JAKARTA,JAKARTA BARAT,KEBON JERUK,KEBON JERUK,345,14,41,6,284,0,0,0,0,0,13,0,0,13,1114,96,1018,53,0,53,195,15,140,10,30,
3171071006,DKI JAKARTA,JAKARTA PUSAT,TANAH ABANG,KEBON KACANG,361,12,12,1,336,1,1,0,0,0,0,0,0,0,329,16,313,3,0,3,211,2,186,7,16,
3171011005,DKI JAKARTA,JAKARTA PUSAT,GAMBIR,KEBON KELAPA,90,3,5,1,81,1,1,0,0,0,1,0,0,1,151,19,132,0,0,0,25,1,23,1,0,
3171031002,DKI JAKARTA,JAKARTA PUSAT,KEMAYORAN,KEBON KOSONG,235,3,21,5,206,0,0,0,0,0,7,0,0,7,277,20,257,27,0,27,128,1,117,6,4,
3175011005,DKI JAKARTA,JAKARTA TIMUR,MATRAMAN,KEBON MANGGIS,106,4,9,4,89,0,0,0,0,0,1,0,0,1,136,20,116,18,0,18,86,5,74,1,6,
3171071005,DKI JAKARTA,JAKARTA PUSAT,TANAH ABANG,KEBON MELATI,363,13,24,3,323,0,0,0,0,0,5,0,0,5,350,24,326,7,0,7,177,6,125,6,40,
3175081003,DKI JAKARTA,JAKARTA TIMUR,MAKASAR,KEBON PALA,146,14,13,1,118,0,0,0,0,0,4,0,0,4,570,95,475,13,0,13,112,1,100,3,8,
3171061005,DKI JAKARTA,JAKARTA PUSAT,MENTENG,KEBON SIRIH,100,2,12,2,84,0,0,0,0,0,2,0,0,2,239,14,225,13,0,13,69,3,47,2,17,
3173011004,DKI JAKARTA,JAKARTA BARAT,CENGKARENG,KEDAUNG KALI ANGKE,229,5,43,0,181,0,0,0,0,0,1,0,0,1,262,50,212,5,0,5,113,2,83,2,26,
3173051007,DKI JAKARTA,JAKARTA BARAT,KEBON JERUK,KEDOYA SELATAN,169,14,22,5,128,2,0,0,0,2,4,0,0,4,354,39,315,17,0,17,66,7,46,2,11,
3173051006,DKI JAKARTA,JAKARTA BARAT,KEBON JERUK,KEDOYA UTARA,143,11,15,2,115,1,0,0,0,1,15,0,0,15,479,70,409,18,0,18,91,3,62,3,23,
3173051004,DKI JAKARTA,JAKARTA BARAT,KEBON JERUK,KELAPA DUA,101,7,16,0,78,0,0,0,0,0,5,0,0,5,275,30,245,18,0,18,48,3,43,1,1,
3175091003,DKI JAKARTA,JAKARTA TIMUR,CIRACAS,KELAPA DUA WETAN,300,7,33,1,259,0,0,0,0,0,7,0,0,7,752,52,700,33,0,33,93,4,70,0,19,
3172061003,DKI JAKARTA,JAKARTA UTARA,KELAPA GADING,KELAPA GADING BARAT,540,19,80,2,439,1,0,0,0,1,44,0,1,43,946,125,821,50,0,50,203,19,139,7,38,
3172061001,DKI JAKARTA,JAKARTA UTARA,KELAPA GADING,KELAPA GADING TIMUR,459,9,32,2,416,0,0,0,0,0,18,0,0,18,899,96,803,33,0,33,110,6,88,6,10,
3173071005,DKI JAKARTA,JAKARTA BARAT,PALMERAH,KEMANGGISAN,325,8,48,6,263,0,0,0,0,0,7,0,0,7,555,62,493,48,0,48,128,10,103,6,9,
3171031001,DKI JAKARTA,JAKARTA PUSAT,KEMAYORAN,KEMAYORAN,252,6,25,3,218,0,0,0,0,0,0,0,0,0,364,42,322,20,0,20,144,5,122,5,12,
3173081006,DKI JAKARTA,JAKARTA BARAT,KEMBANGAN,KEMBANGAN SELATAN,126,9,25,1,91,0,0,0,0,0,5,0,0,5,350,32,318,52,0,52,80,12,59,1,8,
3173081001,DKI JAKARTA,JAKARTA BARAT,KEMBANGAN,KEMBANGAN UTARA,256,15,44,3,194,1,0,0,1,0,2,0,0,2,1001,77,924,10,0,10,107,6,91,3,7,
3171041002,DKI JAKARTA,JAKARTA PUSAT,SENEN,KENARI,140,5,9,1,125,0,0,0,0,0,0,0,0,0,342,41,301,44,0,44,136,1,127,7,1,
3173041005,DKI JAKARTA,JAKARTA BARAT,TAMBORA,KERENDANG,174,3,14,2,155,1,0,0,0,1,0,0,0,0,144,17,127,3,0,3,90,10,72,3,5,
3175071003,DKI JAKARTA,JAKARTA TIMUR,DUREN SAWIT,KLENDER,408,8,27,2,371,2,0,0,0,2,3,0,0,3,555,89,466,17,0,17,160,7,132,9,12,
3172031001,DKI JAKARTA,JAKARTA UTARA,KOJA,KOJA,214,3,18,0,193,0,0,0,0,0,4,0,0,4,331,37,294,30,0,30,134,6,108,4,16,
3173071006,DKI JAKARTA,JAKARTA BARAT,PALMERAH,KOTA BAMBU SELATAN,297,7,28,5,257,0,0,0,0,0,1,0,0,1,670,47,623,71,0,71,178,7,167,4,0,
3173071003,DKI JAKARTA,JAKARTA BARAT,PALMERAH,KOTA BAMBU UTARA,256,6,18,11,221,0,0,0,0,0,3,0,1,2,413,25,388,52,0,52,180,5,169,5,1,
3171041004,DKI JAKARTA,JAKARTA PUSAT,SENEN,KRAMAT,289,5,27,5,252,0,0,0,0,0,4,0,0,4,712,68,644,30,0,30,235,0,224,5,6,
3175041001,DKI JAKARTA,JAKARTA TIMUR,KRAMAT JATI,KRAMAT JATI,202,4,28,1,169,0,0,0,0,0,9,0,1,8,462,93,369,21,0,21,104,5,74,6,19,
3174071003,DKI JAKARTA,JAKARTA SELATAN,KEBAYORAN BARU,KRAMAT PELA,78,2,12,0,64,0,0,0,0,0,0,0,0,0,406,18,388,4,0,4,86,2,73,0,11,
3173031002,DKI JAKARTA,JAKARTA BARAT,TAMAN SARI,KRUKUT,131,6,35,6,84,0,0,0,0,0,3,0,0,3,257,32,225,9,0,9,54,7,40,2,5,
3174031005,DKI JAKARTA,JAKARTA SELATAN,MAMPANG PRAPATAN,KUNINGAN BARAT,70,2,6,1,61,0,0,0,0,0,0,0,0,0,294,5,289,5,0,5,28,0,11,0,17,
3174021008,DKI JAKARTA,JAKARTA SELATAN,SETIA BUDI,KUNINGAN TIMUR,80,1,5,1,73,1,0,0,0,1,20,0,0,20,98,16,82,1,0,1,37,1,26,1,9,
3171041005,DKI JAKARTA,JAKARTA PUSAT,SENEN,KWITANG,184,5,11,0,168,1,0,0,0,1,2,0,0,2,346,28,318,7,0,7,75,1,54,2,18,
3172031003,DKI JAKARTA,JAKARTA UTARA,KOJA,LAGOA,395,17,23,1,354,0,0,0,0,0,4,0,0,4,445,65,380,45,0,45,325,3,299,9,14,
3174061002,DKI JAKARTA,JAKARTA SELATAN,CILANDAK,LEBAK BULUS,201,9,18,2,172,3,0,0,0,3,27,0,0,27,381,64,317,20,0,20,84,2,60,8,14,
3174091004,DKI JAKARTA,JAKARTA SELATAN,JAGAKARSA,LENTENG AGUNG,413,8,15,0,390,2,1,0,0,1,6,0,0,6,327,77,250,11,0,11,84,1,59,2,22,
LUAR DKI JAKARTA,LUAR DKI JAKARTA,LUAR DKI JAKARTA,LUAR DKI JAKARTA,LUAR DKI JAKARTA,15093,293,1058,98,13644,35,5,0,0,30,446,0,20,426,20204,2170,18034,1028,0,1028,5167,338,4417,138,274,
3175101007,DKI JAKARTA,JAKARTA TIMUR,CIPAYUNG,LUBANG BUAYA,364,11,74,3,276,1,1,0,0,0,4,0,1,3,446,62,384,27,0,27,118,8,76,2,32,
3175081001,DKI JAKARTA,JAKARTA TIMUR,MAKASAR,MAKASAR,143,3,20,1,119,0,0,0,0,0,7,0,0,7,618,93,525,19,0,19,59,6,44,2,7,
3175071006,DKI JAKARTA,JAKARTA TIMUR,DUREN SAWIT,MALAKA JAYA,232,6,15,2,209,1,0,0,0,1,2,0,0,2,341,57,284,10,0,10,70,2,65,0,3,
3175071005,DKI JAKARTA,JAKARTA TIMUR,DUREN SAWIT,MALAKA SARI,198,10,11,1,176,0,0,0,0,0,0,0,0,0,251,38,213,8,0,8,66,2,53,4,7,
3174031001,DKI JAKARTA,JAKARTA SELATAN,MAMPANG PRAPATAN,MAMPANG PRAPATAN,181,9,16,2,154,0,0,0,0,0,0,0,0,0,710,87,623,9,0,9,112,4,97,4,7,
3173031005,DKI JAKARTA,JAKARTA BARAT,TAMAN SARI,MANGGA BESAR,78,0,13,1,64,0,0,0,0,0,0,0,0,0,123,13,110,3,0,3,19,3,14,1,1,
3171021005,DKI JAKARTA,JAKARTA PUSAT,SAWAH BESAR,MANGGA DUA SELATAN,206,7,12,1,186,1,0,0,0,1,1,0,0,1,592,125,467,9,0,9,99,13,60,6,20,
3174011007,DKI JAKARTA,JAKARTA SELATAN,TEBET,MANGGARAI,199,12,38,0,149,2,2,0,0,0,4,0,0,4,339,40,299,19,0,19,62,3,45,2,12,
3174011006,DKI JAKARTA,JAKARTA SELATAN,TEBET,MANGGARAI SELATAN,123,6,16,2,99,0,0,0,0,0,6,0,0,6,344,17,327,18,0,18,51,1,46,1,3,
3173031003,DKI JAKARTA,JAKARTA BARAT,TAMAN SARI,MAPHAR,132,0,16,1,115,0,0,0,0,0,6,0,0,6,258,30,228,36,0,36,130,5,124,1,0,
3172041003,DKI JAKARTA,JAKARTA UTARA,CILINCING,MARUNDA,173,12,12,0,149,1,1,0,0,0,0,0,0,0,279,32,247,12,0,12,59,1,54,1,3,
3174071001,DKI JAKARTA,JAKARTA SELATAN,KEBAYORAN BARU,MELAWAI,38,1,8,0,29,0,0,0,0,0,1,0,0,1,45,2,43,0,0,0,7,0,6,0,1,
3171061001,DKI JAKARTA,JAKARTA PUSAT,MENTENG,MENTENG,218,7,30,2,179,1,0,0,0,1,1,0,0,1,530,57,473,24,0,24,129,8,94,5,22,
3174021005,DKI JAKARTA,JAKARTA SELATAN,SETIA BUDI,MENTENG ATAS,219,7,30,3,179,0,0,0,0,0,45,0,0,45,909,73,836,32,0,32,140,4,121,4,11,
3174011003,DKI JAKARTA,JAKARTA SELATAN,TEBET,MENTENG DALAM,249,5,28,4,212,2,1,0,0,1,13,0,1,12,481,62,419,38,0,38,88,5,71,3,9,
3173081003,DKI JAKARTA,JAKARTA BARAT,KEMBANGAN,MERUYA SELATAN,157,1,33,1,122,0,0,0,0,0,2,0,0,2,364,48,316,14,0,14,76,11,47,3,15,
3173081002,DKI JAKARTA,JAKARTA BARAT,KEMBANGAN,MERUYA UTARA,223,6,43,6,168,0,0,0,0,0,6,0,0,6,535,70,465,10,0,10,92,9,77,1,5,
3175101004,DKI JAKARTA,JAKARTA TIMUR,CIPAYUNG,MUNJUL,144,9,15,0,120,0,0,0,0,0,2,0,0,2,178,32,146,23,0,23,40,3,36,1,0,
3172051002,DKI JAKARTA,JAKARTA UTARA,PADEMANGAN,PADEMANGAN BARAT,1282,17,99,5,1161,4,0,0,0,4,10,0,0,10,2041,120,1921,25,0,25,518,18,463,16,21,
3172051001,DKI JAKARTA,JAKARTA UTARA,PADEMANGAN,PADEMANGAN TIMUR,388,10,54,3,321,1,0,0,0,1,13,0,0,13,629,49,580,12,0,12,120,5,93,3,19,
3175011004,DKI JAKARTA,JAKARTA TIMUR,MATRAMAN,PAL MERIAM,155,2,4,2,147,1,0,0,0,1,2,0,0,2,423,45,378,58,0,58,111,1,89,4,17,
3173071001,DKI JAKARTA,JAKARTA BARAT,PALMERAH,PALMERAH,649,9,54,2,584,0,0,0,0,0,1,0,0,1,1154,96,1058,65,0,65,241,15,205,10,11,
3174081001,DKI JAKARTA,JAKARTA SELATAN,PANCORAN,PANCORAN,235,12,30,0,193,1,0,0,0,1,8,0,0,8,421,55,366,6,0,6,126,6,113,2,5,
3172021003,DKI JAKARTA,JAKARTA UTARA,TANJUNG PRIOK,PAPANGGO,227,4,20,0,203,1,0,0,0,1,5,0,0,5,576,46,530,48,0,48,126,3,99,2,22,
3171021001,DKI JAKARTA,JAKARTA PUSAT,SAWAH BESAR,PASAR BARU,142,2,11,2,127,1,0,0,0,1,4,0,0,4,335,53,282,6,0,6,62,1,60,0,1,
3174021006,DKI JAKARTA,JAKARTA SELATAN,SETIA BUDI,PASAR MANGGIS,153,10,14,3,126,2,1,0,0,1,26,0,0,26,642,80,562,15,0,15,100,1,74,4,21,
3174041001,DKI JAKARTA,JAKARTA SELATAN,PASAR MINGGU,PASAR MINGGU,225,11,16,1,197,1,0,0,0,1,5,0,0,5,373,34,339,6,0,6,96,3,85,3,5,
3171041003,DKI JAKARTA,JAKARTA PUSAT,SENEN,PASEBAN,304,6,21,1,276,0,0,0,0,0,4,0,0,4,565,81,484,59,0,59,158,4,136,8,10,
3173061005,DKI JAKARTA,JAKARTA BARAT,KALI DERES,PEGADUNGAN,474,7,52,7,408,0,0,0,0,0,10,0,0,10,946,44,902,16,0,16,115,4,100,3,8,
3171061002,DKI JAKARTA,JAKARTA PUSAT,MENTENG,PEGANGSAAN,251,10,51,2,188,1,1,0,0,0,0,0,0,0,678,108,570,48,0,48,211,2,174,5,30,
3172061002,DKI JAKARTA,JAKARTA UTARA,KELAPA GADING,PEGANGSAAN DUA,544,21,51,1,471,0,0,0,0,0,41,0,0,41,1219,118,1101,85,0,85,199,10,143,5,41,
3172011004,DKI JAKARTA,JAKARTA UTARA,PENJARINGAN,PEJAGALAN,253,16,24,2,211,1,0,0,0,1,7,0,0,7,537,58,479,25,0,25,102,11,83,1,7,
3174041006,DKI JAKARTA,JAKARTA SELATAN,PASAR MINGGU,PEJATEN BARAT,223,6,26,2,189,7,0,0,0,7,1,0,0,1,466,27,439,63,0,63,78,0,61,3,14,
3174041005,DKI JAKARTA,JAKARTA SELATAN,PASAR MINGGU,PEJATEN TIMUR,269,3,23,1,242,3,0,0,0,3,2,0,1,1,409,28,381,35,0,35,89,4,78,7,0,
3175051005,DKI JAKARTA,JAKARTA TIMUR,PASAR REBO,PEKAYON,470,10,37,1,422,0,0,0,0,0,3,0,0,3,190,35,155,9,0,9,62,3,46,4,9,
3173041009,DKI JAKARTA,JAKARTA BARAT,TAMBORA,PEKOJAN,193,5,11,2,175,0,0,0,0,0,2,0,0,2,175,15,160,16,0,16,66,6,40,3,17,
3174031003,DKI JAKARTA,JAKARTA SELATAN,MAMPANG PRAPATAN,PELA MAMPANG,215,8,9,2,196,4,0,0,0,4,13,0,0,13,815,107,708,5,0,5,105,4,75,3,23,
3174081005,DKI JAKARTA,JAKARTA SELATAN,PANCORAN,PENGADEGAN,133,4,6,2,121,0,0,0,0,0,7,0,0,7,286,28,258,9,0,9,46,1,41,0,4,
3175061003,DKI JAKARTA,JAKARTA TIMUR,CAKUNG,PENGGILINGAN,342,12,60,1,269,1,0,0,0,1,5,0,1,4,945,170,775,68,0,68,249,7,201,5,36,
3172011001,DKI JAKARTA,JAKARTA UTARA,PENJARINGAN,PENJARINGAN,539,24,16,4,495,1,0,0,0,1,22,0,0,22,2277,135,2142,116,0,116,318,9,287,8,14,
3174101001,DKI JAKARTA,JAKARTA SELATAN,PESANGGRAHAN,PESANGGRAHAN,256,7,15,4,230,1,0,0,0,1,0,0,0,0,484,23,461,18,0,18,50,0,40,3,7,
3171071004,DKI JAKARTA,JAKARTA PUSAT,TANAH ABANG,PETAMBURAN,458,8,44,7,399,0,0,0,0,0,7,0,0,7,319,30,289,5,0,5,249,11,194,7,37,
3174071008,DKI JAKARTA,JAKARTA SELATAN,KEBAYORAN BARU,PETOGOGAN,92,5,4,0,83,0,0,0,0,0,2,0,0,2,190,5,185,0,0,0,24,1,21,1,1,
3171011004,DKI JAKARTA,JAKARTA PUSAT,GAMBIR,PETOJO SELATAN,144,7,8,1,128,0,0,0,0,0,22,0,0,22,460,66,394,14,0,14,111,19,78,6,8,
3171011003,DKI JAKARTA,JAKARTA PUSAT,GAMBIR,PETOJO UTARA,114,4,13,3,94,1,0,0,0,1,11,0,0,11,260,28,232,25,0,25,69,2,49,6,12,
3174101004,DKI JAKARTA,JAKARTA SELATAN,PESANGGRAHAN,PETUKANGAN SELATAN,229,5,17,2,205,0,0,0,0,0,1,0,0,1,506,34,472,7,0,7,36,1,24,1,10,
3174101003,DKI JAKARTA,JAKARTA SELATAN,PESANGGRAHAN,PETUKANGAN UTARA,314,8,23,4,279,1,0,0,0,1,5,0,0,5,1132,30,1102,8,0,8,73,7,57,2,7,
3175081002,DKI JAKARTA,JAKARTA TIMUR,MAKASAR,PINANG RANTI,110,4,6,1,99,0,0,0,0,0,0,0,0,0,458,55,403,22,0,22,60,5,46,4,5,
3173031008,DKI JAKARTA,JAKARTA BARAT,TAMAN SARI,PINANGSIA,75,7,10,1,57,0,0,0,0,0,2,0,0,2,155,5,150,2,0,2,35,7,25,1,2,
3175011001,DKI JAKARTA,JAKARTA TIMUR,MATRAMAN,PISANGAN BARU,191,7,10,3,171,1,1,0,0,0,1,0,0,1,216,31,185,28,0,28,86,4,71,3,8,
3175021002,DKI JAKARTA,JAKARTA TIMUR,PULO GADUNG,PISANGAN TIMUR,202,7,22,4,169,0,0,0,0,0,10,0,0,10,439,48,391,24,0,24,83,8,72,2,1,
3172011005,DKI JAKARTA,JAKARTA UTARA,PENJARINGAN,PLUIT,175,9,13,4,149,0,0,0,0,0,12,0,0,12,717,134,583,10,0,10,113,3,97,6,7,
3175071002,DKI JAKARTA,JAKARTA TIMUR,DUREN SAWIT,PONDOK BAMBU,674,15,45,1,613,2,0,0,0,2,3,0,0,3,512,103,409,16,0,16,157,8,121,6,22,
3175071004,DKI JAKARTA,JAKARTA TIMUR,DUREN SAWIT,PONDOK KELAPA,446,17,34,0,395,0,0,0,0,0,9,0,0,9,652,101,551,12,0,12,153,6,120,5,22,
3175071007,DKI JAKARTA,JAKARTA TIMUR,DUREN SAWIT,PONDOK KOPI,263,3,30,1,229,0,0,0,0,0,1,0,0,1,255,39,216,8,0,8,97,4,62,8,23,
3174061003,DKI JAKARTA,JAKARTA SELATAN,CILANDAK,PONDOK LABU,222,12,12,1,197,4,1,0,0,3,73,0,0,73,627,72,555,35,0,35,63,2,52,2,7,
3174051002,DKI JAKARTA,JAKARTA SELATAN,KEBAYORAN LAMA,PONDOK PINANG,331,8,28,4,291,0,0,0,0,0,44,0,0,44,557,39,518,9,0,9,109,8,87,7,7,
3175101003,DKI JAKARTA,JAKARTA TIMUR,CIPAYUNG,PONDOK RANGGON,155,5,22,3,125,0,0,0,0,0,3,0,0,3,153,12,141,21,0,21,49,3,33,2,11,
3101011003,DKI JAKARTA,KAB.ADM.KEP.SERIBU,KEP. SERIBU UTARA,PULAU HARAPAN,59,0,0,0,59,0,0,0,0,0,0,0,0,0,56,0,56,0,0,0,1,0,1,0,0,
3101011002,DKI JAKARTA,KAB.ADM.KEP.SERIBU,KEP. SERIBU UTARA,PULAU KELAPA,45,0,0,1,44,0,0,0,0,0,3,0,0,3,141,3,138,1,0,1,10,1,9,0,0,
3101011001,DKI JAKARTA,KAB.ADM.KEP.SERIBU,KEP. SERIBU UTARA,PULAU PANGGANG,51,0,0,1,50,0,0,0,0,0,0,0,0,0,129,0,129,4,0,4,7,0,7,0,0,
3101021003,DKI JAKARTA,KAB.ADM.KEP.SERIBU,KEP. SERIBU SELATAN,PULAU PARI,6,0,0,0,6,0,0,0,0,0,0,0,0,0,160,2,158,1,0,1,3,0,3,0,0,
3101021002,DKI JAKARTA,KAB.ADM.KEP.SERIBU,KEP. SERIBU SELATAN,PULAU TIDUNG,33,0,1,0,32,0,0,0,0,0,0,0,0,0,329,0,329,1,0,1,28,0,26,1,1,
3101021001,DKI JAKARTA,KAB.ADM.KEP.SERIBU,KEP. SERIBU SELATAN,PULAU UNTUNG JAWA,22,0,0,0,22,0,0,0,0,0,0,0,0,0,95,0,95,0,0,0,2,0,2,0,0,
3174071007,DKI JAKARTA,JAKARTA SELATAN,KEBAYORAN BARU,PULO,122,6,38,1,77,0,0,0,0,0,1,0,0,1,109,5,104,0,0,0,14,0,11,0,3,
3175021001,DKI JAKARTA,JAKARTA TIMUR,PULO GADUNG,PULO GADUNG,230,9,16,2,203,0,0,0,0,0,9,0,0,9,566,139,427,19,0,19,95,4,73,3,15,
3175061005,DKI JAKARTA,JAKARTA TIMUR,CAKUNG,PULO GEBANG,260,14,45,2,199,1,0,0,0,1,5,0,0,5,816,159,657,51,0,51,153,6,131,4,12,
3174041004,DKI JAKARTA,JAKARTA SELATAN,PASAR MINGGU,RAGUNAN,266,5,24,2,235,1,0,0,0,1,1,0,0,1,432,20,412,17,0,17,41,2,37,0,2,
3175091005,DKI JAKARTA,JAKARTA TIMUR,CIRACAS,RAMBUTAN,252,4,20,1,227,2,0,0,0,2,12,0,1,11,548,40,508,27,0,27,63,1,59,1,2,
3172031006,DKI JAKARTA,JAKARTA UTARA,KOJA,RAWA BADAK SELATAN,334,14,17,2,301,1,0,0,0,1,2,0,0,2,366,36,330,40,0,40,213,1,137,3,72,
3172031004,DKI JAKARTA,JAKARTA UTARA,KOJA,RAWA BADAK UTARA,279,16,20,1,242,0,0,0,0,0,2,0,0,2,327,40,287,49,0,49,146,1,125,4,16,
3174071005,DKI JAKARTA,JAKARTA SELATAN,KEBAYORAN BARU,RAWA BARAT,56,0,2,2,52,0,0,0,0,0,1,0,0,1,116,10,106,0,0,0,11,0,10,1,0,
3173011003,DKI JAKARTA,JAKARTA BARAT,CENGKARENG,RAWA BUAYA,169,8,22,2,137,0,0,0,0,0,4,0,0,4,410,69,341,4,0,4,112,4,92,4,12,
3175031004,DKI JAKARTA,JAKARTA TIMUR,JATINEGARA,RAWA BUNGA,82,5,23,1,53,0,0,0,0,0,0,0,0,0,106,16,90,5,0,5,57,2,38,1,16,
3174081003,DKI JAKARTA,JAKARTA SELATAN,PANCORAN,RAWA JATI,187,4,31,0,152,2,0,0,0,2,10,0,0,10,324,49,275,6,0,6,32,5,25,0,2,
3175061002,DKI JAKARTA,JAKARTA TIMUR,CAKUNG,RAWA TERATE,50,4,7,0,39,0,0,0,0,0,2,0,0,2,208,33,175,2,0,2,38,0,24,0,14,
3175021005,DKI JAKARTA,JAKARTA TIMUR,PULO GADUNG,RAWAMANGUN,201,13,26,0,162,0,0,0,0,0,6,0,0,6,536,86,450,23,0,23,98,4,77,2,15,
3171051003,DKI JAKARTA,JAKARTA PUSAT,CEMPAKA PUTIH,RAWASARI,463,11,27,2,423,3,0,0,1,2,5,0,0,5,902,91,811,29,0,29,169,8,139,4,18,
3173041010,DKI JAKARTA,JAKARTA BARAT,TAMBORA,ROA MALAKA,26,1,10,0,15,1,0,0,0,1,0,0,0,0,30,5,25,1,0,1,10,0,4,0,6,
3172041006,DKI JAKARTA,JAKARTA UTARA,CILINCING,ROROTAN,200,21,28,2,149,0,0,0,0,0,2,0,0,2,458,52,406,59,0,59,70,0,57,3,10,
3174071004,DKI JAKARTA,JAKARTA SELATAN,KEBAYORAN BARU,SELONG,21,0,0,0,21,0,0,0,0,0,2,0,0,2,75,4,71,0,0,0,14,2,11,1,0,
3173061002,DKI JAKARTA,JAKARTA BARAT,KALI DERES,SEMANAN,259,3,25,3,228,0,0,0,0,0,2,0,0,2,647,46,601,6,0,6,56,1,47,2,6,
3172041007,DKI JAKARTA,JAKARTA UTARA,CILINCING,SEMPER BARAT,413,28,40,1,344,1,1,0,0,0,10,0,0,10,891,105,786,78,0,78,256,9,227,7,13,
3172041005,DKI JAKARTA,JAKARTA UTARA,CILINCING,SEMPER TIMUR,246,12,15,1,218,1,1,0,0,0,3,0,0,3,529,67,462,34,0,34,128,0,112,0,16,
3174071006,DKI JAKARTA,JAKARTA SELATAN,KEBAYORAN BARU,SENAYAN,34,1,6,0,27,0,0,0,0,0,9,0,0,9,152,8,144,0,0,0,36,1,31,0,4,
3171041001,DKI JAKARTA,JAKARTA PUSAT,SENEN,SENEN,136,3,10,0,123,0,0,0,0,0,6,0,0,6,571,20,551,24,0,24,100,3,82,2,13,
3171031004,DKI JAKARTA,JAKARTA PUSAT,KEMAYORAN,SERDANG,282,8,50,2,222,0,0,0,0,0,5,0,0,5,366,81,285,26,0,26,83,2,78,1,2,
3174021001,DKI JAKARTA,JAKARTA SELATAN,SETIA BUDI,SETIA BUDI,45,2,4,0,39,0,0,0,0,0,4,0,0,4,189,38,151,6,0,6,15,0,13,0,2,
3175101005,DKI JAKARTA,JAKARTA TIMUR,CIPAYUNG,SETU,162,3,14,0,145,0,0,0,0,0,2,0,0,2,153,21,132,13,0,13,38,7,28,0,3,
3173071002,DKI JAKARTA,JAKARTA BARAT,PALMERAH,SLIPI,335,17,35,2,281,0,0,0,0,0,2,0,0,2,518,82,436,39,0,39,126,8,107,1,10,
3173081004,DKI JAKARTA,JAKARTA BARAT,KEMBANGAN,SRENGSENG,226,6,27,3,190,1,0,0,0,1,5,0,0,5,661,49,612,19,0,19,132,6,116,5,5,
3174091002,DKI JAKARTA,JAKARTA SELATAN,JAGAKARSA,SRENGSENG SAWAH,437,13,17,0,407,5,1,0,0,4,9,0,1,8,425,75,350,17,0,17,95,4,80,7,4,
3173051003,DKI JAKARTA,JAKARTA BARAT,KEBON JERUK,SUKABUMI SELATAN,166,10,19,4,133,0,0,0,0,0,1,0,0,1,357,41,316,23,0,23,84,2,73,3,6,
3173051002,DKI JAKARTA,JAKARTA BARAT,KEBON JERUK,SUKABUMI UTARA,142,2,13,3,124,0,0,0,0,0,19,0,0,19,368,37,331,40,0,40,73,5,63,3,2,
3172041002,DKI JAKARTA,JAKARTA UTARA,CILINCING,SUKAPURA,351,46,19,2,284,0,0,0,0,0,5,0,0,5,711,65,646,69,0,69,188,5,145,4,34,
3171031007,DKI JAKARTA,JAKARTA PUSAT,KEMAYORAN,SUMUR BATU,225,11,21,1,192,0,0,0,0,0,4,0,0,4,267,61,206,19,0,19,67,3,61,2,1,
3172021004,DKI JAKARTA,JAKARTA UTARA,TANJUNG PRIOK,SUNGAI BAMBU,184,5,26,0,153,0,0,0,0,0,6,0,0,6,394,61,333,31,0,31,60,3,50,4,3,
3172021006,DKI JAKARTA,JAKARTA UTARA,TANJUNG PRIOK,SUNTER AGUNG,596,17,69,1,509,2,1,0,0,1,18,0,0,18,1412,148,1264,60,0,60,313,14,263,12,24,
3172021002,DKI JAKARTA,JAKARTA UTARA,TANJUNG PRIOK,SUNTER JAYA,505,18,49,6,432,0,0,0,0,0,8,0,0,8,1020,115,905,148,0,148,261,4,230,12,15,
3175091004,DKI JAKARTA,JAKARTA TIMUR,CIRACAS,SUSUKAN,183,3,35,1,144,0,0,0,0,0,16,0,0,16,834,45,789,69,0,69,61,4,52,2,3,
3173031001,DKI JAKARTA,JAKARTA BARAT,TAMAN SARI,TAMAN SARI,150,7,16,0,127,1,0,0,0,1,0,0,0,0,233,11,222,11,0,11,65,1,56,2,6,
3173041001,DKI JAKARTA,JAKARTA BARAT,TAMBORA,TAMBORA,118,8,5,3,102,0,0,0,0,0,0,0,0,0,232,15,217,2,0,2,35,2,26,2,5,
3173041004,DKI JAKARTA,JAKARTA BARAT,TAMBORA,TANAH SEREAL,206,4,13,2,187,1,0,0,0,1,4,0,0,4,194,12,182,3,0,3,102,9,84,1,8,
3171081004,DKI JAKARTA,JAKARTA PUSAT,JOHAR BARU,TANAH TINGGI,275,4,17,3,251,1,0,0,0,1,2,0,0,2,614,59,555,31,0,31,209,5,180,10,14,
3173031004,DKI JAKARTA,JAKARTA BARAT,TAMAN SARI,TANGKI,152,5,34,1,112,0,0,0,0,0,3,0,1,2,213,22,191,2,0,2,45,8,29,2,6,
3174091005,DKI JAKARTA,JAKARTA SELATAN,JAGAKARSA,TANJUNG BARAT,367,7,16,1,343,1,0,0,0,1,1,0,0,1,288,73,215,11,0,11,74,2,59,3,10,
3173021005,DKI JAKARTA,JAKARTA BARAT,GROGOL PETAMBURAN,TANJUNG DUREN SELATAN,230,7,42,1,180,0,0,0,0,0,19,0,0,19,376,37,339,19,0,19,118,12,96,6,4,
3173021002,DKI JAKARTA,JAKARTA BARAT,GROGOL PETAMBURAN,TANJUNG DUREN UTARA,158,3,10,0,145,1,0,0,0,1,20,0,0,20,332,20,312,17,0,17,55,4,45,3,3,
3172021001,DKI JAKARTA,JAKARTA UTARA,TANJUNG PRIOK,TANJUNG PRIOK,266,11,36,6,213,0,0,0,0,0,9,0,0,9,502,59,443,45,0,45,179,3,162,7,7,
3174011002,DKI JAKARTA,JAKARTA SELATAN,TEBET,TEBET BARAT,195,17,13,0,165,1,0,0,0,1,8,0,0,8,424,41,383,20,0,20,177,10,148,3,16,
3174011001,DKI JAKARTA,JAKARTA SELATAN,TEBET,TEBET TIMUR,141,10,17,2,112,0,0,0,0,0,5,0,0,5,335,26,309,26,0,26,50,3,43,2,2,
3173061003,DKI JAKARTA,JAKARTA BARAT,KALI DERES,TEGAL ALUR,423,7,54,6,356,0,0,0,0,0,3,0,0,3,709,102,607,8,0,8,98,5,79,2,12,
3174031004,DKI JAKARTA,JAKARTA SELATAN,MAMPANG PRAPATAN,TEGAL PARANG,193,4,15,3,171,4,1,0,1,2,3,0,0,3,595,106,489,6,0,6,117,1,105,3,8,
3173021003,DKI JAKARTA,JAKARTA BARAT,GROGOL PETAMBURAN,TOMANG,272,4,30,2,236,0,0,0,0,0,14,0,0,14,460,31,429,71,0,71,149,3,137,3,6,
3172031005,DKI JAKARTA,JAKARTA UTARA,KOJA,TUGU SELATAN,269,8,12,1,248,0,0,0,0,0,1,0,0,1,300,36,264,62,0,62,106,5,80,4,17,
3172031002,DKI JAKARTA,JAKARTA UTARA,KOJA,TUGU UTARA,565,27,34,0,504,1,0,0,0,1,6,0,0,6,542,64,478,66,0,66,149,13,115,4,17,
3175061006,DKI JAKARTA,JAKARTA TIMUR,CAKUNG,UJUNG MENTENG,82,5,13,2,62,1,1,0,0,0,0,0,0,0,255,48,207,13,0,13,49,1,27,2,19,
3174101005,DKI JAKARTA,JAKARTA SELATAN,PESANGGRAHAN,ULUJAMI,389,7,23,2,357,0,0,0,0,0,0,0,0,0,853,21,832,25,0,25,117,4,104,3,6,
3175011006,DKI JAKARTA,JAKARTA TIMUR,MATRAMAN,UTAN KAYU SELATAN,304,12,13,8,271,1,1,0,0,0,1,0,0,1,503,45,458,79,0,79,120,1,105,6,8,
3175011002,DKI JAKARTA,JAKARTA TIMUR,MATRAMAN,UTAN KAYU UTARA,231,11,14,0,206,1,0,0,0,1,2,0,0,2,383,33,350,38,0,38,72,1,66,2,3,
3171031008,DKI JAKARTA,JAKARTA PUSAT,KEMAYORAN,UTAN PANJANG,239,6,21,2,210,0,0,0,0,0,2,0,0,2,241,38,203,18,0,18,104,4,95,3,2,
3172021007,DKI JAKARTA,JAKARTA UTARA,TANJUNG PRIOK,WARAKAS,234,5,35,2,192,0,0,0,0,0,9,0,0,9,561,76,485,43,0,43,124,7,113,3,1,
3173021007,DKI JAKARTA,JAKARTA BARAT,GROGOL PETAMBURAN,WIJAYA KUSUMA,246,4,20,2,220,0,0,0,0,0,6,0,0,6,572,40,532,18,0,18,96,4,84,3,5,
