id_kel,nama_provinsi,nama_kota,nama_kecamatan,nama_kelurahan,suspek,perawatan_rs,isolasi_di_rumah,suspek_meninggal,selesai_isolasi,probable,perawatan_rs,isolasi_di_rumah,probable_meninggal,selesai_isolasi,pelaku_perjalanan,perawatan_rs,isolasi_di_rumah,selesai_isolasi,kontak_erat,isolasi_di_rumah,selesai_isolasi,discarded,meninggal,selesai_isolasi,positif,dirawat,sembuh,meninggal,self_isolation,keterangan
3172051003,DKI JAKARTA,JAKARTA UTARA,PADEMANGAN,ANCOL,327,0,36,0,291,4,2,0,0,2,9,0,1,8,472,29,443,6,0,6,155,6,112,2,35,
3173041007,DKI JAKARTA,JAKARTA BARAT,TAMBORA,ANGKE,299,3,5,2,289,1,0,0,1,0,0,0,0,0,402,5,397,24,0,24,107,2,92,2,11,
3175041005,DKI JAKARTA,JAKARTA TIMUR,KRAMAT JATI,BALE KAMBANG,182,8,15,1,158,1,0,0,0,1,5,0,1,4,357,16,341,23,0,23,81,4,68,1,8,
3175031003,DKI JAKARTA,JAKARTA TIMUR,JATINEGARA,BALI MESTER,66,0,3,1,62,0,0,0,0,0,0,0,0,0,73,14,59,2,0,2,19,3,13,1,2,
3175101006,DKI JAKARTA,JAKARTA TIMUR,CIPAYUNG,BAMBU APUS,202,7,12,1,182,0,0,0,0,0,3,0,0,3,307,30,277,16,0,16,75,1,63,1,10,
3174031002,DKI JAKARTA,JAKARTA SELATAN,MAMPANG PRAPATAN,BANGKA,144,12,15,2,115,4,0,0,1,3,18,0,0,18,479,19,460,8,0,8,89,8,62,2,17,
3175051002,DKI JAKARTA,JAKARTA TIMUR,PASAR REBO,BARU,192,2,16,1,173,0,0,0,0,0,4,0,0,4,269,19,250,11,0,11,67,8,52,0,7,
3175041004,DKI JAKARTA,JAKARTA TIMUR,KRAMAT JATI,BATU AMPAR,292,6,14,1,271,2,0,0,0,2,2,0,0,2,604,52,552,25,0,25,98,7,74,3,14,
3171071002,DKI JAKARTA,JAKARTA PUSAT,TANAH ABANG,BENDUNGAN HILIR,289,4,12,0,273,0,0,0,0,0,3,0,0,3,345,17,328,6,0,6,101,20,58,2,21,
3175031002,DKI JAKARTA,JAKARTA TIMUR,JATINEGARA,BIDARA CINA,213,5,15,3,190,0,0,0,0,0,1,0,0,1,258,25,233,27,0,27,144,4,121,9,10,
3174101002,DKI JAKARTA,JAKARTA SELATAN,PESANGGRAHAN,BINTARO,507,9,24,2,472,4,0,0,0,4,9,0,1,8,1022,65,957,22,0,22,137,7,102,6,22,
3174011005,DKI JAKARTA,JAKARTA SELATAN,TEBET,BUKIT DURI,201,0,65,3,133,1,0,0,0,1,13,0,0,13,365,34,331,12,0,12,72,5,53,6,8,
3171041006,DKI JAKARTA,JAKARTA PUSAT,SENEN,BUNGUR,156,5,10,2,139,1,0,0,0,1,13,0,0,13,411,12,399,9,0,9,116,14,86,2,14,
3175061007,DKI JAKARTA,JAKARTA TIMUR,CAKUNG,CAKUNG BARAT,170,9,17,1,143,0,0,0,0,0,0,0,0,0,465,33,432,37,0,37,115,3,84,1,27,
3175061004,DKI JAKARTA,JAKARTA TIMUR,CAKUNG,CAKUNG TIMUR,202,6,23,2,171,2,0,0,1,1,3,0,0,3,489,59,430,27,0,27,120,12,79,1,28,
3175041007,DKI JAKARTA,JAKARTA TIMUR,KRAMAT JATI,CAWANG,187,5,17,0,165,1,0,0,0,1,4,0,0,4,439,72,367,13,0,13,109,10,81,2,16,
3175101008,DKI JAKARTA,JAKARTA TIMUR,CIPAYUNG,CEGER,126,2,8,0,116,0,0,0,0,0,0,0,0,0,150,24,126,8,0,8,34,5,23,0,6,
3171031006,DKI JAKARTA,JAKARTA PUSAT,KEMAYORAN,CEMPAKA BARU,404,5,20,2,377,1,0,0,0,1,7,0,0,7,494,81,413,30,0,30,210,5,186,11,8,
3171051002,DKI JAKARTA,JAKARTA PUSAT,CEMPAKA PUTIH,CEMPAKA PUTIH BARAT,637,7,29,2,599,2,1,0,0,1,10,0,1,9,1389,30,1359,43,0,43,395,20,320,10,45,
3171051001,DKI JAKARTA,JAKARTA PUSAT,CEMPAKA PUTIH,CEMPAKA PUTIH TIMUR,426,2,12,1,411,0,0,0,0,0,9,0,0,9,1006,28,978,46,0,46,231,6,187,3,35,
3173011001,DKI JAKARTA,JAKARTA BARAT,CENGKARENG,CENGKARENG BARAT,349,9,51,1,288,0,0,0,0,0,5,0,0,5,809,84,725,9,0,9,177,21,108,4,44,
3173011006,DKI JAKARTA,JAKARTA BARAT,CENGKARENG,CENGKARENG TIMUR,493,12,70,7,404,1,0,0,0,1,3,0,0,3,1048,143,905,14,0,14,310,30,211,8,61,
3175091002,DKI JAKARTA,JAKARTA TIMUR,CIRACAS,CIBUBUR,479,9,47,4,419,1,0,0,0,1,30,0,2,28,1482,99,1383,82,0,82,153,9,117,4,23,
3171011002,DKI JAKARTA,JAKARTA PUSAT,GAMBIR,CIDENG,194,1,8,2,183,0,0,0,0,0,8,0,0,8,396,33,363,11,0,11,137,7,94,5,31,
3174091003,DKI JAKARTA,JAKARTA SELATAN,JAGAKARSA,CIGANJUR,470,5,14,1,450,2,0,0,0,2,10,0,1,9,362,41,321,9,0,9,81,1,71,4,5,
3175051003,DKI JAKARTA,JAKARTA TIMUR,PASAR REBO,CIJANTUNG,412,6,32,3,371,0,0,0,0,0,1,0,0,1,374,28,346,4,0,4,126,12,98,5,11,
3171061003,DKI JAKARTA,JAKARTA PUSAT,MENTENG,CIKINI,94,1,4,0,89,0,0,0,0,0,0,0,0,0,149,3,146,11,0,11,32,3,26,2,1,
3174081006,DKI JAKARTA,JAKARTA SELATAN,PANCORAN,CIKOKO,140,3,10,0,127,1,0,0,0,1,10,0,0,10,210,10,200,0,0,0,40,4,32,1,3,
3174061001,DKI JAKARTA,JAKARTA SELATAN,CILANDAK,CILANDAK BARAT,478,11,41,5,421,1,0,0,0,1,95,0,3,92,796,142,654,36,0,36,141,5,114,5,17,
3174041003,DKI JAKARTA,JAKARTA SELATAN,PASAR MINGGU,CILANDAK TIMUR,234,11,32,1,190,3,0,0,0,3,17,0,0,17,286,21,265,86,0,86,160,9,125,5,21,
3175101002,DKI JAKARTA,JAKARTA TIMUR,CIPAYUNG,CILANGKAP,209,6,10,1,192,0,0,0,0,0,1,0,0,1,316,50,266,18,0,18,83,4,61,0,18,
3175041006,DKI JAKARTA,JAKARTA TIMUR,KRAMAT JATI,CILILITAN,188,1,18,1,168,0,0,0,0,0,5,0,1,4,522,58,464,42,0,42,127,9,95,3,20,
3172041001,DKI JAKARTA,JAKARTA UTARA,CILINCING,CILINCING,325,8,17,1,299,0,0,0,0,0,6,0,1,5,977,54,923,66,0,66,260,2,215,4,39,
3175101001,DKI JAKARTA,JAKARTA TIMUR,CIPAYUNG,CIPAYUNG,274,11,19,2,242,1,0,0,1,0,4,0,0,4,308,54,254,11,0,11,112,8,89,1,14,
3174091006,DKI JAKARTA,JAKARTA SELATAN,JAGAKARSA,CIPEDAK,394,5,19,0,370,2,0,0,0,2,0,0,0,0,270,19,251,6,0,6,73,3,53,1,16,
3174061005,DKI JAKARTA,JAKARTA SELATAN,CILANDAK,CIPETE SELATAN,169,3,16,1,149,2,0,0,0,2,44,0,0,44,258,9,249,6,0,6,39,2,27,6,4,
3174071010,DKI JAKARTA,JAKARTA SELATAN,KEBAYORAN BARU,CIPETE UTARA,349,6,58,3,282,0,0,0,0,0,9,0,0,9,330,12,318,5,0,5,74,8,48,3,15,
3175021003,DKI JAKARTA,JAKARTA TIMUR,PULO GADUNG,CIPINANG,176,7,18,2,149,0,0,0,0,0,3,0,0,3,613,50,563,30,0,30,175,14,141,6,14,
3175031007,DKI JAKARTA,JAKARTA TIMUR,JATINEGARA,CIPINANG BESAR SELATAN,155,7,9,2,137,2,0,0,0,2,1,0,0,1,272,42,230,11,0,11,74,3,51,1,19,
3175031008,DKI JAKARTA,JAKARTA TIMUR,JATINEGARA,CIPINANG BESAR UTARA,223,19,49,0,155,1,0,0,0,1,3,0,0,3,402,51,351,16,0,16,144,8,84,3,49,
3175031005,DKI JAKARTA,JAKARTA TIMUR,JATINEGARA,CIPINANG CEMPEDAK,157,1,10,2,144,0,0,0,0,0,2,0,0,2,251,54,197,11,0,11,56,5,39,1,11,
3175081005,DKI JAKARTA,JAKARTA TIMUR,MAKASAR,CIPINANG MELAYU,211,8,7,2,194,1,0,0,0,1,3,0,1,2,480,47,433,16,0,16,128,7,88,5,28,
3175031006,DKI JAKARTA,JAKARTA TIMUR,JATINEGARA,CIPINANG MUARA,230,10,14,1,205,4,0,0,0,4,4,0,0,4,495,78,417,23,0,23,144,11,100,3,30,
3174051003,DKI JAKARTA,JAKARTA SELATAN,KEBAYORAN LAMA,CIPULIR,193,9,9,4,171,4,0,0,0,4,6,0,0,6,422,13,409,5,0,5,118,4,94,4,16,
3175091001,DKI JAKARTA,JAKARTA TIMUR,CIRACAS,CIRACAS,470,6,47,9,408,3,2,0,0,1,22,0,0,22,1165,61,1104,43,0,43,213,21,137,7,48,
3175041003,DKI JAKARTA,JAKARTA TIMUR,KRAMAT JATI,DUKUH,151,3,12,1,135,0,0,0,0,0,1,0,0,1,360,28,332,13,0,13,72,8,49,1,14,
3175071001,DKI JAKARTA,JAKARTA TIMUR,DUREN SAWIT,DUREN SAWIT,616,14,28,3,571,14,2,0,0,12,2,0,0,2,648,87,561,19,0,19,320,8,250,9,53,
3174081004,DKI JAKARTA,JAKARTA SELATAN,PANCORAN,DUREN TIGA,261,6,15,0,240,2,0,0,0,2,3,0,0,3,402,31,371,2,0,2,68,9,47,0,12,
3173051005,DKI JAKARTA,JAKARTA BARAT,KEBON JERUK,DURI KEPA,284,4,21,2,257,3,0,0,0,3,12,0,0,12,836,81,755,66,0,66,198,11,161,8,18,
3173011002,DKI JAKARTA,JAKARTA BARAT,CENGKARENG,DURI KOSAMBI,331,8,32,3,288,0,0,0,0,0,4,0,0,4,621,62,559,10,0,10,154,15,105,4,30,
3171011006,DKI JAKARTA,JAKARTA PUSAT,GAMBIR,DURI PULO,116,4,4,3,105,0,0,0,0,0,0,0,0,0,262,31,231,7,0,7,97,6,66,3,22,
3173041011,DKI JAKARTA,JAKARTA BARAT,TAMBORA,DURI SELATAN,94,0,2,1,91,0,0,0,0,0,2,0,0,2,106,5,101,4,0,4,50,2,42,3,3,
3173041003,DKI JAKARTA,JAKARTA BARAT,TAMBORA,DURI UTARA,130,0,9,2,119,1,1,0,0,0,1,0,0,1,161,8,153,2,0,2,72,2,60,3,7,
3171081003,DKI JAKARTA,JAKARTA PUSAT,JOHAR BARU,GALUR,128,1,1,0,126,1,0,0,0,1,2,0,0,2,310,14,296,43,0,43,151,3,104,9,35,
3171011001,DKI JAKARTA,JAKARTA PUSAT,GAMBIR,GAMBIR,62,0,3,0,59,1,1,0,0,0,17,0,0,17,236,16,220,6,0,6,102,2,75,0,25,
3174061004,DKI JAKARTA,JAKARTA SELATAN,CILANDAK,GANDARIA SELATAN,133,6,6,0,121,2,0,0,0,2,20,0,0,20,459,36,423,2,0,2,75,4,66,3,2,
3174071009,DKI JAKARTA,JAKARTA SELATAN,KEBAYORAN BARU,GANDARIA UTARA,322,5,59,2,256,0,0,0,0,0,3,0,0,3,431,15,416,4,0,4,88,5,75,2,6,
3175051001,DKI JAKARTA,JAKARTA TIMUR,PASAR REBO,GEDONG,492,9,15,0,468,0,0,0,0,0,3,0,0,3,233,22,211,22,0,22,113,9,95,1,8,
3171071001,DKI JAKARTA,JAKARTA PUSAT,TANAH ABANG,GELORA,45,1,0,1,43,0,0,0,0,0,5,0,0,5,75,0,75,0,0,0,82,0,49,2,31,
3173031007,DKI JAKARTA,JAKARTA BARAT,TAMAN SARI,GLODOK,73,2,15,0,56,0,0,0,0,0,1,0,0,1,110,7,103,0,0,0,13,0,10,1,2,
3171061004,DKI JAKARTA,JAKARTA PUSAT,MENTENG,GONDANGDIA,40,0,1,1,38,0,0,0,0,0,4,0,0,4,90,5,85,7,0,7,35,0,27,3,5,
3173021001,DKI JAKARTA,JAKARTA BARAT,GROGOL PETAMBURAN,GROGOL,265,3,42,4,216,1,0,0,0,1,39,0,0,39,555,55,500,32,0,32,101,5,82,0,14,
3174051005,DKI JAKARTA,JAKARTA SELATAN,KEBAYORAN LAMA,GROGOL SELATAN,212,4,9,5,194,0,0,0,0,0,12,0,0,12,453,15,438,4,0,4,112,7,89,5,11,
3174051004,DKI JAKARTA,JAKARTA SELATAN,KEBAYORAN LAMA,GROGOL UTARA,242,1,16,4,221,0,0,0,0,0,24,0,0,24,457,14,443,15,0,15,156,11,124,5,16,
3174021007,DKI JAKARTA,JAKARTA SELATAN,SETIA BUDI,GUNTUR,43,1,2,0,40,0,0,0,0,0,1,0,0,1,119,5,114,1,0,1,21,1,18,0,2,
3174071002,DKI JAKARTA,JAKARTA SELATAN,KEBAYORAN BARU,GUNUNG,166,0,34,3,129,0,0,0,0,0,7,0,0,7,263,3,260,0,0,0,47,0,26,2,19,
3171031005,DKI JAKARTA,JAKARTA PUSAT,KEMAYORAN,GUNUNG SAHARI SELATAN,196,4,9,1,182,0,0,0,0,0,2,0,0,2,273,22,251,1,0,1,72,6,54,3,9,
3171021004,DKI JAKARTA,JAKARTA PUSAT,SAWAH BESAR,GUNUNG SAHARI UTARA,178,1,6,1,170,0,0,0,0,0,5,0,0,5,383,44,339,8,0,8,96,7,54,7,28,
3175081004,DKI JAKARTA,JAKARTA TIMUR,MAKASAR,HALIM PERDANA KUSUMAH,138,5,4,2,127,0,0,0,0,0,4,0,0,4,335,39,296,9,0,9,173,21,127,4,21,
3171031003,DKI JAKARTA,JAKARTA PUSAT,KEMAYORAN,HARAPAN MULIA,241,3,6,3,229,0,0,0,0,0,6,0,0,6,329,29,300,27,0,27,155,10,126,7,12,
3174091001,DKI JAKARTA,JAKARTA SELATAN,JAGAKARSA,JAGAKARSA,623,17,36,2,568,5,0,0,0,5,7,0,0,7,614,80,534,17,0,17,197,4,154,3,36,
3175021007,DKI JAKARTA,JAKARTA TIMUR,PULO GADUNG,JATI,232,7,19,1,205,0,0,0,0,0,7,0,0,7,651,49,602,23,0,23,157,8,126,1,22,
3174041002,DKI JAKARTA,JAKARTA SELATAN,PASAR MINGGU,JATI PADANG,263,8,34,2,219,0,0,0,0,0,3,0,0,3,425,30,395,66,0,66,76,6,54,3,13,
3173071004,DKI JAKARTA,JAKARTA BARAT,PALMERAH,JATI PULO,324,3,37,4,280,1,0,0,0,1,3,0,0,3,546,44,502,61,0,61,179,9,145,2,23,
3175061001,DKI JAKARTA,JAKARTA TIMUR,CAKUNG,JATINEGARA,300,5,35,3,257,1,0,0,0,1,2,0,0,2,829,103,726,36,0,36,218,12,147,6,53,
3175021004,DKI JAKARTA,JAKARTA TIMUR,PULO GADUNG,JATINEGARA KAUM,63,2,13,0,48,1,0,0,1,0,3,0,0,3,211,17,194,6,0,6,32,5,17,1,9,
3173021004,DKI JAKARTA,JAKARTA BARAT,GROGOL PETAMBURAN,JELAMBAR,257,3,30,5,219,2,0,0,0,2,24,0,0,24,543,20,523,10,0,10,113,11,91,5,6,
3173021006,DKI JAKARTA,JAKARTA BARAT,GROGOL PETAMBURAN,JELAMBAR BARU,274,2,24,2,246,2,0,0,0,2,4,0,0,4,449,17,432,17,0,17,72,16,47,3,6,
3173041006,DKI JAKARTA,JAKARTA BARAT,TAMBORA,JEMBATAN BESI,440,6,10,1,423,0,0,0,0,0,4,0,0,4,409,9,400,7,0,7,159,3,136,6,14,
3173041008,DKI JAKARTA,JAKARTA BARAT,TAMBORA,JEMBATAN LIMA,130,1,5,0,124,0,0,0,0,0,0,0,0,0,163,7,156,1,0,1,53,2,38,4,9,
3173081005,DKI JAKARTA,JAKARTA BARAT,KEMBANGAN,JOGLO,203,4,14,4,181,0,0,0,0,0,4,0,0,4,372,43,329,12,0,12,83,11,62,1,9,
3171081001,DKI JAKARTA,JAKARTA PUSAT,JOHAR BARU,JOHAR BARU,407,4,12,3,388,1,0,0,0,1,4,0,1,3,1165,49,1116,94,0,94,305,9,257,11,28,
3173041002,DKI JAKARTA,JAKARTA BARAT,TAMBORA,KALI ANYAR,261,4,9,0,248,1,0,0,0,1,3,0,0,3,293,10,283,10,0,10,128,10,101,4,13,
3172041004,DKI JAKARTA,JAKARTA UTARA,CILINCING,KALI BARU,289,10,18,5,256,0,0,0,0,0,4,0,0,4,542,20,522,34,0,34,213,3,184,6,20,
3174081002,DKI JAKARTA,JAKARTA SELATAN,PANCORAN,KALIBATA,350,17,11,4,318,5,0,0,0,5,11,0,3,8,567,75,492,12,0,12,190,10,143,2,35,
3173061001,DKI JAKARTA,JAKARTA BARAT,KALI DERES,KALIDERES,711,25,53,4,629,1,0,0,0,1,5,0,0,5,1636,103,1533,29,0,29,185,13,148,4,20,
3175051004,DKI JAKARTA,JAKARTA TIMUR,PASAR REBO,KALISARI,598,11,33,0,554,0,0,0,0,0,2,0,0,2,305,41,264,8,0,8,111,10,79,3,19,
3173061004,DKI JAKARTA,JAKARTA BARAT,KALI DERES,KAMAL,253,5,33,3,212,0,0,0,0,0,1,0,0,1,428,49,379,4,0,4,29,4,20,3,2,
3172011002,DKI JAKARTA,JAKARTA UTARA,PENJARINGAN,KAMAL MUARA,54,3,0,0,51,0,0,0,0,0,4,0,0,4,101,16,85,0,0,0,56,19,24,2,11,
3171071007,DKI JAKARTA,JAKARTA PUSAT,TANAH ABANG,KAMPUNG BALI,112,0,3,2,107,1,0,0,0,1,2,0,0,2,140,6,134,2,0,2,46,7,27,2,10,
3175031001,DKI JAKARTA,JAKARTA TIMUR,JATINEGARA,KAMPUNG MELAYU,144,8,16,5,115,2,1,0,0,1,4,0,0,4,163,17,146,4,0,4,111,6,96,3,6,
3171081002,DKI JAKARTA,JAKARTA PUSAT,JOHAR BARU,KAMPUNG RAWA,213,3,6,0,204,1,0,0,0,1,0,0,0,0,494,14,480,63,0,63,200,4,141,13,42,
3175041002,DKI JAKARTA,JAKARTA TIMUR,KRAMAT JATI,KAMPUNG TENGAH,372,7,17,1,347,1,0,0,0,1,8,0,0,8,834,52,782,48,0,48,195,7,161,9,18,
3173011005,DKI JAKARTA,JAKARTA BARAT,CENGKARENG,KAPUK,446,8,51,16,371,1,1,0,0,0,10,0,1,9,960,125,835,12,0,12,237,40,145,8,44,
3172011003,DKI JAKARTA,JAKARTA UTARA,PENJARINGAN,KAPUK MUARA,128,1,2,0,125,0,0,0,0,0,9,0,0,9,318,36,282,20,0,20,88,5,73,6,4,
3171021002,DKI JAKARTA,JAKARTA PUSAT,SAWAH BESAR,KARANG ANYAR,340,2,13,5,320,1,0,0,0,1,4,0,0,4,660,30,630,8,0,8,123,11,93,5,14,
3174021004,DKI JAKARTA,JAKARTA SELATAN,SETIA BUDI,KARET,93,2,2,0,89,0,0,0,0,0,10,0,0,10,280,4,276,4,0,4,46,2,42,0,2,
3174021003,DKI JAKARTA,JAKARTA SELATAN,SETIA BUDI,KARET KUNINGAN,143,0,6,1,136,0,0,0,0,0,21,0,0,21,263,31,232,4,0,4,52,5,37,2,8,
3174021002,DKI JAKARTA,JAKARTA SELATAN,SETIA BUDI,KARET SEMANGGI,41,0,0,1,40,0,0,0,0,0,3,0,0,3,68,6,62,0,0,0,11,1,8,2,0,
3171071003,DKI JAKARTA,JAKARTA PUSAT,TANAH ABANG,KARET TENGSIN,181,0,6,0,175,0,0,0,0,0,7,0,0,7,220,11,209,0,0,0,77,22,47,1,7,
3171021003,DKI JAKARTA,JAKARTA PUSAT,SAWAH BESAR,KARTINI,237,1,18,1,217,1,0,0,0,1,0,0,0,0,476,23,453,15,0,15,145,8,110,4,23,
3175011003,DKI JAKARTA,JAKARTA TIMUR,MATRAMAN,KAYU MANIS,223,4,16,0,203,1,0,0,0,1,0,0,0,0,498,37,461,23,0,23,108,7,75,4,22,
3175021006,DKI JAKARTA,JAKARTA TIMUR,PULO GADUNG,KAYU PUTIH,302,8,25,4,265,1,0,0,1,0,11,0,0,11,791,35,756,28,0,28,185,15,135,5,30,
3173031006,DKI JAKARTA,JAKARTA BARAT,TAMAN SARI,KEAGUNGAN,219,5,34,0,180,0,0,0,0,0,2,0,0,2,355,45,310,9,0,9,105,3,72,1,29,
3174041007,DKI JAKARTA,JAKARTA SELATAN,PASAR MINGGU,KEBAGUSAN,357,3,90,1,263,2,0,0,0,2,2,0,1,1,523,94,429,39,0,39,87,10,63,0,14,
3174051006,DKI JAKARTA,JAKARTA SELATAN,KEBAYORAN LAMA,KEBAYORAN LAMA SELATAN,345,4,25,0,316,4,0,0,0,4,2,0,0,2,639,12,627,12,0,12,122,8,91,4,19,
3174051001,DKI JAKARTA,JAKARTA SELATAN,KEBAYORAN LAMA,KEBAYORAN LAMA UTARA,238,5,15,1,217,1,0,0,0,1,15,0,0,15,378,17,361,3,0,3,83,3,60,3,17,
3174011004,DKI JAKARTA,JAKARTA SELATAN,TEBET,KEBON BARU,198,5,29,2,162,0,0,0,0,0,15,0,0,15,446,22,424,17,0,17,95,10,65,0,20,
3172021005,DKI JAKARTA,JAKARTA UTARA,TANJUNG PRIOK,KEBON BAWANG,449,6,28,1,414,0,0,0,0,0,13,0,0,13,812,67,745,56,0,56,272,8,228,2,34,
3173051001,DKI JAKARTA,JAKARTA BARAT,KEBON JERUK,KEBON JERUK,381,11,29,6,335,2,1,0,0,1,13,0,0,13,1214,99,1115,53,0,53,239,10,188,12,29,
3171071006,DKI JAKARTA,JAKARTA PUSAT,TANAH ABANG,KEBON KACANG,370,1,8,1,360,1,1,0,0,0,0,0,0,0,343,9,334,3,0,3,223,1,198,10,14,
3171011005,DKI JAKARTA,JAKARTA PUSAT,GAMBIR,KEBON KELAPA,102,6,7,1,88,2,1,0,0,1,2,0,1,1,165,21,144,1,0,1,53,1,25,1,26,
3171031002,DKI JAKARTA,JAKARTA PUSAT,KEMAYORAN,KEBON KOSONG,257,1,16,5,235,0,0,0,0,0,7,0,0,7,306,27,279,29,0,29,153,1,116,7,29,
3175011005,DKI JAKARTA,JAKARTA TIMUR,MATRAMAN,KEBON MANGGIS,118,3,6,4,105,0,0,0,0,0,1,0,0,1,175,34,141,19,0,19,104,5,85,2,12,
3171071005,DKI JAKARTA,JAKARTA PUSAT,TANAH ABANG,KEBON MELATI,382,4,6,3,369,0,0,0,0,0,5,0,0,5,435,23,412,7,0,7,301,17,176,7,101,
3175081003,DKI JAKARTA,JAKARTA TIMUR,MAKASAR,KEBON PALA,165,6,9,1,149,0,0,0,0,0,4,0,0,4,674,104,570,13,0,13,157,12,108,1,36,
3171061005,DKI JAKARTA,JAKARTA PUSAT,MENTENG,KEBON SIRIH,117,0,22,2,93,0,0,0,0,0,2,0,0,2,246,13,233,14,0,14,98,5,66,2,25,
3173011004,DKI JAKARTA,JAKARTA BARAT,CENGKARENG,KEDAUNG KALI ANGKE,278,4,70,0,204,0,0,0,0,0,1,0,0,1,290,38,252,5,0,5,156,15,104,3,34,
3173051007,DKI JAKARTA,JAKARTA BARAT,KEBON JERUK,KEDOYA SELATAN,188,2,16,5,165,2,0,0,0,2,5,0,0,5,399,46,353,17,0,17,93,12,62,4,15,
3173051006,DKI JAKARTA,JAKARTA BARAT,KEBON JERUK,KEDOYA UTARA,177,7,16,2,152,1,0,0,0,1,15,0,0,15,544,63,481,18,0,18,108,13,84,1,10,
3173051004,DKI JAKARTA,JAKARTA BARAT,KEBON JERUK,KELAPA DUA,134,5,20,0,109,0,0,0,0,0,5,0,0,5,331,53,278,18,0,18,68,4,48,2,14,
3175091003,DKI JAKARTA,JAKARTA TIMUR,CIRACAS,KELAPA DUA WETAN,347,4,32,1,310,0,0,0,0,0,7,0,0,7,785,32,753,35,0,35,113,15,82,2,14,
3172061003,DKI JAKARTA,JAKARTA UTARA,KELAPA GADING,KELAPA GADING BARAT,571,3,47,3,518,2,1,0,0,1,45,0,0,45,1002,77,925,59,0,59,255,17,208,5,25,
3172061001,DKI JAKARTA,JAKARTA UTARA,KELAPA GADING,KELAPA GADING TIMUR,485,10,19,2,454,1,1,0,0,0,20,0,2,18,970,69,901,41,0,41,140,15,99,8,18,
3173071005,DKI JAKARTA,JAKARTA BARAT,PALMERAH,KEMANGGISAN,374,5,52,6,311,0,0,0,0,0,8,0,1,7,615,67,548,48,0,48,164,10,120,5,29,
3171031001,DKI JAKARTA,JAKARTA PUSAT,KEMAYORAN,KEMAYORAN,269,3,10,3,253,0,0,0,0,0,0,0,0,0,399,16,383,20,0,20,189,9,145,8,27,
3173081006,DKI JAKARTA,JAKARTA BARAT,KEMBANGAN,KEMBANGAN SELATAN,142,2,12,1,127,0,0,0,0,0,5,0,0,5,386,29,357,52,0,52,100,8,78,2,12,
3173081001,DKI JAKARTA,JAKARTA BARAT,KEMBANGAN,KEMBANGAN UTARA,332,5,52,3,272,2,1,0,1,0,3,0,1,2,1082,73,1009,10,0,10,136,10,99,4,23,
3171041002,DKI JAKARTA,JAKARTA PUSAT,SENEN,KENARI,146,4,4,1,137,1,0,0,0,1,1,0,1,0,364,33,331,44,0,44,144,3,136,2,3,
3173041005,DKI JAKARTA,JAKARTA BARAT,TAMBORA,KERENDANG,186,2,8,2,174,1,0,0,0,1,0,0,0,0,154,11,143,3,0,3,90,2,73,6,9,
3175071003,DKI JAKARTA,JAKARTA TIMUR,DUREN SAWIT,KLENDER,454,6,27,2,419,2,0,0,0,2,3,0,0,3,609,54,555,18,0,18,221,15,159,9,38,
3172031001,DKI JAKARTA,JAKARTA UTARA,KOJA,KOJA,221,1,9,0,211,0,0,0,0,0,4,0,0,4,362,22,340,30,0,30,171,1,137,5,28,
3173071006,DKI JAKARTA,JAKARTA BARAT,PALMERAH,KOTA BAMBU SELATAN,332,6,30,5,291,0,0,0,0,0,1,0,0,1,698,43,655,71,0,71,181,5,162,5,9,
3173071003,DKI JAKARTA,JAKARTA BARAT,PALMERAH,KOTA BAMBU UTARA,282,4,21,11,246,0,0,0,0,0,3,0,0,3,434,21,413,53,0,53,163,6,149,6,2,
3171041004,DKI JAKARTA,JAKARTA PUSAT,SENEN,KRAMAT,302,1,16,6,279,0,0,0,0,0,5,0,1,4,734,43,691,30,0,30,208,4,183,10,11,
3175041001,DKI JAKARTA,JAKARTA TIMUR,KRAMAT JATI,KRAMAT JATI,228,7,18,1,202,0,0,0,0,0,9,0,0,9,511,68,443,21,0,21,143,20,94,6,23,
3174071003,DKI JAKARTA,JAKARTA SELATAN,KEBAYORAN BARU,KRAMAT PELA,94,4,14,0,76,0,0,0,0,0,0,0,0,0,419,12,407,6,0,6,91,2,82,0,7,
3173031002,DKI JAKARTA,JAKARTA BARAT,TAMAN SARI,KRUKUT,155,8,25,6,116,0,0,0,0,0,3,0,0,3,283,29,254,11,0,11,85,8,51,4,22,
3174031005,DKI JAKARTA,JAKARTA SELATAN,MAMPANG PRAPATAN,KUNINGAN BARAT,85,3,9,1,72,0,0,0,0,0,0,0,0,0,314,21,293,5,0,5,23,2,14,0,7,
3174021008,DKI JAKARTA,JAKARTA SELATAN,SETIA BUDI,KUNINGAN TIMUR,84,2,2,1,79,1,0,0,0,1,20,0,0,20,109,9,100,1,0,1,42,3,35,2,2,
3171041005,DKI JAKARTA,JAKARTA PUSAT,SENEN,KWITANG,185,0,6,0,179,2,0,0,0,2,5,0,3,2,350,13,337,8,0,8,92,5,63,4,20,
3172031003,DKI JAKARTA,JAKARTA UTARA,KOJA,LAGOA,422,13,14,1,394,0,0,0,0,0,5,0,1,4,500,54,446,50,0,50,406,14,331,7,54,
3174061002,DKI JAKARTA,JAKARTA SELATAN,CILANDAK,LEBAK BULUS,226,4,24,2,196,3,0,0,0,3,27,0,0,27,429,44,385,21,0,21,105,6,76,8,15,
3174091004,DKI JAKARTA,JAKARTA SELATAN,JAGAKARSA,LENTENG AGUNG,441,5,21,0,415,2,0,0,0,2,6,0,0,6,362,33,329,11,0,11,112,8,74,0,30,
LUAR DKI JAKARTA,LUAR DKI JAKARTA,LUAR DKI JAKARTA,LUAR DKI JAKARTA,LUAR DKI JAKARTA,18231,780,1606,98,15747,52,5,0,0,47,511,0,60,451,25590,5283,20307,1162,0,1162,6508,564,5276,120,548,
3175101007,DKI JAKARTA,JAKARTA TIMUR,CIPAYUNG,LUBANG BUAYA,416,6,35,3,372,1,0,0,0,1,4,0,0,4,479,49,430,28,0,28,151,11,118,2,20,
3175081001,DKI JAKARTA,JAKARTA TIMUR,MAKASAR,MAKASAR,163,11,5,1,146,0,0,0,0,0,8,0,1,7,751,140,611,21,0,21,119,22,66,0,31,
3175071006,DKI JAKARTA,JAKARTA TIMUR,DUREN SAWIT,MALAKA JAYA,244,2,11,2,229,1,0,0,0,1,2,0,0,2,385,39,346,11,0,11,117,8,82,0,27,
3175071005,DKI JAKARTA,JAKARTA TIMUR,DUREN SAWIT,MALAKA SARI,214,4,9,1,200,0,0,0,0,0,0,0,0,0,292,45,247,9,0,9,97,4,63,3,27,
3174031001,DKI JAKARTA,JAKARTA SELATAN,MAMPANG PRAPATAN,MAMPANG PRAPATAN,209,11,7,2,189,0,0,0,0,0,0,0,0,0,749,54,695,9,0,9,169,10,116,5,38,
3173031005,DKI JAKARTA,JAKARTA BARAT,TAMAN SARI,MANGGA BESAR,85,2,10,1,72,0,0,0,0,0,0,0,0,0,127,6,121,3,0,3,29,6,19,1,3,
3171021005,DKI JAKARTA,JAKARTA PUSAT,SAWAH BESAR,MANGGA DUA SELATAN,222,2,19,1,200,2,0,0,0,2,1,0,0,1,619,28,591,9,0,9,127,1,100,2,24,
3174011007,DKI JAKARTA,JAKARTA SELATAN,TEBET,MANGGARAI,239,5,30,0,204,4,1,0,0,3,4,0,0,4,363,19,344,20,0,20,95,14,65,1,15,
3174011006,DKI JAKARTA,JAKARTA SELATAN,TEBET,MANGGARAI SELATAN,131,3,5,2,121,0,0,0,0,0,6,0,0,6,355,12,343,18,0,18,63,6,47,2,8,
3173031003,DKI JAKARTA,JAKARTA BARAT,TAMAN SARI,MAPHAR,147,1,22,1,123,0,0,0,0,0,6,0,0,6,281,22,259,36,0,36,144,5,126,1,12,
3172041003,DKI JAKARTA,JAKARTA UTARA,CILINCING,MARUNDA,184,5,8,0,171,2,1,0,0,1,0,0,0,0,289,16,273,12,0,12,73,5,62,1,5,
3174071001,DKI JAKARTA,JAKARTA SELATAN,KEBAYORAN BARU,MELAWAI,42,1,8,0,33,0,0,0,0,0,1,0,0,1,47,1,46,0,0,0,11,3,7,0,1,
3171061001,DKI JAKARTA,JAKARTA PUSAT,MENTENG,MENTENG,258,5,33,2,218,2,1,0,0,1,1,0,0,1,550,24,526,24,0,24,158,16,124,6,12,
3174021005,DKI JAKARTA,JAKARTA SELATAN,SETIA BUDI,MENTENG ATAS,242,7,22,3,210,1,0,0,0,1,45,0,0,45,955,66,889,35,0,35,131,7,109,2,13,
3174011003,DKI JAKARTA,JAKARTA SELATAN,TEBET,MENTENG DALAM,401,3,107,4,287,2,0,0,0,2,13,0,0,13,552,52,500,38,0,38,111,8,90,6,7,
3173081003,DKI JAKARTA,JAKARTA BARAT,KEMBANGAN,MERUYA SELATAN,202,2,43,1,156,0,0,0,0,0,2,0,0,2,417,72,345,14,0,14,103,8,63,3,29,
3173081002,DKI JAKARTA,JAKARTA BARAT,KEMBANGAN,MERUYA UTARA,276,7,63,6,200,1,0,0,1,0,7,0,1,6,594,67,527,10,0,10,103,5,82,1,15,
3175101004,DKI JAKARTA,JAKARTA TIMUR,CIPAYUNG,MUNJUL,165,9,15,0,141,0,0,0,0,0,2,0,0,2,196,32,164,23,0,23,51,3,41,0,7,
3172051002,DKI JAKARTA,JAKARTA UTARA,PADEMANGAN,PADEMANGAN BARAT,1412,5,133,5,1269,4,0,0,0,4,11,0,1,10,2115,70,2045,26,0,26,544,11,455,19,59,
3172051001,DKI JAKARTA,JAKARTA UTARA,PADEMANGAN,PADEMANGAN TIMUR,427,1,48,3,375,1,0,0,0,1,13,0,0,13,671,42,629,13,0,13,144,2,113,3,26,
3175011004,DKI JAKARTA,JAKARTA TIMUR,MATRAMAN,PAL MERIAM,170,4,8,2,156,1,0,0,0,1,2,0,0,2,456,25,431,58,0,58,134,4,104,6,20,
3173071001,DKI JAKARTA,JAKARTA BARAT,PALMERAH,PALMERAH,727,7,92,2,626,0,0,0,0,0,2,0,0,2,1283,143,1140,68,0,68,277,15,207,15,40,
3174081001,DKI JAKARTA,JAKARTA SELATAN,PANCORAN,PANCORAN,253,2,13,0,238,1,0,0,0,1,9,0,0,9,448,26,422,6,0,6,162,15,127,3,17,
3172021003,DKI JAKARTA,JAKARTA UTARA,TANJUNG PRIOK,PAPANGGO,256,6,23,0,227,1,0,0,0,1,5,0,0,5,614,35,579,50,0,50,169,4,124,2,39,
3171021001,DKI JAKARTA,JAKARTA PUSAT,SAWAH BESAR,PASAR BARU,158,2,3,2,151,1,0,0,0,1,4,0,0,4,346,27,319,6,0,6,101,6,63,1,31,
3174021006,DKI JAKARTA,JAKARTA SELATAN,SETIA BUDI,PASAR MANGGIS,164,8,9,3,144,2,1,0,0,1,26,0,0,26,672,46,626,15,0,15,115,2,94,7,12,
3174041001,DKI JAKARTA,JAKARTA SELATAN,PASAR MINGGU,PASAR MINGGU,271,6,22,1,242,2,0,0,0,2,5,0,0,5,393,19,374,20,0,20,114,6,99,2,7,
3171041003,DKI JAKARTA,JAKARTA PUSAT,SENEN,PASEBAN,354,4,20,1,329,0,0,0,0,0,7,0,1,6,604,39,565,59,0,59,172,6,143,7,16,
3173061005,DKI JAKARTA,JAKARTA BARAT,KALI DERES,PEGADUNGAN,505,5,27,7,466,0,0,0,0,0,10,0,0,10,1066,125,941,16,0,16,136,12,107,3,14,
3171061002,DKI JAKARTA,JAKARTA PUSAT,MENTENG,PEGANGSAAN,273,1,28,2,242,1,0,0,0,1,0,0,0,0,705,46,659,50,0,50,264,6,212,3,43,
3172061002,DKI JAKARTA,JAKARTA UTARA,KELAPA GADING,PEGANGSAAN DUA,583,8,40,1,534,0,0,0,0,0,41,0,0,41,1304,117,1187,89,0,89,246,22,175,6,43,
3172011004,DKI JAKARTA,JAKARTA UTARA,PENJARINGAN,PEJAGALAN,286,9,20,2,255,1,0,0,0,1,7,0,0,7,651,93,558,27,0,27,133,7,98,3,25,
3174041006,DKI JAKARTA,JAKARTA SELATAN,PASAR MINGGU,PEJATEN BARAT,272,4,39,2,227,7,0,0,0,7,1,0,0,1,499,32,467,73,0,73,110,7,80,2,21,
3174041005,DKI JAKARTA,JAKARTA SELATAN,PASAR MINGGU,PEJATEN TIMUR,308,5,28,1,274,4,0,0,0,4,2,0,0,2,444,29,415,39,0,39,111,13,78,6,14,
3175051005,DKI JAKARTA,JAKARTA TIMUR,PASAR REBO,PEKAYON,547,5,47,1,494,0,0,0,0,0,3,0,0,3,210,20,190,9,0,9,84,8,53,2,21,
3173041009,DKI JAKARTA,JAKARTA BARAT,TAMBORA,PEKOJAN,207,5,6,2,194,0,0,0,0,0,2,0,0,2,184,9,175,17,0,17,78,4,57,3,14,
3174031003,DKI JAKARTA,JAKARTA SELATAN,MAMPANG PRAPATAN,PELA MAMPANG,244,10,11,2,221,4,0,0,0,4,14,0,1,13,956,154,802,6,0,6,154,7,110,4,33,
3174081005,DKI JAKARTA,JAKARTA SELATAN,PANCORAN,PENGADEGAN,145,3,9,2,131,0,0,0,0,0,8,0,0,8,302,16,286,10,0,10,66,9,48,0,9,
3175061003,DKI JAKARTA,JAKARTA TIMUR,CAKUNG,PENGGILINGAN,383,6,34,1,342,1,0,0,0,1,6,0,1,5,1032,122,910,71,0,71,278,13,207,7,51,
3172011001,DKI JAKARTA,JAKARTA UTARA,PENJARINGAN,PENJARINGAN,595,20,31,4,540,1,0,0,0,1,22,0,0,22,2399,129,2270,117,0,117,342,12,299,14,17,
3174101001,DKI JAKARTA,JAKARTA SELATAN,PESANGGRAHAN,PESANGGRAHAN,306,20,31,4,251,1,0,0,0,1,0,0,0,0,534,52,482,18,0,18,78,9,50,3,16,
3171071004,DKI JAKARTA,JAKARTA PUSAT,TANAH ABANG,PETAMBURAN,465,5,4,7,449,0,0,0,0,0,7,0,0,7,397,51,346,5,0,5,297,12,226,11,48,
3174071008,DKI JAKARTA,JAKARTA SELATAN,KEBAYORAN BARU,PETOGOGAN,95,2,0,0,93,0,0,0,0,0,3,0,1,2,191,1,190,0,0,0,29,4,23,0,2,
3171011004,DKI JAKARTA,JAKARTA PUSAT,GAMBIR,PETOJO SELATAN,157,3,10,1,143,0,0,0,0,0,22,0,0,22,475,30,445,14,0,14,132,3,105,8,16,
3171011003,DKI JAKARTA,JAKARTA PUSAT,GAMBIR,PETOJO UTARA,130,1,8,3,118,1,0,0,0,1,11,0,0,11,269,11,258,25,0,25,84,3,62,2,17,
3174101004,DKI JAKARTA,JAKARTA SELATAN,PESANGGRAHAN,PETUKANGAN SELATAN,260,14,14,2,230,0,0,0,0,0,2,0,1,1,554,54,500,8,0,8,41,1,32,1,7,
3174101003,DKI JAKARTA,JAKARTA SELATAN,PESANGGRAHAN,PETUKANGAN UTARA,344,11,23,4,306,1,0,0,0,1,5,0,0,5,1207,73,1134,9,0,9,115,16,70,2,27,
3175081002,DKI JAKARTA,JAKARTA TIMUR,MAKASAR,PINANG RANTI,123,6,4,1,112,0,0,0,0,0,0,0,0,0,500,34,466,22,0,22,80,2,56,4,18,
3173031008,DKI JAKARTA,JAKARTA BARAT,TAMAN SARI,PINANGSIA,87,4,10,1,72,0,0,0,0,0,2,0,0,2,159,6,153,2,0,2,50,0,40,0,10,
3175011001,DKI JAKARTA,JAKARTA TIMUR,MATRAMAN,PISANGAN BARU,228,2,3,3,220,1,0,0,0,1,1,0,0,1,272,47,225,28,0,28,127,4,82,5,36,
3175021002,DKI JAKARTA,JAKARTA TIMUR,PULO GADUNG,PISANGAN TIMUR,226,6,22,4,194,1,1,0,0,0,10,0,0,10,479,39,440,24,0,24,106,15,74,4,13,
3172011005,DKI JAKARTA,JAKARTA UTARA,PENJARINGAN,PLUIT,191,4,12,4,171,0,0,0,0,0,12,0,0,12,843,126,717,10,0,10,134,11,109,8,6,
3175071002,DKI JAKARTA,JAKARTA TIMUR,DUREN SAWIT,PONDOK BAMBU,736,20,41,1,674,2,0,0,0,2,3,0,0,3,587,56,531,20,0,20,221,16,161,5,39,
3175071004,DKI JAKARTA,JAKARTA TIMUR,DUREN SAWIT,PONDOK KELAPA,476,9,15,0,452,0,0,0,0,0,11,0,1,10,739,81,658,14,0,14,202,15,140,6,41,
3175071007,DKI JAKARTA,JAKARTA TIMUR,DUREN SAWIT,PONDOK KOPI,300,3,31,1,265,0,0,0,0,0,1,0,0,1,276,18,258,9,0,9,126,4,89,7,26,
3174061003,DKI JAKARTA,JAKARTA SELATAN,CILANDAK,PONDOK LABU,260,6,25,1,228,6,2,0,0,4,73,0,0,73,680,63,617,36,0,36,71,1,61,1,8,
3174051002,DKI JAKARTA,JAKARTA SELATAN,KEBAYORAN LAMA,PONDOK PINANG,360,1,22,4,333,0,0,0,0,0,44,0,0,44,593,30,563,9,0,9,146,10,104,9,23,
3175101003,DKI JAKARTA,JAKARTA TIMUR,CIPAYUNG,PONDOK RANGGON,169,5,8,3,153,0,0,0,0,0,3,0,0,3,187,32,155,21,0,21,72,8,48,1,15,
PROSES UPDATE DATA,PROSES UPDATE DATA,PROSES UPDATE DATA,PROSES UPDATE DATA,PROSES UPDATE DATA,11570,128,370,1690,9382,1830,0,0,1828,2,105,0,0,105,6930,954,5976,72,1,71,16670,1934,12552,361,1823,
3101011003,DKI JAKARTA,KAB.ADM.KEP.SERIBU,KEP. SERIBU UTARA,PULAU HARAPAN,60,0,0,0,60,0,0,0,0,0,0,0,0,0,58,2,56,0,0,0,2,1,1,0,0,
3101011002,DKI JAKARTA,KAB.ADM.KEP.SERIBU,KEP. SERIBU UTARA,PULAU KELAPA,46,0,1,1,44,0,0,0,0,0,3,0,0,3,143,2,141,1,0,1,5,0,5,0,0,
3101011001,DKI JAKARTA,KAB.ADM.KEP.SERIBU,KEP. SERIBU UTARA,PULAU PANGGANG,67,0,15,1,51,0,0,0,0,0,0,0,0,0,147,18,129,4,0,4,17,0,8,0,9,
3101021003,DKI JAKARTA,KAB.ADM.KEP.SERIBU,KEP. SERIBU SELATAN,PULAU PARI,6,0,0,0,6,0,0,0,0,0,0,0,0,0,161,1,160,1,0,1,4,1,3,0,0,
3101021002,DKI JAKARTA,KAB.ADM.KEP.SERIBU,KEP. SERIBU SELATAN,PULAU TIDUNG,34,0,1,0,33,0,0,0,0,0,0,0,0,0,332,3,329,1,0,1,30,1,29,0,0,
3101021001,DKI JAKARTA,KAB.ADM.KEP.SERIBU,KEP. SERIBU SELATAN,PULAU UNTUNG JAWA,22,0,0,0,22,0,0,0,0,0,0,0,0,0,99,4,95,0,0,0,3,0,2,0,1,
3174071007,DKI JAKARTA,JAKARTA SELATAN,KEBAYORAN BARU,PULO,134,4,38,1,91,0,0,0,0,0,1,0,0,1,115,6,109,0,0,0,31,0,19,0,12,
3175021001,DKI JAKARTA,JAKARTA TIMUR,PULO GADUNG,PULO GADUNG,261,6,18,2,235,0,0,0,0,0,9,0,0,9,600,34,566,20,0,20,127,12,90,4,21,
3175061005,DKI JAKARTA,JAKARTA TIMUR,CAKUNG,PULO GEBANG,304,4,40,2,258,1,0,0,0,1,5,0,0,5,900,124,776,51,0,51,199,8,136,4,51,
3174041004,DKI JAKARTA,JAKARTA SELATAN,PASAR MINGGU,RAGUNAN,340,7,64,2,267,1,0,0,0,1,1,0,0,1,466,29,437,24,0,24,67,8,36,3,20,
3175091005,DKI JAKARTA,JAKARTA TIMUR,CIRACAS,RAMBUTAN,277,2,25,1,249,2,0,0,0,2,12,0,1,11,569,26,543,28,0,28,74,6,59,0,9,
3172031006,DKI JAKARTA,JAKARTA UTARA,KOJA,RAWA BADAK SELATAN,352,8,7,2,335,2,1,0,0,1,2,0,0,2,420,47,373,40,0,40,244,6,200,4,34,
3172031004,DKI JAKARTA,JAKARTA UTARA,KOJA,RAWA BADAK UTARA,301,3,12,1,285,0,0,0,0,0,2,0,0,2,362,32,330,50,0,50,184,4,141,4,35,
3174071005,DKI JAKARTA,JAKARTA SELATAN,KEBAYORAN BARU,RAWA BARAT,63,0,3,2,58,0,0,0,0,0,1,0,0,1,120,4,116,0,0,0,11,0,10,1,0,
3173011003,DKI JAKARTA,JAKARTA BARAT,CENGKARENG,RAWA BUAYA,188,4,18,2,164,0,0,0,0,0,4,0,0,4,451,64,387,5,0,5,140,10,98,6,26,
3175031004,DKI JAKARTA,JAKARTA TIMUR,JATINEGARA,RAWA BUNGA,100,3,16,1,80,0,0,0,0,0,1,0,1,0,124,15,109,7,0,7,63,1,51,1,10,
3174081003,DKI JAKARTA,JAKARTA SELATAN,PANCORAN,RAWA JATI,205,4,11,0,190,2,0,0,0,2,10,0,0,10,358,40,318,6,0,6,44,6,31,0,7,
3175061002,DKI JAKARTA,JAKARTA TIMUR,CAKUNG,RAWA TERATE,54,2,2,0,50,0,0,0,0,0,2,0,0,2,230,29,201,2,0,2,56,7,39,0,10,
3175021005,DKI JAKARTA,JAKARTA TIMUR,PULO GADUNG,RAWAMANGUN,216,3,12,0,201,0,0,0,0,0,6,0,0,6,579,53,526,24,0,24,135,10,96,2,27,
3171051003,DKI JAKARTA,JAKARTA PUSAT,CEMPAKA PUTIH,RAWASARI,498,3,14,2,479,3,0,0,1,2,6,0,1,5,934,31,903,30,0,30,233,3,170,4,56,
3173041010,DKI JAKARTA,JAKARTA BARAT,TAMBORA,ROA MALAKA,28,2,0,0,26,1,0,0,0,1,0,0,0,0,32,2,30,1,0,1,11,0,10,0,1,
3172041006,DKI JAKARTA,JAKARTA UTARA,CILINCING,ROROTAN,225,10,18,2,195,0,0,0,0,0,2,0,0,2,476,21,455,62,0,62,106,8,70,2,26,
3174071004,DKI JAKARTA,JAKARTA SELATAN,KEBAYORAN BARU,SELONG,25,1,1,0,23,0,0,0,0,0,3,0,0,3,76,2,74,0,0,0,19,3,13,1,2,
3173061002,DKI JAKARTA,JAKARTA BARAT,KALI DERES,SEMANAN,288,3,29,3,253,0,0,0,0,0,2,0,0,2,685,36,649,6,0,6,74,11,52,1,10,
3172041007,DKI JAKARTA,JAKARTA UTARA,CILINCING,SEMPER BARAT,451,8,33,1,409,2,1,0,0,1,11,0,1,10,931,55,876,80,0,80,301,8,247,4,42,
3172041005,DKI JAKARTA,JAKARTA UTARA,CILINCING,SEMPER TIMUR,270,9,13,1,247,1,1,0,0,0,3,0,0,3,560,42,518,34,0,34,158,2,126,3,27,
3174071006,DKI JAKARTA,JAKARTA SELATAN,KEBAYORAN BARU,SENAYAN,34,1,1,0,32,0,0,0,0,0,9,0,0,9,177,3,174,0,0,0,50,6,39,0,5,
3171041001,DKI JAKARTA,JAKARTA PUSAT,SENEN,SENEN,146,4,7,0,135,1,1,0,0,0,6,0,0,6,585,16,569,25,0,25,99,0,93,2,4,
3171031004,DKI JAKARTA,JAKARTA PUSAT,KEMAYORAN,SERDANG,308,5,18,2,283,0,0,0,0,0,5,0,0,5,410,33,377,27,0,27,127,10,77,3,37,
3174021001,DKI JAKARTA,JAKARTA SELATAN,SETIA BUDI,SETIA BUDI,47,0,2,0,45,0,0,0,0,0,4,0,0,4,205,16,189,6,0,6,15,0,15,0,0,
3175101005,DKI JAKARTA,JAKARTA TIMUR,CIPAYUNG,SETU,179,6,9,0,164,0,0,0,0,0,2,0,0,2,199,35,164,13,0,13,53,2,44,0,7,
3173071002,DKI JAKARTA,JAKARTA BARAT,PALMERAH,SLIPI,371,3,33,2,333,0,0,0,0,0,2,0,0,2,620,110,510,39,0,39,148,3,114,2,29,
3173081004,DKI JAKARTA,JAKARTA BARAT,KEMBANGAN,SRENGSENG,246,3,19,3,221,1,0,0,0,1,5,0,0,5,733,68,665,19,0,19,143,15,112,4,12,
3174091002,DKI JAKARTA,JAKARTA SELATAN,JAGAKARSA,SRENGSENG SAWAH,478,15,19,0,444,8,1,0,0,7,10,0,0,10,490,69,421,23,0,23,118,5,84,6,23,
3173051003,DKI JAKARTA,JAKARTA BARAT,KEBON JERUK,SUKABUMI SELATAN,185,6,12,4,163,0,0,0,0,0,1,0,0,1,422,58,364,23,0,23,90,1,79,3,7,
3173051002,DKI JAKARTA,JAKARTA BARAT,KEBON JERUK,SUKABUMI UTARA,162,4,16,3,139,0,0,0,0,0,19,0,0,19,436,83,353,42,0,42,90,7,71,4,8,
3172041002,DKI JAKARTA,JAKARTA UTARA,CILINCING,SUKAPURA,392,11,29,2,350,0,0,0,0,0,5,0,0,5,733,35,698,71,0,71,228,12,179,3,34,
3171031007,DKI JAKARTA,JAKARTA PUSAT,KEMAYORAN,SUMUR BATU,253,4,10,1,238,1,1,0,0,0,5,0,0,5,328,39,289,19,0,19,116,4,65,2,45,
3172021004,DKI JAKARTA,JAKARTA UTARA,TANJUNG PRIOK,SUNGAI BAMBU,194,2,7,0,185,0,0,0,0,0,6,0,0,6,440,50,390,31,0,31,96,5,57,4,30,
3172021006,DKI JAKARTA,JAKARTA UTARA,TANJUNG PRIOK,SUNTER AGUNG,650,13,59,1,577,2,0,0,0,2,18,0,0,18,1472,72,1400,60,0,60,374,16,290,14,54,
3172021002,DKI JAKARTA,JAKARTA UTARA,TANJUNG PRIOK,SUNTER JAYA,542,8,28,6,500,0,0,0,0,0,8,0,0,8,1105,92,1013,149,0,149,326,13,249,17,47,
3175091004,DKI JAKARTA,JAKARTA TIMUR,CIRACAS,SUSUKAN,222,8,23,1,190,0,0,0,0,0,16,0,0,16,900,34,866,69,0,69,77,3,55,1,18,
3173031001,DKI JAKARTA,JAKARTA BARAT,TAMAN SARI,TAMAN SARI,177,4,26,0,147,1,0,0,0,1,0,0,0,0,252,23,229,11,0,11,85,6,64,3,12,
3173041001,DKI JAKARTA,JAKARTA BARAT,TAMBORA,TAMBORA,133,5,7,3,118,0,0,0,0,0,0,0,0,0,241,6,235,2,0,2,43,1,36,2,4,
3173041004,DKI JAKARTA,JAKARTA BARAT,TAMBORA,TANAH SEREAL,219,4,9,2,204,1,0,0,0,1,4,0,0,4,202,8,194,3,0,3,112,6,94,6,6,
3171081004,DKI JAKARTA,JAKARTA PUSAT,JOHAR BARU,TANAH TINGGI,304,6,8,3,287,1,0,0,0,1,2,0,0,2,641,16,625,31,0,31,252,8,194,16,34,
3173031004,DKI JAKARTA,JAKARTA BARAT,TAMAN SARI,TANGKI,174,3,28,1,142,1,0,0,0,1,3,0,0,3,224,13,211,2,0,2,61,5,41,1,14,
3174091005,DKI JAKARTA,JAKARTA SELATAN,JAGAKARSA,TANJUNG BARAT,389,5,15,1,368,1,0,0,0,1,2,0,1,1,320,29,291,11,0,11,121,5,82,3,31,
3173021005,DKI JAKARTA,JAKARTA BARAT,GROGOL PETAMBURAN,TANJUNG DUREN SELATAN,261,3,27,1,230,0,0,0,0,0,19,0,0,19,446,68,378,19,0,19,157,9,116,6,26,
3173021002,DKI JAKARTA,JAKARTA BARAT,GROGOL PETAMBURAN,TANJUNG DUREN UTARA,183,4,14,0,165,1,0,0,0,1,20,0,0,20,354,19,335,17,0,17,62,3,50,3,6,
3172021001,DKI JAKARTA,JAKARTA UTARA,TANJUNG PRIOK,TANJUNG PRIOK,302,7,22,6,267,0,0,0,0,0,10,0,1,9,542,46,496,49,0,49,220,4,170,7,39,
3174011002,DKI JAKARTA,JAKARTA SELATAN,TEBET,TEBET BARAT,299,8,91,0,200,1,0,0,0,1,8,0,0,8,454,27,427,22,0,22,204,12,180,3,9,
3174011001,DKI JAKARTA,JAKARTA SELATAN,TEBET,TEBET TIMUR,195,2,47,2,144,0,0,0,0,0,6,0,0,6,365,27,338,28,0,28,67,2,49,3,13,
3173061003,DKI JAKARTA,JAKARTA BARAT,KALI DERES,TEGAL ALUR,469,5,61,6,397,0,0,0,0,0,3,0,0,3,816,145,671,8,0,8,106,7,81,3,15,
3174031004,DKI JAKARTA,JAKARTA SELATAN,MAMPANG PRAPATAN,TEGAL PARANG,217,8,14,3,192,5,0,0,1,4,3,0,0,3,671,85,586,9,0,9,158,4,122,3,29,
3173021003,DKI JAKARTA,JAKARTA BARAT,GROGOL PETAMBURAN,TOMANG,294,4,20,2,268,0,0,0,0,0,14,0,0,14,497,36,461,72,0,72,159,8,144,2,5,
3172031005,DKI JAKARTA,JAKARTA UTARA,KOJA,TUGU SELATAN,276,2,8,1,265,0,0,0,0,0,1,0,0,1,329,31,298,62,0,62,135,13,96,4,22,
3172031002,DKI JAKARTA,JAKARTA UTARA,KOJA,TUGU UTARA,607,12,24,0,571,3,1,0,0,2,7,0,0,7,623,75,548,70,0,70,229,8,144,6,71,
3175061006,DKI JAKARTA,JAKARTA TIMUR,CAKUNG,UJUNG MENTENG,94,0,10,2,82,1,0,0,0,1,0,0,0,0,270,23,247,15,0,15,61,7,44,3,7,
3174101005,DKI JAKARTA,JAKARTA SELATAN,PESANGGRAHAN,ULUJAMI,414,11,15,2,386,0,0,0,0,0,0,0,0,0,876,24,852,25,0,25,125,3,99,3,20,
3175011006,DKI JAKARTA,JAKARTA TIMUR,MATRAMAN,UTAN KAYU SELATAN,333,2,9,8,314,2,1,0,0,1,2,0,0,2,586,64,522,81,0,81,163,11,113,6,33,
3175011002,DKI JAKARTA,JAKARTA TIMUR,MATRAMAN,UTAN KAYU UTARA,258,4,9,0,245,2,1,0,0,1,2,0,0,2,443,34,409,38,0,38,123,11,71,4,37,
3171031008,DKI JAKARTA,JAKARTA PUSAT,KEMAYORAN,UTAN PANJANG,263,1,14,2,246,0,0,0,0,0,2,0,0,2,293,41,252,18,0,18,120,1,73,7,39,
3172021007,DKI JAKARTA,JAKARTA UTARA,TANJUNG PRIOK,WARAKAS,269,10,30,2,227,0,0,0,0,0,9,0,0,9,611,51,560,45,0,45,169,3,122,4,40,
3173021007,DKI JAKARTA,JAKARTA BARAT,GROGOL PETAMBURAN,WIJAYA KUSUMA,262,2,13,2,245,0,0,0,0,0,7,0,1,6,591,19,572,19,0,19,112,5,96,4,7,
