id_kel,nama_provinsi,nama_kota,nama_kecamatan,nama_kelurahan,suspek,perawatan_rs,isolasi_di_rumah,suspek_meninggal,selesai_isolasi,probable,perawatan_rs,isolasi_di_rumah,probable_meninggal,selesai_isolasi,pelaku_perjalanan,perawatan_rs,isolasi_di_rumah,selesai_isolasi,kontak_erat,isolasi_di_rumah,selesai_isolasi,discarded,meninggal,selesai_isolasi,positif,dirawat,sembuh,meninggal,self_isolation,keterangan
3172051003,DKI JAKARTA,JAKARTA UTARA,PADEMANGAN,ANCOL,357,0,23,0,334,4,0,0,0,4,9,0,1,8,506,37,469,7,0,7,173,6,147,2,18,
3173041007,DKI JAKARTA,JAKARTA BARAT,TAMBORA,ANGKE,327,4,17,2,304,1,0,0,1,0,0,0,0,0,418,12,406,25,0,25,115,5,101,2,7,
3175041005,DKI JAKARTA,JAKARTA TIMUR,KRAMAT JATI,BALE KAMBANG,197,7,13,1,176,1,0,0,0,1,5,0,0,5,394,37,357,23,0,23,98,7,78,1,12,
3175031003,DKI JAKARTA,JAKARTA TIMUR,JATINEGARA,BALI MESTER,81,1,5,1,74,0,0,0,0,0,0,0,0,0,84,17,67,4,0,4,24,0,18,1,5,
3175101006,DKI JAKARTA,JAKARTA TIMUR,CIPAYUNG,BAMBU APUS,239,10,25,1,203,0,0,0,0,0,3,0,0,3,400,73,327,17,0,17,92,8,71,1,12,
3174031002,DKI JAKARTA,JAKARTA SELATAN,MAMPANG PRAPATAN,BANGKA,165,1,13,2,149,4,0,0,1,3,18,0,0,18,517,36,481,8,0,8,105,4,80,2,19,
3175051002,DKI JAKARTA,JAKARTA TIMUR,PASAR REBO,BARU,214,4,12,1,197,0,0,0,0,0,4,0,0,4,305,30,275,15,0,15,79,2,64,0,13,
3175041004,DKI JAKARTA,JAKARTA TIMUR,KRAMAT JATI,BATU AMPAR,323,7,19,1,296,2,0,0,0,2,2,0,0,2,678,67,611,25,0,25,127,9,89,3,26,
3171071002,DKI JAKARTA,JAKARTA PUSAT,TANAH ABANG,BENDUNGAN HILIR,315,5,14,0,296,0,0,0,0,0,3,0,0,3,388,26,362,8,0,8,137,21,72,2,42,
3175031002,DKI JAKARTA,JAKARTA TIMUR,JATINEGARA,BIDARA CINA,235,4,16,3,212,0,0,0,0,0,1,0,0,1,285,25,260,29,0,29,184,1,133,9,41,
3174101002,DKI JAKARTA,JAKARTA SELATAN,PESANGGRAHAN,BINTARO,531,2,22,2,505,4,0,0,0,4,9,0,0,9,1110,69,1041,22,0,22,170,6,126,6,32,
3174011005,DKI JAKARTA,JAKARTA SELATAN,TEBET,BUKIT DURI,255,4,74,3,174,1,0,0,0,1,13,0,0,13,418,39,379,12,0,12,108,6,62,7,33,
3171041006,DKI JAKARTA,JAKARTA PUSAT,SENEN,BUNGUR,177,6,6,2,163,1,0,0,0,1,13,0,0,13,438,14,424,10,0,10,134,7,97,2,28,
3175061007,DKI JAKARTA,JAKARTA TIMUR,CAKUNG,CAKUNG BARAT,196,7,16,1,172,0,0,0,0,0,0,0,0,0,513,37,476,39,0,39,139,3,107,3,26,
3175061004,DKI JAKARTA,JAKARTA TIMUR,CAKUNG,CAKUNG TIMUR,260,17,28,2,213,2,0,0,1,1,5,0,2,3,559,65,494,32,0,32,147,9,110,1,27,
3175041007,DKI JAKARTA,JAKARTA TIMUR,KRAMAT JATI,CAWANG,212,4,27,0,181,1,0,0,0,1,4,0,0,4,481,37,444,14,0,14,131,8,98,3,22,
3175101008,DKI JAKARTA,JAKARTA TIMUR,CIPAYUNG,CEGER,143,4,11,0,128,0,0,0,0,0,0,0,0,0,205,42,163,8,0,8,55,11,29,0,15,
3171031006,DKI JAKARTA,JAKARTA PUSAT,KEMAYORAN,CEMPAKA BARU,442,7,28,2,405,1,0,0,0,1,7,0,0,7,573,74,499,31,0,31,237,6,202,12,17,
3171051002,DKI JAKARTA,JAKARTA PUSAT,CEMPAKA PUTIH,CEMPAKA PUTIH BARAT,682,11,15,2,654,2,0,0,0,2,11,0,2,9,1503,100,1403,46,0,46,491,11,384,10,86,
3171051001,DKI JAKARTA,JAKARTA PUSAT,CEMPAKA PUTIH,CEMPAKA PUTIH TIMUR,468,10,15,1,442,0,0,0,0,0,9,0,0,9,1076,62,1014,53,0,53,270,5,207,4,54,
3173011001,DKI JAKARTA,JAKARTA BARAT,CENGKARENG,CENGKARENG BARAT,390,4,31,1,354,0,0,0,0,0,5,0,0,5,946,122,824,11,0,11,219,17,147,4,51,
3173011006,DKI JAKARTA,JAKARTA BARAT,CENGKARENG,CENGKARENG TIMUR,560,7,51,7,495,1,0,0,0,1,4,0,1,3,1230,166,1064,14,0,14,376,14,256,12,94,
3175091002,DKI JAKARTA,JAKARTA TIMUR,CIRACAS,CIBUBUR,557,13,38,4,502,1,0,0,0,1,30,0,0,30,1547,65,1482,82,0,82,183,6,143,4,30,
3171011002,DKI JAKARTA,JAKARTA PUSAT,GAMBIR,CIDENG,212,0,8,2,202,0,0,0,0,0,8,0,0,8,427,32,395,13,0,13,147,9,118,5,15,
3174091003,DKI JAKARTA,JAKARTA SELATAN,JAGAKARSA,CIGANJUR,499,8,17,1,473,2,0,0,0,2,11,0,1,10,414,44,370,10,0,10,105,5,76,4,20,
3175051003,DKI JAKARTA,JAKARTA TIMUR,PASAR REBO,CIJANTUNG,461,6,35,3,417,0,0,0,0,0,1,0,0,1,401,22,379,8,0,8,150,4,116,6,24,
3171061003,DKI JAKARTA,JAKARTA PUSAT,MENTENG,CIKINI,102,2,4,0,96,0,0,0,0,0,0,0,0,0,163,12,151,11,0,11,29,2,24,2,1,
3174081006,DKI JAKARTA,JAKARTA SELATAN,PANCORAN,CIKOKO,145,0,2,0,143,1,0,0,0,1,10,0,0,10,228,13,215,0,0,0,47,4,35,1,7,
3174061001,DKI JAKARTA,JAKARTA SELATAN,CILANDAK,CILANDAK BARAT,603,6,82,5,510,1,0,0,0,1,96,0,1,95,962,122,840,36,0,36,193,5,137,7,44,
3174041003,DKI JAKARTA,JAKARTA SELATAN,PASAR MINGGU,CILANDAK TIMUR,312,17,59,1,235,4,1,0,0,3,17,0,0,17,310,25,285,86,0,86,181,3,147,7,24,
3175101002,DKI JAKARTA,JAKARTA TIMUR,CIPAYUNG,CILANGKAP,226,7,10,1,208,1,1,0,0,0,2,0,0,2,385,81,304,18,0,18,105,10,70,0,25,
3175041006,DKI JAKARTA,JAKARTA TIMUR,KRAMAT JATI,CILILITAN,216,4,24,1,187,0,0,0,0,0,5,0,0,5,581,63,518,42,0,42,150,7,114,3,26,
3172041001,DKI JAKARTA,JAKARTA UTARA,CILINCING,CILINCING,392,11,36,1,344,0,0,0,0,0,6,0,0,6,1007,30,977,72,0,72,283,5,249,5,24,
3175101001,DKI JAKARTA,JAKARTA TIMUR,CIPAYUNG,CIPAYUNG,325,8,26,2,289,3,1,0,1,1,5,0,1,4,389,77,312,21,0,21,134,6,105,2,21,
3174091006,DKI JAKARTA,JAKARTA SELATAN,JAGAKARSA,CIPEDAK,426,5,26,0,395,2,0,0,0,2,0,0,0,0,324,46,278,6,0,6,95,5,66,1,23,
3174061005,DKI JAKARTA,JAKARTA SELATAN,CILANDAK,CIPETE SELATAN,185,3,17,1,164,2,0,0,0,2,44,0,0,44,302,36,266,6,0,6,55,2,32,6,15,
3174071010,DKI JAKARTA,JAKARTA SELATAN,KEBAYORAN BARU,CIPETE UTARA,381,1,28,3,349,0,0,0,0,0,9,0,0,9,357,19,338,5,0,5,86,3,62,3,18,
3175021003,DKI JAKARTA,JAKARTA TIMUR,PULO GADUNG,CIPINANG,215,3,31,2,179,0,0,0,0,0,3,0,0,3,669,57,612,34,0,34,210,17,157,6,30,
3175031007,DKI JAKARTA,JAKARTA TIMUR,JATINEGARA,CIPINANG BESAR SELATAN,175,1,10,2,162,2,0,0,0,2,1,0,0,1,308,37,271,13,0,13,104,3,72,2,27,
3175031008,DKI JAKARTA,JAKARTA TIMUR,JATINEGARA,CIPINANG BESAR UTARA,274,26,18,0,230,1,0,0,0,1,3,0,0,3,452,36,416,16,0,16,186,4,135,4,43,
3175031005,DKI JAKARTA,JAKARTA TIMUR,JATINEGARA,CIPINANG CEMPEDAK,176,2,11,2,161,0,0,0,0,0,2,0,0,2,277,30,247,12,0,12,80,3,56,1,20,
3175081005,DKI JAKARTA,JAKARTA TIMUR,MAKASAR,CIPINANG MELAYU,242,9,11,2,220,1,0,0,0,1,3,0,0,3,549,59,490,17,0,17,168,9,115,5,39,
3175031006,DKI JAKARTA,JAKARTA TIMUR,JATINEGARA,CIPINANG MUARA,274,11,25,1,237,4,0,0,0,4,6,0,1,5,585,79,506,24,0,24,189,4,138,3,44,
3174051003,DKI JAKARTA,JAKARTA SELATAN,KEBAYORAN LAMA,CIPULIR,211,0,11,4,196,4,0,0,0,4,6,0,0,6,442,18,424,7,0,7,132,1,107,4,20,
3175091001,DKI JAKARTA,JAKARTA TIMUR,CIRACAS,CIRACAS,538,9,40,9,480,3,0,0,0,3,22,0,0,22,1229,62,1167,44,0,44,267,20,183,9,55,
3175041003,DKI JAKARTA,JAKARTA TIMUR,KRAMAT JATI,DUKUH,174,5,13,1,155,0,0,0,0,0,1,0,0,1,430,68,362,13,0,13,91,4,65,1,21,
3175071001,DKI JAKARTA,JAKARTA TIMUR,DUREN SAWIT,DUREN SAWIT,678,10,28,3,637,14,0,0,0,14,2,0,0,2,760,78,682,25,0,25,369,12,291,10,56,
3174081004,DKI JAKARTA,JAKARTA SELATAN,PANCORAN,DUREN TIGA,291,3,25,0,263,2,0,0,0,2,3,0,0,3,450,33,417,2,0,2,91,6,64,0,21,
3173051005,DKI JAKARTA,JAKARTA BARAT,KEBON JERUK,DURI KEPA,340,6,31,2,301,3,0,0,0,3,12,0,0,12,927,89,838,67,0,67,252,19,184,9,40,
3173011002,DKI JAKARTA,JAKARTA BARAT,CENGKARENG,DURI KOSAMBI,385,9,39,3,334,0,0,0,0,0,4,0,0,4,740,93,647,10,0,10,195,9,133,4,49,
3171011006,DKI JAKARTA,JAKARTA PUSAT,GAMBIR,DURI PULO,134,2,12,3,117,0,0,0,0,0,0,0,0,0,282,20,262,7,0,7,131,10,85,4,32,
3173041011,DKI JAKARTA,JAKARTA BARAT,TAMBORA,DURI SELATAN,100,2,3,1,94,0,0,0,0,0,2,0,0,2,116,9,107,4,0,4,55,1,47,3,4,
3173041003,DKI JAKARTA,JAKARTA BARAT,TAMBORA,DURI UTARA,142,3,6,2,131,1,0,0,0,1,1,0,0,1,174,12,162,2,0,2,88,2,68,3,15,
3171081003,DKI JAKARTA,JAKARTA PUSAT,JOHAR BARU,GALUR,153,3,6,0,144,2,1,0,0,1,2,0,0,2,356,19,337,45,0,45,160,1,123,9,27,
3171011001,DKI JAKARTA,JAKARTA PUSAT,GAMBIR,GAMBIR,67,1,4,0,62,1,0,0,0,1,17,0,0,17,256,17,239,6,0,6,133,2,90,0,41,
3174061004,DKI JAKARTA,JAKARTA SELATAN,CILANDAK,GANDARIA SELATAN,145,4,6,0,135,2,0,0,0,2,20,0,0,20,507,42,465,2,0,2,87,2,69,3,13,
3174071009,DKI JAKARTA,JAKARTA SELATAN,KEBAYORAN BARU,GANDARIA UTARA,361,5,65,2,289,0,0,0,0,0,3,0,0,3,466,33,433,5,0,5,111,2,86,3,20,
3175051001,DKI JAKARTA,JAKARTA TIMUR,PASAR REBO,GEDONG,538,8,31,0,499,0,0,0,0,0,4,0,0,4,269,25,244,24,0,24,134,11,107,2,14,
3171071001,DKI JAKARTA,JAKARTA PUSAT,TANAH ABANG,GELORA,48,0,1,1,46,0,0,0,0,0,5,0,0,5,106,30,76,0,0,0,91,0,58,2,31,
3173031007,DKI JAKARTA,JAKARTA BARAT,TAMAN SARI,GLODOK,79,0,7,0,72,0,0,0,0,0,1,0,0,1,118,5,113,0,0,0,17,0,12,1,4,
3171061004,DKI JAKARTA,JAKARTA PUSAT,MENTENG,GONDANGDIA,47,1,2,1,43,0,0,0,0,0,5,0,0,5,103,4,99,7,0,7,47,4,32,3,8,
3173021001,DKI JAKARTA,JAKARTA BARAT,GROGOL PETAMBURAN,GROGOL,316,10,29,4,273,1,0,0,0,1,39,0,0,39,637,88,549,32,0,32,131,7,91,0,33,
3174051005,DKI JAKARTA,JAKARTA SELATAN,KEBAYORAN LAMA,GROGOL SELATAN,241,3,19,5,214,0,0,0,0,0,12,0,0,12,493,31,462,9,0,9,143,9,102,6,26,
3174051004,DKI JAKARTA,JAKARTA SELATAN,KEBAYORAN LAMA,GROGOL UTARA,273,2,12,4,255,0,0,0,0,0,24,0,0,24,493,27,466,15,0,15,191,9,151,7,24,
3174021007,DKI JAKARTA,JAKARTA SELATAN,SETIA BUDI,GUNTUR,45,0,3,0,42,0,0,0,0,0,1,0,0,1,133,12,121,1,0,1,24,2,20,0,2,
3174071002,DKI JAKARTA,JAKARTA SELATAN,KEBAYORAN BARU,GUNUNG,195,0,29,3,163,0,0,0,0,0,7,0,0,7,283,19,264,0,0,0,53,1,39,2,11,
3171031005,DKI JAKARTA,JAKARTA PUSAT,KEMAYORAN,GUNUNG SAHARI SELATAN,223,3,20,1,199,0,0,0,0,0,2,0,0,2,330,48,282,1,0,1,107,3,63,4,37,
3171021004,DKI JAKARTA,JAKARTA PUSAT,SAWAH BESAR,GUNUNG SAHARI UTARA,195,5,6,1,183,0,0,0,0,0,5,0,0,5,413,32,381,8,0,8,135,8,72,9,46,
3175081004,DKI JAKARTA,JAKARTA TIMUR,MAKASAR,HALIM PERDANA KUSUMAH,160,1,13,2,144,0,0,0,0,0,5,0,1,4,386,50,336,9,0,9,220,4,161,4,51,
3171031003,DKI JAKARTA,JAKARTA PUSAT,KEMAYORAN,HARAPAN MULIA,265,7,16,3,239,0,0,0,0,0,6,0,0,6,383,54,329,28,0,28,168,8,143,7,10,
3174091001,DKI JAKARTA,JAKARTA SELATAN,JAGAKARSA,JAGAKARSA,686,12,46,2,626,7,2,0,0,5,7,0,0,7,716,73,643,17,0,17,235,7,186,4,38,
3175021007,DKI JAKARTA,JAKARTA TIMUR,PULO GADUNG,JATI,273,9,26,1,237,0,0,0,0,0,7,0,0,7,714,63,651,29,0,29,177,6,152,1,18,
3174041002,DKI JAKARTA,JAKARTA SELATAN,PASAR MINGGU,JATI PADANG,325,5,51,2,267,0,0,0,0,0,3,0,0,3,462,36,426,67,0,67,103,7,73,4,19,
3173071004,DKI JAKARTA,JAKARTA BARAT,PALMERAH,JATI PULO,373,3,39,4,327,1,0,0,0,1,3,0,0,3,590,41,549,61,0,61,203,11,163,2,27,
3175061001,DKI JAKARTA,JAKARTA TIMUR,CAKUNG,JATINEGARA,370,8,57,3,302,1,0,0,0,1,3,0,1,2,933,109,824,41,0,41,260,11,192,6,51,
3175021004,DKI JAKARTA,JAKARTA TIMUR,PULO GADUNG,JATINEGARA KAUM,89,11,15,0,63,1,0,0,1,0,3,0,0,3,238,23,215,9,0,9,52,6,26,2,18,
3173021004,DKI JAKARTA,JAKARTA BARAT,GROGOL PETAMBURAN,JELAMBAR,290,3,27,5,255,2,0,0,0,2,24,0,0,24,584,30,554,11,0,11,131,6,103,5,17,
3173021006,DKI JAKARTA,JAKARTA BARAT,GROGOL PETAMBURAN,JELAMBAR BARU,285,0,16,2,267,2,0,0,0,2,4,0,0,4,474,27,447,18,0,18,93,9,64,4,16,
3173041006,DKI JAKARTA,JAKARTA BARAT,TAMBORA,JEMBATAN BESI,471,3,19,1,448,0,0,0,0,0,4,0,0,4,423,13,410,7,0,7,178,11,152,6,9,
3173041008,DKI JAKARTA,JAKARTA BARAT,TAMBORA,JEMBATAN LIMA,143,1,11,0,131,0,0,0,0,0,0,0,0,0,170,8,162,1,0,1,65,5,48,4,8,
3173081005,DKI JAKARTA,JAKARTA BARAT,KEMBANGAN,JOGLO,243,1,36,4,202,0,0,0,0,0,4,0,0,4,472,98,374,12,0,12,140,10,78,2,50,
3171081001,DKI JAKARTA,JAKARTA PUSAT,JOHAR BARU,JOHAR BARU,466,11,14,3,438,1,0,0,0,1,4,0,0,4,1317,48,1269,95,0,95,363,7,292,14,50,
3173041002,DKI JAKARTA,JAKARTA BARAT,TAMBORA,KALI ANYAR,290,6,16,0,268,1,0,0,0,1,3,0,0,3,314,13,301,10,0,10,139,6,121,4,8,
3172041004,DKI JAKARTA,JAKARTA UTARA,CILINCING,KALI BARU,342,22,24,5,291,0,0,0,0,0,4,0,0,4,573,26,547,36,0,36,249,9,192,7,41,
3174081002,DKI JAKARTA,JAKARTA SELATAN,PANCORAN,KALIBATA,389,5,24,4,356,7,1,0,0,6,11,0,0,11,625,54,571,12,0,12,214,4,184,4,22,
3173061001,DKI JAKARTA,JAKARTA BARAT,KALI DERES,KALIDERES,770,15,46,4,705,1,0,0,0,1,5,0,0,5,1750,121,1629,29,0,29,241,29,172,4,36,
3175051004,DKI JAKARTA,JAKARTA TIMUR,PASAR REBO,KALISARI,681,4,70,0,607,0,0,0,0,0,3,0,0,3,364,60,304,10,0,10,132,4,105,3,20,
3173061004,DKI JAKARTA,JAKARTA BARAT,KALI DERES,KAMAL,262,3,5,3,251,0,0,0,0,0,1,0,0,1,460,44,416,4,0,4,35,3,24,4,4,
3172011002,DKI JAKARTA,JAKARTA UTARA,PENJARINGAN,KAMAL MUARA,65,3,7,0,55,0,0,0,0,0,4,0,0,4,129,18,111,1,0,1,60,2,53,2,3,
3171071007,DKI JAKARTA,JAKARTA PUSAT,TANAH ABANG,KAMPUNG BALI,119,1,3,2,113,1,0,0,0,1,2,0,0,2,159,13,146,2,0,2,45,6,32,3,4,
3175031001,DKI JAKARTA,JAKARTA TIMUR,JATINEGARA,KAMPUNG MELAYU,160,5,16,5,134,2,0,0,0,2,4,0,0,4,176,10,166,4,0,4,135,4,106,3,22,
3171081002,DKI JAKARTA,JAKARTA PUSAT,JOHAR BARU,KAMPUNG RAWA,232,3,3,0,226,1,0,0,0,1,0,0,0,0,544,34,510,63,0,63,228,12,171,13,32,
3175041002,DKI JAKARTA,JAKARTA TIMUR,KRAMAT JATI,KAMPUNG TENGAH,403,8,16,1,378,1,0,0,0,1,9,0,1,8,904,64,840,49,0,49,213,7,176,10,20,
3173011005,DKI JAKARTA,JAKARTA BARAT,CENGKARENG,KAPUK,503,8,37,16,442,1,0,0,0,1,10,0,0,10,1079,95,984,13,0,13,295,23,211,9,52,
3172011003,DKI JAKARTA,JAKARTA UTARA,PENJARINGAN,KAPUK MUARA,147,2,13,0,132,0,0,0,0,0,9,0,0,9,371,41,330,20,0,20,97,11,76,7,3,
3171021002,DKI JAKARTA,JAKARTA PUSAT,SAWAH BESAR,KARANG ANYAR,357,3,9,5,340,1,0,0,0,1,4,0,0,4,709,57,652,8,0,8,141,5,115,5,16,
3174021004,DKI JAKARTA,JAKARTA SELATAN,SETIA BUDI,KARET,99,1,3,0,95,0,0,0,0,0,10,0,0,10,300,17,283,4,0,4,53,0,45,0,8,
3174021003,DKI JAKARTA,JAKARTA SELATAN,SETIA BUDI,KARET KUNINGAN,162,2,12,1,147,0,0,0,0,0,21,0,0,21,278,21,257,4,0,4,67,9,41,2,15,
3174021002,DKI JAKARTA,JAKARTA SELATAN,SETIA BUDI,KARET SEMANGGI,48,4,0,1,43,0,0,0,0,0,3,0,0,3,70,3,67,0,0,0,20,5,10,2,3,
3171071003,DKI JAKARTA,JAKARTA PUSAT,TANAH ABANG,KARET TENGSIN,193,4,2,0,187,0,0,0,0,0,7,0,0,7,251,34,217,0,0,0,96,9,52,1,34,
3171021003,DKI JAKARTA,JAKARTA PUSAT,SAWAH BESAR,KARTINI,255,1,11,1,242,1,0,0,0,1,0,0,0,0,510,37,473,16,0,16,165,3,129,4,29,
3175011003,DKI JAKARTA,JAKARTA TIMUR,MATRAMAN,KAYU MANIS,243,6,9,0,228,3,2,0,0,1,0,0,0,0,536,35,501,27,0,27,128,6,94,4,24,
3175021006,DKI JAKARTA,JAKARTA TIMUR,PULO GADUNG,KAYU PUTIH,341,3,18,4,316,1,0,0,1,0,11,0,0,11,854,52,802,37,0,37,210,11,168,6,25,
3173031006,DKI JAKARTA,JAKARTA BARAT,TAMAN SARI,KEAGUNGAN,237,0,15,0,222,0,0,0,0,0,2,0,0,2,413,67,346,9,0,9,125,1,94,1,29,
3174041007,DKI JAKARTA,JAKARTA SELATAN,PASAR MINGGU,KEBAGUSAN,412,8,49,1,354,2,0,0,0,2,2,0,0,2,568,33,535,39,0,39,116,5,88,0,23,
3174051006,DKI JAKARTA,JAKARTA SELATAN,KEBAYORAN LAMA,KEBAYORAN LAMA SELATAN,374,3,18,0,353,4,0,0,0,4,2,0,0,2,663,24,639,12,0,12,156,4,105,4,43,
3174051001,DKI JAKARTA,JAKARTA SELATAN,KEBAYORAN LAMA,KEBAYORAN LAMA UTARA,276,5,21,1,249,1,0,0,0,1,15,0,0,15,400,22,378,3,0,3,116,3,76,3,34,
3174011004,DKI JAKARTA,JAKARTA SELATAN,TEBET,KEBON BARU,251,2,36,2,211,0,0,0,0,0,15,0,0,15,499,43,456,17,0,17,120,4,90,0,26,
3172021005,DKI JAKARTA,JAKARTA UTARA,TANJUNG PRIOK,KEBON BAWANG,499,13,32,1,453,0,0,0,0,0,13,0,0,13,930,123,807,62,0,62,301,10,253,3,35,
3173051001,DKI JAKARTA,JAKARTA BARAT,KEBON JERUK,KEBON JERUK,444,6,41,6,391,2,0,0,0,2,13,0,0,13,1363,151,1212,57,0,57,295,20,220,13,42,
3171071006,DKI JAKARTA,JAKARTA PUSAT,TANAH ABANG,KEBON KACANG,384,0,9,1,374,1,0,0,0,1,0,0,0,0,359,11,348,5,0,5,244,5,206,11,22,
3171011005,DKI JAKARTA,JAKARTA PUSAT,GAMBIR,KEBON KELAPA,116,6,7,1,102,3,1,0,0,2,2,0,0,2,188,21,167,1,0,1,61,5,38,1,17,
3171031002,DKI JAKARTA,JAKARTA PUSAT,KEMAYORAN,KEBON KOSONG,288,7,20,5,256,0,0,0,0,0,7,0,0,7,339,30,309,30,0,30,177,3,124,7,43,
3175011005,DKI JAKARTA,JAKARTA TIMUR,MATRAMAN,KEBON MANGGIS,135,0,6,4,125,0,0,0,0,0,2,0,1,1,206,28,178,20,0,20,110,1,96,2,11,
3171071005,DKI JAKARTA,JAKARTA PUSAT,TANAH ABANG,KEBON MELATI,401,2,8,3,388,0,0,0,0,0,5,0,0,5,500,39,461,7,0,7,371,17,276,7,71,
3175081003,DKI JAKARTA,JAKARTA TIMUR,MAKASAR,KEBON PALA,184,6,10,1,167,1,1,0,0,0,4,0,0,4,747,71,676,15,0,15,201,11,141,3,46,
3171061005,DKI JAKARTA,JAKARTA PUSAT,MENTENG,KEBON SIRIH,125,0,6,2,117,0,0,0,0,0,2,0,0,2,259,9,250,14,0,14,110,1,98,2,9,
3173011004,DKI JAKARTA,JAKARTA BARAT,CENGKARENG,KEDAUNG KALI ANGKE,309,2,20,0,287,0,0,0,0,0,1,0,0,1,345,37,308,5,0,5,198,9,139,3,47,
3173051007,DKI JAKARTA,JAKARTA BARAT,KEBON JERUK,KEDOYA SELATAN,220,3,25,5,187,2,0,0,0,2,6,0,0,6,456,45,411,18,0,18,122,9,80,4,29,
3173051006,DKI JAKARTA,JAKARTA BARAT,KEBON JERUK,KEDOYA UTARA,215,4,30,2,179,1,0,0,0,1,15,0,0,15,622,79,543,18,0,18,157,22,95,4,36,
3173051004,DKI JAKARTA,JAKARTA BARAT,KEBON JERUK,KELAPA DUA,173,4,31,0,138,0,0,0,0,0,5,0,0,5,391,69,322,21,0,21,89,4,56,2,27,
3175091003,DKI JAKARTA,JAKARTA TIMUR,CIRACAS,KELAPA DUA WETAN,410,8,35,1,366,1,1,0,0,0,7,0,0,7,839,44,795,35,0,35,131,7,103,2,19,
3172061003,DKI JAKARTA,JAKARTA UTARA,KELAPA GADING,KELAPA GADING BARAT,672,32,51,3,586,2,0,0,0,2,46,0,0,46,1088,87,1001,83,0,83,289,10,237,5,37,
3172061001,DKI JAKARTA,JAKARTA UTARA,KELAPA GADING,KELAPA GADING TIMUR,563,31,37,2,493,1,0,0,0,1,21,0,3,18,1050,81,969,57,0,57,154,11,118,8,17,
3173071005,DKI JAKARTA,JAKARTA BARAT,PALMERAH,KEMANGGISAN,430,8,40,6,376,0,0,0,0,0,8,0,0,8,694,78,616,49,0,49,189,7,152,5,25,
3171031001,DKI JAKARTA,JAKARTA PUSAT,KEMAYORAN,KEMAYORAN,293,6,13,3,271,0,0,0,0,0,0,0,0,0,443,36,407,20,0,20,228,3,173,10,42,
3173081006,DKI JAKARTA,JAKARTA BARAT,KEMBANGAN,KEMBANGAN SELATAN,167,3,15,1,148,0,0,0,0,0,5,0,0,5,422,35,387,52,0,52,123,7,94,3,19,
3173081001,DKI JAKARTA,JAKARTA BARAT,KEMBANGAN,KEMBANGAN UTARA,389,13,45,3,328,4,2,0,1,1,3,0,1,2,1168,77,1091,10,0,10,180,10,126,4,40,
3171041002,DKI JAKARTA,JAKARTA PUSAT,SENEN,KENARI,166,1,12,1,152,1,0,0,0,1,1,0,0,1,388,24,364,44,0,44,146,4,139,2,1,
3173041005,DKI JAKARTA,JAKARTA BARAT,TAMBORA,KERENDANG,202,1,10,2,189,1,0,0,0,1,0,0,0,0,161,8,153,3,0,3,99,5,83,6,5,
3175071003,DKI JAKARTA,JAKARTA TIMUR,DUREN SAWIT,KLENDER,508,11,26,2,469,2,0,0,0,2,3,0,0,3,702,71,631,23,0,23,244,8,197,9,30,
3172031001,DKI JAKARTA,JAKARTA UTARA,KOJA,KOJA,241,6,11,0,224,0,0,0,0,0,4,0,0,4,379,7,372,35,0,35,188,1,158,5,24,
3173071006,DKI JAKARTA,JAKARTA BARAT,PALMERAH,KOTA BAMBU SELATAN,366,4,23,5,334,0,0,0,0,0,1,0,0,1,719,23,696,71,0,71,194,4,170,5,15,
3173071003,DKI JAKARTA,JAKARTA BARAT,PALMERAH,KOTA BAMBU UTARA,313,3,22,11,277,0,0,0,0,0,3,0,0,3,474,43,431,54,0,54,185,5,155,6,19,
3171041004,DKI JAKARTA,JAKARTA PUSAT,SENEN,KRAMAT,315,1,3,6,305,0,0,0,0,0,6,0,1,5,765,25,740,32,0,32,214,3,194,10,7,
3175041001,DKI JAKARTA,JAKARTA TIMUR,KRAMAT JATI,KRAMAT JATI,277,10,36,1,230,0,0,0,0,0,9,0,0,9,584,77,507,21,0,21,181,14,128,6,33,
3174071003,DKI JAKARTA,JAKARTA SELATAN,KEBAYORAN BARU,KRAMAT PELA,139,0,39,0,100,0,0,0,0,0,0,0,0,0,444,25,419,6,0,6,93,1,88,0,4,
3173031002,DKI JAKARTA,JAKARTA BARAT,TAMAN SARI,KRUKUT,199,3,38,6,152,0,0,0,0,0,3,0,0,3,322,50,272,12,0,12,118,3,70,4,41,
3174031005,DKI JAKARTA,JAKARTA SELATAN,MAMPANG PRAPATAN,KUNINGAN BARAT,88,1,2,1,84,0,0,0,0,0,0,0,0,0,380,77,303,5,0,5,51,2,21,0,28,
3174021008,DKI JAKARTA,JAKARTA SELATAN,SETIA BUDI,KUNINGAN TIMUR,103,0,14,1,88,1,0,0,0,1,20,0,0,20,116,10,106,1,0,1,48,2,40,2,4,
3171041005,DKI JAKARTA,JAKARTA PUSAT,SENEN,KWITANG,195,4,3,0,188,2,0,0,0,2,5,0,0,5,373,22,351,9,0,9,98,1,84,4,9,
3172031003,DKI JAKARTA,JAKARTA UTARA,KOJA,LAGOA,473,11,19,1,442,0,0,0,0,0,5,0,0,5,541,32,509,57,0,57,474,5,383,7,79,
3174061002,DKI JAKARTA,JAKARTA SELATAN,CILANDAK,LEBAK BULUS,260,5,28,2,225,3,0,0,0,3,27,0,0,27,520,82,438,22,0,22,141,5,95,8,33,
3174091004,DKI JAKARTA,JAKARTA SELATAN,JAGAKARSA,LENTENG AGUNG,492,13,31,0,448,3,1,0,0,2,6,0,0,6,427,49,378,12,0,12,131,3,106,0,22,
LUAR DKI JAKARTA,LUAR DKI JAKARTA,LUAR DKI JAKARTA,LUAR DKI JAKARTA,LUAR DKI JAKARTA,22887,942,2424,98,19423,55,2,0,0,53,536,0,53,483,33488,7338,26150,1387,0,1387,7132,374,6104,131,523,
3175101007,DKI JAKARTA,JAKARTA TIMUR,CIPAYUNG,LUBANG BUAYA,478,16,42,3,417,1,0,0,0,1,5,0,0,5,543,60,483,28,0,28,195,15,134,2,44,
3175081001,DKI JAKARTA,JAKARTA TIMUR,MAKASAR,MAKASAR,190,13,15,1,161,0,0,0,0,0,8,0,0,8,871,111,760,22,0,22,160,10,107,0,43,
3175071006,DKI JAKARTA,JAKARTA TIMUR,DUREN SAWIT,MALAKA JAYA,261,3,14,2,242,1,0,0,0,1,2,0,0,2,435,32,403,12,0,12,144,2,110,1,31,
3175071005,DKI JAKARTA,JAKARTA TIMUR,DUREN SAWIT,MALAKA SARI,229,2,10,1,216,0,0,0,0,0,0,0,0,0,351,42,309,11,0,11,122,5,78,3,36,
3174031001,DKI JAKARTA,JAKARTA SELATAN,MAMPANG PRAPATAN,MAMPANG PRAPATAN,229,1,19,2,207,0,0,0,0,0,0,0,0,0,824,61,763,9,0,9,213,11,153,7,42,
3173031005,DKI JAKARTA,JAKARTA BARAT,TAMAN SARI,MANGGA BESAR,100,4,12,1,83,0,0,0,0,0,0,0,0,0,132,5,127,4,0,4,42,5,24,1,12,
3171021005,DKI JAKARTA,JAKARTA PUSAT,SAWAH BESAR,MANGGA DUA SELATAN,257,3,22,1,231,3,0,0,0,3,1,0,0,1,650,33,617,9,0,9,146,4,118,2,22,
3174011007,DKI JAKARTA,JAKARTA SELATAN,TEBET,MANGGARAI,294,7,46,0,241,4,0,0,0,4,4,0,0,4,407,40,367,21,0,21,114,10,87,1,16,
3174011006,DKI JAKARTA,JAKARTA SELATAN,TEBET,MANGGARAI SELATAN,165,4,21,2,138,0,0,0,0,0,6,0,0,6,385,23,362,19,0,19,71,2,59,2,8,
3173031003,DKI JAKARTA,JAKARTA BARAT,TAMAN SARI,MAPHAR,168,1,17,1,149,0,0,0,0,0,6,0,0,6,303,28,275,36,0,36,163,5,140,1,17,
3172041003,DKI JAKARTA,JAKARTA UTARA,CILINCING,MARUNDA,215,4,21,0,190,2,0,0,0,2,0,0,0,0,302,10,292,12,0,12,84,4,71,1,8,
3174071001,DKI JAKARTA,JAKARTA SELATAN,KEBAYORAN BARU,MELAWAI,45,1,1,0,43,0,0,0,0,0,1,0,0,1,52,2,50,0,0,0,12,2,8,0,2,
3171061001,DKI JAKARTA,JAKARTA PUSAT,MENTENG,MENTENG,301,3,35,2,261,2,0,0,0,2,1,0,0,1,595,43,552,25,0,25,209,8,144,8,49,
3174021005,DKI JAKARTA,JAKARTA SELATAN,SETIA BUDI,MENTENG ATAS,266,2,19,3,242,1,0,0,0,1,45,0,0,45,998,40,958,36,0,36,157,5,130,2,20,
3174011003,DKI JAKARTA,JAKARTA SELATAN,TEBET,MENTENG DALAM,456,10,38,4,404,3,1,0,0,2,13,0,0,13,596,22,574,39,0,39,136,1,101,6,28,
3173081003,DKI JAKARTA,JAKARTA BARAT,KEMBANGAN,MERUYA SELATAN,233,3,31,1,198,0,0,0,0,0,2,0,0,2,531,121,410,15,0,15,121,7,95,3,16,
3173081002,DKI JAKARTA,JAKARTA BARAT,KEMBANGAN,MERUYA UTARA,351,6,79,6,260,1,0,0,1,0,7,0,1,6,712,112,600,10,0,10,143,7,100,2,34,
3175101004,DKI JAKARTA,JAKARTA TIMUR,CIPAYUNG,MUNJUL,188,2,18,0,168,0,0,0,0,0,2,0,0,2,228,31,197,23,0,23,63,6,50,1,6,
3172051002,DKI JAKARTA,JAKARTA UTARA,PADEMANGAN,PADEMANGAN BARAT,1578,9,138,5,1426,4,0,0,0,4,13,0,1,12,2216,110,2106,29,0,29,586,8,514,19,45,
3172051001,DKI JAKARTA,JAKARTA UTARA,PADEMANGAN,PADEMANGAN TIMUR,486,4,49,3,430,1,0,0,0,1,13,0,0,13,710,39,671,14,0,14,167,2,136,3,26,
3175011004,DKI JAKARTA,JAKARTA TIMUR,MATRAMAN,PAL MERIAM,186,5,8,2,171,1,0,0,0,1,2,0,0,2,492,32,460,58,0,58,149,4,117,6,22,
3173071001,DKI JAKARTA,JAKARTA BARAT,PALMERAH,PALMERAH,794,6,60,2,726,0,0,0,0,0,2,0,0,2,1375,126,1249,70,0,70,322,8,246,16,52,
3174081001,DKI JAKARTA,JAKARTA SELATAN,PANCORAN,PANCORAN,274,2,11,0,261,1,0,0,0,1,9,0,0,9,477,30,447,6,0,6,173,4,151,4,14,
3172021003,DKI JAKARTA,JAKARTA UTARA,TANJUNG PRIOK,PAPANGGO,310,5,30,0,275,1,0,0,0,1,5,0,0,5,656,53,603,51,0,51,192,5,156,2,29,
3171021001,DKI JAKARTA,JAKARTA PUSAT,SAWAH BESAR,PASAR BARU,176,6,8,2,160,1,0,0,0,1,4,0,0,4,385,38,347,6,0,6,133,3,94,1,35,
3174021006,DKI JAKARTA,JAKARTA SELATAN,SETIA BUDI,PASAR MANGGIS,183,5,10,3,165,2,0,0,0,2,27,0,1,26,722,54,668,15,0,15,137,2,105,8,22,
3174041001,DKI JAKARTA,JAKARTA SELATAN,PASAR MINGGU,PASAR MINGGU,297,5,25,1,266,2,0,0,0,2,5,0,0,5,419,16,403,20,0,20,134,7,105,3,19,
3171041003,DKI JAKARTA,JAKARTA PUSAT,SENEN,PASEBAN,391,10,22,1,358,1,0,0,0,1,8,0,2,6,667,62,605,60,0,60,210,6,160,7,37,
3173061005,DKI JAKARTA,JAKARTA BARAT,KALI DERES,PEGADUNGAN,544,14,29,7,494,0,0,0,0,0,10,0,0,10,1166,120,1046,17,0,17,166,11,126,4,25,
3171061002,DKI JAKARTA,JAKARTA PUSAT,MENTENG,PEGANGSAAN,288,2,12,2,272,1,0,0,0,1,0,0,0,0,740,31,709,50,0,50,290,3,242,4,41,
3172061002,DKI JAKARTA,JAKARTA UTARA,KELAPA GADING,PEGANGSAAN DUA,645,18,35,1,591,1,1,0,0,0,41,0,0,41,1412,122,1290,110,0,110,275,13,223,7,32,
3172011004,DKI JAKARTA,JAKARTA UTARA,PENJARINGAN,PEJAGALAN,333,4,31,2,296,2,1,0,0,1,7,0,0,7,717,86,631,28,0,28,176,11,112,3,50,
3174041006,DKI JAKARTA,JAKARTA SELATAN,PASAR MINGGU,PEJATEN BARAT,326,2,43,2,279,7,0,0,0,7,1,0,0,1,535,33,502,73,0,73,146,4,101,2,39,
3174041005,DKI JAKARTA,JAKARTA SELATAN,PASAR MINGGU,PEJATEN TIMUR,359,9,39,1,310,4,0,0,0,4,3,0,1,2,489,35,454,40,0,40,146,15,93,7,31,
3175051005,DKI JAKARTA,JAKARTA TIMUR,PASAR REBO,PEKAYON,602,1,34,1,566,0,0,0,0,0,3,0,0,3,246,28,218,11,0,11,115,15,72,2,26,
3173041009,DKI JAKARTA,JAKARTA BARAT,TAMBORA,PEKOJAN,233,1,25,2,205,0,0,0,0,0,2,0,0,2,194,7,187,17,0,17,92,7,64,3,18,
3174031003,DKI JAKARTA,JAKARTA SELATAN,MAMPANG PRAPATAN,PELA MAMPANG,262,1,14,2,245,4,0,0,0,4,14,0,0,14,1083,162,921,6,0,6,187,9,137,5,36,
3174081005,DKI JAKARTA,JAKARTA SELATAN,PANCORAN,PENGADEGAN,153,1,7,2,143,0,0,0,0,0,8,0,0,8,326,26,300,10,0,10,75,2,60,0,13,
3175061003,DKI JAKARTA,JAKARTA TIMUR,CAKUNG,PENGGILINGAN,424,10,30,1,383,1,0,0,0,1,6,0,0,6,1186,155,1031,75,0,75,339,8,248,8,75,
3172011001,DKI JAKARTA,JAKARTA UTARA,PENJARINGAN,PENJARINGAN,718,8,108,4,598,1,0,0,0,1,22,0,0,22,2520,143,2377,118,0,118,419,10,320,14,75,
3174101001,DKI JAKARTA,JAKARTA SELATAN,PESANGGRAHAN,PESANGGRAHAN,339,4,31,4,300,2,0,0,1,1,0,0,0,0,660,117,543,19,0,19,103,2,78,3,20,
3171071004,DKI JAKARTA,JAKARTA PUSAT,TANAH ABANG,PETAMBURAN,490,1,17,7,465,0,0,0,0,0,7,0,0,7,457,37,420,7,0,7,346,15,266,11,54,
3174071008,DKI JAKARTA,JAKARTA SELATAN,KEBAYORAN BARU,PETOGOGAN,109,0,12,0,97,0,0,0,0,0,3,0,0,3,201,9,192,0,0,0,44,2,27,0,15,
3171011004,DKI JAKARTA,JAKARTA PUSAT,GAMBIR,PETOJO SELATAN,180,7,15,1,157,0,0,0,0,0,23,0,1,22,532,58,474,15,0,15,201,4,129,8,60,
3171011003,DKI JAKARTA,JAKARTA PUSAT,GAMBIR,PETOJO UTARA,148,3,6,3,136,1,0,0,0,1,11,0,0,11,294,23,271,25,0,25,102,2,78,3,19,
3174101004,DKI JAKARTA,JAKARTA SELATAN,PESANGGRAHAN,PETUKANGAN SELATAN,318,5,37,2,274,0,0,0,0,0,2,0,0,2,614,59,555,8,0,8,67,1,36,2,28,
3174101003,DKI JAKARTA,JAKARTA SELATAN,PESANGGRAHAN,PETUKANGAN UTARA,377,4,26,4,343,2,0,0,0,2,5,0,0,5,1329,113,1216,9,0,9,159,13,102,2,42,
3175081002,DKI JAKARTA,JAKARTA TIMUR,MAKASAR,PINANG RANTI,144,9,10,1,124,0,0,0,0,0,0,0,0,0,544,37,507,23,0,23,99,2,69,4,24,
3173031008,DKI JAKARTA,JAKARTA BARAT,TAMAN SARI,PINANGSIA,101,1,15,1,84,0,0,0,0,0,2,0,0,2,176,13,163,2,0,2,63,2,48,0,13,
3175011001,DKI JAKARTA,JAKARTA TIMUR,MATRAMAN,PISANGAN BARU,251,3,9,3,236,1,0,0,0,1,2,0,0,2,323,57,266,30,0,30,136,2,102,6,26,
3175021002,DKI JAKARTA,JAKARTA TIMUR,PULO GADUNG,PISANGAN TIMUR,253,5,17,4,227,1,0,0,0,1,10,0,0,10,511,33,478,26,0,26,135,7,91,5,32,
3172011005,DKI JAKARTA,JAKARTA UTARA,PENJARINGAN,PLUIT,249,10,46,4,189,0,0,0,0,0,12,0,0,12,938,103,835,13,0,13,148,8,118,8,14,
3175071002,DKI JAKARTA,JAKARTA TIMUR,DUREN SAWIT,PONDOK BAMBU,810,14,44,1,751,3,0,0,0,3,3,0,0,3,749,107,642,22,0,22,283,13,201,6,63,
3175071004,DKI JAKARTA,JAKARTA TIMUR,DUREN SAWIT,PONDOK KELAPA,517,12,21,0,484,0,0,0,0,0,11,0,1,10,846,87,759,17,0,17,242,5,182,10,45,
3175071007,DKI JAKARTA,JAKARTA TIMUR,DUREN SAWIT,PONDOK KOPI,324,5,22,1,296,0,0,0,0,0,1,0,0,1,308,23,285,11,0,11,149,8,118,7,16,
3174061003,DKI JAKARTA,JAKARTA SELATAN,CILANDAK,PONDOK LABU,312,10,41,1,260,6,1,0,0,5,73,0,0,73,782,92,690,37,0,37,101,6,68,1,26,
3174051002,DKI JAKARTA,JAKARTA SELATAN,KEBAYORAN LAMA,PONDOK PINANG,426,10,34,4,378,0,0,0,0,0,44,0,0,44,654,53,601,9,0,9,176,14,129,9,24,
3175101003,DKI JAKARTA,JAKARTA TIMUR,CIPAYUNG,PONDOK RANGGON,189,4,14,3,168,0,0,0,0,0,3,0,0,3,220,44,176,21,0,21,91,8,57,1,25,
PROSES UPDATE DATA,PROSES UPDATE DATA,PROSES UPDATE DATA,PROSES UPDATE DATA,PROSES UPDATE DATA,12118,159,342,1696,9921,2325,0,0,2323,2,105,0,0,105,8435,1065,7370,72,1,71,18758,1607,14814,416,1921,
3101011003,DKI JAKARTA,KAB.ADM.KEP.SERIBU,KEP. SERIBU UTARA,PULAU HARAPAN,60,0,0,0,60,0,0,0,0,0,0,0,0,0,62,3,59,0,0,0,5,0,2,0,3,
3101011002,DKI JAKARTA,KAB.ADM.KEP.SERIBU,KEP. SERIBU UTARA,PULAU KELAPA,52,0,5,1,46,0,0,0,0,0,3,0,0,3,144,2,142,1,0,1,6,0,5,0,1,
3101011001,DKI JAKARTA,KAB.ADM.KEP.SERIBU,KEP. SERIBU UTARA,PULAU PANGGANG,88,1,29,1,57,0,0,0,0,0,0,0,0,0,157,9,148,4,0,4,20,0,15,0,5,
3101021003,DKI JAKARTA,KAB.ADM.KEP.SERIBU,KEP. SERIBU SELATAN,PULAU PARI,6,0,0,0,6,0,0,0,0,0,0,0,0,0,168,6,162,1,0,1,4,1,3,0,0,
3101021002,DKI JAKARTA,KAB.ADM.KEP.SERIBU,KEP. SERIBU SELATAN,PULAU TIDUNG,36,1,1,0,34,0,0,0,0,0,0,0,0,0,351,10,341,1,0,1,32,0,30,0,2,
3101021001,DKI JAKARTA,KAB.ADM.KEP.SERIBU,KEP. SERIBU SELATAN,PULAU UNTUNG JAWA,24,0,0,0,24,0,0,0,0,0,0,0,0,0,102,3,99,0,0,0,3,0,2,0,1,
3174071007,DKI JAKARTA,JAKARTA SELATAN,KEBAYORAN BARU,PULO,169,0,34,1,134,1,1,0,0,0,1,0,0,1,149,28,121,0,0,0,37,1,26,0,10,
3175021001,DKI JAKARTA,JAKARTA TIMUR,PULO GADUNG,PULO GADUNG,291,10,21,2,258,0,0,0,0,0,10,0,1,9,667,61,606,23,0,23,157,7,114,4,32,
3175061005,DKI JAKARTA,JAKARTA TIMUR,CAKUNG,PULO GEBANG,378,9,53,2,314,1,0,0,0,1,6,0,1,5,1032,131,901,56,0,56,239,16,168,5,50,
3174041004,DKI JAKARTA,JAKARTA SELATAN,PASAR MINGGU,RAGUNAN,412,13,53,2,344,1,0,0,0,1,1,0,0,1,523,47,476,24,0,24,110,8,53,5,44,
3175091005,DKI JAKARTA,JAKARTA TIMUR,CIRACAS,RAMBUTAN,297,8,11,1,277,2,0,0,0,2,12,0,0,12,604,38,566,29,0,29,91,7,66,0,18,
3172031006,DKI JAKARTA,JAKARTA UTARA,KOJA,RAWA BADAK SELATAN,392,8,10,2,372,2,0,0,0,2,2,0,0,2,458,39,419,43,0,43,261,5,226,4,26,
3172031004,DKI JAKARTA,JAKARTA UTARA,KOJA,RAWA BADAK UTARA,333,13,9,1,310,0,0,0,0,0,2,0,0,2,402,28,374,56,0,56,197,5,174,4,14,
3174071005,DKI JAKARTA,JAKARTA SELATAN,KEBAYORAN BARU,RAWA BARAT,67,0,3,2,62,0,0,0,0,0,1,0,0,1,126,5,121,0,0,0,14,1,10,1,2,
3173011003,DKI JAKARTA,JAKARTA BARAT,CENGKARENG,RAWA BUAYA,217,6,21,2,188,0,0,0,0,0,4,0,0,4,548,98,450,5,0,5,171,7,124,7,33,
3175031004,DKI JAKARTA,JAKARTA TIMUR,JATINEGARA,RAWA BUNGA,116,7,10,1,98,0,0,0,0,0,1,0,0,1,155,25,130,9,0,9,81,2,61,1,17,
3174081003,DKI JAKARTA,JAKARTA SELATAN,PANCORAN,RAWA JATI,223,1,14,0,208,2,0,0,0,2,10,0,0,10,396,40,356,7,0,7,52,1,43,0,8,
3175061002,DKI JAKARTA,JAKARTA TIMUR,CAKUNG,RAWA TERATE,80,5,20,0,55,0,0,0,0,0,2,0,0,2,252,20,232,3,0,3,78,5,50,1,22,
3175021005,DKI JAKARTA,JAKARTA TIMUR,PULO GADUNG,RAWAMANGUN,260,6,27,0,227,0,0,0,0,0,7,0,0,7,650,53,597,27,0,27,167,14,116,3,34,
3171051003,DKI JAKARTA,JAKARTA PUSAT,CEMPAKA PUTIH,RAWASARI,547,3,19,2,523,3,0,0,1,2,6,0,0,6,994,44,950,30,0,30,302,15,197,4,86,
3173041010,DKI JAKARTA,JAKARTA BARAT,TAMBORA,ROA MALAKA,29,1,2,0,26,1,0,0,0,1,0,0,0,0,32,0,32,1,0,1,13,0,11,0,2,
3172041006,DKI JAKARTA,JAKARTA UTARA,CILINCING,ROROTAN,278,11,34,2,231,0,0,0,0,0,3,0,1,2,514,35,479,65,0,65,123,7,92,2,22,
3174071004,DKI JAKARTA,JAKARTA SELATAN,KEBAYORAN BARU,SELONG,43,0,17,0,26,0,0,0,0,0,3,0,0,3,85,9,76,0,0,0,21,3,16,1,1,
3173061002,DKI JAKARTA,JAKARTA BARAT,KALI DERES,SEMANAN,315,6,23,3,283,0,0,0,0,0,2,0,0,2,769,91,678,6,0,6,91,2,70,1,18,
3172041007,DKI JAKARTA,JAKARTA UTARA,CILINCING,SEMPER BARAT,525,7,57,1,460,2,0,0,0,2,12,0,0,12,977,45,932,89,0,89,331,2,286,5,38,
3172041005,DKI JAKARTA,JAKARTA UTARA,CILINCING,SEMPER TIMUR,306,9,18,1,278,1,0,0,0,1,4,0,0,4,593,29,564,38,0,38,167,4,146,3,14,
3174071006,DKI JAKARTA,JAKARTA SELATAN,KEBAYORAN BARU,SENAYAN,37,0,2,0,35,0,0,0,0,0,9,0,0,9,192,8,184,0,0,0,52,3,46,0,3,
3171041001,DKI JAKARTA,JAKARTA PUSAT,SENEN,SENEN,156,3,8,0,145,1,0,0,0,1,6,0,0,6,597,11,586,25,0,25,118,5,97,2,14,
3171031004,DKI JAKARTA,JAKARTA PUSAT,KEMAYORAN,SERDANG,334,2,16,2,314,0,0,0,0,0,5,0,0,5,463,44,419,28,0,28,158,5,96,4,53,
3174021001,DKI JAKARTA,JAKARTA SELATAN,SETIA BUDI,SETIA BUDI,65,1,12,0,52,0,0,0,0,0,4,0,0,4,235,25,210,6,0,6,22,0,16,0,6,
3175101005,DKI JAKARTA,JAKARTA TIMUR,CIPAYUNG,SETU,198,4,14,0,180,1,1,0,0,0,2,0,0,2,226,30,196,13,0,13,75,7,51,1,16,
3173071002,DKI JAKARTA,JAKARTA BARAT,PALMERAH,SLIPI,410,3,38,2,367,0,0,0,0,0,2,0,0,2,759,164,595,39,0,39,194,15,134,2,43,
3173081004,DKI JAKARTA,JAKARTA BARAT,KEMBANGAN,SRENGSENG,295,1,39,3,252,1,0,0,0,1,5,0,0,5,827,93,734,20,0,20,187,6,137,4,40,
3174091002,DKI JAKARTA,JAKARTA SELATAN,JAGAKARSA,SRENGSENG SAWAH,519,5,32,0,482,8,0,0,0,8,10,0,0,10,581,58,523,24,0,24,141,2,99,7,33,
3173051003,DKI JAKARTA,JAKARTA BARAT,KEBON JERUK,SUKABUMI SELATAN,210,1,24,4,181,0,0,0,0,0,1,0,0,1,469,62,407,23,0,23,117,2,82,4,29,
3173051002,DKI JAKARTA,JAKARTA BARAT,KEBON JERUK,SUKABUMI UTARA,201,5,22,3,171,0,0,0,0,0,19,0,0,19,485,61,424,42,0,42,120,7,81,5,27,
3172041002,DKI JAKARTA,JAKARTA UTARA,CILINCING,SUKAPURA,454,16,30,2,406,0,0,0,0,0,5,0,0,5,779,37,742,77,0,77,259,12,208,4,35,
3171031007,DKI JAKARTA,JAKARTA PUSAT,KEMAYORAN,SUMUR BATU,284,13,12,1,258,1,0,0,0,1,5,0,0,5,393,59,334,22,0,22,158,5,90,2,61,
3172021004,DKI JAKARTA,JAKARTA UTARA,TANJUNG PRIOK,SUNGAI BAMBU,224,6,15,0,203,0,0,0,0,0,6,0,0,6,479,53,426,32,0,32,113,7,83,4,19,
3172021006,DKI JAKARTA,JAKARTA UTARA,TANJUNG PRIOK,SUNTER AGUNG,715,8,54,1,652,2,0,0,0,2,19,0,1,18,1551,84,1467,65,0,65,401,14,343,14,30,
3172021002,DKI JAKARTA,JAKARTA UTARA,TANJUNG PRIOK,SUNTER JAYA,618,18,47,6,547,0,0,0,0,0,8,0,0,8,1215,107,1108,153,0,153,365,13,286,17,49,
3175091004,DKI JAKARTA,JAKARTA TIMUR,CIRACAS,SUSUKAN,301,8,49,1,243,0,0,0,0,0,16,0,0,16,963,46,917,69,0,69,94,0,69,3,22,
3173031001,DKI JAKARTA,JAKARTA BARAT,TAMAN SARI,TAMAN SARI,216,8,35,0,173,2,0,0,0,2,0,0,0,0,295,50,245,11,0,11,121,4,86,4,27,
3173041001,DKI JAKARTA,JAKARTA BARAT,TAMBORA,TAMBORA,153,1,13,3,136,0,0,0,0,0,1,0,1,0,251,11,240,2,0,2,54,2,41,3,8,
3173041004,DKI JAKARTA,JAKARTA BARAT,TAMBORA,TANAH SEREAL,235,2,8,2,223,1,0,0,0,1,4,0,0,4,210,6,204,3,0,3,123,7,104,6,6,
3171081004,DKI JAKARTA,JAKARTA PUSAT,JOHAR BARU,TANAH TINGGI,342,10,7,3,322,1,0,0,0,1,2,0,0,2,716,28,688,31,0,31,323,6,218,17,82,
3173031004,DKI JAKARTA,JAKARTA BARAT,TAMAN SARI,TANGKI,194,0,23,1,170,1,0,0,0,1,3,0,0,3,239,11,228,2,0,2,78,4,57,1,16,
3174091005,DKI JAKARTA,JAKARTA SELATAN,JAGAKARSA,TANJUNG BARAT,423,7,23,1,392,1,0,0,0,1,2,0,0,2,363,41,322,11,0,11,147,9,110,4,24,
3173021005,DKI JAKARTA,JAKARTA BARAT,GROGOL PETAMBURAN,TANJUNG DUREN SELATAN,297,2,26,1,268,0,0,0,0,0,19,0,0,19,491,52,439,19,0,19,197,16,134,7,40,
3173021002,DKI JAKARTA,JAKARTA BARAT,GROGOL PETAMBURAN,TANJUNG DUREN UTARA,210,1,11,0,198,1,0,0,0,1,20,0,0,20,387,26,361,18,0,18,76,4,57,4,11,
3172021001,DKI JAKARTA,JAKARTA UTARA,TANJUNG PRIOK,TANJUNG PRIOK,367,16,39,6,306,0,0,0,0,0,10,0,0,10,586,49,537,50,0,50,250,10,205,8,27,
3174011002,DKI JAKARTA,JAKARTA SELATAN,TEBET,TEBET BARAT,337,1,25,0,311,1,0,0,0,1,8,0,0,8,500,36,464,22,0,22,234,6,195,4,29,
3174011001,DKI JAKARTA,JAKARTA SELATAN,TEBET,TEBET TIMUR,262,6,34,2,220,0,0,0,0,0,6,0,0,6,420,49,371,28,0,28,102,9,58,3,32,
3173061003,DKI JAKARTA,JAKARTA BARAT,KALI DERES,TEGAL ALUR,499,4,24,6,465,0,0,0,0,0,7,0,4,3,933,99,834,9,0,9,120,3,100,3,14,
3174031004,DKI JAKARTA,JAKARTA SELATAN,MAMPANG PRAPATAN,TEGAL PARANG,240,1,15,3,221,5,0,0,1,4,4,0,1,3,745,74,671,10,0,10,189,5,147,4,33,
3173021003,DKI JAKARTA,JAKARTA BARAT,GROGOL PETAMBURAN,TOMANG,322,0,19,2,301,0,0,0,0,0,14,0,0,14,551,44,507,74,0,74,178,7,155,3,13,
3172031005,DKI JAKARTA,JAKARTA UTARA,KOJA,TUGU SELATAN,301,7,13,1,280,0,0,0,0,0,2,0,1,1,360,26,334,63,0,63,150,8,123,5,14,
3172031002,DKI JAKARTA,JAKARTA UTARA,KOJA,TUGU UTARA,673,15,33,0,625,3,0,0,0,3,7,0,0,7,668,38,630,75,0,75,272,2,203,6,61,
3175061006,DKI JAKARTA,JAKARTA TIMUR,CAKUNG,UJUNG MENTENG,108,2,10,2,94,1,0,0,0,1,0,0,0,0,332,48,284,18,0,18,79,5,53,3,18,
3174101005,DKI JAKARTA,JAKARTA SELATAN,PESANGGRAHAN,ULUJAMI,442,3,13,2,424,0,0,0,0,0,0,0,0,0,950,67,883,26,0,26,146,3,115,5,23,
3175011006,DKI JAKARTA,JAKARTA TIMUR,MATRAMAN,UTAN KAYU SELATAN,369,8,17,8,336,2,0,0,0,2,2,0,0,2,635,58,577,82,0,82,184,6,148,6,24,
3175011002,DKI JAKARTA,JAKARTA TIMUR,MATRAMAN,UTAN KAYU UTARA,294,5,24,0,265,2,0,0,0,2,2,0,0,2,501,63,438,41,0,41,138,5,104,5,24,
3171031008,DKI JAKARTA,JAKARTA PUSAT,KEMAYORAN,UTAN PANJANG,291,3,20,2,266,0,0,0,0,0,2,0,0,2,329,39,290,19,0,19,159,4,86,7,62,
3172021007,DKI JAKARTA,JAKARTA UTARA,TANJUNG PRIOK,WARAKAS,327,7,44,2,274,0,0,0,0,0,10,0,1,9,685,77,608,47,0,47,192,4,157,4,27,
3173021007,DKI JAKARTA,JAKARTA BARAT,GROGOL PETAMBURAN,WIJAYA KUSUMA,278,0,16,2,260,0,0,0,0,0,7,0,0,7,614,22,592,22,0,22,142,2,104,5,31,
