id_kel,nama_provinsi,nama_kota,nama_kecamatan,nama_kelurahan,suspek,perawatan_rs,isolasi_di_rumah,suspek_meninggal,selesai_isolasi,probable,perawatan_rs,isolasi_di_rumah,probable_meninggal,selesai_isolasi,pelaku_perjalanan,perawatan_rs,isolasi_di_rumah,selesai_isolasi,kontak_erat,isolasi_di_rumah,selesai_isolasi,discarded,meninggal,selesai_isolasi,positif,dirawat,sembuh,meninggal,self_isolation,keterangan
3172051003,DKI JAKARTA,JAKARTA UTARA,PADEMANGAN,ANCOL,362,0,18,0,344,4,0,0,0,4,9,0,0,9,511,31,480,7,0,7,187,6,151,2,28,
3173041007,DKI JAKARTA,JAKARTA BARAT,TAMBORA,ANGKE,331,3,14,2,312,1,0,0,1,0,0,0,0,0,422,13,409,25,0,25,115,5,102,2,6,
3175041005,DKI JAKARTA,JAKARTA TIMUR,KRAMAT JATI,BALE KAMBANG,200,7,10,1,182,1,0,0,0,1,5,0,0,5,399,34,365,23,0,23,102,7,80,2,13,
3175031003,DKI JAKARTA,JAKARTA TIMUR,JATINEGARA,BALI MESTER,82,0,2,1,79,0,0,0,0,0,0,0,0,0,85,9,76,4,0,4,24,0,18,1,5,
3175101006,DKI JAKARTA,JAKARTA TIMUR,CIPAYUNG,BAMBU APUS,245,9,29,1,206,0,0,0,0,0,3,0,0,3,402,74,328,17,0,17,97,8,74,1,14,
3174031002,DKI JAKARTA,JAKARTA SELATAN,MAMPANG PRAPATAN,BANGKA,175,1,21,2,151,4,0,0,1,3,18,0,0,18,524,33,491,8,0,8,107,4,87,2,14,
3175051002,DKI JAKARTA,JAKARTA TIMUR,PASAR REBO,BARU,219,4,14,1,200,0,0,0,0,0,4,0,0,4,311,31,280,15,0,15,85,5,67,0,13,
3175041004,DKI JAKARTA,JAKARTA TIMUR,KRAMAT JATI,BATU AMPAR,327,5,21,1,300,2,0,0,0,2,2,0,0,2,697,68,629,25,0,25,132,8,93,3,28,
3171071002,DKI JAKARTA,JAKARTA PUSAT,TANAH ABANG,BENDUNGAN HILIR,323,4,16,0,303,0,0,0,0,0,4,0,1,3,396,29,367,9,0,9,150,14,80,2,54,
3175031002,DKI JAKARTA,JAKARTA TIMUR,JATINEGARA,BIDARA CINA,239,3,17,3,216,0,0,0,0,0,1,0,0,1,295,31,264,30,0,30,193,1,135,9,48,
3174101002,DKI JAKARTA,JAKARTA SELATAN,PESANGGRAHAN,BINTARO,535,2,18,2,513,4,0,0,0,4,9,0,0,9,1124,69,1055,22,0,22,180,4,131,6,39,
3174011005,DKI JAKARTA,JAKARTA SELATAN,TEBET,BUKIT DURI,260,4,36,3,217,1,0,0,0,1,13,0,0,13,420,33,387,13,0,13,116,3,66,7,40,
3171041006,DKI JAKARTA,JAKARTA PUSAT,SENEN,BUNGUR,178,5,3,2,168,1,0,0,0,1,13,0,0,13,441,16,425,10,0,10,133,4,101,2,26,
3175061007,DKI JAKARTA,JAKARTA TIMUR,CAKUNG,CAKUNG BARAT,210,4,25,1,180,0,0,0,0,0,0,0,0,0,520,34,486,39,0,39,152,3,113,3,33,
3175061004,DKI JAKARTA,JAKARTA TIMUR,CAKUNG,CAKUNG TIMUR,266,15,31,2,218,2,0,0,1,1,5,0,2,3,572,65,507,32,0,32,154,5,114,2,33,
3175041007,DKI JAKARTA,JAKARTA TIMUR,KRAMAT JATI,CAWANG,215,3,22,0,190,1,0,0,0,1,4,0,0,4,494,45,449,14,0,14,139,6,107,3,23,
3175101008,DKI JAKARTA,JAKARTA TIMUR,CIPAYUNG,CEGER,162,4,26,0,132,0,0,0,0,0,0,0,0,0,226,52,174,8,0,8,59,7,34,0,18,
3171031006,DKI JAKARTA,JAKARTA PUSAT,KEMAYORAN,CEMPAKA BARU,449,7,24,2,416,1,0,0,0,1,7,0,0,7,587,67,520,31,0,31,247,8,214,12,13,
3171051002,DKI JAKARTA,JAKARTA PUSAT,CEMPAKA PUTIH,CEMPAKA PUTIH BARAT,704,11,21,2,670,2,0,0,0,2,12,0,1,11,1525,101,1424,47,0,47,514,6,409,10,89,
3171051001,DKI JAKARTA,JAKARTA PUSAT,CEMPAKA PUTIH,CEMPAKA PUTIH TIMUR,472,8,10,1,453,0,0,0,0,0,10,0,1,9,1092,64,1028,53,0,53,278,4,222,4,48,
3173011001,DKI JAKARTA,JAKARTA BARAT,CENGKARENG,CENGKARENG BARAT,404,3,31,1,369,0,0,0,0,0,5,0,0,5,964,112,852,11,0,11,227,10,158,4,55,
3173011006,DKI JAKARTA,JAKARTA BARAT,CENGKARENG,CENGKARENG TIMUR,585,7,60,7,511,1,0,0,0,1,4,0,1,3,1283,166,1117,14,0,14,384,7,284,12,81,
3175091002,DKI JAKARTA,JAKARTA TIMUR,CIRACAS,CIBUBUR,589,11,53,4,521,1,0,0,0,1,30,0,0,30,1550,55,1495,83,0,83,191,4,154,5,28,
3171011002,DKI JAKARTA,JAKARTA PUSAT,GAMBIR,CIDENG,216,0,9,2,205,0,0,0,0,0,8,0,0,8,427,24,403,13,0,13,149,7,124,5,13,
3174091003,DKI JAKARTA,JAKARTA SELATAN,JAGAKARSA,CIGANJUR,506,7,17,1,481,2,0,0,0,2,12,0,1,11,421,41,380,10,0,10,117,6,79,4,28,
3175051003,DKI JAKARTA,JAKARTA TIMUR,PASAR REBO,CIJANTUNG,478,5,45,3,425,0,0,0,0,0,2,0,1,1,411,23,388,8,0,8,162,3,120,7,32,
3171061003,DKI JAKARTA,JAKARTA PUSAT,MENTENG,CIKINI,105,1,8,0,96,0,0,0,0,0,0,0,0,0,165,12,153,11,0,11,40,1,25,2,12,
3174081006,DKI JAKARTA,JAKARTA SELATAN,PANCORAN,CIKOKO,146,0,2,0,144,1,0,0,0,1,10,0,0,10,230,15,215,0,0,0,47,4,38,1,4,
3174061001,DKI JAKARTA,JAKARTA SELATAN,CILANDAK,CILANDAK BARAT,618,5,75,5,533,1,0,0,0,1,96,0,1,95,984,115,869,36,0,36,203,5,140,7,51,
3174041003,DKI JAKARTA,JAKARTA SELATAN,PASAR MINGGU,CILANDAK TIMUR,327,10,60,1,256,4,1,0,0,3,17,0,0,17,313,25,288,86,0,86,200,2,163,7,28,
3175101002,DKI JAKARTA,JAKARTA TIMUR,CIPAYUNG,CILANGKAP,230,6,11,1,212,1,1,0,0,0,2,0,0,2,393,63,330,18,0,18,104,7,78,0,19,
3175041006,DKI JAKARTA,JAKARTA TIMUR,KRAMAT JATI,CILILITAN,222,2,26,1,193,0,0,0,0,0,5,0,0,5,587,59,528,42,0,42,156,7,120,3,26,
3172041001,DKI JAKARTA,JAKARTA UTARA,CILINCING,CILINCING,407,8,32,1,366,0,0,0,0,0,6,0,0,6,1020,29,991,75,0,75,292,6,255,5,26,
3175101001,DKI JAKARTA,JAKARTA TIMUR,CIPAYUNG,CIPAYUNG,333,6,30,2,295,3,1,0,1,1,5,0,1,4,399,74,325,21,0,21,140,4,110,2,24,
3174091006,DKI JAKARTA,JAKARTA SELATAN,JAGAKARSA,CIPEDAK,434,5,26,0,403,2,0,0,0,2,1,0,1,0,334,43,291,6,0,6,101,3,69,2,27,
3174061005,DKI JAKARTA,JAKARTA SELATAN,CILANDAK,CIPETE SELATAN,188,0,17,1,170,2,0,0,0,2,45,0,1,44,323,47,276,6,0,6,57,1,33,6,17,
3174071010,DKI JAKARTA,JAKARTA SELATAN,KEBAYORAN BARU,CIPETE UTARA,389,0,36,3,350,0,0,0,0,0,9,0,0,9,361,14,347,5,0,5,87,0,73,3,11,
3175021003,DKI JAKARTA,JAKARTA TIMUR,PULO GADUNG,CIPINANG,224,3,31,2,188,0,0,0,0,0,3,0,0,3,675,51,624,35,0,35,220,15,166,6,33,
3175031007,DKI JAKARTA,JAKARTA TIMUR,JATINEGARA,CIPINANG BESAR SELATAN,177,1,5,2,169,2,0,0,0,2,1,0,0,1,315,27,288,14,0,14,107,3,75,2,27,
3175031008,DKI JAKARTA,JAKARTA TIMUR,JATINEGARA,CIPINANG BESAR UTARA,286,13,20,0,253,1,0,0,0,1,3,0,0,3,456,32,424,16,0,16,199,4,140,4,51,
3175031005,DKI JAKARTA,JAKARTA TIMUR,JATINEGARA,CIPINANG CEMPEDAK,189,2,13,2,172,0,0,0,0,0,2,0,0,2,298,35,263,12,0,12,89,4,57,2,26,
3175081005,DKI JAKARTA,JAKARTA TIMUR,MAKASAR,CIPINANG MELAYU,252,7,15,2,228,1,0,0,0,1,3,0,0,3,557,51,506,17,0,17,178,9,123,5,41,
3175031006,DKI JAKARTA,JAKARTA TIMUR,JATINEGARA,CIPINANG MUARA,283,10,23,1,249,4,0,0,0,4,6,0,1,5,595,64,531,24,0,24,200,2,142,3,53,
3174051003,DKI JAKARTA,JAKARTA SELATAN,KEBAYORAN LAMA,CIPULIR,215,0,11,4,200,4,0,0,0,4,6,0,0,6,444,15,429,7,0,7,136,1,112,4,19,
3175091001,DKI JAKARTA,JAKARTA TIMUR,CIRACAS,CIRACAS,571,7,56,9,499,3,0,0,0,3,22,0,0,22,1238,55,1183,44,0,44,272,17,197,10,48,
3175041003,DKI JAKARTA,JAKARTA TIMUR,KRAMAT JATI,DUKUH,179,0,16,1,162,0,0,0,0,0,1,0,0,1,455,83,372,13,0,13,93,3,70,1,19,
3175071001,DKI JAKARTA,JAKARTA TIMUR,DUREN SAWIT,DUREN SAWIT,688,9,27,3,649,14,0,0,0,14,2,0,0,2,775,67,708,25,0,25,386,10,307,11,58,
3174081004,DKI JAKARTA,JAKARTA SELATAN,PANCORAN,DUREN TIGA,299,2,29,0,268,2,0,0,0,2,4,0,1,3,454,32,422,2,0,2,97,8,71,0,18,
3173051005,DKI JAKARTA,JAKARTA BARAT,KEBON JERUK,DURI KEPA,363,4,46,2,311,3,0,0,0,3,12,0,0,12,953,86,867,67,0,67,264,16,191,9,48,
3173011002,DKI JAKARTA,JAKARTA BARAT,CENGKARENG,DURI KOSAMBI,396,8,45,3,340,0,0,0,0,0,4,0,0,4,771,98,673,10,0,10,207,5,141,4,57,
3171011006,DKI JAKARTA,JAKARTA PUSAT,GAMBIR,DURI PULO,136,2,10,3,121,0,0,0,0,0,0,0,0,0,283,9,274,7,0,7,131,8,88,4,31,
3173041011,DKI JAKARTA,JAKARTA BARAT,TAMBORA,DURI SELATAN,107,2,7,1,97,0,0,0,0,0,2,0,0,2,118,9,109,4,0,4,55,1,47,3,4,
3173041003,DKI JAKARTA,JAKARTA BARAT,TAMBORA,DURI UTARA,145,3,7,2,133,1,0,0,0,1,2,0,0,2,176,11,165,2,0,2,93,3,70,4,16,
3171081003,DKI JAKARTA,JAKARTA PUSAT,JOHAR BARU,GALUR,166,2,9,0,155,2,1,0,0,1,3,0,1,2,379,26,353,45,0,45,191,1,139,9,42,
3171011001,DKI JAKARTA,JAKARTA PUSAT,GAMBIR,GAMBIR,67,0,1,0,66,1,0,0,0,1,17,0,0,17,259,9,250,6,0,6,145,0,101,0,44,
3174061004,DKI JAKARTA,JAKARTA SELATAN,CILANDAK,GANDARIA SELATAN,149,4,7,0,138,2,0,0,0,2,20,0,0,20,519,41,478,2,0,2,88,1,71,3,13,
3174071009,DKI JAKARTA,JAKARTA SELATAN,KEBAYORAN BARU,GANDARIA UTARA,369,4,28,2,335,0,0,0,0,0,3,0,0,3,467,15,452,5,0,5,118,3,87,3,25,
3175051001,DKI JAKARTA,JAKARTA TIMUR,PASAR REBO,GEDONG,556,5,36,0,515,0,0,0,0,0,4,0,0,4,278,27,251,24,0,24,144,8,112,2,22,
3171071001,DKI JAKARTA,JAKARTA PUSAT,TANAH ABANG,GELORA,49,0,2,1,46,0,0,0,0,0,5,0,0,5,106,30,76,0,0,0,101,0,78,2,21,
3173031007,DKI JAKARTA,JAKARTA BARAT,TAMAN SARI,GLODOK,83,0,6,0,77,0,0,0,0,0,1,0,0,1,129,12,117,0,0,0,19,0,13,1,5,
3171061004,DKI JAKARTA,JAKARTA PUSAT,MENTENG,GONDANGDIA,49,1,4,1,43,0,0,0,0,0,6,0,0,6,103,1,102,7,0,7,46,4,31,3,8,
3173021001,DKI JAKARTA,JAKARTA BARAT,GROGOL PETAMBURAN,GROGOL,323,10,35,4,274,1,0,0,0,1,39,0,0,39,650,76,574,32,0,32,136,6,99,1,30,
3174051005,DKI JAKARTA,JAKARTA SELATAN,KEBAYORAN LAMA,GROGOL SELATAN,243,3,10,5,225,0,0,0,0,0,12,0,0,12,499,30,469,9,0,9,148,8,107,6,27,
3174051004,DKI JAKARTA,JAKARTA SELATAN,KEBAYORAN LAMA,GROGOL UTARA,276,2,14,4,256,0,0,0,0,0,24,0,0,24,497,28,469,15,0,15,196,9,152,7,28,
3174021007,DKI JAKARTA,JAKARTA SELATAN,SETIA BUDI,GUNTUR,45,0,2,0,43,0,0,0,0,0,1,0,0,1,147,25,122,1,0,1,24,2,21,0,1,
3174071002,DKI JAKARTA,JAKARTA SELATAN,KEBAYORAN BARU,GUNUNG,198,0,30,3,165,0,0,0,0,0,7,0,0,7,286,17,269,0,0,0,57,4,45,2,6,
3171031005,DKI JAKARTA,JAKARTA PUSAT,KEMAYORAN,GUNUNG SAHARI SELATAN,224,2,14,1,207,0,0,0,0,0,2,0,0,2,334,43,291,1,0,1,111,1,76,4,30,
3171021004,DKI JAKARTA,JAKARTA PUSAT,SAWAH BESAR,GUNUNG SAHARI UTARA,199,5,9,1,184,0,0,0,0,0,5,0,0,5,415,30,385,8,0,8,138,5,83,9,41,
3175081004,DKI JAKARTA,JAKARTA TIMUR,MAKASAR,HALIM PERDANA KUSUMAH,163,1,11,2,149,0,0,0,0,0,5,0,0,5,396,46,350,9,0,9,257,9,170,4,74,
3171031003,DKI JAKARTA,JAKARTA PUSAT,KEMAYORAN,HARAPAN MULIA,270,7,13,3,247,0,0,0,0,0,6,0,0,6,388,44,344,28,0,28,175,8,152,7,8,
3174091001,DKI JAKARTA,JAKARTA SELATAN,JAGAKARSA,JAGAKARSA,696,8,48,2,638,7,2,0,0,5,8,0,1,7,735,62,673,17,0,17,249,6,196,4,43,
3175021007,DKI JAKARTA,JAKARTA TIMUR,PULO GADUNG,JATI,281,6,18,1,256,0,0,0,0,0,7,0,0,7,722,55,667,30,0,30,188,5,156,1,26,
3174041002,DKI JAKARTA,JAKARTA SELATAN,PASAR MINGGU,JATI PADANG,336,2,51,2,281,0,0,0,0,0,3,0,0,3,465,31,434,67,0,67,105,4,77,5,19,
3173071004,DKI JAKARTA,JAKARTA BARAT,PALMERAH,JATI PULO,384,3,41,4,336,1,0,0,0,1,3,0,0,3,608,55,553,61,0,61,207,7,176,3,21,
3175061001,DKI JAKARTA,JAKARTA TIMUR,CAKUNG,JATINEGARA,391,5,66,3,317,1,0,0,0,1,3,0,0,3,973,127,846,42,0,42,274,7,205,6,56,
3175021004,DKI JAKARTA,JAKARTA TIMUR,PULO GADUNG,JATINEGARA KAUM,92,11,12,0,69,1,0,0,1,0,3,0,0,3,250,33,217,10,0,10,54,6,32,2,14,
3173021004,DKI JAKARTA,JAKARTA BARAT,GROGOL PETAMBURAN,JELAMBAR,306,2,26,5,273,2,0,0,0,2,24,0,0,24,590,32,558,11,0,11,136,6,105,5,20,
3173021006,DKI JAKARTA,JAKARTA BARAT,GROGOL PETAMBURAN,JELAMBAR BARU,288,0,11,2,275,2,0,0,0,2,4,0,0,4,478,17,461,18,0,18,96,5,70,4,17,
3173041006,DKI JAKARTA,JAKARTA BARAT,TAMBORA,JEMBATAN BESI,479,3,26,1,449,0,0,0,0,0,4,0,0,4,425,12,413,7,0,7,183,10,155,6,12,
3173041008,DKI JAKARTA,JAKARTA BARAT,TAMBORA,JEMBATAN LIMA,150,1,17,0,132,0,0,0,0,0,1,0,0,1,172,8,164,1,0,1,73,5,48,4,16,
3173081005,DKI JAKARTA,JAKARTA BARAT,KEMBANGAN,JOGLO,256,1,44,4,207,0,0,0,0,0,4,0,0,4,502,119,383,13,0,13,145,8,82,2,53,
3171081001,DKI JAKARTA,JAKARTA PUSAT,JOHAR BARU,JOHAR BARU,512,9,22,3,478,2,1,0,0,1,5,0,0,5,1392,72,1320,95,0,95,381,8,311,14,48,
3173041002,DKI JAKARTA,JAKARTA BARAT,TAMBORA,KALI ANYAR,306,4,28,0,274,1,0,0,0,1,3,0,0,3,320,17,303,10,0,10,146,4,124,4,14,
3172041004,DKI JAKARTA,JAKARTA UTARA,CILINCING,KALI BARU,352,20,27,5,300,0,0,0,0,0,4,0,0,4,581,27,554,36,0,36,252,7,203,7,35,
3174081002,DKI JAKARTA,JAKARTA SELATAN,PANCORAN,KALIBATA,398,4,27,4,363,7,1,0,0,6,11,0,0,11,643,62,581,12,0,12,219,5,190,4,20,
3173061001,DKI JAKARTA,JAKARTA BARAT,KALI DERES,KALIDERES,795,12,64,4,715,1,0,0,0,1,5,0,0,5,1777,121,1656,29,0,29,251,26,179,5,41,
3175051004,DKI JAKARTA,JAKARTA TIMUR,PASAR REBO,KALISARI,690,4,64,0,622,0,0,0,0,0,3,0,0,3,368,49,319,10,0,10,145,4,108,3,30,
3173061004,DKI JAKARTA,JAKARTA BARAT,KALI DERES,KAMAL,263,2,4,3,254,0,0,0,0,0,1,0,0,1,465,35,430,4,0,4,40,2,25,4,9,
3172011002,DKI JAKARTA,JAKARTA UTARA,PENJARINGAN,KAMAL MUARA,68,0,11,0,57,0,0,0,0,0,4,0,0,4,133,16,117,1,0,1,60,1,54,2,3,
3171071007,DKI JAKARTA,JAKARTA PUSAT,TANAH ABANG,KAMPUNG BALI,122,1,5,2,114,1,0,0,0,1,2,0,0,2,161,12,149,2,0,2,49,1,39,3,6,
3175031001,DKI JAKARTA,JAKARTA TIMUR,JATINEGARA,KAMPUNG MELAYU,165,4,7,5,149,2,0,0,0,2,5,0,1,4,178,11,167,4,0,4,144,3,107,3,31,
3171081002,DKI JAKARTA,JAKARTA PUSAT,JOHAR BARU,KAMPUNG RAWA,248,2,5,0,241,1,0,0,0,1,0,0,0,0,566,38,528,63,0,63,227,13,170,13,31,
3175041002,DKI JAKARTA,JAKARTA TIMUR,KRAMAT JATI,KAMPUNG TENGAH,414,7,20,1,386,1,0,0,0,1,9,0,1,8,915,63,852,49,0,49,216,6,184,10,16,
3173011005,DKI JAKARTA,JAKARTA BARAT,CENGKARENG,KAPUK,520,7,45,16,452,1,0,0,0,1,10,0,0,10,1128,113,1015,13,0,13,310,17,222,10,61,
3172011003,DKI JAKARTA,JAKARTA UTARA,PENJARINGAN,KAPUK MUARA,151,2,17,0,132,0,0,0,0,0,9,0,0,9,382,43,339,20,0,20,100,9,80,7,4,
3171021002,DKI JAKARTA,JAKARTA PUSAT,SAWAH BESAR,KARANG ANYAR,363,1,9,5,348,1,0,0,0,1,4,0,0,4,717,54,663,8,0,8,143,3,121,5,14,
3174021004,DKI JAKARTA,JAKARTA SELATAN,SETIA BUDI,KARET,100,1,3,0,96,0,0,0,0,0,10,0,0,10,306,21,285,4,0,4,55,1,46,0,8,
3174021003,DKI JAKARTA,JAKARTA SELATAN,SETIA BUDI,KARET KUNINGAN,165,2,9,1,153,0,0,0,0,0,21,0,0,21,282,16,266,4,0,4,71,8,49,2,12,
3174021002,DKI JAKARTA,JAKARTA SELATAN,SETIA BUDI,KARET SEMANGGI,49,4,1,1,43,0,0,0,0,0,3,0,0,3,71,2,69,0,0,0,20,5,10,2,3,
3171071003,DKI JAKARTA,JAKARTA PUSAT,TANAH ABANG,KARET TENGSIN,197,4,6,0,187,0,0,0,0,0,7,0,0,7,253,29,224,0,0,0,100,2,89,1,8,
3171021003,DKI JAKARTA,JAKARTA PUSAT,SAWAH BESAR,KARTINI,261,1,12,1,247,1,0,0,0,1,0,0,0,0,517,37,480,16,0,16,172,0,149,4,19,
3175011003,DKI JAKARTA,JAKARTA TIMUR,MATRAMAN,KAYU MANIS,265,3,29,0,233,3,2,0,0,1,0,0,0,0,554,41,513,27,0,27,132,5,100,4,23,
3175021006,DKI JAKARTA,JAKARTA TIMUR,PULO GADUNG,KAYU PUTIH,353,2,17,4,330,1,0,0,1,0,11,0,0,11,873,56,817,38,0,38,215,9,178,6,22,
3173031006,DKI JAKARTA,JAKARTA BARAT,TAMAN SARI,KEAGUNGAN,240,0,17,0,223,0,0,0,0,0,2,0,0,2,428,71,357,9,0,9,128,1,104,1,22,
3174041007,DKI JAKARTA,JAKARTA SELATAN,PASAR MINGGU,KEBAGUSAN,426,7,57,1,361,2,0,0,0,2,2,0,0,2,572,27,545,39,0,39,120,5,88,0,27,
3174051006,DKI JAKARTA,JAKARTA SELATAN,KEBAYORAN LAMA,KEBAYORAN LAMA SELATAN,378,3,16,0,359,4,0,0,0,4,2,0,0,2,670,21,649,13,0,13,170,6,118,4,42,
3174051001,DKI JAKARTA,JAKARTA SELATAN,KEBAYORAN LAMA,KEBAYORAN LAMA UTARA,280,4,19,1,256,1,0,0,0,1,15,0,0,15,402,15,387,3,0,3,119,3,79,3,34,
3174011004,DKI JAKARTA,JAKARTA SELATAN,TEBET,KEBON BARU,262,2,41,2,217,0,0,0,0,0,15,0,0,15,506,47,459,17,0,17,123,2,94,1,26,
3172021005,DKI JAKARTA,JAKARTA UTARA,TANJUNG PRIOK,KEBON BAWANG,511,9,38,1,463,0,0,0,0,0,15,0,2,13,956,101,855,63,0,63,318,4,269,3,42,
3173051001,DKI JAKARTA,JAKARTA BARAT,KEBON JERUK,KEBON JERUK,463,5,38,6,414,2,0,0,0,2,13,0,0,13,1399,131,1268,57,0,57,310,21,228,13,48,
3171071006,DKI JAKARTA,JAKARTA PUSAT,TANAH ABANG,KEBON KACANG,387,0,7,1,379,1,0,0,0,1,0,0,0,0,360,10,350,5,0,5,249,7,208,11,23,
3171011005,DKI JAKARTA,JAKARTA PUSAT,GAMBIR,KEBON KELAPA,118,6,8,1,103,3,0,0,0,3,2,0,0,2,189,17,172,2,0,2,61,4,42,1,14,
3171031002,DKI JAKARTA,JAKARTA PUSAT,KEMAYORAN,KEBON KOSONG,293,4,17,5,267,0,0,0,0,0,8,0,1,7,340,26,314,30,0,30,181,3,142,7,29,
3175011005,DKI JAKARTA,JAKARTA TIMUR,MATRAMAN,KEBON MANGGIS,137,0,8,4,125,0,0,0,0,0,2,0,0,2,208,11,197,20,0,20,112,1,98,2,11,
3171071005,DKI JAKARTA,JAKARTA PUSAT,TANAH ABANG,KEBON MELATI,401,2,6,3,390,0,0,0,0,0,5,0,0,5,505,33,472,7,0,7,391,12,308,7,64,
3175081003,DKI JAKARTA,JAKARTA TIMUR,MAKASAR,KEBON PALA,209,6,31,1,171,1,1,0,0,0,4,0,0,4,763,76,687,15,0,15,212,11,156,3,42,
3171061005,DKI JAKARTA,JAKARTA PUSAT,MENTENG,KEBON SIRIH,131,0,7,2,122,0,0,0,0,0,2,0,0,2,260,8,252,14,0,14,114,2,104,2,6,
3173011004,DKI JAKARTA,JAKARTA BARAT,CENGKARENG,KEDAUNG KALI ANGKE,326,2,30,0,294,0,0,0,0,0,1,0,0,1,367,52,315,5,0,5,204,11,147,3,43,
3173051007,DKI JAKARTA,JAKARTA BARAT,KEBON JERUK,KEDOYA SELATAN,231,3,30,5,193,2,0,0,0,2,6,0,0,6,464,37,427,19,0,19,121,2,87,4,28,
3173051006,DKI JAKARTA,JAKARTA BARAT,KEBON JERUK,KEDOYA UTARA,229,4,37,2,186,1,0,0,0,1,15,0,0,15,634,70,564,19,0,19,176,17,103,4,52,
3173051004,DKI JAKARTA,JAKARTA BARAT,KEBON JERUK,KELAPA DUA,188,3,43,0,142,0,0,0,0,0,5,0,0,5,401,56,345,22,0,22,98,2,65,2,29,
3175091003,DKI JAKARTA,JAKARTA TIMUR,CIRACAS,KELAPA DUA WETAN,430,8,44,1,377,1,1,0,0,0,7,0,0,7,844,42,802,35,0,35,137,5,110,2,20,
3172061003,DKI JAKARTA,JAKARTA UTARA,KELAPA GADING,KELAPA GADING BARAT,689,25,63,3,598,2,0,0,0,2,46,0,0,46,1091,66,1025,87,0,87,298,10,243,5,40,
3172061001,DKI JAKARTA,JAKARTA UTARA,KELAPA GADING,KELAPA GADING TIMUR,574,24,37,2,511,1,0,0,0,1,21,0,3,18,1064,73,991,58,0,58,173,7,130,8,28,
3173071005,DKI JAKARTA,JAKARTA BARAT,PALMERAH,KEMANGGISAN,450,7,46,6,391,0,0,0,0,0,8,0,0,8,718,86,632,49,0,49,192,7,160,5,20,
3171031001,DKI JAKARTA,JAKARTA PUSAT,KEMAYORAN,KEMAYORAN,298,6,9,3,280,0,0,0,0,0,0,0,0,0,451,35,416,20,0,20,233,4,182,10,37,
3173081006,DKI JAKARTA,JAKARTA BARAT,KEMBANGAN,KEMBANGAN SELATAN,172,3,17,1,151,0,0,0,0,0,5,0,0,5,438,39,399,52,0,52,123,4,97,3,19,
3173081001,DKI JAKARTA,JAKARTA BARAT,KEMBANGAN,KEMBANGAN UTARA,402,13,44,3,342,4,2,0,1,1,3,0,1,2,1193,86,1107,10,0,10,185,9,128,5,43,
3171041002,DKI JAKARTA,JAKARTA PUSAT,SENEN,KENARI,171,1,16,1,153,1,0,0,0,1,3,0,2,1,391,21,370,44,0,44,149,2,142,2,3,
3173041005,DKI JAKARTA,JAKARTA BARAT,TAMBORA,KERENDANG,207,1,13,2,191,1,0,0,0,1,0,0,0,0,164,7,157,3,0,3,102,4,85,7,6,
3175071003,DKI JAKARTA,JAKARTA TIMUR,DUREN SAWIT,KLENDER,510,9,18,2,481,2,0,0,0,2,4,0,1,3,715,68,647,25,0,25,262,6,209,9,38,
3172031001,DKI JAKARTA,JAKARTA UTARA,KOJA,KOJA,249,5,15,0,229,0,0,0,0,0,4,0,0,4,382,9,373,35,0,35,204,1,164,5,34,
3173071006,DKI JAKARTA,JAKARTA BARAT,PALMERAH,KOTA BAMBU SELATAN,380,2,32,5,341,0,0,0,0,0,1,0,0,1,724,24,700,71,0,71,196,4,175,5,12,
3173071003,DKI JAKARTA,JAKARTA BARAT,PALMERAH,KOTA BAMBU UTARA,316,3,19,11,283,0,0,0,0,0,3,0,0,3,484,46,438,54,0,54,191,5,157,6,23,
3171041004,DKI JAKARTA,JAKARTA PUSAT,SENEN,KRAMAT,323,1,9,6,307,0,0,0,0,0,7,0,1,6,771,25,746,33,0,33,219,5,198,10,6,
3175041001,DKI JAKARTA,JAKARTA TIMUR,KRAMAT JATI,KRAMAT JATI,290,9,35,1,245,0,0,0,0,0,9,0,0,9,611,88,523,21,0,21,195,12,134,6,43,
3174071003,DKI JAKARTA,JAKARTA SELATAN,KEBAYORAN BARU,KRAMAT PELA,140,0,39,0,101,0,0,0,0,0,0,0,0,0,444,24,420,6,0,6,98,1,91,0,6,
3173031002,DKI JAKARTA,JAKARTA BARAT,TAMAN SARI,KRUKUT,204,2,36,6,160,1,1,0,0,0,3,0,0,3,330,41,289,12,0,12,126,4,81,4,37,
3174031005,DKI JAKARTA,JAKARTA SELATAN,MAMPANG PRAPATAN,KUNINGAN BARAT,88,1,2,1,84,0,0,0,0,0,0,0,0,0,394,69,325,5,0,5,58,1,23,0,34,
3174021008,DKI JAKARTA,JAKARTA SELATAN,SETIA BUDI,KUNINGAN TIMUR,104,0,13,1,90,1,0,0,0,1,20,0,0,20,124,13,111,1,0,1,50,2,40,2,6,
3171041005,DKI JAKARTA,JAKARTA PUSAT,SENEN,KWITANG,195,4,2,0,189,2,0,0,0,2,6,0,1,5,376,19,357,9,0,9,99,2,85,4,8,
3172031003,DKI JAKARTA,JAKARTA UTARA,KOJA,LAGOA,482,11,20,1,450,0,0,0,0,0,5,0,0,5,553,36,517,57,0,57,495,6,402,7,80,
3174061002,DKI JAKARTA,JAKARTA SELATAN,CILANDAK,LEBAK BULUS,268,3,26,2,237,3,0,0,0,3,27,0,0,27,545,87,458,22,0,22,145,3,104,8,30,
3174091004,DKI JAKARTA,JAKARTA SELATAN,JAGAKARSA,LENTENG AGUNG,499,11,34,0,454,3,1,0,0,2,6,0,0,6,434,44,390,13,0,13,136,2,115,0,19,
LUAR DKI JAKARTA,LUAR DKI JAKARTA,LUAR DKI JAKARTA,LUAR DKI JAKARTA,LUAR DKI JAKARTA,23680,784,2439,98,20359,58,5,0,0,53,551,0,58,493,34619,6494,28125,1436,0,1436,7419,251,6225,128,815,
3175101007,DKI JAKARTA,JAKARTA TIMUR,CIPAYUNG,LUBANG BUAYA,490,15,50,3,422,1,0,0,0,1,6,0,1,5,574,78,496,28,0,28,202,13,145,2,42,
3175081001,DKI JAKARTA,JAKARTA TIMUR,MAKASAR,MAKASAR,199,13,19,1,166,0,0,0,0,0,8,0,0,8,883,109,774,22,0,22,178,8,120,0,50,
3175071006,DKI JAKARTA,JAKARTA TIMUR,DUREN SAWIT,MALAKA JAYA,263,2,10,2,249,1,0,0,0,1,2,0,0,2,440,27,413,12,0,12,159,2,119,1,37,
3175071005,DKI JAKARTA,JAKARTA TIMUR,DUREN SAWIT,MALAKA SARI,233,2,10,1,220,0,0,0,0,0,0,0,0,0,360,34,326,11,0,11,133,3,93,3,34,
3174031001,DKI JAKARTA,JAKARTA SELATAN,MAMPANG PRAPATAN,MAMPANG PRAPATAN,230,0,10,2,218,0,0,0,0,0,0,0,0,0,846,59,787,9,0,9,224,9,168,7,40,
3173031005,DKI JAKARTA,JAKARTA BARAT,TAMAN SARI,MANGGA BESAR,105,4,14,1,86,0,0,0,0,0,0,0,0,0,134,5,129,4,0,4,45,3,26,1,15,
3171021005,DKI JAKARTA,JAKARTA PUSAT,SAWAH BESAR,MANGGA DUA SELATAN,265,3,24,1,237,3,0,0,0,3,1,0,0,1,654,28,626,9,0,9,159,3,130,2,24,
3174011007,DKI JAKARTA,JAKARTA SELATAN,TEBET,MANGGARAI,304,3,44,0,257,4,0,0,0,4,4,0,0,4,419,46,373,21,0,21,137,6,94,1,36,
3174011006,DKI JAKARTA,JAKARTA SELATAN,TEBET,MANGGARAI SELATAN,172,4,20,2,146,0,0,0,0,0,6,0,0,6,392,25,367,20,0,20,79,1,62,2,14,
3173031003,DKI JAKARTA,JAKARTA BARAT,TAMAN SARI,MAPHAR,171,1,16,1,153,0,0,0,0,0,6,0,0,6,309,26,283,36,0,36,165,3,144,1,17,
3172041003,DKI JAKARTA,JAKARTA UTARA,CILINCING,MARUNDA,217,3,13,0,201,2,0,0,0,2,0,0,0,0,311,17,294,12,0,12,87,5,75,1,6,
3174071001,DKI JAKARTA,JAKARTA SELATAN,KEBAYORAN BARU,MELAWAI,46,1,2,0,43,0,0,0,0,0,1,0,0,1,52,1,51,0,0,0,12,0,11,0,1,
3171061001,DKI JAKARTA,JAKARTA PUSAT,MENTENG,MENTENG,311,3,29,2,277,2,0,0,0,2,1,0,0,1,603,39,564,25,0,25,214,5,159,8,42,
3174021005,DKI JAKARTA,JAKARTA SELATAN,SETIA BUDI,MENTENG ATAS,270,1,16,3,250,1,0,0,0,1,45,0,0,45,1015,52,963,36,0,36,165,5,131,2,27,
3174011003,DKI JAKARTA,JAKARTA SELATAN,TEBET,MENTENG DALAM,461,9,37,4,411,3,1,0,0,2,13,0,0,13,604,16,588,39,0,39,145,1,106,6,32,
3173081003,DKI JAKARTA,JAKARTA BARAT,KEMBANGAN,MERUYA SELATAN,246,3,33,1,209,0,0,0,0,0,2,0,0,2,558,138,420,15,0,15,123,5,101,3,14,
3173081002,DKI JAKARTA,JAKARTA BARAT,KEMBANGAN,MERUYA UTARA,364,5,64,6,289,1,0,0,1,0,7,0,1,6,727,115,612,10,0,10,154,9,104,2,39,
3175101004,DKI JAKARTA,JAKARTA TIMUR,CIPAYUNG,MUNJUL,189,2,16,0,171,0,0,0,0,0,2,0,0,2,233,32,201,23,0,23,64,5,51,1,7,
3172051002,DKI JAKARTA,JAKARTA UTARA,PADEMANGAN,PADEMANGAN BARAT,1597,7,94,5,1491,4,0,0,0,4,13,0,1,12,2225,93,2132,29,0,29,605,5,525,19,56,
3172051001,DKI JAKARTA,JAKARTA UTARA,PADEMANGAN,PADEMANGAN TIMUR,493,4,33,3,453,2,1,0,0,1,13,0,0,13,725,39,686,14,0,14,185,2,140,3,40,
3175011004,DKI JAKARTA,JAKARTA TIMUR,MATRAMAN,PAL MERIAM,189,5,6,2,176,2,1,0,0,1,2,0,0,2,494,17,477,58,0,58,150,3,123,6,18,
3173071001,DKI JAKARTA,JAKARTA BARAT,PALMERAH,PALMERAH,820,4,63,2,751,0,0,0,0,0,2,0,0,2,1409,113,1296,70,0,70,327,7,261,16,43,
3174081001,DKI JAKARTA,JAKARTA SELATAN,PANCORAN,PANCORAN,279,2,14,0,263,1,0,0,0,1,9,0,0,9,491,33,458,6,0,6,175,2,156,4,13,
3172021003,DKI JAKARTA,JAKARTA UTARA,TANJUNG PRIOK,PAPANGGO,320,5,30,0,285,1,0,0,0,1,5,0,0,5,666,56,610,52,0,52,196,4,168,2,22,
3171021001,DKI JAKARTA,JAKARTA PUSAT,SAWAH BESAR,PASAR BARU,179,5,6,2,166,1,0,0,0,1,4,0,0,4,389,38,351,6,0,6,135,4,95,1,35,
3174021006,DKI JAKARTA,JAKARTA SELATAN,SETIA BUDI,PASAR MANGGIS,186,4,9,3,170,2,0,0,0,2,27,0,1,26,727,42,685,15,0,15,144,3,107,8,26,
3174041001,DKI JAKARTA,JAKARTA SELATAN,PASAR MINGGU,PASAR MINGGU,309,4,27,1,277,2,0,0,0,2,5,0,0,5,424,19,405,20,0,20,141,5,110,3,23,
3171041003,DKI JAKARTA,JAKARTA PUSAT,SENEN,PASEBAN,405,8,16,1,380,1,0,0,0,1,9,0,1,8,680,56,624,60,0,60,215,4,170,7,34,
3173061005,DKI JAKARTA,JAKARTA BARAT,KALI DERES,PEGADUNGAN,558,11,38,7,502,0,0,0,0,0,10,0,0,10,1193,111,1082,17,0,17,173,5,132,4,32,
3171061002,DKI JAKARTA,JAKARTA PUSAT,MENTENG,PEGANGSAAN,305,2,24,2,277,1,0,0,0,1,0,0,0,0,766,49,717,50,0,50,288,2,262,4,20,
3172061002,DKI JAKARTA,JAKARTA UTARA,KELAPA GADING,PEGANGSAAN DUA,660,12,33,1,614,1,1,0,0,0,41,0,0,41,1420,115,1305,116,0,116,287,10,235,7,35,
3172011004,DKI JAKARTA,JAKARTA UTARA,PENJARINGAN,PEJAGALAN,349,4,39,2,304,2,0,0,0,2,7,0,0,7,728,84,644,28,0,28,185,9,130,4,42,
3174041006,DKI JAKARTA,JAKARTA SELATAN,PASAR MINGGU,PEJATEN BARAT,335,1,44,2,288,7,0,0,0,7,1,0,0,1,547,37,510,73,0,73,150,5,112,2,31,
3174041005,DKI JAKARTA,JAKARTA SELATAN,PASAR MINGGU,PEJATEN TIMUR,369,8,39,1,321,4,0,0,0,4,3,0,1,2,495,32,463,40,0,40,152,8,103,8,33,
3175051005,DKI JAKARTA,JAKARTA TIMUR,PASAR REBO,PEKAYON,634,0,60,1,573,0,0,0,0,0,3,0,0,3,253,27,226,11,0,11,122,11,80,2,29,
3173041009,DKI JAKARTA,JAKARTA BARAT,TAMBORA,PEKOJAN,242,0,30,2,210,0,0,0,0,0,2,0,0,2,202,13,189,17,0,17,96,3,71,3,19,
3174031003,DKI JAKARTA,JAKARTA SELATAN,MAMPANG PRAPATAN,PELA MAMPANG,267,0,15,2,250,4,0,0,0,4,14,0,0,14,1143,147,996,6,0,6,192,7,150,5,30,
3174081005,DKI JAKARTA,JAKARTA SELATAN,PANCORAN,PENGADEGAN,154,0,5,2,147,0,0,0,0,0,8,0,0,8,333,25,308,10,0,10,76,2,66,0,8,
3175061003,DKI JAKARTA,JAKARTA TIMUR,CAKUNG,PENGGILINGAN,441,8,37,1,395,1,0,0,0,1,7,0,1,6,1223,169,1054,75,0,75,360,9,260,8,83,
3172011001,DKI JAKARTA,JAKARTA UTARA,PENJARINGAN,PENJARINGAN,775,7,159,4,605,1,0,0,0,1,22,0,0,22,2560,158,2402,119,0,119,446,11,329,14,92,
3174101001,DKI JAKARTA,JAKARTA SELATAN,PESANGGRAHAN,PESANGGRAHAN,346,3,21,4,318,2,0,0,1,1,0,0,0,0,673,101,572,19,0,19,106,2,78,3,23,
3171071004,DKI JAKARTA,JAKARTA PUSAT,TANAH ABANG,PETAMBURAN,492,1,18,7,466,0,0,0,0,0,7,0,0,7,466,36,430,7,0,7,358,5,306,11,36,
3174071008,DKI JAKARTA,JAKARTA SELATAN,KEBAYORAN BARU,PETOGOGAN,111,0,13,0,98,0,0,0,0,0,3,0,0,3,201,8,193,0,0,0,46,1,29,0,16,
3171011004,DKI JAKARTA,JAKARTA PUSAT,GAMBIR,PETOJO SELATAN,183,2,17,1,163,0,0,0,0,0,24,0,1,23,537,55,482,15,0,15,201,4,175,8,14,
3171011003,DKI JAKARTA,JAKARTA PUSAT,GAMBIR,PETOJO UTARA,152,3,9,3,137,1,0,0,0,1,11,0,0,11,297,25,272,25,0,25,105,4,81,3,17,
3174101004,DKI JAKARTA,JAKARTA SELATAN,PESANGGRAHAN,PETUKANGAN SELATAN,325,4,39,2,280,0,0,0,0,0,2,0,0,2,668,105,563,8,0,8,76,1,39,3,33,
3174101003,DKI JAKARTA,JAKARTA SELATAN,PESANGGRAHAN,PETUKANGAN UTARA,385,2,23,4,356,2,0,0,0,2,5,0,0,5,1345,112,1233,9,0,9,167,7,112,2,46,
3175081002,DKI JAKARTA,JAKARTA TIMUR,MAKASAR,PINANG RANTI,152,6,17,1,128,0,0,0,0,0,0,0,0,0,546,36,510,24,0,24,105,2,75,4,24,
3173031008,DKI JAKARTA,JAKARTA BARAT,TAMAN SARI,PINANGSIA,107,1,17,1,88,0,0,0,0,0,2,0,0,2,194,28,166,2,0,2,68,4,50,0,14,
3175011001,DKI JAKARTA,JAKARTA TIMUR,MATRAMAN,PISANGAN BARU,260,3,13,3,241,1,0,0,0,1,3,0,1,2,335,39,296,30,0,30,138,2,113,6,17,
3175021002,DKI JAKARTA,JAKARTA TIMUR,PULO GADUNG,PISANGAN TIMUR,260,5,14,4,237,1,0,0,0,1,10,0,0,10,525,42,483,26,0,26,148,5,105,5,33,
3172011005,DKI JAKARTA,JAKARTA UTARA,PENJARINGAN,PLUIT,273,6,67,4,196,0,0,0,0,0,12,0,0,12,960,91,869,15,0,15,154,2,128,8,16,
3175071002,DKI JAKARTA,JAKARTA TIMUR,DUREN SAWIT,PONDOK BAMBU,820,10,29,1,780,3,0,0,0,3,3,0,0,3,758,98,660,22,0,22,285,10,214,6,55,
3175071004,DKI JAKARTA,JAKARTA TIMUR,DUREN SAWIT,PONDOK KELAPA,524,10,16,0,498,0,0,0,0,0,11,0,1,10,860,71,789,17,0,17,258,4,194,10,50,
3175071007,DKI JAKARTA,JAKARTA TIMUR,DUREN SAWIT,PONDOK KOPI,329,5,20,1,303,0,0,0,0,0,1,0,0,1,311,21,290,12,0,12,167,6,122,7,32,
3174061003,DKI JAKARTA,JAKARTA SELATAN,CILANDAK,PONDOK LABU,321,9,38,1,273,6,0,0,0,6,73,0,0,73,805,95,710,37,0,37,115,6,72,1,36,
3174051002,DKI JAKARTA,JAKARTA SELATAN,KEBAYORAN LAMA,PONDOK PINANG,435,9,38,4,384,0,0,0,0,0,44,0,0,44,660,46,614,9,0,9,185,11,137,9,28,
3175101003,DKI JAKARTA,JAKARTA TIMUR,CIPAYUNG,PONDOK RANGGON,193,2,10,3,178,0,0,0,0,0,3,0,0,3,223,34,189,21,0,21,95,4,69,1,21,
PROSES UPDATE DATA,PROSES UPDATE DATA,PROSES UPDATE DATA,PROSES UPDATE DATA,PROSES UPDATE DATA,12174,128,261,1696,10089,2403,0,0,2401,2,105,0,0,105,8507,828,7679,72,1,71,19027,1230,15426,422,1949,
3101011003,DKI JAKARTA,KAB.ADM.KEP.SERIBU,KEP. SERIBU UTARA,PULAU HARAPAN,60,0,0,0,60,0,0,0,0,0,0,0,0,0,62,2,60,0,0,0,5,0,2,0,3,
3101011002,DKI JAKARTA,KAB.ADM.KEP.SERIBU,KEP. SERIBU UTARA,PULAU KELAPA,53,0,6,1,46,0,0,0,0,0,3,0,0,3,144,1,143,1,0,1,6,0,5,0,1,
3101011001,DKI JAKARTA,KAB.ADM.KEP.SERIBU,KEP. SERIBU UTARA,PULAU PANGGANG,89,1,17,1,70,0,0,0,0,0,0,0,0,0,158,8,150,4,0,4,20,0,16,0,4,
3101021003,DKI JAKARTA,KAB.ADM.KEP.SERIBU,KEP. SERIBU SELATAN,PULAU PARI,6,0,0,0,6,0,0,0,0,0,0,0,0,0,168,2,166,1,0,1,4,0,4,0,0,
3101021002,DKI JAKARTA,KAB.ADM.KEP.SERIBU,KEP. SERIBU SELATAN,PULAU TIDUNG,36,1,1,0,34,1,0,0,1,0,0,0,0,0,353,12,341,1,0,1,33,0,30,0,3,
3101021001,DKI JAKARTA,KAB.ADM.KEP.SERIBU,KEP. SERIBU SELATAN,PULAU UNTUNG JAWA,24,0,0,0,24,0,0,0,0,0,0,0,0,0,102,3,99,0,0,0,3,0,3,0,0,
3174071007,DKI JAKARTA,JAKARTA SELATAN,KEBAYORAN BARU,PULO,177,0,40,1,136,1,0,0,0,1,1,0,0,1,149,28,121,0,0,0,38,2,31,0,5,
3175021001,DKI JAKARTA,JAKARTA TIMUR,PULO GADUNG,PULO GADUNG,297,8,18,2,269,0,0,0,0,0,10,0,1,9,681,60,621,23,0,23,179,9,124,4,42,
3175061005,DKI JAKARTA,JAKARTA TIMUR,CAKUNG,PULO GEBANG,394,7,46,2,339,1,0,0,0,1,6,0,1,5,1063,127,936,58,0,58,253,14,185,5,49,
3174041004,DKI JAKARTA,JAKARTA SELATAN,PASAR MINGGU,RAGUNAN,434,12,68,2,352,1,0,0,0,1,2,0,1,1,533,54,479,24,0,24,114,7,65,5,37,
3175091005,DKI JAKARTA,JAKARTA TIMUR,CIRACAS,RAMBUTAN,311,7,19,1,284,2,0,0,0,2,12,0,0,12,607,29,578,29,0,29,99,5,75,1,18,
3172031006,DKI JAKARTA,JAKARTA UTARA,KOJA,RAWA BADAK SELATAN,399,7,9,2,381,2,0,0,0,2,2,0,0,2,461,29,432,43,0,43,265,4,238,4,19,
3172031004,DKI JAKARTA,JAKARTA UTARA,KOJA,RAWA BADAK UTARA,345,12,17,1,315,0,0,0,0,0,2,0,0,2,414,34,380,63,0,63,206,5,180,4,17,
3174071005,DKI JAKARTA,JAKARTA SELATAN,KEBAYORAN BARU,RAWA BARAT,71,0,5,2,64,0,0,0,0,0,1,0,0,1,127,4,123,0,0,0,14,1,10,1,2,
3173011003,DKI JAKARTA,JAKARTA BARAT,CENGKARENG,RAWA BUAYA,243,6,41,2,194,0,0,0,0,0,4,0,0,4,571,82,489,5,0,5,180,4,130,8,38,
3175031004,DKI JAKARTA,JAKARTA TIMUR,JATINEGARA,RAWA BUNGA,118,6,9,1,102,0,0,0,0,0,1,0,0,1,159,23,136,11,0,11,86,2,62,2,20,
3174081003,DKI JAKARTA,JAKARTA SELATAN,PANCORAN,RAWA JATI,230,1,18,0,211,2,0,0,0,2,11,0,1,10,398,28,370,7,0,7,59,1,45,0,13,
3175061002,DKI JAKARTA,JAKARTA TIMUR,CAKUNG,RAWA TERATE,84,4,21,0,59,0,0,0,0,0,2,0,0,2,253,19,234,3,0,3,83,4,53,0,26,
3175021005,DKI JAKARTA,JAKARTA TIMUR,PULO GADUNG,RAWAMANGUN,270,5,22,0,243,0,0,0,0,0,7,0,0,7,658,48,610,28,0,28,175,10,134,3,28,
3171051003,DKI JAKARTA,JAKARTA PUSAT,CEMPAKA PUTIH,RAWASARI,567,3,31,2,531,3,0,0,1,2,6,0,0,6,1007,44,963,30,0,30,322,21,237,4,60,
3173041010,DKI JAKARTA,JAKARTA BARAT,TAMBORA,ROA MALAKA,29,0,1,0,28,1,0,0,0,1,0,0,0,0,32,0,32,1,0,1,13,0,11,0,2,
3172041006,DKI JAKARTA,JAKARTA UTARA,CILINCING,ROROTAN,286,10,34,2,240,0,0,0,0,0,3,0,1,2,531,44,487,66,0,66,125,6,101,2,16,
3174071004,DKI JAKARTA,JAKARTA SELATAN,KEBAYORAN BARU,SELONG,43,0,16,0,27,0,0,0,0,0,3,0,0,3,86,9,77,1,0,1,21,3,17,1,0,
3173061002,DKI JAKARTA,JAKARTA BARAT,KALI DERES,SEMANAN,330,5,32,3,290,0,0,0,0,0,3,0,1,2,792,85,707,6,0,6,97,2,72,1,22,
3172041007,DKI JAKARTA,JAKARTA UTARA,CILINCING,SEMPER BARAT,538,7,46,1,484,2,0,0,0,2,12,0,0,12,993,49,944,90,0,90,341,2,294,5,40,
3172041005,DKI JAKARTA,JAKARTA UTARA,CILINCING,SEMPER TIMUR,317,7,18,1,291,1,0,0,0,1,4,0,0,4,596,22,574,39,0,39,170,3,150,3,14,
3174071006,DKI JAKARTA,JAKARTA SELATAN,KEBAYORAN BARU,SENAYAN,40,0,5,0,35,0,0,0,0,0,9,0,0,9,192,7,185,0,0,0,54,2,51,0,1,
3171041001,DKI JAKARTA,JAKARTA PUSAT,SENEN,SENEN,156,3,4,0,149,1,0,0,0,1,7,0,1,6,601,11,590,26,0,26,129,3,102,2,22,
3171031004,DKI JAKARTA,JAKARTA PUSAT,KEMAYORAN,SERDANG,340,1,16,2,321,0,0,0,0,0,5,0,0,5,474,43,431,28,0,28,167,9,108,4,46,
3174021001,DKI JAKARTA,JAKARTA SELATAN,SETIA BUDI,SETIA BUDI,66,0,7,0,59,0,0,0,0,0,4,0,0,4,267,52,215,6,0,6,24,0,16,0,8,
3175101005,DKI JAKARTA,JAKARTA TIMUR,CIPAYUNG,SETU,203,3,11,0,189,1,1,0,0,0,2,0,0,2,227,16,211,13,0,13,77,6,53,1,17,
3173071002,DKI JAKARTA,JAKARTA BARAT,PALMERAH,SLIPI,419,2,36,2,379,0,0,0,0,0,2,0,0,2,778,142,636,39,0,39,196,12,149,2,33,
3173081004,DKI JAKARTA,JAKARTA BARAT,KEMBANGAN,SRENGSENG,331,1,61,3,266,1,0,0,0,1,5,0,0,5,853,105,748,20,0,20,190,5,140,4,41,
3174091002,DKI JAKARTA,JAKARTA SELATAN,JAGAKARSA,SRENGSENG SAWAH,524,5,23,0,496,8,0,0,0,8,10,0,0,10,589,53,536,26,0,26,152,3,113,7,29,
3173051003,DKI JAKARTA,JAKARTA BARAT,KEBON JERUK,SUKABUMI SELATAN,219,1,27,4,187,0,0,0,0,0,1,0,0,1,494,61,433,23,0,23,122,1,88,4,29,
3173051002,DKI JAKARTA,JAKARTA BARAT,KEBON JERUK,SUKABUMI UTARA,215,5,32,3,175,0,0,0,0,0,19,0,0,19,498,45,453,42,0,42,126,5,87,6,28,
3172041002,DKI JAKARTA,JAKARTA UTARA,CILINCING,SUKAPURA,463,14,14,2,433,0,0,0,0,0,6,0,0,6,789,41,748,79,0,79,271,9,218,4,40,
3171031007,DKI JAKARTA,JAKARTA PUSAT,KEMAYORAN,SUMUR BATU,295,11,17,1,266,1,0,0,0,1,5,0,0,5,402,54,348,22,0,22,166,5,104,2,55,
3172021004,DKI JAKARTA,JAKARTA UTARA,TANJUNG PRIOK,SUNGAI BAMBU,233,5,20,0,208,0,0,0,0,0,6,0,0,6,489,50,439,32,0,32,117,8,92,4,13,
3172021006,DKI JAKARTA,JAKARTA UTARA,TANJUNG PRIOK,SUNTER AGUNG,732,8,53,1,670,2,0,0,0,2,19,0,1,18,1566,78,1488,65,0,65,416,9,359,14,34,
3172021002,DKI JAKARTA,JAKARTA UTARA,TANJUNG PRIOK,SUNTER JAYA,643,14,57,6,566,0,0,0,0,0,9,0,1,8,1234,98,1136,153,0,153,377,7,315,17,38,
3175091004,DKI JAKARTA,JAKARTA TIMUR,CIRACAS,SUSUKAN,321,6,40,1,274,0,0,0,0,0,16,0,0,16,999,46,953,69,0,69,96,1,71,3,21,
3173031001,DKI JAKARTA,JAKARTA BARAT,TAMAN SARI,TAMAN SARI,226,8,30,0,188,2,0,0,0,2,0,0,0,0,300,43,257,12,0,12,127,4,88,4,31,
3173041001,DKI JAKARTA,JAKARTA BARAT,TAMBORA,TAMBORA,159,1,17,3,138,0,0,0,0,0,1,0,0,1,257,9,248,2,0,2,54,2,42,3,7,
3173041004,DKI JAKARTA,JAKARTA BARAT,TAMBORA,TANAH SEREAL,242,2,12,2,226,1,0,0,0,1,4,0,0,4,219,11,208,3,0,3,125,6,106,6,7,
3171081004,DKI JAKARTA,JAKARTA PUSAT,JOHAR BARU,TANAH TINGGI,365,9,12,3,341,1,0,0,0,1,2,0,0,2,738,21,717,31,0,31,332,3,243,17,69,
3173031004,DKI JAKARTA,JAKARTA BARAT,TAMAN SARI,TANGKI,198,0,21,1,176,1,0,0,0,1,3,0,0,3,239,6,233,2,0,2,79,1,60,1,17,
3174091005,DKI JAKARTA,JAKARTA SELATAN,JAGAKARSA,TANJUNG BARAT,431,7,26,1,397,1,0,0,0,1,2,0,0,2,372,37,335,11,0,11,155,9,117,4,25,
3173021005,DKI JAKARTA,JAKARTA BARAT,GROGOL PETAMBURAN,TANJUNG DUREN SELATAN,307,1,28,1,277,0,0,0,0,0,19,0,0,19,497,28,469,19,0,19,199,14,149,7,29,
3173021002,DKI JAKARTA,JAKARTA BARAT,GROGOL PETAMBURAN,TANJUNG DUREN UTARA,221,1,16,0,204,1,0,0,0,1,20,0,0,20,392,24,368,18,0,18,78,4,59,4,11,
3172021001,DKI JAKARTA,JAKARTA UTARA,TANJUNG PRIOK,TANJUNG PRIOK,380,15,39,6,320,0,0,0,0,0,10,0,0,10,598,47,551,62,0,62,265,9,215,8,33,
3174011002,DKI JAKARTA,JAKARTA SELATAN,TEBET,TEBET BARAT,342,0,25,0,317,1,0,0,0,1,8,0,0,8,506,30,476,22,0,22,237,3,201,4,29,
3174011001,DKI JAKARTA,JAKARTA SELATAN,TEBET,TEBET TIMUR,274,4,41,2,227,0,0,0,0,0,6,0,0,6,426,51,375,28,0,28,113,9,64,3,37,
3173061003,DKI JAKARTA,JAKARTA BARAT,KALI DERES,TEGAL ALUR,509,3,29,6,471,0,0,0,0,0,7,0,4,3,968,112,856,9,0,9,129,2,102,3,22,
3174031004,DKI JAKARTA,JAKARTA SELATAN,MAMPANG PRAPATAN,TEGAL PARANG,242,0,16,3,223,5,0,0,1,4,4,0,1,3,756,75,681,10,0,10,201,5,157,4,35,
3173021003,DKI JAKARTA,JAKARTA BARAT,GROGOL PETAMBURAN,TOMANG,328,0,18,2,308,0,0,0,0,0,14,0,0,14,559,43,516,74,0,74,186,7,159,3,17,
3172031005,DKI JAKARTA,JAKARTA UTARA,KOJA,TUGU SELATAN,316,6,21,1,288,0,0,0,0,0,2,0,1,1,367,24,343,63,0,63,154,6,131,5,12,
3172031002,DKI JAKARTA,JAKARTA UTARA,KOJA,TUGU UTARA,690,13,38,0,639,3,0,0,0,3,7,0,0,7,694,42,652,78,0,78,282,3,226,6,47,
3175061006,DKI JAKARTA,JAKARTA TIMUR,CAKUNG,UJUNG MENTENG,114,2,11,2,99,1,0,0,0,1,0,0,0,0,339,46,293,18,0,18,83,5,59,3,16,
3174101005,DKI JAKARTA,JAKARTA SELATAN,PESANGGRAHAN,ULUJAMI,445,2,12,2,429,0,0,0,0,0,0,0,0,0,964,69,895,26,0,26,156,3,122,5,26,
3175011006,DKI JAKARTA,JAKARTA TIMUR,MATRAMAN,UTAN KAYU SELATAN,380,7,16,8,349,2,0,0,0,2,2,0,0,2,641,20,621,82,0,82,190,8,149,6,27,
3175011002,DKI JAKARTA,JAKARTA TIMUR,MATRAMAN,UTAN KAYU UTARA,301,5,21,0,275,2,0,0,0,2,2,0,0,2,507,46,461,42,0,42,144,8,114,5,17,
3171031008,DKI JAKARTA,JAKARTA PUSAT,KEMAYORAN,UTAN PANJANG,296,2,19,2,273,0,0,0,0,0,2,0,0,2,333,34,299,21,0,21,164,4,112,8,40,
3172021007,DKI JAKARTA,JAKARTA UTARA,TANJUNG PRIOK,WARAKAS,339,7,45,2,285,0,0,0,0,0,10,0,1,9,706,67,639,48,0,48,197,5,165,4,23,
3173021007,DKI JAKARTA,JAKARTA BARAT,GROGOL PETAMBURAN,WIJAYA KUSUMA,283,0,16,2,265,0,0,0,0,0,7,0,0,7,625,26,599,22,0,22,145,2,108,5,30,
