id_kel,nama_provinsi,nama_kota,nama_kecamatan,nama_kelurahan,suspek,perawatan_rs,isolasi_di_rumah,suspek_meninggal,selesai_isolasi,probable,perawatan_rs,isolasi_di_rumah,probable_meninggal,selesai_isolasi,pelaku_perjalanan,perawatan_rs,isolasi_di_rumah,selesai_isolasi,kontak_erat,isolasi_di_rumah,selesai_isolasi,discarded,meninggal,selesai_isolasi,positif,dirawat,sembuh,meninggal,self_isolation,keterangan
3172051003,DKI JAKARTA,JAKARTA UTARA,PADEMANGAN,ANCOL,362,0,18,0,344,4,0,0,0,4,9,0,0,9,512,31,481,7,0,7,187,3,157,2,25,
3173041007,DKI JAKARTA,JAKARTA BARAT,TAMBORA,ANGKE,331,3,12,2,314,1,0,0,1,0,0,0,0,0,425,15,410,25,0,25,116,4,103,2,7,
3175041005,DKI JAKARTA,JAKARTA TIMUR,KRAMAT JATI,BALE KAMBANG,202,7,9,1,185,1,0,0,0,1,5,0,0,5,399,33,366,23,0,23,102,6,83,2,11,
3175031003,DKI JAKARTA,JAKARTA TIMUR,JATINEGARA,BALI MESTER,82,0,2,1,79,0,0,0,0,0,0,0,0,0,86,8,78,4,0,4,24,0,18,1,5,
3175101006,DKI JAKARTA,JAKARTA TIMUR,CIPAYUNG,BAMBU APUS,250,8,28,1,213,0,0,0,0,0,3,0,0,3,405,75,330,17,0,17,99,7,77,1,14,
3174031002,DKI JAKARTA,JAKARTA SELATAN,MAMPANG PRAPATAN,BANGKA,177,2,20,2,153,4,0,0,1,3,18,0,0,18,526,30,496,8,0,8,114,4,91,2,17,
3175051002,DKI JAKARTA,JAKARTA TIMUR,PASAR REBO,BARU,223,6,14,1,202,0,0,0,0,0,4,0,0,4,311,29,282,15,0,15,88,6,67,0,15,
3175041004,DKI JAKARTA,JAKARTA TIMUR,KRAMAT JATI,BATU AMPAR,333,6,20,1,306,2,0,0,0,2,2,0,0,2,701,69,632,25,0,25,135,6,100,3,26,
3171071002,DKI JAKARTA,JAKARTA PUSAT,TANAH ABANG,BENDUNGAN HILIR,327,5,9,0,313,0,0,0,0,0,4,0,1,3,403,33,370,9,0,9,154,12,82,2,58,
3175031002,DKI JAKARTA,JAKARTA TIMUR,JATINEGARA,BIDARA CINA,241,4,16,3,218,0,0,0,0,0,1,0,0,1,295,28,267,30,0,30,194,0,144,9,41,
3174101002,DKI JAKARTA,JAKARTA SELATAN,PESANGGRAHAN,BINTARO,542,5,19,2,516,4,0,0,0,4,9,0,0,9,1127,70,1057,22,0,22,187,4,144,6,33,
3174011005,DKI JAKARTA,JAKARTA SELATAN,TEBET,BUKIT DURI,262,2,36,3,221,1,0,0,0,1,13,0,0,13,422,35,387,13,0,13,118,3,78,7,30,
3171041006,DKI JAKARTA,JAKARTA PUSAT,SENEN,BUNGUR,179,5,4,2,168,1,0,0,0,1,13,0,0,13,441,16,425,10,0,10,135,2,103,2,28,
3175061007,DKI JAKARTA,JAKARTA TIMUR,CAKUNG,CAKUNG BARAT,212,3,23,1,185,0,0,0,0,0,0,0,0,0,527,41,486,39,0,39,159,2,115,3,39,
3175061004,DKI JAKARTA,JAKARTA TIMUR,CAKUNG,CAKUNG TIMUR,266,11,33,2,220,2,0,0,1,1,5,0,2,3,576,67,509,32,0,32,167,5,119,2,41,
3175041007,DKI JAKARTA,JAKARTA TIMUR,KRAMAT JATI,CAWANG,218,4,17,0,197,1,0,0,0,1,4,0,0,4,496,46,450,14,0,14,139,5,110,3,21,
3175101008,DKI JAKARTA,JAKARTA TIMUR,CIPAYUNG,CEGER,162,4,23,0,135,0,0,0,0,0,0,0,0,0,230,53,177,8,0,8,63,6,36,0,21,
3171031006,DKI JAKARTA,JAKARTA PUSAT,KEMAYORAN,CEMPAKA BARU,450,5,25,2,418,1,0,0,0,1,7,0,0,7,590,68,522,31,0,31,250,9,215,12,14,
3171051002,DKI JAKARTA,JAKARTA PUSAT,CEMPAKA PUTIH,CEMPAKA PUTIH BARAT,705,8,21,2,674,2,0,0,0,2,12,0,0,12,1533,103,1430,47,0,47,515,4,414,10,87,
3171051001,DKI JAKARTA,JAKARTA PUSAT,CEMPAKA PUTIH,CEMPAKA PUTIH TIMUR,474,7,9,1,457,0,0,0,0,0,10,0,1,9,1106,66,1040,53,0,53,278,3,236,4,35,
3173011001,DKI JAKARTA,JAKARTA BARAT,CENGKARENG,CENGKARENG BARAT,405,4,29,1,371,0,0,0,0,0,5,0,0,5,975,109,866,11,0,11,241,5,180,4,52,
3173011006,DKI JAKARTA,JAKARTA BARAT,CENGKARENG,CENGKARENG TIMUR,586,8,50,7,521,1,0,0,0,1,4,0,1,3,1289,157,1132,14,0,14,399,7,299,12,81,
3175091002,DKI JAKARTA,JAKARTA TIMUR,CIRACAS,CIBUBUR,601,13,59,4,525,1,0,0,0,1,30,0,0,30,1553,55,1498,83,0,83,196,3,159,6,28,
3171011002,DKI JAKARTA,JAKARTA PUSAT,GAMBIR,CIDENG,216,0,9,2,205,0,0,0,0,0,8,0,0,8,427,23,404,13,0,13,150,6,125,5,14,
3174091003,DKI JAKARTA,JAKARTA SELATAN,JAGAKARSA,CIGANJUR,511,10,16,1,484,2,0,0,0,2,12,0,1,11,423,41,382,10,0,10,120,7,81,4,28,
3175051003,DKI JAKARTA,JAKARTA TIMUR,PASAR REBO,CIJANTUNG,487,7,49,3,428,0,0,0,0,0,2,0,1,1,416,28,388,8,0,8,167,3,122,7,35,
3171061003,DKI JAKARTA,JAKARTA PUSAT,MENTENG,CIKINI,105,1,6,0,98,0,0,0,0,0,0,0,0,0,167,12,155,11,0,11,41,0,26,2,13,
3174081006,DKI JAKARTA,JAKARTA SELATAN,PANCORAN,CIKOKO,146,0,2,0,144,1,0,0,0,1,10,0,0,10,230,15,215,0,0,0,47,0,44,1,2,
3174061001,DKI JAKARTA,JAKARTA SELATAN,CILANDAK,CILANDAK BARAT,621,3,46,5,567,1,0,0,0,1,96,0,1,95,986,102,884,36,0,36,215,10,141,7,57,
3174041003,DKI JAKARTA,JAKARTA SELATAN,PASAR MINGGU,CILANDAK TIMUR,327,7,61,1,258,4,1,0,0,3,17,0,0,17,314,26,288,86,0,86,201,2,164,7,28,
3175101002,DKI JAKARTA,JAKARTA TIMUR,CIPAYUNG,CILANGKAP,231,5,11,1,214,1,1,0,0,0,2,0,0,2,402,72,330,18,0,18,105,7,82,0,16,
3175041006,DKI JAKARTA,JAKARTA TIMUR,KRAMAT JATI,CILILITAN,222,2,19,1,200,0,0,0,0,0,5,0,0,5,588,56,532,42,0,42,164,6,126,3,29,
3172041001,DKI JAKARTA,JAKARTA UTARA,CILINCING,CILINCING,409,8,30,1,370,0,0,0,0,0,6,0,0,6,1022,31,991,75,0,75,298,4,261,5,28,
3175101001,DKI JAKARTA,JAKARTA TIMUR,CIPAYUNG,CIPAYUNG,337,7,25,2,303,3,0,0,1,2,5,0,1,4,409,78,331,21,0,21,140,3,114,2,21,
3174091006,DKI JAKARTA,JAKARTA SELATAN,JAGAKARSA,CIPEDAK,438,6,27,0,405,2,0,0,0,2,1,0,1,0,344,49,295,6,0,6,104,3,74,2,25,
3174061005,DKI JAKARTA,JAKARTA SELATAN,CILANDAK,CIPETE SELATAN,188,0,8,1,179,2,0,0,0,2,45,0,1,44,327,51,276,6,0,6,65,1,33,6,25,
3174071010,DKI JAKARTA,JAKARTA SELATAN,KEBAYORAN BARU,CIPETE UTARA,390,0,33,3,354,0,0,0,0,0,9,0,0,9,363,15,348,5,0,5,87,0,74,3,10,
3175021003,DKI JAKARTA,JAKARTA TIMUR,PULO GADUNG,CIPINANG,224,2,25,2,195,0,0,0,0,0,3,0,0,3,681,52,629,35,0,35,221,14,170,6,31,
3175031007,DKI JAKARTA,JAKARTA TIMUR,JATINEGARA,CIPINANG BESAR SELATAN,178,2,5,2,169,2,0,0,0,2,1,0,0,1,319,28,291,14,0,14,111,2,81,2,26,
3175031008,DKI JAKARTA,JAKARTA TIMUR,JATINEGARA,CIPINANG BESAR UTARA,287,14,20,0,253,1,0,0,0,1,3,0,0,3,460,33,427,16,0,16,201,3,154,4,40,
3175031005,DKI JAKARTA,JAKARTA TIMUR,JATINEGARA,CIPINANG CEMPEDAK,190,3,11,2,174,0,0,0,0,0,2,0,0,2,308,43,265,12,0,12,106,7,59,2,38,
3175081005,DKI JAKARTA,JAKARTA TIMUR,MAKASAR,CIPINANG MELAYU,254,9,14,2,229,1,0,0,0,1,3,0,0,3,560,50,510,17,0,17,182,9,129,5,39,
3175031006,DKI JAKARTA,JAKARTA TIMUR,JATINEGARA,CIPINANG MUARA,286,12,20,1,253,4,0,0,0,4,6,0,0,6,601,65,536,24,0,24,207,2,143,3,59,
3174051003,DKI JAKARTA,JAKARTA SELATAN,KEBAYORAN LAMA,CIPULIR,215,0,10,4,201,4,0,0,0,4,6,0,0,6,446,15,431,7,0,7,137,1,116,4,16,
3175091001,DKI JAKARTA,JAKARTA TIMUR,CIRACAS,CIRACAS,597,8,76,9,504,3,0,0,0,3,22,0,0,22,1249,57,1192,44,0,44,281,14,205,10,52,
3175041003,DKI JAKARTA,JAKARTA TIMUR,KRAMAT JATI,DUKUH,180,1,10,1,168,0,0,0,0,0,1,0,0,1,457,83,374,13,0,13,93,3,72,1,17,
3175071001,DKI JAKARTA,JAKARTA TIMUR,DUREN SAWIT,DUREN SAWIT,697,9,24,3,661,14,0,0,0,14,2,0,0,2,787,69,718,25,0,25,393,11,317,11,54,
3174081004,DKI JAKARTA,JAKARTA SELATAN,PANCORAN,DUREN TIGA,299,1,30,0,268,2,0,0,0,2,4,0,1,3,458,34,424,2,0,2,105,9,73,0,23,
3173051005,DKI JAKARTA,JAKARTA BARAT,KEBON JERUK,DURI KEPA,365,6,41,2,316,3,0,0,0,3,12,0,0,12,961,88,873,67,0,67,270,10,207,9,44,
3173011002,DKI JAKARTA,JAKARTA BARAT,CENGKARENG,DURI KOSAMBI,398,10,41,3,344,0,0,0,0,0,4,0,0,4,774,86,688,10,0,10,215,5,154,4,52,
3171011006,DKI JAKARTA,JAKARTA PUSAT,GAMBIR,DURI PULO,137,3,8,3,123,0,0,0,0,0,0,0,0,0,289,15,274,7,0,7,131,7,89,4,31,
3173041011,DKI JAKARTA,JAKARTA BARAT,TAMBORA,DURI SELATAN,108,2,8,1,97,0,0,0,0,0,2,0,0,2,120,9,111,4,0,4,55,1,47,3,4,
3173041003,DKI JAKARTA,JAKARTA BARAT,TAMBORA,DURI UTARA,148,1,12,2,133,1,0,0,0,1,2,0,0,2,177,7,170,2,0,2,95,2,72,4,17,
3171081003,DKI JAKARTA,JAKARTA PUSAT,JOHAR BARU,GALUR,166,1,9,0,156,2,1,0,0,1,3,0,1,2,380,27,353,45,0,45,192,1,139,9,43,
3171011001,DKI JAKARTA,JAKARTA PUSAT,GAMBIR,GAMBIR,67,0,1,0,66,1,0,0,0,1,17,0,0,17,259,8,251,6,0,6,150,0,116,0,34,
3174061004,DKI JAKARTA,JAKARTA SELATAN,CILANDAK,GANDARIA SELATAN,149,2,7,0,140,2,0,0,0,2,20,0,0,20,520,36,484,2,0,2,92,0,73,3,16,
3174071009,DKI JAKARTA,JAKARTA SELATAN,KEBAYORAN BARU,GANDARIA UTARA,370,5,24,2,339,0,0,0,0,0,3,0,0,3,469,16,453,5,0,5,121,3,89,3,26,
3175051001,DKI JAKARTA,JAKARTA TIMUR,PASAR REBO,GEDONG,569,6,44,0,519,0,0,0,0,0,4,0,0,4,280,27,253,24,0,24,148,8,113,2,25,
3171071001,DKI JAKARTA,JAKARTA PUSAT,TANAH ABANG,GELORA,49,0,1,1,47,0,0,0,0,0,5,0,0,5,106,29,77,0,0,0,101,0,78,2,21,
3173031007,DKI JAKARTA,JAKARTA BARAT,TAMAN SARI,GLODOK,83,0,6,0,77,0,0,0,0,0,1,0,0,1,130,13,117,0,0,0,19,0,14,1,4,
3171061004,DKI JAKARTA,JAKARTA PUSAT,MENTENG,GONDANGDIA,49,1,4,1,43,0,0,0,0,0,6,0,0,6,104,2,102,7,0,7,48,4,37,3,4,
3173021001,DKI JAKARTA,JAKARTA BARAT,GROGOL PETAMBURAN,GROGOL,326,11,33,4,278,1,0,0,0,1,39,0,0,39,667,68,599,32,0,32,147,6,100,1,40,
3174051005,DKI JAKARTA,JAKARTA SELATAN,KEBAYORAN LAMA,GROGOL SELATAN,247,7,6,5,229,0,0,0,0,0,12,0,0,12,502,32,470,9,0,9,150,8,110,6,26,
3174051004,DKI JAKARTA,JAKARTA SELATAN,KEBAYORAN LAMA,GROGOL UTARA,276,1,9,4,262,0,0,0,0,0,24,0,0,24,500,28,472,15,0,15,199,10,161,7,21,
3174021007,DKI JAKARTA,JAKARTA SELATAN,SETIA BUDI,GUNTUR,45,0,1,0,44,0,0,0,0,0,1,0,0,1,147,25,122,1,0,1,24,2,21,0,1,
3174071002,DKI JAKARTA,JAKARTA SELATAN,KEBAYORAN BARU,GUNUNG,198,0,30,3,165,0,0,0,0,0,7,0,0,7,286,17,269,0,0,0,59,3,47,2,7,
3171031005,DKI JAKARTA,JAKARTA PUSAT,KEMAYORAN,GUNUNG SAHARI SELATAN,226,3,14,1,208,0,0,0,0,0,2,0,0,2,335,43,292,1,0,1,113,2,76,4,31,
3171021004,DKI JAKARTA,JAKARTA PUSAT,SAWAH BESAR,GUNUNG SAHARI UTARA,199,5,9,1,184,0,0,0,0,0,5,0,0,5,416,29,387,8,0,8,139,5,85,9,40,
3175081004,DKI JAKARTA,JAKARTA TIMUR,MAKASAR,HALIM PERDANA KUSUMAH,164,1,12,2,149,0,0,0,0,0,5,0,0,5,409,57,352,9,0,9,258,9,173,4,72,
3171031003,DKI JAKARTA,JAKARTA PUSAT,KEMAYORAN,HARAPAN MULIA,270,4,16,3,247,0,0,0,0,0,6,0,0,6,388,43,345,28,0,28,177,6,156,7,8,
3174091001,DKI JAKARTA,JAKARTA SELATAN,JAGAKARSA,JAGAKARSA,700,11,43,2,644,7,2,0,0,5,8,0,1,7,744,68,676,17,0,17,258,2,210,4,42,
3175021007,DKI JAKARTA,JAKARTA TIMUR,PULO GADUNG,JATI,281,3,19,1,258,0,0,0,0,0,7,0,0,7,727,48,679,30,0,30,194,5,159,1,29,
3174041002,DKI JAKARTA,JAKARTA SELATAN,PASAR MINGGU,JATI PADANG,337,3,50,2,282,0,0,0,0,0,3,0,0,3,468,31,437,67,0,67,112,3,78,5,26,
3173071004,DKI JAKARTA,JAKARTA BARAT,PALMERAH,JATI PULO,389,4,43,4,338,1,0,0,0,1,3,0,0,3,609,55,554,61,0,61,210,4,179,3,24,
3175061001,DKI JAKARTA,JAKARTA TIMUR,CAKUNG,JATINEGARA,395,7,64,3,321,1,0,0,0,1,3,0,0,3,982,132,850,42,0,42,294,6,217,6,65,
3175021004,DKI JAKARTA,JAKARTA TIMUR,PULO GADUNG,JATINEGARA KAUM,94,4,18,0,72,1,0,0,1,0,3,0,0,3,250,32,218,10,0,10,54,6,34,2,12,
3173021004,DKI JAKARTA,JAKARTA BARAT,GROGOL PETAMBURAN,JELAMBAR,306,2,24,5,275,2,0,0,0,2,24,0,0,24,597,35,562,11,0,11,140,4,107,5,24,
3173021006,DKI JAKARTA,JAKARTA BARAT,GROGOL PETAMBURAN,JELAMBAR BARU,290,0,12,2,276,2,0,0,0,2,4,0,0,4,478,15,463,18,0,18,100,4,71,4,21,
3173041006,DKI JAKARTA,JAKARTA BARAT,TAMBORA,JEMBATAN BESI,481,2,29,1,449,0,0,0,0,0,4,0,0,4,428,13,415,7,0,7,185,10,157,7,11,
3173041008,DKI JAKARTA,JAKARTA BARAT,TAMBORA,JEMBATAN LIMA,150,1,16,0,133,0,0,0,0,0,1,0,0,1,172,6,166,1,0,1,74,4,50,4,16,
3173081005,DKI JAKARTA,JAKARTA BARAT,KEMBANGAN,JOGLO,258,1,45,4,208,0,0,0,0,0,4,0,0,4,507,118,389,13,0,13,153,7,94,2,50,
3171081001,DKI JAKARTA,JAKARTA PUSAT,JOHAR BARU,JOHAR BARU,512,6,24,3,479,2,1,0,0,1,5,0,0,5,1396,69,1327,95,0,95,387,7,318,14,48,
3173041002,DKI JAKARTA,JAKARTA BARAT,TAMBORA,KALI ANYAR,310,5,28,0,277,1,0,0,0,1,3,0,0,3,321,17,304,10,0,10,146,2,127,4,13,
3172041004,DKI JAKARTA,JAKARTA UTARA,CILINCING,KALI BARU,353,15,26,5,307,0,0,0,0,0,4,0,0,4,583,27,556,36,0,36,254,7,206,7,34,
3174081002,DKI JAKARTA,JAKARTA SELATAN,PANCORAN,KALIBATA,401,4,24,4,369,7,1,0,0,6,11,0,0,11,643,59,584,12,0,12,222,5,194,4,19,
3173061001,DKI JAKARTA,JAKARTA BARAT,KALI DERES,KALIDERES,798,13,61,4,720,1,0,0,0,1,5,0,0,5,1786,119,1667,29,0,29,260,25,184,5,46,
3175051004,DKI JAKARTA,JAKARTA TIMUR,PASAR REBO,KALISARI,696,9,64,0,623,0,0,0,0,0,3,0,0,3,370,46,324,10,0,10,147,4,109,3,31,
3173061004,DKI JAKARTA,JAKARTA BARAT,KALI DERES,KAMAL,263,2,3,3,255,0,0,0,0,0,1,0,0,1,465,29,436,4,0,4,43,2,27,5,9,
3172011002,DKI JAKARTA,JAKARTA UTARA,PENJARINGAN,KAMAL MUARA,69,1,10,0,58,0,0,0,0,0,4,0,0,4,135,18,117,1,0,1,62,1,56,2,3,
3171071007,DKI JAKARTA,JAKARTA PUSAT,TANAH ABANG,KAMPUNG BALI,124,3,5,2,114,1,0,0,0,1,2,0,0,2,165,12,153,2,0,2,49,1,39,3,6,
3175031001,DKI JAKARTA,JAKARTA TIMUR,JATINEGARA,KAMPUNG MELAYU,165,3,6,5,151,2,0,0,0,2,5,0,1,4,180,12,168,4,0,4,147,3,117,3,24,
3171081002,DKI JAKARTA,JAKARTA PUSAT,JOHAR BARU,KAMPUNG RAWA,250,3,4,0,243,1,0,0,0,1,0,0,0,0,572,42,530,63,0,63,229,13,171,13,32,
3175041002,DKI JAKARTA,JAKARTA TIMUR,KRAMAT JATI,KAMPUNG TENGAH,416,6,22,1,387,1,0,0,0,1,9,0,1,8,919,66,853,49,0,49,216,6,188,10,12,
3173011005,DKI JAKARTA,JAKARTA BARAT,CENGKARENG,KAPUK,522,5,44,16,457,1,0,0,0,1,10,0,0,10,1132,102,1030,13,0,13,321,14,229,10,68,
3172011003,DKI JAKARTA,JAKARTA UTARA,PENJARINGAN,KAPUK MUARA,151,1,17,0,133,0,0,0,0,0,9,0,0,9,392,46,346,20,0,20,101,7,82,7,5,
3171021002,DKI JAKARTA,JAKARTA PUSAT,SAWAH BESAR,KARANG ANYAR,365,3,9,5,348,1,0,0,0,1,4,0,0,4,719,53,666,8,0,8,145,1,124,5,15,
3174021004,DKI JAKARTA,JAKARTA SELATAN,SETIA BUDI,KARET,101,2,2,0,97,0,0,0,0,0,10,0,0,10,308,22,286,4,0,4,83,1,47,0,35,
3174021003,DKI JAKARTA,JAKARTA SELATAN,SETIA BUDI,KARET KUNINGAN,167,4,8,1,154,0,0,0,0,0,21,0,0,21,285,17,268,4,0,4,78,6,53,2,17,
3174021002,DKI JAKARTA,JAKARTA SELATAN,SETIA BUDI,KARET SEMANGGI,49,4,1,1,43,0,0,0,0,0,3,0,0,3,71,2,69,0,0,0,21,5,10,2,4,
3171071003,DKI JAKARTA,JAKARTA PUSAT,TANAH ABANG,KARET TENGSIN,198,5,6,0,187,0,0,0,0,0,7,0,0,7,254,29,225,0,0,0,101,3,89,1,8,
3171021003,DKI JAKARTA,JAKARTA PUSAT,SAWAH BESAR,KARTINI,261,1,11,1,248,1,0,0,0,1,0,0,0,0,518,37,481,16,0,16,172,0,149,4,19,
3175011003,DKI JAKARTA,JAKARTA TIMUR,MATRAMAN,KAYU MANIS,265,1,28,0,236,3,1,0,0,2,0,0,0,0,554,41,513,27,0,27,134,4,103,4,23,
3175021006,DKI JAKARTA,JAKARTA TIMUR,PULO GADUNG,KAYU PUTIH,354,3,16,4,331,1,0,0,1,0,11,0,0,11,883,62,821,38,0,38,220,4,186,6,24,
3173031006,DKI JAKARTA,JAKARTA BARAT,TAMAN SARI,KEAGUNGAN,241,1,16,0,224,0,0,0,0,0,2,0,0,2,428,70,358,9,0,9,134,1,105,1,27,
3174041007,DKI JAKARTA,JAKARTA SELATAN,PASAR MINGGU,KEBAGUSAN,426,7,46,1,372,2,0,0,0,2,2,0,0,2,575,23,552,39,0,39,125,2,94,0,29,
3174051006,DKI JAKARTA,JAKARTA SELATAN,KEBAYORAN LAMA,KEBAYORAN LAMA SELATAN,381,3,16,0,362,4,0,0,0,4,2,0,0,2,671,19,652,13,0,13,177,6,129,4,38,
3174051001,DKI JAKARTA,JAKARTA SELATAN,KEBAYORAN LAMA,KEBAYORAN LAMA UTARA,281,3,20,1,257,1,0,0,0,1,15,0,0,15,407,19,388,3,0,3,120,2,88,3,27,
3174011004,DKI JAKARTA,JAKARTA SELATAN,TEBET,KEBON BARU,263,2,38,2,221,0,0,0,0,0,15,0,0,15,508,47,461,17,0,17,125,2,96,1,26,
3172021005,DKI JAKARTA,JAKARTA UTARA,TANJUNG PRIOK,KEBON BAWANG,518,12,33,1,472,0,0,0,0,0,15,0,2,13,961,91,870,63,0,63,320,3,274,3,40,
3173051001,DKI JAKARTA,JAKARTA BARAT,KEBON JERUK,KEBON JERUK,467,8,38,6,415,2,0,0,0,2,13,0,0,13,1400,124,1276,57,0,57,432,19,234,13,166,
3171071006,DKI JAKARTA,JAKARTA PUSAT,TANAH ABANG,KEBON KACANG,387,0,4,1,382,1,0,0,0,1,0,0,0,0,363,9,354,5,0,5,249,7,217,11,14,
3171011005,DKI JAKARTA,JAKARTA PUSAT,GAMBIR,KEBON KELAPA,118,4,10,1,103,3,0,0,0,3,2,0,0,2,190,17,173,2,0,2,61,3,43,1,14,
3171031002,DKI JAKARTA,JAKARTA PUSAT,KEMAYORAN,KEBON KOSONG,294,5,16,5,268,0,0,0,0,0,8,0,1,7,343,29,314,30,0,30,182,3,143,7,29,
3175011005,DKI JAKARTA,JAKARTA TIMUR,MATRAMAN,KEBON MANGGIS,137,0,7,4,126,0,0,0,0,0,2,0,0,2,209,12,197,20,0,20,114,2,99,2,11,
3171071005,DKI JAKARTA,JAKARTA PUSAT,TANAH ABANG,KEBON MELATI,401,2,6,3,390,0,0,0,0,0,5,0,0,5,511,35,476,7,0,7,392,11,310,7,64,
3175081003,DKI JAKARTA,JAKARTA TIMUR,MAKASAR,KEBON PALA,212,8,29,1,174,1,1,0,0,0,4,0,0,4,766,74,692,15,0,15,218,11,162,3,42,
3171061005,DKI JAKARTA,JAKARTA PUSAT,MENTENG,KEBON SIRIH,131,0,7,2,122,0,0,0,0,0,2,0,0,2,261,8,253,14,0,14,117,1,110,2,4,
3173011004,DKI JAKARTA,JAKARTA BARAT,CENGKARENG,KEDAUNG KALI ANGKE,326,1,28,0,297,0,0,0,0,0,1,0,0,1,370,52,318,5,0,5,209,11,154,3,41,
3173051007,DKI JAKARTA,JAKARTA BARAT,KEBON JERUK,KEDOYA SELATAN,231,2,30,5,194,2,0,0,0,2,6,0,0,6,476,45,431,19,0,19,126,2,90,5,29,
3173051006,DKI JAKARTA,JAKARTA BARAT,KEBON JERUK,KEDOYA UTARA,231,5,36,2,188,1,0,0,0,1,15,0,0,15,639,68,571,19,0,19,178,15,110,4,49,
3173051004,DKI JAKARTA,JAKARTA BARAT,KEBON JERUK,KELAPA DUA,189,3,37,0,149,0,0,0,0,0,5,0,0,5,408,60,348,22,0,22,101,2,66,2,31,
3175091003,DKI JAKARTA,JAKARTA TIMUR,CIRACAS,KELAPA DUA WETAN,440,9,50,1,380,1,1,0,0,0,7,0,0,7,846,42,804,35,0,35,143,6,112,2,23,
3172061003,DKI JAKARTA,JAKARTA UTARA,KELAPA GADING,KELAPA GADING BARAT,700,25,37,3,635,2,0,0,0,2,46,0,0,46,1091,58,1033,87,0,87,298,6,251,5,36,
3172061001,DKI JAKARTA,JAKARTA UTARA,KELAPA GADING,KELAPA GADING TIMUR,576,24,31,2,519,1,0,0,0,1,21,0,1,20,1074,73,1001,58,0,58,176,5,132,8,31,
3173071005,DKI JAKARTA,JAKARTA BARAT,PALMERAH,KEMANGGISAN,451,6,40,6,399,0,0,0,0,0,8,0,0,8,723,82,641,49,0,49,211,7,161,5,38,
3171031001,DKI JAKARTA,JAKARTA PUSAT,KEMAYORAN,KEMAYORAN,300,5,11,3,281,0,0,0,0,0,1,0,1,0,452,35,417,20,0,20,238,4,183,10,41,
3173081006,DKI JAKARTA,JAKARTA BARAT,KEMBANGAN,KEMBANGAN SELATAN,173,4,17,1,151,0,0,0,0,0,5,0,0,5,442,40,402,52,0,52,126,4,101,3,18,
3173081001,DKI JAKARTA,JAKARTA BARAT,KEMBANGAN,KEMBANGAN UTARA,403,12,43,3,345,4,1,0,1,2,3,0,0,3,1213,86,1127,10,0,10,190,5,146,5,34,
3171041002,DKI JAKARTA,JAKARTA PUSAT,SENEN,KENARI,173,3,16,1,153,1,0,0,0,1,3,0,2,1,392,20,372,44,0,44,152,0,144,2,6,
3173041005,DKI JAKARTA,JAKARTA BARAT,TAMBORA,KERENDANG,207,1,11,2,193,1,0,0,0,1,0,0,0,0,164,5,159,3,0,3,104,4,85,7,8,
3175071003,DKI JAKARTA,JAKARTA TIMUR,DUREN SAWIT,KLENDER,512,5,20,2,485,2,0,0,0,2,4,0,1,3,721,62,659,25,0,25,266,5,218,9,34,
3172031001,DKI JAKARTA,JAKARTA UTARA,KOJA,KOJA,249,4,15,0,230,0,0,0,0,0,4,0,0,4,382,8,374,35,0,35,208,3,166,5,34,
3173071006,DKI JAKARTA,JAKARTA BARAT,PALMERAH,KOTA BAMBU SELATAN,382,2,31,5,344,0,0,0,0,0,1,0,0,1,725,24,701,71,0,71,198,3,176,5,14,
3173071003,DKI JAKARTA,JAKARTA BARAT,PALMERAH,KOTA BAMBU UTARA,317,3,19,11,284,0,0,0,0,0,3,0,0,3,484,44,440,54,0,54,194,5,157,6,26,
3171041004,DKI JAKARTA,JAKARTA PUSAT,SENEN,KRAMAT,325,2,9,6,308,0,0,0,0,0,7,0,1,6,773,26,747,33,0,33,219,4,199,10,6,
3175041001,DKI JAKARTA,JAKARTA TIMUR,KRAMAT JATI,KRAMAT JATI,291,10,31,1,249,0,0,0,0,0,9,0,0,9,613,90,523,21,0,21,198,8,139,6,45,
3174071003,DKI JAKARTA,JAKARTA SELATAN,KEBAYORAN BARU,KRAMAT PELA,140,0,37,0,103,0,0,0,0,0,0,0,0,0,447,25,422,6,0,6,100,1,91,0,8,
3173031002,DKI JAKARTA,JAKARTA BARAT,TAMAN SARI,KRUKUT,204,2,31,6,165,1,1,0,0,0,3,0,0,3,331,41,290,12,0,12,131,4,81,4,42,
3174031005,DKI JAKARTA,JAKARTA SELATAN,MAMPANG PRAPATAN,KUNINGAN BARAT,88,1,1,1,85,0,0,0,0,0,0,0,0,0,395,67,328,5,0,5,72,1,30,0,41,
3174021008,DKI JAKARTA,JAKARTA SELATAN,SETIA BUDI,KUNINGAN TIMUR,104,0,2,1,101,1,0,0,0,1,20,0,0,20,124,13,111,1,0,1,64,2,43,2,17,
3171041005,DKI JAKARTA,JAKARTA PUSAT,SENEN,KWITANG,196,5,2,0,189,2,0,0,0,2,6,0,1,5,379,18,361,9,0,9,99,2,85,4,8,
3172031003,DKI JAKARTA,JAKARTA UTARA,KOJA,LAGOA,484,11,18,1,454,0,0,0,0,0,5,0,0,5,555,37,518,57,0,57,498,7,415,9,67,
3174061002,DKI JAKARTA,JAKARTA SELATAN,CILANDAK,LEBAK BULUS,269,3,22,2,242,3,0,0,0,3,27,0,0,27,549,85,464,22,0,22,149,3,106,9,31,
3174091004,DKI JAKARTA,JAKARTA SELATAN,JAGAKARSA,LENTENG AGUNG,500,10,33,0,457,3,1,0,0,2,6,0,0,6,435,42,393,13,0,13,135,2,115,0,18,
LUAR DKI JAKARTA,LUAR DKI JAKARTA,LUAR DKI JAKARTA,LUAR DKI JAKARTA,LUAR DKI JAKARTA,24017,857,2189,98,20873,58,5,0,0,53,552,0,27,525,35290,6558,28732,1436,0,1436,7169,267,5801,118,983,
3175101007,DKI JAKARTA,JAKARTA TIMUR,CIPAYUNG,LUBANG BUAYA,490,12,46,3,429,1,0,0,0,1,7,0,2,5,575,66,509,28,0,28,204,11,148,2,43,
3175081001,DKI JAKARTA,JAKARTA TIMUR,MAKASAR,MAKASAR,200,11,18,1,170,0,0,0,0,0,8,0,0,8,889,94,795,22,0,22,186,8,124,0,54,
3175071006,DKI JAKARTA,JAKARTA TIMUR,DUREN SAWIT,MALAKA JAYA,267,4,5,2,256,1,0,0,0,1,2,0,0,2,444,29,415,12,0,12,160,2,120,1,37,
3175071005,DKI JAKARTA,JAKARTA TIMUR,DUREN SAWIT,MALAKA SARI,236,1,11,1,223,0,0,0,0,0,0,0,0,0,369,38,331,11,0,11,133,3,96,3,31,
3174031001,DKI JAKARTA,JAKARTA SELATAN,MAMPANG PRAPATAN,MAMPANG PRAPATAN,230,0,9,2,219,0,0,0,0,0,0,0,0,0,846,57,789,9,0,9,232,7,177,7,41,
3173031005,DKI JAKARTA,JAKARTA BARAT,TAMAN SARI,MANGGA BESAR,107,4,16,1,86,0,0,0,0,0,0,0,0,0,135,5,130,4,0,4,46,1,29,1,15,
3171021005,DKI JAKARTA,JAKARTA PUSAT,SAWAH BESAR,MANGGA DUA SELATAN,266,3,21,1,241,3,0,0,0,3,1,0,0,1,654,28,626,9,0,9,163,3,130,2,28,
3174011007,DKI JAKARTA,JAKARTA SELATAN,TEBET,MANGGARAI,305,2,42,0,261,4,0,0,0,4,4,0,0,4,420,46,374,21,0,21,138,4,99,1,34,
3174011006,DKI JAKARTA,JAKARTA SELATAN,TEBET,MANGGARAI SELATAN,176,6,21,2,147,0,0,0,0,0,6,0,0,6,392,25,367,20,0,20,79,1,63,2,13,
3173031003,DKI JAKARTA,JAKARTA BARAT,TAMAN SARI,MAPHAR,171,1,16,1,153,0,0,0,0,0,6,0,0,6,312,28,284,36,0,36,165,3,144,1,17,
3172041003,DKI JAKARTA,JAKARTA UTARA,CILINCING,MARUNDA,217,2,14,0,201,2,0,0,0,2,0,0,0,0,314,17,297,12,0,12,89,4,77,1,7,
3174071001,DKI JAKARTA,JAKARTA SELATAN,KEBAYORAN BARU,MELAWAI,46,1,2,0,43,0,0,0,0,0,1,0,0,1,53,2,51,0,0,0,12,0,11,0,1,
3171061001,DKI JAKARTA,JAKARTA PUSAT,MENTENG,MENTENG,315,5,27,2,281,2,0,0,0,2,1,0,0,1,607,42,565,25,0,25,216,4,164,8,40,
3174021005,DKI JAKARTA,JAKARTA SELATAN,SETIA BUDI,MENTENG ATAS,271,0,14,3,254,1,0,0,0,1,45,0,0,45,1024,60,964,36,0,36,167,4,133,2,28,
3174011003,DKI JAKARTA,JAKARTA SELATAN,TEBET,MENTENG DALAM,463,9,34,4,416,3,1,0,0,2,13,0,0,13,608,17,591,39,0,39,149,0,111,6,32,
3173081003,DKI JAKARTA,JAKARTA BARAT,KEMBANGAN,MERUYA SELATAN,249,5,25,1,218,0,0,0,0,0,2,0,0,2,559,129,430,15,0,15,122,5,99,3,15,
3173081002,DKI JAKARTA,JAKARTA BARAT,KEMBANGAN,MERUYA UTARA,369,8,63,6,292,1,0,0,1,0,7,0,0,7,735,115,620,10,0,10,161,10,109,2,40,
3175101004,DKI JAKARTA,JAKARTA TIMUR,CIPAYUNG,MUNJUL,191,2,15,0,174,0,0,0,0,0,2,0,0,2,244,42,202,23,0,23,65,5,52,1,7,
3172051002,DKI JAKARTA,JAKARTA UTARA,PADEMANGAN,PADEMANGAN BARAT,1601,7,94,5,1495,4,0,0,0,4,13,0,0,13,2229,91,2138,29,0,29,608,5,553,19,31,
3172051001,DKI JAKARTA,JAKARTA UTARA,PADEMANGAN,PADEMANGAN TIMUR,493,1,35,3,454,2,1,0,0,1,13,0,0,13,726,39,687,14,0,14,187,2,145,3,37,
3175011004,DKI JAKARTA,JAKARTA TIMUR,MATRAMAN,PAL MERIAM,190,5,6,2,177,2,0,0,0,2,2,0,0,2,498,21,477,58,0,58,152,1,131,6,14,
3173071001,DKI JAKARTA,JAKARTA BARAT,PALMERAH,PALMERAH,824,4,63,2,755,0,0,0,0,0,2,0,0,2,1412,111,1301,70,0,70,342,7,262,16,57,
3174081001,DKI JAKARTA,JAKARTA SELATAN,PANCORAN,PANCORAN,280,3,11,0,266,1,0,0,0,1,9,0,0,9,493,32,461,6,0,6,182,2,161,4,15,
3172021003,DKI JAKARTA,JAKARTA UTARA,TANJUNG PRIOK,PAPANGGO,322,5,25,0,292,1,0,0,0,1,5,0,0,5,671,41,630,52,0,52,198,6,170,2,20,
3171021001,DKI JAKARTA,JAKARTA PUSAT,SAWAH BESAR,PASAR BARU,181,4,8,2,167,1,0,0,0,1,4,0,0,4,392,41,351,6,0,6,138,5,95,1,37,
3174021006,DKI JAKARTA,JAKARTA SELATAN,SETIA BUDI,PASAR MANGGIS,191,9,8,3,171,2,0,0,0,2,27,0,1,26,732,45,687,15,0,15,146,2,112,8,24,
3174041001,DKI JAKARTA,JAKARTA SELATAN,PASAR MINGGU,PASAR MINGGU,311,4,26,1,280,2,0,0,0,2,5,0,0,5,424,19,405,20,0,20,174,3,115,3,53,
3171041003,DKI JAKARTA,JAKARTA PUSAT,SENEN,PASEBAN,407,7,18,1,381,1,0,0,0,1,9,0,1,8,691,57,634,60,0,60,216,4,171,7,34,
3173061005,DKI JAKARTA,JAKARTA BARAT,KALI DERES,PEGADUNGAN,561,12,33,7,509,0,0,0,0,0,10,0,0,10,1200,111,1089,17,0,17,178,4,134,4,36,
3171061002,DKI JAKARTA,JAKARTA PUSAT,MENTENG,PEGANGSAAN,307,3,22,2,280,1,0,0,0,1,0,0,0,0,770,50,720,50,0,50,291,1,263,4,23,
3172061002,DKI JAKARTA,JAKARTA UTARA,KELAPA GADING,PEGANGSAAN DUA,665,14,27,1,623,1,1,0,0,0,41,0,0,41,1424,104,1320,116,0,116,292,7,247,7,31,
3172011004,DKI JAKARTA,JAKARTA UTARA,PENJARINGAN,PEJAGALAN,350,4,36,2,308,2,0,0,0,2,7,0,0,7,737,53,684,28,0,28,188,7,136,4,41,
3174041006,DKI JAKARTA,JAKARTA SELATAN,PASAR MINGGU,PEJATEN BARAT,341,7,42,2,290,7,0,0,0,7,1,0,0,1,549,37,512,73,0,73,156,5,118,2,31,
3174041005,DKI JAKARTA,JAKARTA SELATAN,PASAR MINGGU,PEJATEN TIMUR,371,7,39,1,324,4,0,0,0,4,3,0,1,2,498,33,465,40,0,40,154,8,104,8,34,
3175051005,DKI JAKARTA,JAKARTA TIMUR,PASAR REBO,PEKAYON,639,3,62,1,573,0,0,0,0,0,3,0,0,3,255,27,228,11,0,11,128,12,81,2,33,
3173041009,DKI JAKARTA,JAKARTA BARAT,TAMBORA,PEKOJAN,245,0,31,2,212,0,0,0,0,0,2,0,0,2,207,15,192,17,0,17,97,3,72,3,19,
3174031003,DKI JAKARTA,JAKARTA SELATAN,MAMPANG PRAPATAN,PELA MAMPANG,268,1,12,2,253,4,0,0,0,4,14,0,0,14,1146,137,1009,6,0,6,202,6,155,5,36,
3174081005,DKI JAKARTA,JAKARTA SELATAN,PANCORAN,PENGADEGAN,154,0,2,2,150,0,0,0,0,0,8,0,0,8,334,24,310,10,0,10,76,1,67,0,8,
3175061003,DKI JAKARTA,JAKARTA TIMUR,CAKUNG,PENGGILINGAN,443,8,32,1,402,1,0,0,0,1,7,0,1,6,1228,151,1077,75,0,75,371,9,270,8,84,
3172011001,DKI JAKARTA,JAKARTA UTARA,PENJARINGAN,PENJARINGAN,782,13,136,4,629,1,0,0,0,1,22,0,0,22,2573,120,2453,119,0,119,451,10,338,14,89,
3174101001,DKI JAKARTA,JAKARTA SELATAN,PESANGGRAHAN,PESANGGRAHAN,350,5,21,4,320,2,0,0,1,1,0,0,0,0,673,101,572,19,0,19,116,1,83,3,29,
3171071004,DKI JAKARTA,JAKARTA PUSAT,TANAH ABANG,PETAMBURAN,492,1,15,7,469,0,0,0,0,0,7,0,0,7,471,39,432,7,0,7,360,4,307,11,38,
3174071008,DKI JAKARTA,JAKARTA SELATAN,KEBAYORAN BARU,PETOGOGAN,112,0,13,0,99,0,0,0,0,0,3,0,0,3,201,8,193,0,0,0,48,1,29,0,18,
3171011004,DKI JAKARTA,JAKARTA PUSAT,GAMBIR,PETOJO SELATAN,184,3,11,1,169,0,0,0,0,0,24,0,1,23,539,55,484,15,0,15,204,4,175,8,17,
3171011003,DKI JAKARTA,JAKARTA PUSAT,GAMBIR,PETOJO UTARA,153,2,10,3,138,1,0,0,0,1,11,0,0,11,298,23,275,25,0,25,106,4,82,3,17,
3174101004,DKI JAKARTA,JAKARTA SELATAN,PESANGGRAHAN,PETUKANGAN SELATAN,325,4,37,2,282,0,0,0,0,0,2,0,0,2,669,104,565,8,0,8,89,1,45,3,40,
3174101003,DKI JAKARTA,JAKARTA SELATAN,PESANGGRAHAN,PETUKANGAN UTARA,387,4,21,4,358,2,0,0,0,2,5,0,0,5,1348,113,1235,9,0,9,175,6,118,2,49,
3175081002,DKI JAKARTA,JAKARTA TIMUR,MAKASAR,PINANG RANTI,152,4,16,1,131,0,0,0,0,0,0,0,0,0,548,36,512,24,0,24,105,2,75,4,24,
3173031008,DKI JAKARTA,JAKARTA BARAT,TAMAN SARI,PINANGSIA,107,1,16,1,89,0,0,0,0,0,2,0,0,2,196,30,166,2,0,2,70,4,50,0,16,
3175011001,DKI JAKARTA,JAKARTA TIMUR,MATRAMAN,PISANGAN BARU,262,4,14,3,241,1,0,0,0,1,3,0,1,2,336,40,296,30,0,30,141,2,115,7,17,
3175021002,DKI JAKARTA,JAKARTA TIMUR,PULO GADUNG,PISANGAN TIMUR,262,4,16,4,238,1,0,0,0,1,10,0,0,10,528,44,484,26,0,26,148,4,106,5,33,
3172011005,DKI JAKARTA,JAKARTA UTARA,PENJARINGAN,PLUIT,277,8,60,4,205,0,0,0,0,0,12,0,0,12,987,64,923,15,0,15,159,4,130,8,17,
3175071002,DKI JAKARTA,JAKARTA TIMUR,DUREN SAWIT,PONDOK BAMBU,828,14,27,1,786,3,0,0,0,3,3,0,0,3,768,98,670,22,0,22,287,10,218,6,53,
3175071004,DKI JAKARTA,JAKARTA TIMUR,DUREN SAWIT,PONDOK KELAPA,530,9,21,0,500,0,0,0,0,0,11,0,0,11,869,76,793,17,0,17,259,3,199,10,47,
3175071007,DKI JAKARTA,JAKARTA TIMUR,DUREN SAWIT,PONDOK KOPI,331,4,23,1,303,0,0,0,0,0,1,0,0,1,313,21,292,12,0,12,169,6,125,7,31,
3174061003,DKI JAKARTA,JAKARTA SELATAN,CILANDAK,PONDOK LABU,323,10,34,1,278,6,0,0,0,6,73,0,0,73,810,86,724,37,0,37,119,8,73,1,37,
3174051002,DKI JAKARTA,JAKARTA SELATAN,KEBAYORAN LAMA,PONDOK PINANG,438,10,38,4,386,0,0,0,0,0,44,0,0,44,663,45,618,9,0,9,195,11,140,9,35,
3175101003,DKI JAKARTA,JAKARTA TIMUR,CIPAYUNG,PONDOK RANGGON,197,3,9,3,182,0,0,0,0,0,3,0,0,3,232,36,196,21,0,21,97,4,71,1,21,
PROSES UPDATE DATA,PROSES UPDATE DATA,PROSES UPDATE DATA,PROSES UPDATE DATA,PROSES UPDATE DATA,12269,175,273,1696,10125,2443,0,0,2441,2,105,0,0,105,8655,837,7818,72,1,71,19390,1058,15812,425,2095,
3101011003,DKI JAKARTA,KAB.ADM.KEP.SERIBU,KEP. SERIBU UTARA,PULAU HARAPAN,60,0,0,0,60,0,0,0,0,0,0,0,0,0,62,2,60,0,0,0,5,0,5,0,0,
3101011002,DKI JAKARTA,KAB.ADM.KEP.SERIBU,KEP. SERIBU UTARA,PULAU KELAPA,53,0,6,1,46,0,0,0,0,0,3,0,0,3,144,1,143,1,0,1,6,0,5,0,1,
3101011001,DKI JAKARTA,KAB.ADM.KEP.SERIBU,KEP. SERIBU UTARA,PULAU PANGGANG,91,1,18,1,71,0,0,0,0,0,0,0,0,0,158,8,150,4,0,4,20,0,17,0,3,
3101021003,DKI JAKARTA,KAB.ADM.KEP.SERIBU,KEP. SERIBU SELATAN,PULAU PARI,6,0,0,0,6,0,0,0,0,0,0,0,0,0,168,2,166,1,0,1,5,0,4,0,1,
3101021002,DKI JAKARTA,KAB.ADM.KEP.SERIBU,KEP. SERIBU SELATAN,PULAU TIDUNG,36,1,1,0,34,1,0,0,1,0,0,0,0,0,353,12,341,1,0,1,33,0,31,0,2,
3101021001,DKI JAKARTA,KAB.ADM.KEP.SERIBU,KEP. SERIBU SELATAN,PULAU UNTUNG JAWA,24,0,0,0,24,0,0,0,0,0,0,0,0,0,102,2,100,0,0,0,4,0,3,0,1,
3174071007,DKI JAKARTA,JAKARTA SELATAN,KEBAYORAN BARU,PULO,177,0,40,1,136,1,0,0,0,1,1,0,0,1,151,30,121,0,0,0,38,2,33,0,3,
3175021001,DKI JAKARTA,JAKARTA TIMUR,PULO GADUNG,PULO GADUNG,302,11,17,2,272,0,0,0,0,0,10,0,1,9,685,62,623,23,0,23,188,9,129,4,46,
3175061005,DKI JAKARTA,JAKARTA TIMUR,CAKUNG,PULO GEBANG,395,6,46,2,341,1,0,0,0,1,6,0,1,5,1070,125,945,58,0,58,257,11,202,5,39,
3174041004,DKI JAKARTA,JAKARTA SELATAN,PASAR MINGGU,RAGUNAN,438,12,64,2,360,1,0,0,0,1,2,0,1,1,534,52,482,24,0,24,134,20,73,5,36,
3175091005,DKI JAKARTA,JAKARTA TIMUR,CIRACAS,RAMBUTAN,330,7,32,1,290,2,0,0,0,2,12,0,0,12,611,31,580,29,0,29,101,5,76,1,19,
3172031006,DKI JAKARTA,JAKARTA UTARA,KOJA,RAWA BADAK SELATAN,400,6,10,2,382,2,0,0,0,2,2,0,0,2,463,28,435,43,0,43,267,2,246,4,15,
3172031004,DKI JAKARTA,JAKARTA UTARA,KOJA,RAWA BADAK UTARA,347,8,22,1,316,0,0,0,0,0,2,0,0,2,416,35,381,63,0,63,207,4,185,4,14,
3174071005,DKI JAKARTA,JAKARTA SELATAN,KEBAYORAN BARU,RAWA BARAT,71,0,5,2,64,0,0,0,0,0,1,0,0,1,127,3,124,0,0,0,15,0,11,1,3,
3173011003,DKI JAKARTA,JAKARTA BARAT,CENGKARENG,RAWA BUAYA,244,7,37,2,198,0,0,0,0,0,4,0,0,4,574,75,499,5,0,5,189,3,135,8,43,
3175031004,DKI JAKARTA,JAKARTA TIMUR,JATINEGARA,RAWA BUNGA,118,2,13,1,102,0,0,0,0,0,1,0,0,1,164,24,140,11,0,11,87,2,69,2,14,
3174081003,DKI JAKARTA,JAKARTA SELATAN,PANCORAN,RAWA JATI,230,1,16,0,213,2,0,0,0,2,11,0,1,10,398,27,371,7,0,7,59,1,47,0,11,
3175061002,DKI JAKARTA,JAKARTA TIMUR,CAKUNG,RAWA TERATE,86,6,19,0,61,0,0,0,0,0,2,0,0,2,256,22,234,3,0,3,94,4,60,0,30,
3175021005,DKI JAKARTA,JAKARTA TIMUR,PULO GADUNG,RAWAMANGUN,270,4,22,0,244,0,0,0,0,0,7,0,0,7,664,52,612,28,0,28,185,10,135,3,37,
3171051003,DKI JAKARTA,JAKARTA PUSAT,CEMPAKA PUTIH,RAWASARI,570,3,30,2,535,3,0,0,1,2,6,0,0,6,1014,46,968,30,0,30,324,19,239,4,62,
3173041010,DKI JAKARTA,JAKARTA BARAT,TAMBORA,ROA MALAKA,29,0,0,0,29,1,0,0,0,1,0,0,0,0,32,0,32,1,0,1,13,0,12,0,1,
3172041006,DKI JAKARTA,JAKARTA UTARA,CILINCING,ROROTAN,288,12,29,2,245,0,0,0,0,0,3,0,1,2,532,45,487,66,0,66,125,3,106,2,14,
3174071004,DKI JAKARTA,JAKARTA SELATAN,KEBAYORAN BARU,SELONG,44,1,15,0,28,0,0,0,0,0,3,0,0,3,87,10,77,1,0,1,21,2,18,1,0,
3173061002,DKI JAKARTA,JAKARTA BARAT,KALI DERES,SEMANAN,333,6,30,3,294,0,0,0,0,0,3,0,1,2,797,87,710,6,0,6,101,2,73,1,25,
3172041007,DKI JAKARTA,JAKARTA UTARA,CILINCING,SEMPER BARAT,543,11,43,1,488,2,0,0,0,2,12,0,0,12,995,44,951,90,0,90,343,1,297,5,40,
3172041005,DKI JAKARTA,JAKARTA UTARA,CILINCING,SEMPER TIMUR,323,10,14,1,298,1,0,0,0,1,4,0,0,4,597,20,577,39,0,39,172,2,153,3,14,
3174071006,DKI JAKARTA,JAKARTA SELATAN,KEBAYORAN BARU,SENAYAN,40,0,5,0,35,0,0,0,0,0,9,0,0,9,192,7,185,0,0,0,58,1,52,0,5,
3171041001,DKI JAKARTA,JAKARTA PUSAT,SENEN,SENEN,160,5,6,0,149,1,0,0,0,1,7,0,1,6,601,11,590,26,0,26,130,3,105,2,20,
3171031004,DKI JAKARTA,JAKARTA PUSAT,KEMAYORAN,SERDANG,341,2,16,2,321,0,0,0,0,0,5,0,0,5,478,42,436,28,0,28,171,10,110,4,47,
3174021001,DKI JAKARTA,JAKARTA SELATAN,SETIA BUDI,SETIA BUDI,66,0,7,0,59,0,0,0,0,0,4,0,0,4,288,73,215,6,0,6,24,0,16,0,8,
3175101005,DKI JAKARTA,JAKARTA TIMUR,CIPAYUNG,SETU,206,3,12,0,191,1,1,0,0,0,2,0,0,2,238,25,213,13,0,13,79,4,56,1,18,
3173071002,DKI JAKARTA,JAKARTA BARAT,PALMERAH,SLIPI,420,2,36,2,380,0,0,0,0,0,2,0,0,2,788,137,651,39,0,39,200,10,152,3,35,
3173081004,DKI JAKARTA,JAKARTA BARAT,KEMBANGAN,SRENGSENG,335,4,57,3,271,1,0,0,0,1,5,0,0,5,858,97,761,20,0,20,197,5,149,4,39,
3174091002,DKI JAKARTA,JAKARTA SELATAN,JAGAKARSA,SRENGSENG SAWAH,532,10,23,0,499,8,0,0,0,8,10,0,0,10,594,55,539,26,0,26,152,3,118,7,24,
3173051003,DKI JAKARTA,JAKARTA BARAT,KEBON JERUK,SUKABUMI SELATAN,219,1,25,4,189,0,0,0,0,0,1,0,0,1,497,52,445,23,0,23,127,1,90,4,32,
3173051002,DKI JAKARTA,JAKARTA BARAT,KEBON JERUK,SUKABUMI UTARA,216,6,31,3,176,0,0,0,0,0,19,0,0,19,509,51,458,42,0,42,137,5,89,6,37,
3172041002,DKI JAKARTA,JAKARTA UTARA,CILINCING,SUKAPURA,467,13,15,2,437,0,0,0,0,0,6,0,0,6,790,42,748,79,0,79,275,5,229,4,37,
3171031007,DKI JAKARTA,JAKARTA PUSAT,KEMAYORAN,SUMUR BATU,296,8,19,1,268,1,0,0,0,1,5,0,0,5,407,59,348,22,0,22,168,7,104,2,55,
3172021004,DKI JAKARTA,JAKARTA UTARA,TANJUNG PRIOK,SUNGAI BAMBU,236,7,18,0,211,0,0,0,0,0,6,0,0,6,492,39,453,32,0,32,117,6,98,4,9,
3172021006,DKI JAKARTA,JAKARTA UTARA,TANJUNG PRIOK,SUNTER AGUNG,736,8,45,1,682,2,0,0,0,2,19,0,1,18,1578,58,1520,65,0,65,422,7,364,14,37,
3172021002,DKI JAKARTA,JAKARTA UTARA,TANJUNG PRIOK,SUNTER JAYA,643,11,46,6,580,0,0,0,0,0,9,0,1,8,1244,82,1162,153,0,153,381,5,318,17,41,
3175091004,DKI JAKARTA,JAKARTA TIMUR,CIRACAS,SUSUKAN,339,7,56,1,275,0,0,0,0,0,16,0,0,16,1001,19,982,69,0,69,101,1,75,3,22,
3173031001,DKI JAKARTA,JAKARTA BARAT,TAMAN SARI,TAMAN SARI,226,8,28,0,190,2,0,0,0,2,0,0,0,0,300,42,258,12,0,12,130,4,88,4,34,
3173041001,DKI JAKARTA,JAKARTA BARAT,TAMBORA,TAMBORA,162,3,16,3,140,0,0,0,0,0,1,0,0,1,259,10,249,2,0,2,59,1,47,3,8,
3173041004,DKI JAKARTA,JAKARTA BARAT,TAMBORA,TANAH SEREAL,243,2,13,2,226,1,0,0,0,1,4,0,0,4,220,11,209,3,0,3,126,6,106,6,8,
3171081004,DKI JAKARTA,JAKARTA PUSAT,JOHAR BARU,TANAH TINGGI,366,7,14,3,342,1,0,0,0,1,2,0,0,2,742,24,718,31,0,31,333,2,245,17,69,
3173031004,DKI JAKARTA,JAKARTA BARAT,TAMAN SARI,TANGKI,198,0,21,1,176,1,0,0,0,1,3,0,0,3,242,9,233,2,0,2,83,1,60,1,21,
3174091005,DKI JAKARTA,JAKARTA SELATAN,JAGAKARSA,TANJUNG BARAT,433,7,27,1,398,1,0,0,0,1,2,0,0,2,381,44,337,11,0,11,158,8,121,4,25,
3173021005,DKI JAKARTA,JAKARTA BARAT,GROGOL PETAMBURAN,TANJUNG DUREN SELATAN,309,2,23,1,283,0,0,0,0,0,19,0,0,19,512,33,479,19,0,19,200,11,155,7,27,
3173021002,DKI JAKARTA,JAKARTA BARAT,GROGOL PETAMBURAN,TANJUNG DUREN UTARA,222,2,13,0,207,1,0,0,0,1,20,0,0,20,396,24,372,18,0,18,80,4,59,4,13,
3172021001,DKI JAKARTA,JAKARTA UTARA,TANJUNG PRIOK,TANJUNG PRIOK,380,7,36,6,331,0,0,0,0,0,10,0,0,10,604,40,564,62,0,62,267,8,218,8,33,
3174011002,DKI JAKARTA,JAKARTA SELATAN,TEBET,TEBET BARAT,343,1,21,0,321,1,0,0,0,1,8,0,0,8,506,29,477,22,0,22,240,2,204,4,30,
3174011001,DKI JAKARTA,JAKARTA SELATAN,TEBET,TEBET TIMUR,277,5,39,2,231,0,0,0,0,0,6,0,0,6,427,52,375,28,0,28,113,7,71,3,32,
3173061003,DKI JAKARTA,JAKARTA BARAT,KALI DERES,TEGAL ALUR,511,4,28,6,473,0,0,0,0,0,7,0,4,3,972,109,863,9,0,9,130,1,104,3,22,
3174031004,DKI JAKARTA,JAKARTA SELATAN,MAMPANG PRAPATAN,TEGAL PARANG,244,2,15,3,224,5,0,0,1,4,4,0,1,3,757,67,690,10,0,10,207,5,165,4,33,
3173021003,DKI JAKARTA,JAKARTA BARAT,GROGOL PETAMBURAN,TOMANG,328,0,18,2,308,0,0,0,0,0,14,0,0,14,568,46,522,74,0,74,195,5,160,3,27,
3172031005,DKI JAKARTA,JAKARTA UTARA,KOJA,TUGU SELATAN,318,4,22,1,291,0,0,0,0,0,2,0,1,1,367,19,348,63,0,63,157,5,133,5,14,
3172031002,DKI JAKARTA,JAKARTA UTARA,KOJA,TUGU UTARA,692,11,37,0,644,3,0,0,0,3,7,0,0,7,695,40,655,78,0,78,284,3,230,6,45,
3175061006,DKI JAKARTA,JAKARTA TIMUR,CAKUNG,UJUNG MENTENG,114,1,12,2,99,1,0,0,0,1,0,0,0,0,345,52,293,18,0,18,87,4,60,3,20,
3174101005,DKI JAKARTA,JAKARTA SELATAN,PESANGGRAHAN,ULUJAMI,447,2,10,2,433,0,0,0,0,0,0,0,0,0,966,68,898,26,0,26,160,4,125,5,26,
3175011006,DKI JAKARTA,JAKARTA TIMUR,MATRAMAN,UTAN KAYU SELATAN,380,6,16,8,350,2,0,0,0,2,2,0,0,2,644,22,622,82,0,82,195,8,156,6,25,
3175011002,DKI JAKARTA,JAKARTA TIMUR,MATRAMAN,UTAN KAYU UTARA,302,6,21,0,275,2,0,0,0,2,2,0,0,2,518,50,468,42,0,42,147,6,118,5,18,
3171031008,DKI JAKARTA,JAKARTA PUSAT,KEMAYORAN,UTAN PANJANG,297,3,18,2,274,0,0,0,0,0,2,0,0,2,334,34,300,21,0,21,166,2,114,8,42,
3172021007,DKI JAKARTA,JAKARTA UTARA,TANJUNG PRIOK,WARAKAS,346,11,43,2,290,0,0,0,0,0,10,0,1,9,712,51,661,48,0,48,198,5,168,4,21,
3173021007,DKI JAKARTA,JAKARTA BARAT,GROGOL PETAMBURAN,WIJAYA KUSUMA,284,1,14,2,267,0,0,0,0,0,7,0,0,7,631,28,603,22,0,22,152,0,117,5,30,
