id_kel,nama_provinsi,nama_kota,nama_kecamatan,nama_kelurahan,suspek,perawatan_rs,isolasi_di_rumah,suspek_meninggal,selesai_isolasi,probable,perawatan_rs,isolasi_di_rumah,probable_meninggal,selesai_isolasi,pelaku_perjalanan,perawatan_rs,isolasi_di_rumah,selesai_isolasi,kontak_erat,isolasi_di_rumah,selesai_isolasi,discarded,meninggal,selesai_isolasi,positif,dirawat,sembuh,meninggal,self_isolation,keterangan
3172051003,DKI JAKARTA,JAKARTA UTARA,PADEMANGAN,ANCOL,281,7,27,0,247,1,0,0,0,1,8,0,0,8,438,39,399,4,0,4,108,16,72,2,18,
3173041007,DKI JAKARTA,JAKARTA BARAT,TAMBORA,ANGKE,286,5,13,2,266,1,0,0,1,0,0,0,0,0,395,12,383,24,0,24,89,9,74,2,4,
3175041005,DKI JAKARTA,JAKARTA TIMUR,KRAMAT JATI,BALE KAMBANG,155,5,16,1,133,1,0,0,0,1,4,0,1,3,337,52,285,23,0,23,78,3,53,1,21,
3175031003,DKI JAKARTA,JAKARTA TIMUR,JATINEGARA,BALI MESTER,63,3,9,1,50,0,0,0,0,0,0,0,0,0,57,7,50,2,0,2,15,1,12,1,1,
3175101006,DKI JAKARTA,JAKARTA TIMUR,CIPAYUNG,BAMBU APUS,172,9,15,1,147,0,0,0,0,0,3,0,0,3,261,42,219,15,0,15,63,1,60,1,1,
3174031002,DKI JAKARTA,JAKARTA SELATAN,MAMPANG PRAPATAN,BANGKA,113,0,5,2,106,3,0,0,1,2,18,0,0,18,458,23,435,8,0,8,59,5,44,2,8,
3175051002,DKI JAKARTA,JAKARTA TIMUR,PASAR REBO,BARU,163,2,38,1,122,0,0,0,0,0,4,0,1,3,248,17,231,10,0,10,52,4,30,0,18,
3175041004,DKI JAKARTA,JAKARTA TIMUR,KRAMAT JATI,BATU AMPAR,261,5,38,1,217,2,1,0,0,1,2,0,1,1,539,70,469,25,0,25,69,3,61,3,2,
BELUM DIKETAHUI,BELUM DIKETAHUI,BELUM DIKETAHUI,BELUM DIKETAHUI,BELUM DIKETAHUI,10831,0,0,1690,9141,1454,0,0,1452,2,105,0,0,105,5206,0,5206,73,1,72,13520,2192,7893,282,3153,
3171071002,DKI JAKARTA,JAKARTA PUSAT,TANAH ABANG,BENDUNGAN HILIR,269,10,17,0,242,0,0,0,0,0,3,0,0,3,313,15,298,5,0,5,59,2,49,1,7,
3175031002,DKI JAKARTA,JAKARTA TIMUR,JATINEGARA,BIDARA CINA,191,5,27,3,156,0,0,0,0,0,1,0,0,1,231,27,204,23,0,23,125,3,104,8,10,
3174101002,DKI JAKARTA,JAKARTA SELATAN,PESANGGRAHAN,BINTARO,460,2,31,2,425,4,0,0,0,4,7,0,0,7,939,25,914,20,0,20,107,6,86,6,9,
3174011005,DKI JAKARTA,JAKARTA SELATAN,TEBET,BUKIT DURI,132,6,11,3,112,1,0,0,0,1,13,0,0,13,316,33,283,10,0,10,57,2,47,6,2,
3171041006,DKI JAKARTA,JAKARTA PUSAT,SENEN,BUNGUR,142,2,16,2,122,1,0,0,0,1,13,0,0,13,398,15,383,9,0,9,88,2,75,2,9,
3175061007,DKI JAKARTA,JAKARTA TIMUR,CAKUNG,CAKUNG BARAT,143,9,10,1,123,0,0,0,0,0,0,0,0,0,425,52,373,35,0,35,80,4,66,1,9,
3175061004,DKI JAKARTA,JAKARTA TIMUR,CAKUNG,CAKUNG TIMUR,168,14,17,2,135,2,1,0,1,0,3,0,0,3,441,92,349,26,0,26,67,7,55,1,4,
3175041007,DKI JAKARTA,JAKARTA TIMUR,KRAMAT JATI,CAWANG,155,7,24,0,124,1,0,0,0,1,4,0,0,4,363,43,320,12,0,12,76,9,55,2,10,
3175101008,DKI JAKARTA,JAKARTA TIMUR,CIPAYUNG,CEGER,114,4,12,0,98,0,0,0,0,0,0,0,0,0,118,29,89,8,0,8,18,4,14,0,0,
3171031006,DKI JAKARTA,JAKARTA PUSAT,KEMAYORAN,CEMPAKA BARU,355,22,35,2,296,1,1,0,0,0,7,0,0,7,390,78,312,29,0,29,196,7,156,9,24,
3171051002,DKI JAKARTA,JAKARTA PUSAT,CEMPAKA PUTIH,CEMPAKA PUTIH BARAT,587,9,18,2,558,1,1,0,0,0,9,0,0,9,1353,90,1263,40,0,40,297,10,247,9,31,
3171051001,DKI JAKARTA,JAKARTA PUSAT,CEMPAKA PUTIH,CEMPAKA PUTIH TIMUR,400,9,21,1,369,0,0,0,0,0,9,0,0,9,968,39,929,45,0,45,175,1,147,3,24,
3173011001,DKI JAKARTA,JAKARTA BARAT,CENGKARENG,CENGKARENG BARAT,273,6,35,1,231,0,0,0,0,0,5,0,0,5,686,54,632,8,0,8,102,8,75,4,15,
3173011006,DKI JAKARTA,JAKARTA BARAT,CENGKARENG,CENGKARENG TIMUR,395,8,47,7,333,1,0,0,0,1,3,0,0,3,854,111,743,14,0,14,204,7,156,7,34,
3175091002,DKI JAKARTA,JAKARTA TIMUR,CIRACAS,CIBUBUR,403,14,63,4,322,0,0,0,0,0,28,0,3,25,1345,76,1269,79,0,79,101,10,75,3,13,
3171011002,DKI JAKARTA,JAKARTA PUSAT,GAMBIR,CIDENG,182,3,12,2,165,0,0,0,0,0,8,0,0,8,358,62,296,11,0,11,82,2,65,5,10,
3174091003,DKI JAKARTA,JAKARTA SELATAN,JAGAKARSA,CIGANJUR,446,12,18,1,415,1,0,0,0,1,9,0,0,9,311,50,261,7,0,7,71,1,62,4,4,
3175051003,DKI JAKARTA,JAKARTA TIMUR,PASAR REBO,CIJANTUNG,348,15,40,3,290,0,0,0,0,0,1,0,0,1,341,58,283,4,0,4,92,7,66,3,16,
3171061003,DKI JAKARTA,JAKARTA PUSAT,MENTENG,CIKINI,88,4,11,0,73,0,0,0,0,0,0,0,0,0,145,21,124,11,0,11,23,1,15,2,5,
3174081006,DKI JAKARTA,JAKARTA SELATAN,PANCORAN,CIKOKO,102,1,8,0,93,0,0,0,0,0,10,0,0,10,188,5,183,0,0,0,32,1,27,1,3,
3174061001,DKI JAKARTA,JAKARTA SELATAN,CILANDAK,CILANDAK BARAT,401,22,41,5,333,0,0,0,0,0,92,0,0,92,626,76,550,36,0,36,111,2,84,4,21,
3174041003,DKI JAKARTA,JAKARTA SELATAN,PASAR MINGGU,CILANDAK TIMUR,178,35,9,1,133,3,2,0,0,1,17,0,0,17,260,24,236,74,0,74,124,10,90,4,20,
3175101002,DKI JAKARTA,JAKARTA TIMUR,CIPAYUNG,CILANGKAP,180,8,11,1,160,0,0,0,0,0,1,0,0,1,244,49,195,18,0,18,54,3,39,0,12,
3175041006,DKI JAKARTA,JAKARTA TIMUR,KRAMAT JATI,CILILITAN,161,6,15,1,139,0,0,0,0,0,4,0,1,3,461,50,411,41,0,41,99,4,77,2,16,
3172041001,DKI JAKARTA,JAKARTA UTARA,CILINCING,CILINCING,292,13,30,1,248,0,0,0,0,0,5,0,1,4,913,71,842,60,0,60,223,18,160,3,42,
3175101001,DKI JAKARTA,JAKARTA TIMUR,CIPAYUNG,CIPAYUNG,229,8,14,2,205,1,0,0,1,0,4,0,0,4,252,45,207,9,0,9,86,2,79,1,4,
3174091006,DKI JAKARTA,JAKARTA SELATAN,JAGAKARSA,CIPEDAK,368,20,16,0,332,1,0,0,0,1,0,0,0,0,243,53,190,5,0,5,52,4,38,0,10,
3174061005,DKI JAKARTA,JAKARTA SELATAN,CILANDAK,CIPETE SELATAN,146,10,11,1,124,1,1,0,0,0,44,0,0,44,239,32,207,5,0,5,32,2,22,4,4,
3174071010,DKI JAKARTA,JAKARTA SELATAN,KEBAYORAN BARU,CIPETE UTARA,280,11,34,3,232,0,0,0,0,0,9,0,0,9,315,30,285,5,0,5,50,4,38,3,5,
3175021003,DKI JAKARTA,JAKARTA TIMUR,PULO GADUNG,CIPINANG,139,7,13,2,117,0,0,0,0,0,3,0,0,3,558,103,455,27,0,27,140,8,102,5,25,
3175031007,DKI JAKARTA,JAKARTA TIMUR,JATINEGARA,CIPINANG BESAR SELATAN,133,8,13,2,110,1,0,0,0,1,1,0,0,1,212,38,174,9,0,9,48,3,38,1,6,
3175031008,DKI JAKARTA,JAKARTA TIMUR,JATINEGARA,CIPINANG BESAR UTARA,150,10,30,0,110,1,0,0,0,1,3,0,0,3,347,33,314,15,0,15,80,5,69,2,4,
3175031005,DKI JAKARTA,JAKARTA TIMUR,JATINEGARA,CIPINANG CEMPEDAK,136,4,17,2,113,0,0,0,0,0,2,0,0,2,172,35,137,9,0,9,38,0,34,1,3,
3175081005,DKI JAKARTA,JAKARTA TIMUR,MAKASAR,CIPINANG MELAYU,176,4,46,2,124,1,0,0,0,1,2,0,0,2,421,84,337,14,0,14,82,1,72,5,4,
3175031006,DKI JAKARTA,JAKARTA TIMUR,JATINEGARA,CIPINANG MUARA,198,7,32,1,158,3,0,0,0,3,4,0,0,4,415,64,351,22,0,22,103,5,80,1,17,
3174051003,DKI JAKARTA,JAKARTA SELATAN,KEBAYORAN LAMA,CIPULIR,166,8,13,4,141,4,2,0,0,2,6,0,0,6,404,17,387,5,0,5,96,3,82,4,7,
3175091001,DKI JAKARTA,JAKARTA TIMUR,CIRACAS,CIRACAS,397,15,54,9,319,1,0,0,0,1,22,0,0,22,1075,97,978,42,0,42,126,9,93,5,19,
3175041003,DKI JAKARTA,JAKARTA TIMUR,KRAMAT JATI,DUKUH,128,4,7,1,116,0,0,0,0,0,1,0,0,1,331,43,288,13,0,13,45,3,35,0,7,
3175071001,DKI JAKARTA,JAKARTA TIMUR,DUREN SAWIT,DUREN SAWIT,554,15,36,3,500,12,2,0,0,10,2,0,0,2,549,80,469,17,0,17,268,17,181,8,62,
3174081004,DKI JAKARTA,JAKARTA SELATAN,PANCORAN,DUREN TIGA,193,9,8,0,176,0,0,0,0,0,3,0,0,3,349,20,329,2,0,2,45,3,31,0,11,
3173051005,DKI JAKARTA,JAKARTA BARAT,KEBON JERUK,DURI KEPA,241,8,27,2,204,3,0,0,0,3,12,0,0,12,722,56,666,65,0,65,166,9,139,7,11,
3173011002,DKI JAKARTA,JAKARTA BARAT,CENGKARENG,DURI KOSAMBI,281,12,34,3,232,0,0,0,0,0,4,0,0,4,518,54,464,10,0,10,103,4,79,3,17,
3171011006,DKI JAKARTA,JAKARTA PUSAT,GAMBIR,DURI PULO,104,4,4,3,93,0,0,0,0,0,0,0,0,0,234,45,189,7,0,7,63,5,49,2,7,
3173041011,DKI JAKARTA,JAKARTA BARAT,TAMBORA,DURI SELATAN,92,6,6,1,79,0,0,0,0,0,2,0,0,2,100,11,89,3,0,3,45,5,32,2,6,
3173041003,DKI JAKARTA,JAKARTA BARAT,TAMBORA,DURI UTARA,122,3,20,2,97,0,0,0,0,0,1,0,0,1,153,22,131,1,0,1,62,9,38,3,12,
3171081003,DKI JAKARTA,JAKARTA PUSAT,JOHAR BARU,GALUR,121,7,8,0,106,1,0,0,0,1,2,0,0,2,277,10,267,43,0,43,109,4,86,8,11,
3171011001,DKI JAKARTA,JAKARTA PUSAT,GAMBIR,GAMBIR,58,3,6,0,49,0,0,0,0,0,17,0,0,17,214,23,191,6,0,6,75,4,52,0,19,
3174061004,DKI JAKARTA,JAKARTA SELATAN,CILANDAK,GANDARIA SELATAN,116,5,7,0,104,2,0,0,0,2,20,0,0,20,410,38,372,2,0,2,69,2,51,3,13,
3174071009,DKI JAKARTA,JAKARTA SELATAN,KEBAYORAN BARU,GANDARIA UTARA,243,14,23,2,204,0,0,0,0,0,3,0,0,3,406,30,376,1,0,1,73,8,58,2,5,
3175051001,DKI JAKARTA,JAKARTA TIMUR,PASAR REBO,GEDONG,456,12,27,0,417,0,0,0,0,0,3,0,1,2,209,23,186,22,0,22,94,3,86,0,5,
3171071001,DKI JAKARTA,JAKARTA PUSAT,TANAH ABANG,GELORA,37,1,0,1,35,0,0,0,0,0,5,0,0,5,74,5,69,0,0,0,50,0,45,2,3,
3173031007,DKI JAKARTA,JAKARTA BARAT,TAMAN SARI,GLODOK,58,3,9,0,46,0,0,0,0,0,0,0,0,0,103,16,87,0,0,0,11,2,7,1,1,
3171061004,DKI JAKARTA,JAKARTA PUSAT,MENTENG,GONDANGDIA,37,1,4,1,31,0,0,0,0,0,4,0,0,4,85,9,76,7,0,7,30,1,23,2,4,
3173021001,DKI JAKARTA,JAKARTA BARAT,GROGOL PETAMBURAN,GROGOL,199,8,13,4,174,0,0,0,0,0,39,0,0,39,499,39,460,31,0,31,83,7,65,0,11,
3174051005,DKI JAKARTA,JAKARTA SELATAN,KEBAYORAN LAMA,GROGOL SELATAN,188,5,19,5,159,0,0,0,0,0,12,0,0,12,436,20,416,4,0,4,90,6,72,5,7,
3174051004,DKI JAKARTA,JAKARTA SELATAN,KEBAYORAN LAMA,GROGOL UTARA,217,8,32,4,173,0,0,0,0,0,24,0,0,24,439,31,408,13,0,13,124,3,108,3,10,
3174021007,DKI JAKARTA,JAKARTA SELATAN,SETIA BUDI,GUNTUR,40,0,7,0,33,0,0,0,0,0,1,0,0,1,115,37,78,1,0,1,14,1,13,0,0,
3174071002,DKI JAKARTA,JAKARTA SELATAN,KEBAYORAN BARU,GUNUNG,129,3,70,3,53,0,0,0,0,0,7,0,0,7,244,32,212,0,0,0,24,1,14,1,8,
3171031005,DKI JAKARTA,JAKARTA PUSAT,KEMAYORAN,GUNUNG SAHARI SELATAN,181,3,27,1,150,0,0,0,0,0,2,0,0,2,243,34,209,1,0,1,54,4,44,3,3,
3171021004,DKI JAKARTA,JAKARTA PUSAT,SAWAH BESAR,GUNUNG SAHARI UTARA,161,4,15,1,141,0,0,0,0,0,5,0,0,5,339,56,283,8,0,8,53,1,34,5,13,
3175081004,DKI JAKARTA,JAKARTA TIMUR,MAKASAR,HALIM PERDANA KUSUMAH,124,11,16,2,95,0,0,0,0,0,4,0,2,2,291,28,263,9,0,9,127,8,90,3,26,
3171031003,DKI JAKARTA,JAKARTA PUSAT,KEMAYORAN,HARAPAN MULIA,221,11,22,3,185,0,0,0,0,0,6,0,0,6,279,36,243,26,0,26,130,4,116,7,3,
3174091001,DKI JAKARTA,JAKARTA SELATAN,JAGAKARSA,JAGAKARSA,558,18,24,2,514,3,1,0,0,2,7,0,0,7,519,76,443,11,0,11,153,7,135,3,8,
3175021007,DKI JAKARTA,JAKARTA TIMUR,PULO GADUNG,JATI,192,6,51,1,134,0,0,0,0,0,6,0,0,6,593,67,526,22,0,22,118,10,89,0,19,
3174041002,DKI JAKARTA,JAKARTA SELATAN,PASAR MINGGU,JATI PADANG,207,10,20,2,175,0,0,0,0,0,3,0,1,2,391,34,357,59,0,59,52,2,37,3,10,
3173071004,DKI JAKARTA,JAKARTA BARAT,PALMERAH,JATI PULO,282,3,20,4,255,0,0,0,0,0,3,0,0,3,505,55,450,60,0,60,142,10,125,2,5,
3175061001,DKI JAKARTA,JAKARTA TIMUR,CAKUNG,JATINEGARA,250,12,21,3,214,0,0,0,0,0,2,0,0,2,709,146,563,32,0,32,134,7,93,6,28,
3175021004,DKI JAKARTA,JAKARTA TIMUR,PULO GADUNG,JATINEGARA KAUM,47,3,3,0,41,1,0,0,1,0,3,0,0,3,183,45,138,6,0,6,16,0,14,0,2,
3173021004,DKI JAKARTA,JAKARTA BARAT,GROGOL PETAMBURAN,JELAMBAR,206,6,19,5,176,2,0,0,0,2,24,0,0,24,512,37,475,7,0,7,94,7,75,4,8,
3173021006,DKI JAKARTA,JAKARTA BARAT,GROGOL PETAMBURAN,JELAMBAR BARU,246,4,10,2,230,1,0,0,0,1,4,0,0,4,428,17,411,17,0,17,47,3,33,3,8,
3173041006,DKI JAKARTA,JAKARTA BARAT,TAMBORA,JEMBATAN BESI,425,9,21,1,394,0,0,0,0,0,4,0,1,3,402,19,383,7,0,7,140,4,124,6,6,
3173041008,DKI JAKARTA,JAKARTA BARAT,TAMBORA,JEMBATAN LIMA,121,5,3,0,113,0,0,0,0,0,0,0,0,0,156,22,134,1,0,1,37,1,26,2,8,
3173081005,DKI JAKARTA,JAKARTA BARAT,KEMBANGAN,JOGLO,179,11,28,4,136,0,0,0,0,0,4,0,0,4,319,25,294,12,0,12,59,4,51,1,3,
3171081001,DKI JAKARTA,JAKARTA PUSAT,JOHAR BARU,JOHAR BARU,375,15,35,3,322,1,1,0,0,0,3,0,0,3,1042,101,941,92,0,92,254,9,226,11,8,
3173041002,DKI JAKARTA,JAKARTA BARAT,TAMBORA,KALI ANYAR,259,5,46,0,208,0,0,0,0,0,3,0,0,3,281,21,260,9,0,9,102,4,71,4,23,
3172041004,DKI JAKARTA,JAKARTA UTARA,CILINCING,KALI BARU,248,28,20,5,195,0,0,0,0,0,4,0,0,4,511,27,484,33,0,33,164,7,114,6,37,
3174081002,DKI JAKARTA,JAKARTA SELATAN,PANCORAN,KALIBATA,274,7,17,3,247,3,1,0,0,2,8,0,0,8,456,53,403,10,0,10,128,9,105,1,13,
3173061001,DKI JAKARTA,JAKARTA BARAT,KALI DERES,KALIDERES,620,18,63,4,535,1,1,0,0,0,5,0,0,5,1521,92,1429,28,0,28,139,7,110,4,18,
3175051004,DKI JAKARTA,JAKARTA TIMUR,PASAR REBO,KALISARI,522,4,48,0,470,0,0,0,0,0,2,0,0,2,262,29,233,7,0,7,78,3,67,3,5,
3173061004,DKI JAKARTA,JAKARTA BARAT,KALI DERES,KAMAL,213,3,9,3,198,0,0,0,0,0,1,0,0,1,371,15,356,3,0,3,19,0,14,2,3,
3172011002,DKI JAKARTA,JAKARTA UTARA,PENJARINGAN,KAMAL MUARA,51,1,2,0,48,0,0,0,0,0,4,0,0,4,84,16,68,0,0,0,24,1,20,1,2,
3171071007,DKI JAKARTA,JAKARTA PUSAT,TANAH ABANG,KAMPUNG BALI,105,6,7,2,90,1,0,0,0,1,2,0,0,2,129,9,120,2,0,2,29,4,23,2,0,
3175031001,DKI JAKARTA,JAKARTA TIMUR,JATINEGARA,KAMPUNG MELAYU,117,13,21,5,78,1,0,0,0,1,4,0,0,4,146,36,110,4,0,4,95,2,85,3,5,
3171081002,DKI JAKARTA,JAKARTA PUSAT,JOHAR BARU,KAMPUNG RAWA,198,4,15,0,179,1,0,0,0,1,0,0,0,0,456,32,424,63,0,63,141,3,121,13,4,
3175041002,DKI JAKARTA,JAKARTA TIMUR,KRAMAT JATI,KAMPUNG TENGAH,338,12,38,1,287,1,0,0,0,1,8,0,1,7,771,85,686,48,0,48,163,9,128,9,17,
3173011005,DKI JAKARTA,JAKARTA BARAT,CENGKARENG,KAPUK,379,20,47,16,296,0,0,0,0,0,9,0,2,7,773,107,666,11,0,11,134,8,83,7,36,
3172011003,DKI JAKARTA,JAKARTA UTARA,PENJARINGAN,KAPUK MUARA,120,8,4,0,108,0,0,0,0,0,9,0,0,9,277,68,209,17,0,17,73,7,59,4,3,
3171021002,DKI JAKARTA,JAKARTA PUSAT,SAWAH BESAR,KARANG ANYAR,318,9,16,5,288,1,0,0,0,1,4,0,0,4,629,54,575,8,0,8,98,7,78,5,8,
3174021004,DKI JAKARTA,JAKARTA SELATAN,SETIA BUDI,KARET,89,4,6,0,79,0,0,0,0,0,10,0,0,10,275,26,249,4,0,4,40,3,36,0,1,
3174021003,DKI JAKARTA,JAKARTA SELATAN,SETIA BUDI,KARET KUNINGAN,128,4,18,1,105,0,0,0,0,0,21,0,0,21,231,13,218,4,0,4,41,6,26,2,7,
3174021002,DKI JAKARTA,JAKARTA SELATAN,SETIA BUDI,KARET SEMANGGI,41,0,1,1,39,0,0,0,0,0,3,0,0,3,63,17,46,0,0,0,10,1,6,2,1,
3171071003,DKI JAKARTA,JAKARTA PUSAT,TANAH ABANG,KARET TENGSIN,173,4,4,0,165,0,0,0,0,0,7,0,0,7,196,20,176,0,0,0,45,6,34,1,4,
3171021003,DKI JAKARTA,JAKARTA PUSAT,SAWAH BESAR,KARTINI,218,2,8,1,207,1,1,0,0,0,0,0,0,0,452,40,412,15,0,15,111,3,98,3,7,
3175011003,DKI JAKARTA,JAKARTA TIMUR,MATRAMAN,KAYU MANIS,183,9,12,0,162,1,0,0,0,1,0,0,0,0,446,50,396,22,0,22,77,2,64,4,7,
3175021006,DKI JAKARTA,JAKARTA TIMUR,PULO GADUNG,KAYU PUTIH,262,6,17,4,235,1,0,0,1,0,11,0,0,11,746,58,688,23,0,23,138,0,122,5,11,
3173031006,DKI JAKARTA,JAKARTA BARAT,TAMAN SARI,KEAGUNGAN,181,3,33,0,145,0,0,0,0,0,2,0,0,2,311,27,284,7,0,7,70,7,46,1,16,
3174041007,DKI JAKARTA,JAKARTA SELATAN,PASAR MINGGU,KEBAGUSAN,230,9,17,1,203,1,0,0,0,1,1,0,0,1,424,33,391,23,0,23,58,0,58,0,0,
3174051006,DKI JAKARTA,JAKARTA SELATAN,KEBAYORAN LAMA,KEBAYORAN LAMA SELATAN,310,17,14,0,279,4,1,0,0,3,1,0,0,1,624,20,604,10,0,10,91,2,80,4,5,
3174051001,DKI JAKARTA,JAKARTA SELATAN,KEBAYORAN LAMA,KEBAYORAN LAMA UTARA,187,1,13,1,172,0,0,0,0,0,15,0,0,15,360,14,346,2,0,2,59,1,53,2,3,
3174011004,DKI JAKARTA,JAKARTA SELATAN,TEBET,KEBON BARU,155,3,30,2,120,0,0,0,0,0,15,0,0,15,410,40,370,16,0,16,54,1,46,0,7,
3172021005,DKI JAKARTA,JAKARTA UTARA,TANJUNG PRIOK,KEBON BAWANG,405,16,53,1,335,0,0,0,0,0,13,0,0,13,746,85,661,52,0,52,223,7,197,2,17,
3173051001,DKI JAKARTA,JAKARTA BARAT,KEBON JERUK,KEBON JERUK,323,12,28,6,277,0,0,0,0,0,13,0,0,13,1089,77,1012,53,0,53,192,13,135,11,33,
3171071006,DKI JAKARTA,JAKARTA PUSAT,TANAH ABANG,KEBON KACANG,359,11,11,1,336,0,0,0,0,0,0,0,0,0,328,17,311,3,0,3,206,2,179,9,16,
3171011005,DKI JAKARTA,JAKARTA PUSAT,GAMBIR,KEBON KELAPA,88,1,7,1,79,1,1,0,0,0,1,0,0,1,146,14,132,0,0,0,24,0,21,1,2,
3171031002,DKI JAKARTA,JAKARTA PUSAT,KEMAYORAN,KEBON KOSONG,231,3,20,5,203,0,0,0,0,0,7,0,0,7,273,22,251,27,0,27,120,1,108,6,5,
3175011005,DKI JAKARTA,JAKARTA TIMUR,MATRAMAN,KEBON MANGGIS,105,4,12,4,85,0,0,0,0,0,1,0,0,1,134,18,116,18,0,18,85,5,72,2,6,
3171071005,DKI JAKARTA,JAKARTA PUSAT,TANAH ABANG,KEBON MELATI,358,11,21,3,323,0,0,0,0,0,5,0,0,5,345,20,325,6,0,6,169,7,124,7,31,
3175081003,DKI JAKARTA,JAKARTA TIMUR,MAKASAR,KEBON PALA,142,13,11,1,117,0,0,0,0,0,4,0,0,4,548,76,472,13,0,13,94,2,86,1,5,
3171061005,DKI JAKARTA,JAKARTA PUSAT,MENTENG,KEBON SIRIH,94,2,6,2,84,0,0,0,0,0,2,0,0,2,232,8,224,12,0,12,62,2,46,2,12,
3173011004,DKI JAKARTA,JAKARTA BARAT,CENGKARENG,KEDAUNG KALI ANGKE,187,5,14,0,168,0,0,0,0,0,1,0,0,1,219,20,199,5,0,5,102,1,77,2,22,
3173051007,DKI JAKARTA,JAKARTA BARAT,KEBON JERUK,KEDOYA SELATAN,163,14,16,5,128,2,0,0,0,2,4,0,0,4,348,36,312,16,0,16,62,6,42,3,11,
3173051006,DKI JAKARTA,JAKARTA BARAT,KEBON JERUK,KEDOYA UTARA,138,13,11,2,112,1,0,0,0,1,15,0,0,15,458,52,406,18,0,18,80,2,52,1,25,
3173051004,DKI JAKARTA,JAKARTA BARAT,KEBON JERUK,KELAPA DUA,98,6,15,0,77,0,0,0,0,0,5,0,0,5,269,24,245,18,0,18,51,4,44,2,1,
3175091003,DKI JAKARTA,JAKARTA TIMUR,CIRACAS,KELAPA DUA WETAN,296,7,37,1,251,0,0,0,0,0,7,0,0,7,740,47,693,33,0,33,84,3,62,2,17,
3172061003,DKI JAKARTA,JAKARTA UTARA,KELAPA GADING,KELAPA GADING BARAT,513,20,56,2,435,1,1,0,0,0,44,0,1,43,897,88,809,43,0,43,204,16,139,5,44,
3172061001,DKI JAKARTA,JAKARTA UTARA,KELAPA GADING,KELAPA GADING TIMUR,444,9,19,2,414,0,0,0,0,0,18,0,0,18,879,83,796,28,0,28,100,3,83,8,6,
3173071005,DKI JAKARTA,JAKARTA BARAT,PALMERAH,KEMANGGISAN,313,7,38,6,262,0,0,0,0,0,7,0,0,7,548,57,491,48,0,48,120,12,92,5,11,
3171031001,DKI JAKARTA,JAKARTA PUSAT,KEMAYORAN,KEMAYORAN,249,9,26,3,211,0,0,0,0,0,0,0,0,0,353,43,310,20,0,20,146,4,126,5,11,
3173081006,DKI JAKARTA,JAKARTA BARAT,KEMBANGAN,KEMBANGAN SELATAN,123,9,22,1,91,0,0,0,0,0,5,0,0,5,335,22,313,52,0,52,77,7,51,2,17,
3173081001,DKI JAKARTA,JAKARTA BARAT,KEMBANGAN,KEMBANGAN UTARA,230,14,24,3,189,1,0,0,1,0,2,0,0,2,990,67,923,10,0,10,88,7,69,3,9,
3171041002,DKI JAKARTA,JAKARTA PUSAT,SENEN,KENARI,137,5,7,1,124,0,0,0,0,0,0,0,0,0,332,35,297,44,0,44,137,1,132,2,2,
3173041005,DKI JAKARTA,JAKARTA BARAT,TAMBORA,KERENDANG,177,3,17,2,155,1,0,0,0,1,0,0,0,0,142,16,126,3,0,3,77,8,57,6,6,
3175071003,DKI JAKARTA,JAKARTA TIMUR,DUREN SAWIT,KLENDER,403,7,27,2,367,2,1,0,0,1,3,0,0,3,539,89,450,17,0,17,150,6,123,9,12,
3172031001,DKI JAKARTA,JAKARTA UTARA,KOJA,KOJA,208,4,15,0,189,0,0,0,0,0,4,0,0,4,329,40,289,25,0,25,138,8,107,4,19,
3173071006,DKI JAKARTA,JAKARTA BARAT,PALMERAH,KOTA BAMBU SELATAN,290,7,21,5,257,0,0,0,0,0,1,0,0,1,653,30,623,71,0,71,165,6,154,4,1,
3173071003,DKI JAKARTA,JAKARTA BARAT,PALMERAH,KOTA BAMBU UTARA,248,4,14,11,219,0,0,0,0,0,3,0,1,2,411,24,387,52,0,52,150,5,138,6,1,
3171041004,DKI JAKARTA,JAKARTA PUSAT,SENEN,KRAMAT,281,5,23,5,248,0,0,0,0,0,4,0,0,4,697,59,638,30,0,30,187,1,172,9,5,
3175041001,DKI JAKARTA,JAKARTA TIMUR,KRAMAT JATI,KRAMAT JATI,196,4,24,1,167,0,0,0,0,0,9,0,1,8,437,70,367,21,0,21,94,8,58,5,23,
3174071003,DKI JAKARTA,JAKARTA SELATAN,KEBAYORAN BARU,KRAMAT PELA,74,3,9,0,62,0,0,0,0,0,0,0,0,0,405,18,387,4,0,4,84,2,65,0,17,
3173031002,DKI JAKARTA,JAKARTA BARAT,TAMAN SARI,KRUKUT,118,4,26,6,82,0,0,0,0,0,3,0,0,3,252,27,225,9,0,9,54,7,37,3,7,
3174031005,DKI JAKARTA,JAKARTA SELATAN,MAMPANG PRAPATAN,KUNINGAN BARAT,68,3,5,1,59,0,0,0,0,0,0,0,0,0,292,3,289,5,0,5,11,0,11,0,0,
3174021008,DKI JAKARTA,JAKARTA SELATAN,SETIA BUDI,KUNINGAN TIMUR,79,1,4,1,73,0,0,0,0,0,20,0,0,20,97,16,81,1,0,1,28,1,12,2,13,
3171041005,DKI JAKARTA,JAKARTA PUSAT,SENEN,KWITANG,183,5,11,0,167,1,0,0,0,1,2,0,0,2,338,21,317,7,0,7,66,1,48,4,13,
3172031003,DKI JAKARTA,JAKARTA UTARA,KOJA,LAGOA,387,16,20,1,350,0,0,0,0,0,4,0,0,4,440,70,370,41,0,41,317,6,290,7,14,
3174061002,DKI JAKARTA,JAKARTA SELATAN,CILANDAK,LEBAK BULUS,195,10,14,2,169,3,0,0,0,3,27,0,0,27,373,61,312,20,0,20,80,1,54,7,18,
3174091004,DKI JAKARTA,JAKARTA SELATAN,JAGAKARSA,LENTENG AGUNG,409,9,13,0,387,2,1,0,0,1,6,0,0,6,319,73,246,9,0,9,83,1,59,0,23,
LUAR DKI JAKARTA,LUAR DKI JAKARTA,LUAR DKI JAKARTA,LUAR DKI JAKARTA,LUAR DKI JAKARTA,14343,199,600,98,13446,31,4,0,0,27,441,0,16,425,18822,1093,17729,953,0,953,5125,313,4445,99,268,
3175101007,DKI JAKARTA,JAKARTA TIMUR,CIPAYUNG,LUBANG BUAYA,363,11,77,3,272,1,1,0,0,0,4,0,1,3,426,53,373,26,0,26,98,9,70,1,18,
3175081001,DKI JAKARTA,JAKARTA TIMUR,MAKASAR,MAKASAR,142,2,21,1,118,0,0,0,0,0,7,0,0,7,595,74,521,18,0,18,58,5,44,0,9,
3175071006,DKI JAKARTA,JAKARTA TIMUR,DUREN SAWIT,MALAKA JAYA,225,6,13,2,204,1,0,0,0,1,2,0,0,2,334,61,273,10,0,10,68,2,63,0,3,
3175071005,DKI JAKARTA,JAKARTA TIMUR,DUREN SAWIT,MALAKA SARI,193,9,8,1,175,0,0,0,0,0,0,0,0,0,244,32,212,8,0,8,64,2,52,3,7,
3174031001,DKI JAKARTA,JAKARTA SELATAN,MAMPANG PRAPATAN,MAMPANG PRAPATAN,164,9,18,2,135,0,0,0,0,0,0,0,0,0,687,66,621,9,0,9,113,4,94,5,10,
3173031005,DKI JAKARTA,JAKARTA BARAT,TAMAN SARI,MANGGA BESAR,73,1,10,1,61,0,0,0,0,0,0,0,0,0,118,11,107,3,0,3,17,3,12,0,2,
3171021005,DKI JAKARTA,JAKARTA PUSAT,SAWAH BESAR,MANGGA DUA SELATAN,199,8,13,1,177,1,0,0,0,1,1,0,0,1,588,125,463,9,0,9,91,13,52,2,24,
3174011007,DKI JAKARTA,JAKARTA SELATAN,TEBET,MANGGARAI,196,11,37,0,148,2,2,0,0,0,4,0,0,4,331,33,298,19,0,19,59,3,43,1,12,
3174011006,DKI JAKARTA,JAKARTA SELATAN,TEBET,MANGGARAI SELATAN,119,5,13,2,99,0,0,0,0,0,6,0,0,6,340,14,326,18,0,18,45,1,41,2,1,
3173031003,DKI JAKARTA,JAKARTA BARAT,TAMAN SARI,MAPHAR,126,0,11,1,114,0,0,0,0,0,6,0,0,6,257,30,227,36,0,36,126,6,119,0,1,
3172041003,DKI JAKARTA,JAKARTA UTARA,CILINCING,MARUNDA,171,10,12,0,149,1,1,0,0,0,0,0,0,0,273,26,247,12,0,12,51,1,46,1,3,
3174071001,DKI JAKARTA,JAKARTA SELATAN,KEBAYORAN BARU,MELAWAI,32,1,2,0,29,0,0,0,0,0,1,0,0,1,45,2,43,0,0,0,7,0,6,0,1,
3171061001,DKI JAKARTA,JAKARTA PUSAT,MENTENG,MENTENG,210,10,25,2,173,1,0,0,0,1,1,0,0,1,523,55,468,23,0,23,123,10,84,6,23,
3174021005,DKI JAKARTA,JAKARTA SELATAN,SETIA BUDI,MENTENG ATAS,213,7,24,3,179,0,0,0,0,0,45,0,0,45,888,55,833,31,0,31,109,1,89,2,17,
3174011003,DKI JAKARTA,JAKARTA SELATAN,TEBET,MENTENG DALAM,243,5,25,4,209,2,1,0,0,1,13,0,1,12,475,58,417,38,0,38,84,4,66,6,8,
3173081003,DKI JAKARTA,JAKARTA BARAT,KEMBANGAN,MERUYA SELATAN,145,2,22,1,120,0,0,0,0,0,2,0,0,2,345,39,306,14,0,14,67,4,42,3,18,
3173081002,DKI JAKARTA,JAKARTA BARAT,KEMBANGAN,MERUYA UTARA,210,6,34,6,164,0,0,0,0,0,6,0,0,6,495,60,435,10,0,10,70,1,63,1,5,
3175101004,DKI JAKARTA,JAKARTA TIMUR,CIPAYUNG,MUNJUL,140,9,15,0,116,0,0,0,0,0,2,0,0,2,173,28,145,23,0,23,39,3,35,0,1,
3172051002,DKI JAKARTA,JAKARTA UTARA,PADEMANGAN,PADEMANGAN BARAT,1261,14,89,5,1153,3,0,0,0,3,10,0,0,10,2043,126,1917,23,0,23,463,21,391,18,33,
3172051001,DKI JAKARTA,JAKARTA UTARA,PADEMANGAN,PADEMANGAN TIMUR,371,7,42,3,319,1,0,0,0,1,13,0,0,13,624,45,579,12,0,12,113,6,81,3,23,
3175011004,DKI JAKARTA,JAKARTA TIMUR,MATRAMAN,PAL MERIAM,151,1,8,2,140,1,0,0,0,1,2,0,0,2,421,44,377,58,0,58,106,1,83,6,16,
3173071001,DKI JAKARTA,JAKARTA BARAT,PALMERAH,PALMERAH,626,8,35,2,581,0,0,0,0,0,1,0,0,1,1140,85,1055,65,0,65,216,16,178,11,11,
3174081001,DKI JAKARTA,JAKARTA SELATAN,PANCORAN,PANCORAN,171,14,22,0,135,1,0,0,0,1,8,0,0,8,400,39,361,6,0,6,125,4,101,3,17,
3172021003,DKI JAKARTA,JAKARTA UTARA,TANJUNG PRIOK,PAPANGGO,220,4,19,0,197,0,0,0,0,0,5,0,0,5,568,41,527,47,0,47,124,3,96,2,23,
3171021001,DKI JAKARTA,JAKARTA PUSAT,SAWAH BESAR,PASAR BARU,141,2,12,2,125,1,0,0,0,1,4,0,0,4,323,46,277,5,0,5,62,0,58,0,4,
3174021006,DKI JAKARTA,JAKARTA SELATAN,SETIA BUDI,PASAR MANGGIS,145,7,11,3,124,1,0,0,0,1,26,0,0,26,628,67,561,15,0,15,82,1,62,4,15,
3174041001,DKI JAKARTA,JAKARTA SELATAN,PASAR MINGGU,PASAR MINGGU,218,13,12,1,192,1,0,0,0,1,5,0,0,5,366,32,334,6,0,6,101,3,89,2,7,
3171041003,DKI JAKARTA,JAKARTA PUSAT,SENEN,PASEBAN,299,5,20,1,273,0,0,0,0,0,4,0,0,4,559,83,476,59,0,59,141,6,124,7,4,
3173061005,DKI JAKARTA,JAKARTA BARAT,KALI DERES,PEGADUNGAN,470,8,50,7,405,0,0,0,0,0,10,0,0,10,933,32,901,16,0,16,108,5,91,3,9,
3171061002,DKI JAKARTA,JAKARTA PUSAT,MENTENG,PEGANGSAAN,243,10,48,2,183,1,1,0,0,0,0,0,0,0,661,96,565,48,0,48,199,2,175,2,20,
3172061002,DKI JAKARTA,JAKARTA UTARA,KELAPA GADING,PEGANGSAAN DUA,526,21,35,1,469,0,0,0,0,0,41,0,0,41,1177,77,1100,80,0,80,170,5,116,5,44,
3172011004,DKI JAKARTA,JAKARTA UTARA,PENJARINGAN,PEJAGALAN,246,16,20,2,208,1,0,0,0,1,7,0,0,7,531,60,471,25,0,25,95,13,69,3,10,
3174041006,DKI JAKARTA,JAKARTA SELATAN,PASAR MINGGU,PEJATEN BARAT,216,5,21,2,188,5,0,0,0,5,1,0,0,1,456,23,433,63,0,63,79,1,62,2,14,
3174041005,DKI JAKARTA,JAKARTA SELATAN,PASAR MINGGU,PEJATEN TIMUR,261,2,19,1,239,2,0,0,0,2,2,0,1,1,407,30,377,33,0,33,83,3,75,5,0,
3175051005,DKI JAKARTA,JAKARTA TIMUR,PASAR REBO,PEKAYON,462,8,43,1,410,0,0,0,0,0,3,0,0,3,185,33,152,9,0,9,47,3,37,2,5,
3173041009,DKI JAKARTA,JAKARTA BARAT,TAMBORA,PEKOJAN,194,5,12,2,175,0,0,0,0,0,2,0,0,2,174,14,160,16,0,16,57,6,38,2,11,
3174031003,DKI JAKARTA,JAKARTA SELATAN,MAMPANG PRAPATAN,PELA MAMPANG,210,7,8,2,193,3,0,0,0,3,13,0,0,13,775,68,707,5,0,5,95,4,73,4,14,
3174081005,DKI JAKARTA,JAKARTA SELATAN,PANCORAN,PENGADEGAN,121,4,3,2,112,0,0,0,0,0,6,0,0,6,265,20,245,6,0,6,45,1,40,0,4,
3175061003,DKI JAKARTA,JAKARTA TIMUR,CAKUNG,PENGGILINGAN,328,11,53,1,263,1,0,0,0,1,5,0,1,4,913,150,763,65,0,65,190,8,159,6,17,
3172011001,DKI JAKARTA,JAKARTA UTARA,PENJARINGAN,PENJARINGAN,537,24,27,4,482,1,0,0,0,1,22,0,0,22,2254,137,2117,116,0,116,301,8,261,9,23,
3174101001,DKI JAKARTA,JAKARTA SELATAN,PESANGGRAHAN,PESANGGRAHAN,250,6,11,4,229,1,0,0,0,1,0,0,0,0,477,18,459,18,0,18,51,3,36,3,9,
3171071004,DKI JAKARTA,JAKARTA PUSAT,TANAH ABANG,PETAMBURAN,450,5,40,7,398,0,0,0,0,0,7,0,0,7,302,15,287,4,0,4,236,16,172,11,37,
3174071008,DKI JAKARTA,JAKARTA SELATAN,KEBAYORAN BARU,PETOGOGAN,91,5,3,0,83,0,0,0,0,0,2,0,0,2,190,6,184,0,0,0,23,1,19,0,3,
3171011004,DKI JAKARTA,JAKARTA PUSAT,GAMBIR,PETOJO SELATAN,142,7,6,1,128,0,0,0,0,0,22,0,0,22,445,53,392,14,0,14,108,18,75,6,9,
3171011003,DKI JAKARTA,JAKARTA PUSAT,GAMBIR,PETOJO UTARA,114,4,14,3,93,1,0,0,0,1,11,0,0,11,258,27,231,25,0,25,63,1,52,2,8,
3174101004,DKI JAKARTA,JAKARTA SELATAN,PESANGGRAHAN,PETUKANGAN SELATAN,227,4,17,2,204,0,0,0,0,0,1,0,0,1,501,29,472,7,0,7,32,2,17,1,12,
3174101003,DKI JAKARTA,JAKARTA SELATAN,PESANGGRAHAN,PETUKANGAN UTARA,305,9,15,4,277,1,0,0,0,1,5,0,0,5,1129,29,1100,8,0,8,71,5,56,2,8,
3175081002,DKI JAKARTA,JAKARTA TIMUR,MAKASAR,PINANG RANTI,109,3,6,1,99,0,0,0,0,0,0,0,0,0,453,51,402,22,0,22,58,5,47,2,4,
3173031008,DKI JAKARTA,JAKARTA BARAT,TAMAN SARI,PINANGSIA,73,6,9,1,57,0,0,0,0,0,2,0,0,2,154,5,149,2,0,2,34,7,26,0,1,
3175011001,DKI JAKARTA,JAKARTA TIMUR,MATRAMAN,PISANGAN BARU,189,7,14,3,165,1,1,0,0,0,1,0,0,1,216,32,184,28,0,28,78,3,64,4,7,
3175021002,DKI JAKARTA,JAKARTA TIMUR,PULO GADUNG,PISANGAN TIMUR,196,6,23,4,163,0,0,0,0,0,10,0,0,10,433,44,389,23,0,23,76,6,66,3,1,
3172011005,DKI JAKARTA,JAKARTA UTARA,PENJARINGAN,PLUIT,173,9,13,4,147,0,0,0,0,0,12,0,0,12,690,122,568,8,0,8,111,3,92,7,9,
3175071002,DKI JAKARTA,JAKARTA TIMUR,DUREN SAWIT,PONDOK BAMBU,671,16,57,1,597,2,0,0,0,2,3,0,0,3,497,103,394,10,0,10,167,8,131,4,24,
3175071004,DKI JAKARTA,JAKARTA TIMUR,DUREN SAWIT,PONDOK KELAPA,434,18,33,0,383,0,0,0,0,0,9,0,1,8,643,102,541,12,0,12,146,5,120,5,16,
3175071007,DKI JAKARTA,JAKARTA TIMUR,DUREN SAWIT,PONDOK KOPI,261,2,30,1,228,0,0,0,0,0,1,0,0,1,253,39,214,8,0,8,93,4,59,7,23,
3174061003,DKI JAKARTA,JAKARTA SELATAN,CILANDAK,PONDOK LABU,220,12,11,1,196,4,1,0,0,3,73,0,0,73,606,63,543,34,0,34,61,2,51,1,7,
3174051002,DKI JAKARTA,JAKARTA SELATAN,KEBAYORAN LAMA,PONDOK PINANG,327,10,26,4,287,0,0,0,0,0,44,0,0,44,553,38,515,9,0,9,104,9,80,9,6,
3175101003,DKI JAKARTA,JAKARTA TIMUR,CIPAYUNG,PONDOK RANGGON,153,5,27,3,118,0,0,0,0,0,3,0,0,3,151,13,138,21,0,21,47,3,32,1,11,
3101011003,DKI JAKARTA,KAB.ADM.KEP.SERIBU,KEP. SERIBU UTARA,PULAU HARAPAN,59,0,0,0,59,0,0,0,0,0,0,0,0,0,56,0,56,0,0,0,1,0,1,0,0,
3101011002,DKI JAKARTA,KAB.ADM.KEP.SERIBU,KEP. SERIBU UTARA,PULAU KELAPA,45,0,0,1,44,0,0,0,0,0,3,0,0,3,141,3,138,1,0,1,6,1,5,0,0,
3101011001,DKI JAKARTA,KAB.ADM.KEP.SERIBU,KEP. SERIBU UTARA,PULAU PANGGANG,51,0,0,1,50,0,0,0,0,0,0,0,0,0,129,0,129,4,0,4,7,0,7,0,0,
3101021003,DKI JAKARTA,KAB.ADM.KEP.SERIBU,KEP. SERIBU SELATAN,PULAU PARI,6,0,0,0,6,0,0,0,0,0,0,0,0,0,159,1,158,1,0,1,3,0,3,0,0,
3101021002,DKI JAKARTA,KAB.ADM.KEP.SERIBU,KEP. SERIBU SELATAN,PULAU TIDUNG,33,0,1,0,32,0,0,0,0,0,0,0,0,0,329,1,328,1,0,1,29,0,28,0,1,
3101021001,DKI JAKARTA,KAB.ADM.KEP.SERIBU,KEP. SERIBU SELATAN,PULAU UNTUNG JAWA,22,0,0,0,22,0,0,0,0,0,0,0,0,0,95,0,95,0,0,0,2,0,2,0,0,
3174071007,DKI JAKARTA,JAKARTA SELATAN,KEBAYORAN BARU,PULO,91,7,8,1,75,0,0,0,0,0,1,0,0,1,108,4,104,0,0,0,14,0,10,0,4,
3175021001,DKI JAKARTA,JAKARTA TIMUR,PULO GADUNG,PULO GADUNG,228,11,15,2,200,0,0,0,0,0,9,0,0,9,557,133,424,17,0,17,86,3,66,4,13,
3175061005,DKI JAKARTA,JAKARTA TIMUR,CAKUNG,PULO GEBANG,248,13,37,2,196,1,0,0,0,1,5,0,0,5,768,125,643,50,0,50,127,6,113,4,4,
3174041004,DKI JAKARTA,JAKARTA SELATAN,PASAR MINGGU,RAGUNAN,250,5,13,2,230,1,0,0,0,1,1,0,0,1,426,17,409,16,0,16,38,2,31,3,2,
3175091005,DKI JAKARTA,JAKARTA TIMUR,CIRACAS,RAMBUTAN,244,5,12,1,226,2,0,0,0,2,11,0,0,11,539,34,505,26,0,26,56,2,52,0,2,
3172031006,DKI JAKARTA,JAKARTA UTARA,KOJA,RAWA BADAK SELATAN,330,14,14,2,300,1,0,0,0,1,2,0,0,2,365,36,329,39,0,39,205,2,142,4,57,
3172031004,DKI JAKARTA,JAKARTA UTARA,KOJA,RAWA BADAK UTARA,274,17,17,1,239,0,0,0,0,0,2,0,0,2,324,37,287,48,0,48,149,3,125,4,17,
3174071005,DKI JAKARTA,JAKARTA SELATAN,KEBAYORAN BARU,RAWA BARAT,55,0,5,2,48,0,0,0,0,0,1,0,0,1,116,10,106,0,0,0,11,0,10,1,0,
3173011003,DKI JAKARTA,JAKARTA BARAT,CENGKARENG,RAWA BUAYA,163,8,18,2,135,0,0,0,0,0,4,0,0,4,371,40,331,4,0,4,98,6,76,4,12,
3175031004,DKI JAKARTA,JAKARTA TIMUR,JATINEGARA,RAWA BUNGA,80,5,25,1,49,0,0,0,0,0,0,0,0,0,97,8,89,5,0,5,42,2,31,1,8,
3174081003,DKI JAKARTA,JAKARTA SELATAN,PANCORAN,RAWA JATI,142,5,11,0,126,2,0,0,0,2,10,0,0,10,299,38,261,6,0,6,29,8,19,0,2,
3175061002,DKI JAKARTA,JAKARTA TIMUR,CAKUNG,RAWA TERATE,49,5,7,0,37,0,0,0,0,0,2,0,0,2,209,37,172,1,0,1,36,0,21,0,15,
3175021005,DKI JAKARTA,JAKARTA TIMUR,PULO GADUNG,RAWAMANGUN,196,14,25,0,157,0,0,0,0,0,6,0,0,6,515,69,446,23,0,23,93,5,73,2,13,
3171051003,DKI JAKARTA,JAKARTA PUSAT,CEMPAKA PUTIH,RAWASARI,459,11,26,2,420,3,0,0,1,2,5,0,0,5,886,81,805,27,0,27,163,9,132,4,18,
3173041010,DKI JAKARTA,JAKARTA BARAT,TAMBORA,ROA MALAKA,32,1,16,0,15,1,0,0,0,1,0,0,0,0,29,4,25,0,0,0,10,0,4,0,6,
3172041006,DKI JAKARTA,JAKARTA UTARA,CILINCING,ROROTAN,191,18,27,2,144,0,0,0,0,0,2,0,1,1,455,50,405,59,0,59,56,2,45,2,7,
3174071004,DKI JAKARTA,JAKARTA SELATAN,KEBAYORAN BARU,SELONG,21,0,0,0,21,0,0,0,0,0,2,0,0,2,75,5,70,0,0,0,14,4,10,0,0,
3173061002,DKI JAKARTA,JAKARTA BARAT,KALI DERES,SEMANAN,252,4,24,3,221,0,0,0,0,0,2,0,0,2,642,44,598,6,0,6,53,2,44,1,6,
3172041007,DKI JAKARTA,JAKARTA UTARA,CILINCING,SEMPER BARAT,403,28,34,1,340,1,1,0,0,0,10,0,0,10,873,90,783,77,0,77,228,13,200,3,12,
3172041005,DKI JAKARTA,JAKARTA UTARA,CILINCING,SEMPER TIMUR,240,10,12,1,217,0,0,0,0,0,3,0,0,3,516,55,461,33,0,33,99,0,87,2,10,
3174071006,DKI JAKARTA,JAKARTA SELATAN,KEBAYORAN BARU,SENAYAN,32,0,5,0,27,0,0,0,0,0,9,0,0,9,152,8,144,0,0,0,36,1,30,0,5,
3171041001,DKI JAKARTA,JAKARTA PUSAT,SENEN,SENEN,136,3,11,0,122,0,0,0,0,0,6,0,0,6,569,18,551,24,0,24,99,2,81,2,14,
3171031004,DKI JAKARTA,JAKARTA PUSAT,KEMAYORAN,SERDANG,264,8,46,2,208,0,0,0,0,0,5,0,0,5,357,83,274,25,0,25,76,2,71,3,0,
3174021001,DKI JAKARTA,JAKARTA SELATAN,SETIA BUDI,SETIA BUDI,43,3,3,0,37,0,0,0,0,0,4,0,0,4,182,34,148,6,0,6,11,0,10,0,1,
3175101005,DKI JAKARTA,JAKARTA TIMUR,CIPAYUNG,SETU,159,3,18,0,138,0,0,0,0,0,2,0,0,2,137,24,113,13,0,13,36,7,28,0,1,
3173071002,DKI JAKARTA,JAKARTA BARAT,PALMERAH,SLIPI,327,16,28,2,281,0,0,0,0,0,2,0,0,2,509,74,435,39,0,39,110,7,92,2,9,
3173081004,DKI JAKARTA,JAKARTA BARAT,KEMBANGAN,SRENGSENG,217,6,23,3,185,1,0,0,0,1,5,0,0,5,652,42,610,19,0,19,110,5,94,4,7,
3174091002,DKI JAKARTA,JAKARTA SELATAN,JAGAKARSA,SRENGSENG SAWAH,434,13,17,0,404,3,1,0,0,2,9,0,1,8,416,69,347,16,0,16,83,4,69,6,4,
3173051003,DKI JAKARTA,JAKARTA BARAT,KEBON JERUK,SUKABUMI SELATAN,155,8,10,4,133,0,0,0,0,0,1,0,0,1,344,28,316,23,0,23,77,1,65,3,8,
3173051002,DKI JAKARTA,JAKARTA BARAT,KEBON JERUK,SUKABUMI UTARA,140,2,13,3,122,0,0,0,0,0,19,0,0,19,352,22,330,40,0,40,69,4,60,4,1,
3172041002,DKI JAKARTA,JAKARTA UTARA,CILINCING,SUKAPURA,344,48,14,2,280,0,0,0,0,0,5,0,0,5,691,47,644,66,0,66,184,6,140,3,35,
3171031007,DKI JAKARTA,JAKARTA PUSAT,KEMAYORAN,SUMUR BATU,216,10,17,1,188,0,0,0,0,0,4,0,0,4,250,52,198,17,0,17,63,3,57,2,1,
3172021004,DKI JAKARTA,JAKARTA UTARA,TANJUNG PRIOK,SUNGAI BAMBU,178,4,23,0,151,0,0,0,0,0,6,0,0,6,387,55,332,29,0,29,59,5,47,4,3,
3172021006,DKI JAKARTA,JAKARTA UTARA,TANJUNG PRIOK,SUNTER AGUNG,574,18,59,1,496,1,0,0,0,1,18,0,0,18,1393,137,1256,59,0,59,294,19,234,14,27,
3172021002,DKI JAKARTA,JAKARTA UTARA,TANJUNG PRIOK,SUNTER JAYA,500,19,54,6,421,0,0,0,0,0,8,0,0,8,1013,114,899,145,0,145,255,6,217,15,17,
3175091004,DKI JAKARTA,JAKARTA TIMUR,CIRACAS,SUSUKAN,180,3,43,1,133,0,0,0,0,0,16,0,0,16,823,44,779,69,0,69,52,2,46,1,3,
3173031001,DKI JAKARTA,JAKARTA BARAT,TAMAN SARI,TAMAN SARI,146,8,13,0,125,1,1,0,0,0,0,0,0,0,229,10,219,10,0,10,64,3,38,2,21,
3173041001,DKI JAKARTA,JAKARTA BARAT,TAMBORA,TAMBORA,119,9,6,3,101,0,0,0,0,0,0,0,0,0,232,15,217,2,0,2,33,2,22,2,7,
3173041004,DKI JAKARTA,JAKARTA BARAT,TAMBORA,TANAH SEREAL,204,5,14,2,183,1,0,0,0,1,4,0,0,4,193,13,180,2,0,2,96,7,76,5,8,
3171081004,DKI JAKARTA,JAKARTA PUSAT,JOHAR BARU,TANAH TINGGI,269,5,14,3,247,1,0,0,0,1,2,0,0,2,584,60,524,31,0,31,207,5,174,15,13,
3173031004,DKI JAKARTA,JAKARTA BARAT,TAMAN SARI,TANGKI,144,4,27,1,112,0,0,0,0,0,3,0,1,2,209,18,191,2,0,2,42,9,23,1,9,
3174091005,DKI JAKARTA,JAKARTA SELATAN,JAGAKARSA,TANJUNG BARAT,364,7,14,1,342,1,0,0,0,1,1,0,0,1,281,70,211,11,0,11,74,2,58,3,11,
3173021005,DKI JAKARTA,JAKARTA BARAT,GROGOL PETAMBURAN,TANJUNG DUREN SELATAN,208,5,26,1,176,0,0,0,0,0,19,0,0,19,375,37,338,19,0,19,117,10,95,5,7,
3173021002,DKI JAKARTA,JAKARTA BARAT,GROGOL PETAMBURAN,TANJUNG DUREN UTARA,157,4,10,0,143,1,0,0,0,1,20,0,0,20,328,20,308,17,0,17,52,2,44,3,3,
3172021001,DKI JAKARTA,JAKARTA UTARA,TANJUNG PRIOK,TANJUNG PRIOK,258,10,30,6,212,0,0,0,0,0,9,0,0,9,499,58,441,42,0,42,171,2,154,6,9,
3174011002,DKI JAKARTA,JAKARTA SELATAN,TEBET,TEBET BARAT,188,12,14,0,162,1,0,0,0,1,8,0,0,8,421,40,381,19,0,19,179,4,130,3,42,
3174011001,DKI JAKARTA,JAKARTA SELATAN,TEBET,TEBET TIMUR,138,9,19,2,108,0,0,0,0,0,5,0,0,5,326,29,297,26,0,26,49,4,40,3,2,
3173061003,DKI JAKARTA,JAKARTA BARAT,KALI DERES,TEGAL ALUR,397,6,30,6,355,0,0,0,0,0,3,0,0,3,667,65,602,8,0,8,83,6,63,3,11,
3174031004,DKI JAKARTA,JAKARTA SELATAN,MAMPANG PRAPATAN,TEGAL PARANG,185,4,10,3,168,3,1,0,1,1,3,0,0,3,572,86,486,4,0,4,102,4,91,3,4,
3173021003,DKI JAKARTA,JAKARTA BARAT,GROGOL PETAMBURAN,TOMANG,264,5,24,2,233,0,0,0,0,0,14,0,0,14,458,29,429,71,0,71,143,3,132,2,6,
3172031005,DKI JAKARTA,JAKARTA UTARA,KOJA,TUGU SELATAN,261,8,7,1,245,0,0,0,0,0,1,0,0,1,293,32,261,60,0,60,95,5,68,3,19,
3172031002,DKI JAKARTA,JAKARTA UTARA,KOJA,TUGU UTARA,557,23,33,0,501,0,0,0,0,0,6,0,0,6,529,56,473,65,0,65,142,13,105,6,18,
3175061006,DKI JAKARTA,JAKARTA TIMUR,CAKUNG,UJUNG MENTENG,78,4,10,2,62,1,1,0,0,0,0,0,0,0,249,45,204,11,0,11,42,3,25,2,12,
3174101005,DKI JAKARTA,JAKARTA SELATAN,PESANGGRAHAN,ULUJAMI,381,6,17,2,356,0,0,0,0,0,0,0,0,0,848,18,830,25,0,25,101,3,89,3,6,
3175011006,DKI JAKARTA,JAKARTA TIMUR,MATRAMAN,UTAN KAYU SELATAN,302,13,17,8,264,1,1,0,0,0,1,0,0,1,498,43,455,79,0,79,116,1,102,5,8,
3175011002,DKI JAKARTA,JAKARTA TIMUR,MATRAMAN,UTAN KAYU UTARA,230,10,23,0,197,1,0,0,0,1,2,0,0,2,380,32,348,38,0,38,69,0,63,3,3,
3171031008,DKI JAKARTA,JAKARTA PUSAT,KEMAYORAN,UTAN PANJANG,235,6,20,2,207,0,0,0,0,0,2,0,0,2,229,35,194,18,0,18,78,4,65,6,3,
3172021007,DKI JAKARTA,JAKARTA UTARA,TANJUNG PRIOK,WARAKAS,228,5,33,2,188,0,0,0,0,0,9,0,0,9,553,73,480,43,0,43,116,5,104,3,4,
3173021007,DKI JAKARTA,JAKARTA BARAT,GROGOL PETAMBURAN,WIJAYA KUSUMA,243,4,18,2,219,0,0,0,0,0,6,0,0,6,567,43,524,18,0,18,101,4,82,3,12,
