id_kel,nama_provinsi,nama_kota,nama_kecamatan,nama_kelurahan,suspek,perawatan_rs,isolasi_di_rumah,suspek_meninggal,selesai_isolasi,probable,perawatan_rs,isolasi_di_rumah,probable_meninggal,selesai_isolasi,pelaku_perjalanan,perawatan_rs,isolasi_di_rumah,selesai_isolasi,kontak_erat,isolasi_di_rumah,selesai_isolasi,discarded,meninggal,selesai_isolasi,positif,dirawat,sembuh,meninggal,self_isolation,keterangan
3172051003,DKI JAKARTA,JAKARTA UTARA,PADEMANGAN,ANCOL,282,4,24,0,254,1,0,0,0,1,8,0,0,8,441,38,403,4,0,4,110,17,73,2,18,
3173041007,DKI JAKARTA,JAKARTA BARAT,TAMBORA,ANGKE,287,5,12,2,268,1,0,0,1,0,0,0,0,0,395,11,384,24,0,24,94,13,77,2,2,
3175041005,DKI JAKARTA,JAKARTA TIMUR,KRAMAT JATI,BALE KAMBANG,156,6,15,1,134,1,0,0,0,1,4,0,1,3,340,52,288,23,0,23,78,2,61,1,14,
3175031003,DKI JAKARTA,JAKARTA TIMUR,JATINEGARA,BALI MESTER,63,3,7,1,52,0,0,0,0,0,0,0,0,0,58,8,50,2,0,2,15,1,12,1,1,
3175101006,DKI JAKARTA,JAKARTA TIMUR,CIPAYUNG,BAMBU APUS,174,11,14,1,148,0,0,0,0,0,3,0,0,3,262,40,222,15,0,15,64,2,60,1,1,
3174031002,DKI JAKARTA,JAKARTA SELATAN,MAMPANG PRAPATAN,BANGKA,114,0,5,2,107,3,0,0,1,2,18,0,0,18,460,24,436,8,0,8,65,4,49,2,10,
3175051002,DKI JAKARTA,JAKARTA TIMUR,PASAR REBO,BARU,164,2,31,1,130,0,0,0,0,0,4,0,1,3,250,17,233,10,0,10,48,5,30,0,13,
3175041004,DKI JAKARTA,JAKARTA TIMUR,KRAMAT JATI,BATU AMPAR,267,7,38,1,221,2,1,0,0,1,2,0,1,1,550,75,475,25,0,25,70,2,63,3,2,
BELUM DIKETAHUI,BELUM DIKETAHUI,BELUM DIKETAHUI,BELUM DIKETAHUI,BELUM DIKETAHUI,10875,22,16,1690,9147,1454,0,0,1452,2,105,0,0,105,5382,92,5290,73,1,72,13761,2247,8212,282,3020,
3171071002,DKI JAKARTA,JAKARTA PUSAT,TANAH ABANG,BENDUNGAN HILIR,273,11,20,0,242,0,0,0,0,0,3,0,0,3,313,15,298,5,0,5,60,3,49,1,7,
3175031002,DKI JAKARTA,JAKARTA TIMUR,JATINEGARA,BIDARA CINA,195,6,23,3,163,0,0,0,0,0,1,0,0,1,233,28,205,23,0,23,126,3,105,8,10,
3174101002,DKI JAKARTA,JAKARTA SELATAN,PESANGGRAHAN,BINTARO,467,2,37,2,426,4,0,0,0,4,7,0,0,7,950,34,916,20,0,20,108,6,87,6,9,
3174011005,DKI JAKARTA,JAKARTA SELATAN,TEBET,BUKIT DURI,135,6,11,3,115,1,0,0,0,1,13,0,0,13,322,38,284,11,0,11,59,2,49,6,2,
3171041006,DKI JAKARTA,JAKARTA PUSAT,SENEN,BUNGUR,143,1,15,2,125,1,0,0,0,1,13,0,0,13,401,17,384,9,0,9,91,1,77,2,11,
3175061007,DKI JAKARTA,JAKARTA TIMUR,CAKUNG,CAKUNG BARAT,147,9,14,1,123,0,0,0,0,0,0,0,0,0,442,65,377,35,0,35,81,2,74,1,4,
3175061004,DKI JAKARTA,JAKARTA TIMUR,CAKUNG,CAKUNG TIMUR,173,14,19,2,138,2,1,0,1,0,3,0,0,3,445,84,361,26,0,26,71,8,57,1,5,
3175041007,DKI JAKARTA,JAKARTA TIMUR,KRAMAT JATI,CAWANG,160,5,24,0,131,1,0,0,0,1,4,0,0,4,366,39,327,13,0,13,78,10,55,2,11,
3175101008,DKI JAKARTA,JAKARTA TIMUR,CIPAYUNG,CEGER,115,4,11,0,100,0,0,0,0,0,0,0,0,0,120,30,90,8,0,8,18,4,14,0,0,
3171031006,DKI JAKARTA,JAKARTA PUSAT,KEMAYORAN,CEMPAKA BARU,362,23,36,2,301,1,1,0,0,0,7,0,0,7,407,89,318,29,0,29,196,5,159,9,23,
3171051002,DKI JAKARTA,JAKARTA PUSAT,CEMPAKA PUTIH,CEMPAKA PUTIH BARAT,593,9,23,2,559,1,1,0,0,0,9,0,0,9,1360,92,1268,41,0,41,299,9,251,9,30,
3171051001,DKI JAKARTA,JAKARTA PUSAT,CEMPAKA PUTIH,CEMPAKA PUTIH TIMUR,400,9,18,1,372,0,0,0,0,0,9,0,0,9,974,41,933,45,0,45,193,3,148,3,39,
3173011001,DKI JAKARTA,JAKARTA BARAT,CENGKARENG,CENGKARENG BARAT,285,6,42,1,236,0,0,0,0,0,5,0,0,5,709,55,654,9,0,9,110,13,76,4,17,
3173011006,DKI JAKARTA,JAKARTA BARAT,CENGKARENG,CENGKARENG TIMUR,406,8,55,7,336,1,0,0,0,1,3,0,0,3,890,113,777,14,0,14,215,13,156,7,39,
3175091002,DKI JAKARTA,JAKARTA TIMUR,CIRACAS,CIBUBUR,405,14,59,4,328,0,0,0,0,0,28,0,3,25,1352,75,1277,80,0,80,102,7,80,3,12,
3171011002,DKI JAKARTA,JAKARTA PUSAT,GAMBIR,CIDENG,183,3,13,2,165,0,0,0,0,0,8,0,0,8,360,59,301,11,0,11,85,5,65,5,10,
3174091003,DKI JAKARTA,JAKARTA SELATAN,JAGAKARSA,CIGANJUR,450,12,21,1,416,2,0,0,0,2,9,0,0,9,322,59,263,8,0,8,71,1,62,4,4,
3175051003,DKI JAKARTA,JAKARTA TIMUR,PASAR REBO,CIJANTUNG,350,15,34,3,298,0,0,0,0,0,1,0,0,1,346,50,296,4,0,4,96,6,69,3,18,
3171061003,DKI JAKARTA,JAKARTA PUSAT,MENTENG,CIKINI,90,4,12,0,74,0,0,0,0,0,0,0,0,0,146,20,126,11,0,11,23,0,16,2,5,
3174081006,DKI JAKARTA,JAKARTA SELATAN,PANCORAN,CIKOKO,125,1,19,0,105,0,0,0,0,0,10,0,0,10,199,6,193,0,0,0,33,1,28,1,3,
3174061001,DKI JAKARTA,JAKARTA SELATAN,CILANDAK,CILANDAK BARAT,409,22,44,5,338,0,0,0,0,0,92,0,0,92,644,89,555,36,0,36,109,2,85,4,18,
3174041003,DKI JAKARTA,JAKARTA SELATAN,PASAR MINGGU,CILANDAK TIMUR,178,34,9,1,134,3,2,0,0,1,17,0,0,17,265,27,238,74,0,74,124,8,92,4,20,
3175101002,DKI JAKARTA,JAKARTA TIMUR,CIPAYUNG,CILANGKAP,183,7,11,1,164,0,0,0,0,0,1,0,0,1,247,48,199,18,0,18,56,2,40,0,14,
3175041006,DKI JAKARTA,JAKARTA TIMUR,KRAMAT JATI,CILILITAN,165,6,13,1,145,0,0,0,0,0,4,0,1,3,475,51,424,41,0,41,100,5,79,2,14,
3172041001,DKI JAKARTA,JAKARTA UTARA,CILINCING,CILINCING,299,16,27,1,255,0,0,0,0,0,5,0,1,4,922,76,846,63,0,63,228,16,184,3,25,
3175101001,DKI JAKARTA,JAKARTA TIMUR,CIPAYUNG,CIPAYUNG,231,7,13,2,209,1,0,0,1,0,4,0,0,4,253,43,210,9,0,9,86,1,80,1,4,
3174091006,DKI JAKARTA,JAKARTA SELATAN,JAGAKARSA,CIPEDAK,370,21,16,0,333,2,0,0,0,2,0,0,0,0,248,54,194,5,0,5,52,4,38,0,10,
3174061005,DKI JAKARTA,JAKARTA SELATAN,CILANDAK,CIPETE SELATAN,148,10,6,1,131,1,1,0,0,0,44,0,0,44,247,36,211,5,0,5,33,1,24,4,4,
3174071010,DKI JAKARTA,JAKARTA SELATAN,KEBAYORAN BARU,CIPETE UTARA,324,9,73,3,239,0,0,0,0,0,9,0,0,9,315,27,288,5,0,5,50,3,39,3,5,
3175021003,DKI JAKARTA,JAKARTA TIMUR,PULO GADUNG,CIPINANG,145,8,11,2,124,0,0,0,0,0,3,0,0,3,566,106,460,27,0,27,147,9,103,5,30,
3175031007,DKI JAKARTA,JAKARTA TIMUR,JATINEGARA,CIPINANG BESAR SELATAN,134,8,11,2,113,1,0,0,0,1,1,0,0,1,226,51,175,9,0,9,49,3,39,1,6,
3175031008,DKI JAKARTA,JAKARTA TIMUR,JATINEGARA,CIPINANG BESAR UTARA,151,11,25,0,115,1,0,0,0,1,3,0,0,3,348,32,316,15,0,15,82,6,70,2,4,
3175031005,DKI JAKARTA,JAKARTA TIMUR,JATINEGARA,CIPINANG CEMPEDAK,138,4,14,2,118,0,0,0,0,0,2,0,0,2,197,44,153,9,0,9,38,0,35,1,2,
3175081005,DKI JAKARTA,JAKARTA TIMUR,MAKASAR,CIPINANG MELAYU,177,4,40,2,131,1,0,0,0,1,2,0,0,2,428,89,339,15,0,15,83,1,74,5,3,
3175031006,DKI JAKARTA,JAKARTA TIMUR,JATINEGARA,CIPINANG MUARA,201,6,26,1,168,4,0,0,0,4,4,0,0,4,418,67,351,22,0,22,104,5,81,2,16,
3174051003,DKI JAKARTA,JAKARTA SELATAN,KEBAYORAN LAMA,CIPULIR,167,8,13,4,142,4,2,0,0,2,6,0,0,6,407,18,389,5,0,5,96,2,84,4,6,
3175091001,DKI JAKARTA,JAKARTA TIMUR,CIRACAS,CIRACAS,401,15,44,9,333,1,0,0,0,1,22,0,0,22,1088,100,988,42,0,42,134,11,96,5,22,
3175041003,DKI JAKARTA,JAKARTA TIMUR,KRAMAT JATI,DUKUH,130,5,6,1,118,0,0,0,0,0,1,0,0,1,336,40,296,13,0,13,45,1,38,0,6,
3175071001,DKI JAKARTA,JAKARTA TIMUR,DUREN SAWIT,DUREN SAWIT,568,17,39,3,509,12,2,0,0,10,2,0,0,2,555,78,477,17,0,17,271,18,185,8,60,
3174081004,DKI JAKARTA,JAKARTA SELATAN,PANCORAN,DUREN TIGA,228,8,16,0,204,0,0,0,0,0,3,0,0,3,365,18,347,2,0,2,47,5,31,0,11,
3173051005,DKI JAKARTA,JAKARTA BARAT,KEBON JERUK,DURI KEPA,246,8,28,2,208,3,0,0,0,3,12,0,0,12,747,77,670,65,0,65,166,9,140,7,10,
3173011002,DKI JAKARTA,JAKARTA BARAT,CENGKARENG,DURI KOSAMBI,283,11,33,3,236,0,0,0,0,0,4,0,0,4,543,63,480,10,0,10,104,5,79,3,17,
3171011006,DKI JAKARTA,JAKARTA PUSAT,GAMBIR,DURI PULO,104,4,3,3,94,0,0,0,0,0,0,0,0,0,236,44,192,7,0,7,70,5,51,2,12,
3173041011,DKI JAKARTA,JAKARTA BARAT,TAMBORA,DURI SELATAN,93,6,6,1,80,0,0,0,0,0,2,0,0,2,101,11,90,3,0,3,45,4,35,2,4,
3173041003,DKI JAKARTA,JAKARTA BARAT,TAMBORA,DURI UTARA,124,3,22,2,97,0,0,0,0,0,1,0,0,1,153,20,133,2,0,2,62,9,40,3,10,
3171081003,DKI JAKARTA,JAKARTA PUSAT,JOHAR BARU,GALUR,123,7,8,0,108,1,0,0,0,1,2,0,0,2,284,12,272,43,0,43,117,5,86,8,18,
3171011001,DKI JAKARTA,JAKARTA PUSAT,GAMBIR,GAMBIR,58,3,6,0,49,0,0,0,0,0,17,0,0,17,215,24,191,6,0,6,74,3,53,0,18,
3174061004,DKI JAKARTA,JAKARTA SELATAN,CILANDAK,GANDARIA SELATAN,117,6,6,0,105,2,0,0,0,2,20,0,0,20,414,41,373,2,0,2,69,2,51,3,13,
3174071009,DKI JAKARTA,JAKARTA SELATAN,KEBAYORAN BARU,GANDARIA UTARA,253,14,28,2,209,0,0,0,0,0,3,0,0,3,412,30,382,1,0,1,74,9,58,2,5,
3175051001,DKI JAKARTA,JAKARTA TIMUR,PASAR REBO,GEDONG,460,12,29,0,419,0,0,0,0,0,3,0,1,2,210,22,188,22,0,22,95,4,86,0,5,
3171071001,DKI JAKARTA,JAKARTA PUSAT,TANAH ABANG,GELORA,37,1,0,1,35,0,0,0,0,0,5,0,0,5,74,5,69,0,0,0,50,0,45,2,3,
3173031007,DKI JAKARTA,JAKARTA BARAT,TAMAN SARI,GLODOK,61,3,12,0,46,0,0,0,0,0,0,0,0,0,104,16,88,0,0,0,11,2,7,1,1,
3171061004,DKI JAKARTA,JAKARTA PUSAT,MENTENG,GONDANGDIA,37,1,2,1,33,0,0,0,0,0,4,0,0,4,86,8,78,7,0,7,36,1,22,3,10,
3173021001,DKI JAKARTA,JAKARTA BARAT,GROGOL PETAMBURAN,GROGOL,211,7,24,4,176,1,0,0,0,1,39,0,0,39,503,40,463,31,0,31,84,7,65,0,12,
3174051005,DKI JAKARTA,JAKARTA SELATAN,KEBAYORAN LAMA,GROGOL SELATAN,193,5,22,5,161,0,0,0,0,0,12,0,0,12,438,18,420,4,0,4,91,7,72,5,7,
3174051004,DKI JAKARTA,JAKARTA SELATAN,KEBAYORAN LAMA,GROGOL UTARA,218,8,31,4,175,0,0,0,0,0,24,0,0,24,442,33,409,13,0,13,128,2,109,3,14,
3174021007,DKI JAKARTA,JAKARTA SELATAN,SETIA BUDI,GUNTUR,40,0,7,0,33,0,0,0,0,0,1,0,0,1,116,38,78,1,0,1,15,2,13,0,0,
3174071002,DKI JAKARTA,JAKARTA SELATAN,KEBAYORAN BARU,GUNUNG,129,3,70,3,53,0,0,0,0,0,7,0,0,7,245,32,213,0,0,0,28,1,14,2,11,
3171031005,DKI JAKARTA,JAKARTA PUSAT,KEMAYORAN,GUNUNG SAHARI SELATAN,183,3,20,1,159,0,0,0,0,0,2,0,0,2,246,33,213,1,0,1,66,3,46,3,14,
3171021004,DKI JAKARTA,JAKARTA PUSAT,SAWAH BESAR,GUNUNG SAHARI UTARA,162,4,15,1,142,0,0,0,0,0,5,0,0,5,342,56,286,8,0,8,53,1,34,5,13,
3175081004,DKI JAKARTA,JAKARTA TIMUR,MAKASAR,HALIM PERDANA KUSUMAH,125,11,15,2,97,0,0,0,0,0,4,0,2,2,294,27,267,9,0,9,130,8,93,3,26,
3171031003,DKI JAKARTA,JAKARTA PUSAT,KEMAYORAN,HARAPAN MULIA,221,11,20,3,187,0,0,0,0,0,6,0,0,6,286,34,252,26,0,26,129,2,117,7,3,
3174091001,DKI JAKARTA,JAKARTA SELATAN,JAGAKARSA,JAGAKARSA,563,20,23,2,518,3,1,0,0,2,7,0,0,7,538,92,446,11,0,11,153,6,138,3,6,
3175021007,DKI JAKARTA,JAKARTA TIMUR,PULO GADUNG,JATI,197,7,54,1,135,0,0,0,0,0,6,0,0,6,598,71,527,23,0,23,121,11,90,0,20,
3174041002,DKI JAKARTA,JAKARTA SELATAN,PASAR MINGGU,JATI PADANG,208,11,19,2,176,0,0,0,0,0,3,0,1,2,395,36,359,59,0,59,55,3,44,3,5,
3173071004,DKI JAKARTA,JAKARTA BARAT,PALMERAH,JATI PULO,283,3,21,4,255,0,0,0,0,0,3,0,0,3,506,55,451,60,0,60,144,6,131,2,5,
3175061001,DKI JAKARTA,JAKARTA TIMUR,CAKUNG,JATINEGARA,259,12,24,3,220,0,0,0,0,0,2,0,0,2,723,150,573,32,0,32,137,6,96,6,29,
3175021004,DKI JAKARTA,JAKARTA TIMUR,PULO GADUNG,JATINEGARA KAUM,47,3,3,0,41,1,0,0,1,0,3,0,0,3,183,44,139,6,0,6,16,0,14,0,2,
3173021004,DKI JAKARTA,JAKARTA BARAT,GROGOL PETAMBURAN,JELAMBAR,210,7,21,5,177,2,0,0,0,2,24,0,0,24,514,38,476,7,0,7,95,7,77,4,7,
3173021006,DKI JAKARTA,JAKARTA BARAT,GROGOL PETAMBURAN,JELAMBAR BARU,248,4,11,2,231,1,0,0,0,1,4,0,0,4,430,14,416,17,0,17,47,2,36,3,6,
3173041006,DKI JAKARTA,JAKARTA BARAT,TAMBORA,JEMBATAN BESI,428,10,19,1,398,0,0,0,0,0,4,0,0,4,402,18,384,7,0,7,141,4,125,6,6,
3173041008,DKI JAKARTA,JAKARTA BARAT,TAMBORA,JEMBATAN LIMA,121,5,3,0,113,0,0,0,0,0,0,0,0,0,158,21,137,1,0,1,38,2,26,2,8,
3173081005,DKI JAKARTA,JAKARTA BARAT,KEMBANGAN,JOGLO,180,9,24,4,143,0,0,0,0,0,4,0,0,4,331,37,294,12,0,12,62,4,54,1,3,
3171081001,DKI JAKARTA,JAKARTA PUSAT,JOHAR BARU,JOHAR BARU,376,15,33,3,325,1,1,0,0,0,3,0,0,3,1062,105,957,92,0,92,255,9,226,11,9,
3173041002,DKI JAKARTA,JAKARTA BARAT,TAMBORA,KALI ANYAR,260,5,45,0,210,0,0,0,0,0,3,0,0,3,282,15,267,9,0,9,103,4,73,4,22,
3172041004,DKI JAKARTA,JAKARTA UTARA,CILINCING,KALI BARU,253,29,22,5,197,0,0,0,0,0,4,0,0,4,515,29,486,33,0,33,172,8,122,6,36,
3174081002,DKI JAKARTA,JAKARTA SELATAN,PANCORAN,KALIBATA,313,8,32,3,270,3,1,0,0,2,8,0,0,8,471,56,415,11,0,11,138,6,111,1,20,
3173061001,DKI JAKARTA,JAKARTA BARAT,KALI DERES,KALIDERES,626,17,61,4,544,1,1,0,0,0,5,0,0,5,1530,98,1432,28,0,28,145,12,111,4,18,
3175051004,DKI JAKARTA,JAKARTA TIMUR,PASAR REBO,KALISARI,526,4,40,0,482,0,0,0,0,0,2,0,0,2,265,26,239,7,0,7,78,3,71,3,1,
3173061004,DKI JAKARTA,JAKARTA BARAT,KALI DERES,KAMAL,228,3,24,3,198,0,0,0,0,0,1,0,0,1,375,17,358,3,0,3,19,0,14,2,3,
3172011002,DKI JAKARTA,JAKARTA UTARA,PENJARINGAN,KAMAL MUARA,51,1,2,0,48,0,0,0,0,0,4,0,0,4,85,16,69,0,0,0,26,1,20,1,4,
3171071007,DKI JAKARTA,JAKARTA PUSAT,TANAH ABANG,KAMPUNG BALI,107,6,9,2,90,1,0,0,0,1,2,0,0,2,131,10,121,2,0,2,29,4,23,2,0,
3175031001,DKI JAKARTA,JAKARTA TIMUR,JATINEGARA,KAMPUNG MELAYU,119,14,16,5,84,1,0,0,0,1,4,0,0,4,147,36,111,4,0,4,96,3,85,3,5,
3171081002,DKI JAKARTA,JAKARTA PUSAT,JOHAR BARU,KAMPUNG RAWA,199,4,15,0,180,1,0,0,0,1,0,0,0,0,457,31,426,63,0,63,145,4,121,13,7,
3175041002,DKI JAKARTA,JAKARTA TIMUR,KRAMAT JATI,KAMPUNG TENGAH,342,11,37,1,293,1,0,0,0,1,8,0,1,7,774,78,696,48,0,48,165,9,133,9,14,
3173011005,DKI JAKARTA,JAKARTA BARAT,CENGKARENG,KAPUK,387,20,53,16,298,0,0,0,0,0,9,0,2,7,820,105,715,11,0,11,144,12,85,7,40,
3172011003,DKI JAKARTA,JAKARTA UTARA,PENJARINGAN,KAPUK MUARA,120,8,2,0,110,0,0,0,0,0,9,0,0,9,289,77,212,17,0,17,75,8,60,4,3,
3171021002,DKI JAKARTA,JAKARTA PUSAT,SAWAH BESAR,KARANG ANYAR,321,9,16,5,291,1,0,0,0,1,4,0,0,4,629,53,576,8,0,8,98,7,78,5,8,
3174021004,DKI JAKARTA,JAKARTA SELATAN,SETIA BUDI,KARET,89,4,6,0,79,0,0,0,0,0,10,0,0,10,275,26,249,4,0,4,40,3,36,0,1,
3174021003,DKI JAKARTA,JAKARTA SELATAN,SETIA BUDI,KARET KUNINGAN,130,4,18,1,107,0,0,0,0,0,21,0,0,21,240,22,218,4,0,4,42,5,27,2,8,
3174021002,DKI JAKARTA,JAKARTA SELATAN,SETIA BUDI,KARET SEMANGGI,41,0,1,1,39,0,0,0,0,0,3,0,0,3,63,17,46,0,0,0,11,2,6,2,1,
3171071003,DKI JAKARTA,JAKARTA PUSAT,TANAH ABANG,KARET TENGSIN,173,3,3,0,167,0,0,0,0,0,7,0,0,7,202,26,176,0,0,0,47,6,36,1,4,
3171021003,DKI JAKARTA,JAKARTA PUSAT,SAWAH BESAR,KARTINI,220,2,8,1,209,1,0,0,0,1,0,0,0,0,455,42,413,15,0,15,111,3,98,3,7,
3175011003,DKI JAKARTA,JAKARTA TIMUR,MATRAMAN,KAYU MANIS,184,9,12,0,163,1,0,0,0,1,0,0,0,0,451,50,401,22,0,22,77,2,64,4,7,
3175021006,DKI JAKARTA,JAKARTA TIMUR,PULO GADUNG,KAYU PUTIH,265,6,17,4,238,1,0,0,1,0,11,0,0,11,752,62,690,23,0,23,139,1,122,5,11,
3173031006,DKI JAKARTA,JAKARTA BARAT,TAMAN SARI,KEAGUNGAN,182,3,31,0,148,0,0,0,0,0,2,0,0,2,318,32,286,9,0,9,73,6,49,1,17,
3174041007,DKI JAKARTA,JAKARTA SELATAN,PASAR MINGGU,KEBAGUSAN,232,9,17,1,205,1,0,0,0,1,1,0,0,1,431,39,392,23,0,23,58,0,58,0,0,
3174051006,DKI JAKARTA,JAKARTA SELATAN,KEBAYORAN LAMA,KEBAYORAN LAMA SELATAN,311,17,15,0,279,4,1,0,0,3,1,0,0,1,627,21,606,10,0,10,94,4,82,4,4,
3174051001,DKI JAKARTA,JAKARTA SELATAN,KEBAYORAN LAMA,KEBAYORAN LAMA UTARA,193,2,17,1,173,0,0,0,0,0,15,0,0,15,362,15,347,2,0,2,65,0,53,3,9,
3174011004,DKI JAKARTA,JAKARTA SELATAN,TEBET,KEBON BARU,157,4,30,2,121,0,0,0,0,0,15,0,0,15,418,48,370,16,0,16,54,1,46,0,7,
3172021005,DKI JAKARTA,JAKARTA UTARA,TANJUNG PRIOK,KEBON BAWANG,408,16,52,1,339,0,0,0,0,0,13,0,0,13,749,84,665,52,0,52,227,7,203,2,15,
3173051001,DKI JAKARTA,JAKARTA BARAT,KEBON JERUK,KEBON JERUK,337,13,34,6,284,0,0,0,0,0,13,0,0,13,1102,86,1016,53,0,53,194,14,138,11,31,
3171071006,DKI JAKARTA,JAKARTA PUSAT,TANAH ABANG,KEBON KACANG,360,11,12,1,336,0,0,0,0,0,0,0,0,0,328,15,313,3,0,3,207,2,179,9,17,
3171011005,DKI JAKARTA,JAKARTA PUSAT,GAMBIR,KEBON KELAPA,89,2,5,1,81,1,1,0,0,0,1,0,0,1,148,16,132,0,0,0,24,0,23,1,0,
3171031002,DKI JAKARTA,JAKARTA PUSAT,KEMAYORAN,KEBON KOSONG,232,3,21,5,203,0,0,0,0,0,7,0,0,7,276,21,255,27,0,27,121,0,111,6,4,
3175011005,DKI JAKARTA,JAKARTA TIMUR,MATRAMAN,KEBON MANGGIS,105,4,8,4,89,0,0,0,0,0,1,0,0,1,136,20,116,18,0,18,85,5,72,2,6,
3171071005,DKI JAKARTA,JAKARTA PUSAT,TANAH ABANG,KEBON MELATI,359,11,22,3,323,0,0,0,0,0,5,0,0,5,350,24,326,6,0,6,169,6,125,7,31,
3175081003,DKI JAKARTA,JAKARTA TIMUR,MAKASAR,KEBON PALA,145,14,12,1,118,0,0,0,0,0,4,0,0,4,560,85,475,13,0,13,98,1,88,1,8,
3171061005,DKI JAKARTA,JAKARTA PUSAT,MENTENG,KEBON SIRIH,97,2,9,2,84,0,0,0,0,0,2,0,0,2,233,8,225,12,0,12,67,2,46,2,17,
3173011004,DKI JAKARTA,JAKARTA BARAT,CENGKARENG,KEDAUNG KALI ANGKE,202,5,24,0,173,0,0,0,0,0,1,0,0,1,246,34,212,5,0,5,111,2,80,2,27,
3173051007,DKI JAKARTA,JAKARTA BARAT,KEBON JERUK,KEDOYA SELATAN,164,14,17,5,128,2,0,0,0,2,4,0,0,4,351,36,315,16,0,16,63,6,43,3,11,
3173051006,DKI JAKARTA,JAKARTA BARAT,KEBON JERUK,KEDOYA UTARA,142,11,14,2,115,1,0,0,0,1,15,0,0,15,477,68,409,18,0,18,83,4,53,1,25,
3173051004,DKI JAKARTA,JAKARTA BARAT,KEBON JERUK,KELAPA DUA,98,6,14,0,78,0,0,0,0,0,5,0,0,5,273,28,245,18,0,18,50,3,44,2,1,
3175091003,DKI JAKARTA,JAKARTA TIMUR,CIRACAS,KELAPA DUA WETAN,299,6,33,1,259,0,0,0,0,0,7,0,0,7,746,46,700,33,0,33,86,4,62,2,18,
3172061003,DKI JAKARTA,JAKARTA UTARA,KELAPA GADING,KELAPA GADING BARAT,532,20,72,2,438,1,1,0,0,0,44,0,1,43,921,104,817,44,0,44,206,18,129,5,54,
3172061001,DKI JAKARTA,JAKARTA UTARA,KELAPA GADING,KELAPA GADING TIMUR,456,9,30,2,415,0,0,0,0,0,18,0,0,18,890,89,801,32,0,32,110,5,87,8,10,
3173071005,DKI JAKARTA,JAKARTA BARAT,PALMERAH,KEMANGGISAN,318,7,42,6,263,0,0,0,0,0,7,0,0,7,553,60,493,48,0,48,120,10,95,5,10,
3171031001,DKI JAKARTA,JAKARTA PUSAT,KEMAYORAN,KEMAYORAN,251,8,25,3,215,0,0,0,0,0,0,0,0,0,364,42,322,20,0,20,150,5,127,5,13,
3173081006,DKI JAKARTA,JAKARTA BARAT,KEMBANGAN,KEMBANGAN SELATAN,125,9,24,1,91,0,0,0,0,0,5,0,0,5,348,32,316,52,0,52,77,9,57,2,9,
3173081001,DKI JAKARTA,JAKARTA BARAT,KEMBANGAN,KEMBANGAN UTARA,237,14,27,3,193,1,0,0,1,0,2,0,0,2,998,73,925,10,0,10,91,6,74,3,8,
3171041002,DKI JAKARTA,JAKARTA PUSAT,SENEN,KENARI,138,5,7,1,125,0,0,0,0,0,0,0,0,0,338,38,300,44,0,44,137,1,133,2,1,
3173041005,DKI JAKARTA,JAKARTA BARAT,TAMBORA,KERENDANG,178,3,18,2,155,1,0,0,0,1,0,0,0,0,145,18,127,3,0,3,78,9,57,6,6,
3175071003,DKI JAKARTA,JAKARTA TIMUR,DUREN SAWIT,KLENDER,406,8,25,2,371,2,0,0,0,2,3,0,0,3,542,86,456,17,0,17,153,6,126,9,12,
3172031001,DKI JAKARTA,JAKARTA UTARA,KOJA,KOJA,212,4,16,0,192,0,0,0,0,0,4,0,0,4,331,40,291,26,0,26,144,7,114,4,19,
3173071006,DKI JAKARTA,JAKARTA BARAT,PALMERAH,KOTA BAMBU SELATAN,294,7,25,5,257,0,0,0,0,0,1,0,0,1,659,36,623,71,0,71,166,6,155,4,1,
3173071003,DKI JAKARTA,JAKARTA BARAT,PALMERAH,KOTA BAMBU UTARA,250,4,14,11,221,0,0,0,0,0,3,0,1,2,413,25,388,52,0,52,150,5,138,6,1,
3171041004,DKI JAKARTA,JAKARTA PUSAT,SENEN,KRAMAT,284,5,23,5,251,0,0,0,0,0,4,0,0,4,704,60,644,30,0,30,187,0,173,9,5,
3175041001,DKI JAKARTA,JAKARTA TIMUR,KRAMAT JATI,KRAMAT JATI,199,4,25,1,169,0,0,0,0,0,9,0,1,8,441,72,369,21,0,21,101,8,67,5,21,
3174071003,DKI JAKARTA,JAKARTA SELATAN,KEBAYORAN BARU,KRAMAT PELA,78,2,12,0,64,0,0,0,0,0,0,0,0,0,405,18,387,4,0,4,84,2,71,0,11,
3173031002,DKI JAKARTA,JAKARTA BARAT,TAMAN SARI,KRUKUT,126,6,30,6,84,0,0,0,0,0,3,0,0,3,256,31,225,9,0,9,54,7,37,3,7,
3174031005,DKI JAKARTA,JAKARTA SELATAN,MAMPANG PRAPATAN,KUNINGAN BARAT,69,3,5,1,60,0,0,0,0,0,0,0,0,0,293,4,289,5,0,5,28,0,11,0,17,
3174021008,DKI JAKARTA,JAKARTA SELATAN,SETIA BUDI,KUNINGAN TIMUR,80,1,5,1,73,1,0,0,0,1,20,0,0,20,98,16,82,1,0,1,28,1,15,2,10,
3171041005,DKI JAKARTA,JAKARTA PUSAT,SENEN,KWITANG,183,5,10,0,168,1,0,0,0,1,2,0,0,2,341,23,318,7,0,7,71,1,48,4,18,
3172031003,DKI JAKARTA,JAKARTA UTARA,KOJA,LAGOA,393,17,21,1,354,0,0,0,0,0,4,0,0,4,444,73,371,43,0,43,318,4,294,7,13,
3174061002,DKI JAKARTA,JAKARTA SELATAN,CILANDAK,LEBAK BULUS,197,10,14,2,171,3,0,0,0,3,27,0,0,27,376,63,313,20,0,20,83,2,60,7,14,
3174091004,DKI JAKARTA,JAKARTA SELATAN,JAGAKARSA,LENTENG AGUNG,410,8,12,0,390,2,1,0,0,1,6,0,0,6,326,76,250,9,0,9,83,1,59,0,23,
LUAR DKI JAKARTA,LUAR DKI JAKARTA,LUAR DKI JAKARTA,LUAR DKI JAKARTA,LUAR DKI JAKARTA,14778,276,832,98,13572,33,4,0,0,29,445,0,19,426,19549,1621,17928,987,0,987,5220,359,4496,100,265,
3175101007,DKI JAKARTA,JAKARTA TIMUR,CIPAYUNG,LUBANG BUAYA,364,11,74,3,276,1,1,0,0,0,4,0,1,3,432,51,381,26,0,26,111,8,74,1,28,
3175081001,DKI JAKARTA,JAKARTA TIMUR,MAKASAR,MAKASAR,142,2,20,1,119,0,0,0,0,0,7,0,0,7,611,87,524,18,0,18,59,6,44,0,9,
3175071006,DKI JAKARTA,JAKARTA TIMUR,DUREN SAWIT,MALAKA JAYA,226,5,12,2,207,1,0,0,0,1,2,0,0,2,337,55,282,10,0,10,69,2,64,0,3,
3175071005,DKI JAKARTA,JAKARTA TIMUR,DUREN SAWIT,MALAKA SARI,198,10,11,1,176,0,0,0,0,0,0,0,0,0,249,36,213,8,0,8,64,1,54,3,6,
3174031001,DKI JAKARTA,JAKARTA SELATAN,MAMPANG PRAPATAN,MAMPANG PRAPATAN,168,9,13,2,144,0,0,0,0,0,0,0,0,0,698,75,623,9,0,9,114,5,96,5,8,
3173031005,DKI JAKARTA,JAKARTA BARAT,TAMAN SARI,MANGGA BESAR,74,0,9,1,64,0,0,0,0,0,0,0,0,0,121,11,110,3,0,3,19,3,14,1,1,
3171021005,DKI JAKARTA,JAKARTA PUSAT,SAWAH BESAR,MANGGA DUA SELATAN,201,8,11,1,181,1,0,0,0,1,1,0,0,1,591,124,467,9,0,9,91,13,56,2,20,
3174011007,DKI JAKARTA,JAKARTA SELATAN,TEBET,MANGGARAI,199,12,38,0,149,2,2,0,0,0,4,0,0,4,339,40,299,19,0,19,59,3,43,1,12,
3174011006,DKI JAKARTA,JAKARTA SELATAN,TEBET,MANGGARAI SELATAN,121,6,14,2,99,0,0,0,0,0,6,0,0,6,343,17,326,18,0,18,45,1,41,2,1,
3173031003,DKI JAKARTA,JAKARTA BARAT,TAMAN SARI,MAPHAR,127,0,11,1,115,0,0,0,0,0,6,0,0,6,257,29,228,36,0,36,126,5,120,0,1,
3172041003,DKI JAKARTA,JAKARTA UTARA,CILINCING,MARUNDA,172,11,12,0,149,1,1,0,0,0,0,0,0,0,277,30,247,12,0,12,51,1,47,1,2,
3174071001,DKI JAKARTA,JAKARTA SELATAN,KEBAYORAN BARU,MELAWAI,38,1,8,0,29,0,0,0,0,0,1,0,0,1,45,2,43,0,0,0,7,0,6,0,1,
3171061001,DKI JAKARTA,JAKARTA PUSAT,MENTENG,MENTENG,213,9,25,2,177,1,0,0,0,1,1,0,0,1,528,56,472,24,0,24,126,8,88,6,24,
3174021005,DKI JAKARTA,JAKARTA SELATAN,SETIA BUDI,MENTENG ATAS,215,7,26,3,179,0,0,0,0,0,45,0,0,45,896,60,836,31,0,31,110,0,92,2,16,
3174011003,DKI JAKARTA,JAKARTA SELATAN,TEBET,MENTENG DALAM,246,5,26,4,211,2,1,0,0,1,13,0,1,12,481,63,418,38,0,38,85,5,66,6,8,
3173081003,DKI JAKARTA,JAKARTA BARAT,KEMBANGAN,MERUYA SELATAN,150,1,27,1,121,0,0,0,0,0,2,0,0,2,354,47,307,14,0,14,71,9,43,3,16,
3173081002,DKI JAKARTA,JAKARTA BARAT,KEMBANGAN,MERUYA UTARA,218,6,39,6,167,0,0,0,0,0,6,0,0,6,509,66,443,10,0,10,80,8,66,1,5,
3175101004,DKI JAKARTA,JAKARTA TIMUR,CIPAYUNG,MUNJUL,142,9,13,0,120,0,0,0,0,0,2,0,0,2,173,27,146,23,0,23,39,3,36,0,0,
3172051002,DKI JAKARTA,JAKARTA UTARA,PADEMANGAN,PADEMANGAN BARAT,1270,15,93,5,1157,3,0,0,0,3,10,0,0,10,2043,120,1923,24,0,24,465,20,404,18,23,
3172051001,DKI JAKARTA,JAKARTA UTARA,PADEMANGAN,PADEMANGAN TIMUR,383,7,52,3,321,1,0,0,0,1,13,0,0,13,629,47,582,12,0,12,113,5,84,3,21,
3175011004,DKI JAKARTA,JAKARTA TIMUR,MATRAMAN,PAL MERIAM,155,2,4,2,147,1,0,0,0,1,2,0,0,2,423,45,378,58,0,58,106,1,83,6,16,
3173071001,DKI JAKARTA,JAKARTA BARAT,PALMERAH,PALMERAH,638,8,45,2,583,0,0,0,0,0,1,0,0,1,1152,94,1058,65,0,65,216,15,179,11,11,
3174081001,DKI JAKARTA,JAKARTA SELATAN,PANCORAN,PANCORAN,234,13,29,0,192,1,0,0,0,1,8,0,0,8,420,54,366,6,0,6,128,5,108,3,12,
3172021003,DKI JAKARTA,JAKARTA UTARA,TANJUNG PRIOK,PAPANGGO,226,4,20,0,202,1,0,0,0,1,5,0,0,5,569,40,529,47,0,47,126,3,97,2,24,
3171021001,DKI JAKARTA,JAKARTA PUSAT,SAWAH BESAR,PASAR BARU,141,2,11,2,126,1,0,0,0,1,4,0,0,4,335,53,282,6,0,6,61,0,60,0,1,
3174021006,DKI JAKARTA,JAKARTA SELATAN,SETIA BUDI,PASAR MANGGIS,147,9,11,3,124,1,0,0,0,1,26,0,0,26,635,74,561,15,0,15,82,1,67,4,10,
3174041001,DKI JAKARTA,JAKARTA SELATAN,PASAR MINGGU,PASAR MINGGU,222,11,13,1,197,1,0,0,0,1,5,0,0,5,372,34,338,6,0,6,101,3,91,2,5,
3171041003,DKI JAKARTA,JAKARTA PUSAT,SENEN,PASEBAN,303,6,20,1,276,0,0,0,0,0,4,0,0,4,566,82,484,59,0,59,147,5,125,7,10,
3173061005,DKI JAKARTA,JAKARTA BARAT,KALI DERES,PEGADUNGAN,473,7,51,7,408,0,0,0,0,0,10,0,0,10,944,42,902,16,0,16,106,4,92,3,7,
3171061002,DKI JAKARTA,JAKARTA PUSAT,MENTENG,PEGANGSAAN,246,10,47,2,187,1,1,0,0,0,0,0,0,0,677,108,569,48,0,48,209,2,176,2,29,
3172061002,DKI JAKARTA,JAKARTA UTARA,KELAPA GADING,PEGANGSAAN DUA,536,21,43,1,471,0,0,0,0,0,41,0,0,41,1213,113,1100,81,0,81,184,6,122,5,51,
3172011004,DKI JAKARTA,JAKARTA UTARA,PENJARINGAN,PEJAGALAN,252,16,23,2,211,1,0,0,0,1,7,0,0,7,537,60,477,25,0,25,97,11,74,3,9,
3174041006,DKI JAKARTA,JAKARTA SELATAN,PASAR MINGGU,PEJATEN BARAT,218,6,21,2,189,5,0,0,0,5,1,0,0,1,462,27,435,63,0,63,79,1,62,2,14,
3174041005,DKI JAKARTA,JAKARTA SELATAN,PASAR MINGGU,PEJATEN TIMUR,263,2,19,1,241,3,0,0,0,3,2,0,1,1,409,28,381,33,0,33,83,3,75,5,0,
3175051005,DKI JAKARTA,JAKARTA TIMUR,PASAR REBO,PEKAYON,467,8,36,1,422,0,0,0,0,0,3,0,0,3,185,30,155,9,0,9,53,3,38,2,10,
3173041009,DKI JAKARTA,JAKARTA BARAT,TAMBORA,PEKOJAN,195,5,13,2,175,0,0,0,0,0,2,0,0,2,175,15,160,16,0,16,64,6,39,2,17,
3174031003,DKI JAKARTA,JAKARTA SELATAN,MAMPANG PRAPATAN,PELA MAMPANG,213,8,7,2,196,4,0,0,0,4,13,0,0,13,808,100,708,5,0,5,104,4,73,4,23,
3174081005,DKI JAKARTA,JAKARTA SELATAN,PANCORAN,PENGADEGAN,132,4,5,2,121,0,0,0,0,0,7,0,0,7,283,25,258,7,0,7,46,1,40,0,5,
3175061003,DKI JAKARTA,JAKARTA TIMUR,CAKUNG,PENGGILINGAN,337,12,56,1,268,1,0,0,0,1,5,0,1,4,930,155,775,67,0,67,198,8,162,6,22,
3172011001,DKI JAKARTA,JAKARTA UTARA,PENJARINGAN,PENJARINGAN,539,23,16,4,496,1,0,0,0,1,22,0,0,22,2275,135,2140,116,0,116,308,10,274,10,14,
3174101001,DKI JAKARTA,JAKARTA SELATAN,PESANGGRAHAN,PESANGGRAHAN,253,6,13,4,230,1,0,0,0,1,0,0,0,0,479,19,460,18,0,18,50,0,39,3,8,
3171071004,DKI JAKARTA,JAKARTA PUSAT,TANAH ABANG,PETAMBURAN,453,6,41,7,399,0,0,0,0,0,7,0,0,7,317,28,289,5,0,5,237,12,177,11,37,
3174071008,DKI JAKARTA,JAKARTA SELATAN,KEBAYORAN BARU,PETOGOGAN,91,5,3,0,83,0,0,0,0,0,2,0,0,2,190,5,185,0,0,0,23,1,19,0,3,
3171011004,DKI JAKARTA,JAKARTA PUSAT,GAMBIR,PETOJO SELATAN,143,7,7,1,128,0,0,0,0,0,22,0,0,22,459,65,394,14,0,14,109,19,75,6,9,
3171011003,DKI JAKARTA,JAKARTA PUSAT,GAMBIR,PETOJO UTARA,114,4,13,3,94,1,0,0,0,1,11,0,0,11,258,26,232,25,0,25,68,2,52,2,12,
3174101004,DKI JAKARTA,JAKARTA SELATAN,PESANGGRAHAN,PETUKANGAN SELATAN,228,4,17,2,205,0,0,0,0,0,1,0,0,1,503,31,472,7,0,7,32,2,19,1,10,
3174101003,DKI JAKARTA,JAKARTA SELATAN,PESANGGRAHAN,PETUKANGAN UTARA,312,9,21,4,278,1,0,0,0,1,5,0,0,5,1131,29,1102,8,0,8,72,6,57,2,7,
3175081002,DKI JAKARTA,JAKARTA TIMUR,MAKASAR,PINANG RANTI,110,4,6,1,99,0,0,0,0,0,0,0,0,0,455,53,402,22,0,22,58,5,47,2,4,
3173031008,DKI JAKARTA,JAKARTA BARAT,TAMAN SARI,PINANGSIA,74,7,9,1,57,0,0,0,0,0,2,0,0,2,154,4,150,2,0,2,35,7,26,0,2,
3175011001,DKI JAKARTA,JAKARTA TIMUR,MATRAMAN,PISANGAN BARU,189,7,9,3,170,1,1,0,0,0,1,0,0,1,216,31,185,28,0,28,80,2,65,4,9,
3175021002,DKI JAKARTA,JAKARTA TIMUR,PULO GADUNG,PISANGAN TIMUR,198,7,19,4,168,0,0,0,0,0,10,0,0,10,438,49,389,24,0,24,76,6,66,3,1,
3172011005,DKI JAKARTA,JAKARTA UTARA,PENJARINGAN,PLUIT,173,9,11,4,149,0,0,0,0,0,12,0,0,12,716,135,581,8,0,8,112,3,92,7,10,
3175071002,DKI JAKARTA,JAKARTA TIMUR,DUREN SAWIT,PONDOK BAMBU,673,15,44,1,613,2,0,0,0,2,3,0,0,3,506,104,402,12,0,12,167,8,134,4,21,
3175071004,DKI JAKARTA,JAKARTA TIMUR,DUREN SAWIT,PONDOK KELAPA,442,16,31,0,395,0,0,0,0,0,9,0,0,9,650,99,551,12,0,12,154,6,120,5,23,
3175071007,DKI JAKARTA,JAKARTA TIMUR,DUREN SAWIT,PONDOK KOPI,263,3,30,1,229,0,0,0,0,0,1,0,0,1,254,38,216,8,0,8,93,4,60,7,22,
3174061003,DKI JAKARTA,JAKARTA SELATAN,CILANDAK,PONDOK LABU,221,12,11,1,197,4,1,0,0,3,73,0,0,73,614,63,551,34,0,34,61,2,51,1,7,
3174051002,DKI JAKARTA,JAKARTA SELATAN,KEBAYORAN LAMA,PONDOK PINANG,329,9,26,4,290,0,0,0,0,0,44,0,0,44,555,39,516,9,0,9,105,8,82,9,6,
3175101003,DKI JAKARTA,JAKARTA TIMUR,CIPAYUNG,PONDOK RANGGON,154,5,21,3,125,0,0,0,0,0,3,0,0,3,154,13,141,21,0,21,47,3,32,1,11,
3101011003,DKI JAKARTA,KAB.ADM.KEP.SERIBU,KEP. SERIBU UTARA,PULAU HARAPAN,59,0,0,0,59,0,0,0,0,0,0,0,0,0,56,0,56,0,0,0,1,0,1,0,0,
3101011002,DKI JAKARTA,KAB.ADM.KEP.SERIBU,KEP. SERIBU UTARA,PULAU KELAPA,45,0,0,1,44,0,0,0,0,0,3,0,0,3,141,3,138,1,0,1,6,1,5,0,0,
3101011001,DKI JAKARTA,KAB.ADM.KEP.SERIBU,KEP. SERIBU UTARA,PULAU PANGGANG,51,0,0,1,50,0,0,0,0,0,0,0,0,0,129,0,129,4,0,4,7,0,7,0,0,
3101021003,DKI JAKARTA,KAB.ADM.KEP.SERIBU,KEP. SERIBU SELATAN,PULAU PARI,6,0,0,0,6,0,0,0,0,0,0,0,0,0,159,1,158,1,0,1,3,0,3,0,0,
3101021002,DKI JAKARTA,KAB.ADM.KEP.SERIBU,KEP. SERIBU SELATAN,PULAU TIDUNG,33,0,1,0,32,0,0,0,0,0,0,0,0,0,329,0,329,1,0,1,29,0,28,0,1,
3101021001,DKI JAKARTA,KAB.ADM.KEP.SERIBU,KEP. SERIBU SELATAN,PULAU UNTUNG JAWA,22,0,0,0,22,0,0,0,0,0,0,0,0,0,95,0,95,0,0,0,2,0,2,0,0,
3174071007,DKI JAKARTA,JAKARTA SELATAN,KEBAYORAN BARU,PULO,103,6,19,1,77,0,0,0,0,0,1,0,0,1,108,4,104,0,0,0,14,0,10,0,4,
3175021001,DKI JAKARTA,JAKARTA TIMUR,PULO GADUNG,PULO GADUNG,228,9,14,2,203,0,0,0,0,0,9,0,0,9,561,135,426,18,0,18,88,4,67,4,13,
3175061005,DKI JAKARTA,JAKARTA TIMUR,CAKUNG,PULO GEBANG,256,13,42,2,199,1,0,0,0,1,5,0,0,5,795,138,657,50,0,50,131,6,114,4,7,
3174041004,DKI JAKARTA,JAKARTA SELATAN,PASAR MINGGU,RAGUNAN,250,5,10,2,233,1,0,0,0,1,1,0,0,1,431,19,412,16,0,16,38,2,31,3,2,
3175091005,DKI JAKARTA,JAKARTA TIMUR,CIRACAS,RAMBUTAN,247,5,14,1,227,2,0,0,0,2,12,0,1,11,542,35,507,26,0,26,56,1,53,0,2,
3172031006,DKI JAKARTA,JAKARTA UTARA,KOJA,RAWA BADAK SELATAN,333,14,16,2,301,1,0,0,0,1,2,0,0,2,365,36,329,39,0,39,211,1,135,4,71,
3172031004,DKI JAKARTA,JAKARTA UTARA,KOJA,RAWA BADAK UTARA,277,16,19,1,241,0,0,0,0,0,2,0,0,2,326,39,287,49,0,49,152,2,129,4,17,
3174071005,DKI JAKARTA,JAKARTA SELATAN,KEBAYORAN BARU,RAWA BARAT,55,0,5,2,48,0,0,0,0,0,1,0,0,1,116,10,106,0,0,0,11,0,10,1,0,
3173011003,DKI JAKARTA,JAKARTA BARAT,CENGKARENG,RAWA BUAYA,167,8,20,2,137,0,0,0,0,0,4,0,0,4,384,43,341,4,0,4,101,7,78,4,12,
3175031004,DKI JAKARTA,JAKARTA TIMUR,JATINEGARA,RAWA BUNGA,83,6,24,1,52,0,0,0,0,0,0,0,0,0,104,14,90,5,0,5,54,2,34,1,17,
3174081003,DKI JAKARTA,JAKARTA SELATAN,PANCORAN,RAWA JATI,179,5,26,0,148,2,0,0,0,2,10,0,0,10,317,46,271,6,0,6,31,10,19,0,2,
3175061002,DKI JAKARTA,JAKARTA TIMUR,CAKUNG,RAWA TERATE,50,5,7,0,38,0,0,0,0,0,2,0,0,2,210,35,175,1,0,1,36,0,22,0,14,
3175021005,DKI JAKARTA,JAKARTA TIMUR,PULO GADUNG,RAWAMANGUN,197,13,24,0,160,0,0,0,0,0,6,0,0,6,521,71,450,23,0,23,96,4,75,2,15,
3171051003,DKI JAKARTA,JAKARTA PUSAT,CEMPAKA PUTIH,RAWASARI,460,11,25,2,422,3,0,0,1,2,5,0,0,5,897,86,811,28,0,28,166,9,133,4,20,
3173041010,DKI JAKARTA,JAKARTA BARAT,TAMBORA,ROA MALAKA,32,1,16,0,15,1,0,0,0,1,0,0,0,0,30,5,25,0,0,0,10,0,4,0,6,
3172041006,DKI JAKARTA,JAKARTA UTARA,CILINCING,ROROTAN,197,19,27,2,149,0,0,0,0,0,2,0,0,2,455,49,406,59,0,59,65,0,50,2,13,
3174071004,DKI JAKARTA,JAKARTA SELATAN,KEBAYORAN BARU,SELONG,21,0,0,0,21,0,0,0,0,0,2,0,0,2,75,4,71,0,0,0,14,2,12,0,0,
3173061002,DKI JAKARTA,JAKARTA BARAT,KALI DERES,SEMANAN,258,3,25,3,227,0,0,0,0,0,2,0,0,2,646,45,601,6,0,6,53,2,44,1,6,
3172041007,DKI JAKARTA,JAKARTA UTARA,CILINCING,SEMPER BARAT,411,29,37,1,344,1,1,0,0,0,10,0,0,10,887,101,786,78,0,78,233,10,210,3,10,
3172041005,DKI JAKARTA,JAKARTA UTARA,CILINCING,SEMPER TIMUR,242,10,13,1,218,0,0,0,0,0,3,0,0,3,519,57,462,34,0,34,116,0,99,2,15,
3174071006,DKI JAKARTA,JAKARTA SELATAN,KEBAYORAN BARU,SENAYAN,33,0,6,0,27,0,0,0,0,0,9,0,0,9,152,8,144,0,0,0,36,1,31,0,4,
3171041001,DKI JAKARTA,JAKARTA PUSAT,SENEN,SENEN,136,3,10,0,123,0,0,0,0,0,6,0,0,6,570,19,551,24,0,24,99,2,82,2,13,
3171031004,DKI JAKARTA,JAKARTA PUSAT,KEMAYORAN,SERDANG,271,8,47,2,214,0,0,0,0,0,5,0,0,5,361,79,282,25,0,25,76,2,71,3,0,
3174021001,DKI JAKARTA,JAKARTA SELATAN,SETIA BUDI,SETIA BUDI,44,3,3,0,38,0,0,0,0,0,4,0,0,4,188,38,150,6,0,6,9,0,8,0,1,
3175101005,DKI JAKARTA,JAKARTA TIMUR,CIPAYUNG,SETU,159,3,13,0,143,0,0,0,0,0,2,0,0,2,137,20,117,13,0,13,36,7,28,0,1,
3173071002,DKI JAKARTA,JAKARTA BARAT,PALMERAH,SLIPI,328,17,28,2,281,0,0,0,0,0,2,0,0,2,516,80,436,39,0,39,115,8,94,2,11,
3173081004,DKI JAKARTA,JAKARTA BARAT,KEMBANGAN,SRENGSENG,221,6,23,3,189,1,0,0,0,1,5,0,0,5,655,45,610,19,0,19,114,5,99,4,6,
3174091002,DKI JAKARTA,JAKARTA SELATAN,JAGAKARSA,SRENGSENG SAWAH,436,13,17,0,406,4,1,0,0,3,9,0,1,8,423,74,349,16,0,16,83,4,70,6,3,
3173051003,DKI JAKARTA,JAKARTA BARAT,KEBON JERUK,SUKABUMI SELATAN,160,9,14,4,133,0,0,0,0,0,1,0,0,1,354,38,316,23,0,23,76,2,65,3,6,
3173051002,DKI JAKARTA,JAKARTA BARAT,KEBON JERUK,SUKABUMI UTARA,141,2,12,3,124,0,0,0,0,0,19,0,0,19,357,26,331,40,0,40,73,5,61,4,3,
3172041002,DKI JAKARTA,JAKARTA UTARA,CILINCING,SUKAPURA,350,48,18,2,282,0,0,0,0,0,5,0,0,5,699,54,645,68,0,68,170,5,129,3,33,
3171031007,DKI JAKARTA,JAKARTA PUSAT,KEMAYORAN,SUMUR BATU,221,11,20,1,189,0,0,0,0,0,4,0,0,4,257,59,198,17,0,17,63,3,57,2,1,
3172021004,DKI JAKARTA,JAKARTA UTARA,TANJUNG PRIOK,SUNGAI BAMBU,180,4,23,0,153,0,0,0,0,0,6,0,0,6,388,55,333,31,0,31,60,4,49,4,3,
3172021006,DKI JAKARTA,JAKARTA UTARA,TANJUNG PRIOK,SUNTER AGUNG,582,18,56,1,507,1,0,0,0,1,18,0,0,18,1398,135,1263,59,0,59,294,15,240,14,25,
3172021002,DKI JAKARTA,JAKARTA UTARA,TANJUNG PRIOK,SUNTER JAYA,502,19,49,6,428,0,0,0,0,0,8,0,0,8,1019,114,905,145,0,145,255,4,222,15,14,
3175091004,DKI JAKARTA,JAKARTA TIMUR,CIRACAS,SUSUKAN,182,3,34,1,144,0,0,0,0,0,16,0,0,16,824,35,789,69,0,69,54,4,46,1,3,
3173031001,DKI JAKARTA,JAKARTA BARAT,TAMAN SARI,TAMAN SARI,149,7,15,0,127,1,0,0,0,1,0,0,0,0,231,9,222,10,0,10,64,3,46,2,13,
3173041001,DKI JAKARTA,JAKARTA BARAT,TAMBORA,TAMBORA,119,8,6,3,102,0,0,0,0,0,0,0,0,0,233,16,217,2,0,2,35,2,22,2,9,
3173041004,DKI JAKARTA,JAKARTA BARAT,TAMBORA,TANAH SEREAL,206,4,13,2,187,1,0,0,0,1,4,0,0,4,195,13,182,3,0,3,96,7,77,5,7,
3171081004,DKI JAKARTA,JAKARTA PUSAT,JOHAR BARU,TANAH TINGGI,272,5,15,3,249,1,0,0,0,1,2,0,0,2,612,58,554,31,0,31,208,5,174,15,14,
3173031004,DKI JAKARTA,JAKARTA BARAT,TAMAN SARI,TANGKI,148,4,31,1,112,0,0,0,0,0,3,0,1,2,209,18,191,2,0,2,42,8,27,1,6,
3174091005,DKI JAKARTA,JAKARTA SELATAN,JAGAKARSA,TANJUNG BARAT,366,7,16,1,342,1,0,0,0,1,1,0,0,1,288,74,214,11,0,11,73,2,58,3,10,
3173021005,DKI JAKARTA,JAKARTA BARAT,GROGOL PETAMBURAN,TANJUNG DUREN SELATAN,219,6,32,1,180,0,0,0,0,0,19,0,0,19,375,36,339,19,0,19,121,12,97,5,7,
3173021002,DKI JAKARTA,JAKARTA BARAT,GROGOL PETAMBURAN,TANJUNG DUREN UTARA,158,3,10,0,145,1,0,0,0,1,20,0,0,20,329,18,311,17,0,17,53,3,44,3,3,
3172021001,DKI JAKARTA,JAKARTA UTARA,TANJUNG PRIOK,TANJUNG PRIOK,262,10,33,6,213,0,0,0,0,0,9,0,0,9,500,57,443,45,0,45,172,2,158,6,6,
3174011002,DKI JAKARTA,JAKARTA SELATAN,TEBET,TEBET BARAT,191,14,14,0,163,1,0,0,0,1,8,0,0,8,422,39,383,19,0,19,184,9,133,3,39,
3174011001,DKI JAKARTA,JAKARTA SELATAN,TEBET,TEBET TIMUR,138,9,15,2,112,0,0,0,0,0,5,0,0,5,334,25,309,26,0,26,49,3,42,3,1,
3173061003,DKI JAKARTA,JAKARTA BARAT,KALI DERES,TEGAL ALUR,419,6,51,6,356,0,0,0,0,0,3,0,0,3,676,69,607,8,0,8,88,6,63,3,16,
3174031004,DKI JAKARTA,JAKARTA SELATAN,MAMPANG PRAPATAN,TEGAL PARANG,188,4,10,3,171,4,1,0,1,2,3,0,0,3,587,98,489,4,0,4,109,3,94,3,9,
3173021003,DKI JAKARTA,JAKARTA BARAT,GROGOL PETAMBURAN,TOMANG,269,4,27,2,236,0,0,0,0,0,14,0,0,14,460,31,429,71,0,71,145,2,136,2,5,
3172031005,DKI JAKARTA,JAKARTA UTARA,KOJA,TUGU SELATAN,267,9,10,1,247,0,0,0,0,0,1,0,0,1,299,35,264,60,0,60,95,5,68,3,19,
3172031002,DKI JAKARTA,JAKARTA UTARA,KOJA,TUGU UTARA,562,28,30,0,504,1,0,0,0,1,6,0,0,6,538,63,475,66,0,66,142,14,106,6,16,
3175061006,DKI JAKARTA,JAKARTA TIMUR,CAKUNG,UJUNG MENTENG,80,5,11,2,62,1,1,0,0,0,0,0,0,0,252,45,207,12,0,12,41,2,26,2,11,
3174101005,DKI JAKARTA,JAKARTA SELATAN,PESANGGRAHAN,ULUJAMI,386,7,20,2,357,0,0,0,0,0,0,0,0,0,849,18,831,25,0,25,102,4,89,3,6,
3175011006,DKI JAKARTA,JAKARTA TIMUR,MATRAMAN,UTAN KAYU SELATAN,302,12,12,8,270,1,1,0,0,0,1,0,0,1,500,43,457,79,0,79,116,1,102,5,8,
3175011002,DKI JAKARTA,JAKARTA TIMUR,MATRAMAN,UTAN KAYU UTARA,231,11,16,0,204,1,0,0,0,1,2,0,0,2,383,33,350,38,0,38,70,0,64,3,3,
3171031008,DKI JAKARTA,JAKARTA PUSAT,KEMAYORAN,UTAN PANJANG,238,6,21,2,209,0,0,0,0,0,2,0,0,2,235,37,198,18,0,18,79,4,66,6,3,
3172021007,DKI JAKARTA,JAKARTA UTARA,TANJUNG PRIOK,WARAKAS,230,5,32,2,191,0,0,0,0,0,9,0,0,9,555,71,484,43,0,43,123,7,111,3,2,
3173021007,DKI JAKARTA,JAKARTA BARAT,GROGOL PETAMBURAN,WIJAYA KUSUMA,246,4,20,2,220,0,0,0,0,0,6,0,0,6,572,40,532,18,0,18,96,4,84,3,5,
