id_kel,nama_provinsi,nama_kota,nama_kecamatan,nama_kelurahan,suspek,perawatan rs,isolasi di rumah,suspek meninggal,selesai isolasi,probable,perawatan rs,probable meninggal,selesai isolasi,pelaku perjalanan,isolasi di rumah,selesai isolasi,kontak erat,isolasi di rumah,selesai isolasi,discarded,positif,dirawat,sembuh,meninggal,self isolation,keterangan
3172051003,DKI JAKARTA,JAKARTA UTARA,PADEMANGAN,ANCOL,107,5,1,0,101,0,0,0,0,5,0,5,263,15,248,4,41,2,34,0,5,
3173041007,DKI JAKARTA,JAKARTA BARAT,TAMBORA,ANGKE,187,1,4,1,181,0,0,0,0,0,0,0,276,5,271,21,46,3,33,2,8,
3175041005,DKI JAKARTA,JAKARTA TIMUR,KRAMAT JATI,BALE KAMBANG,59,4,2,0,53,0,0,0,0,2,0,2,101,13,88,22,25,3,17,1,4,
3175031003,DKI JAKARTA,JAKARTA TIMUR,JATINEGARA,BALI MESTER,32,0,1,1,30,0,0,0,0,0,0,0,31,3,28,0,7,1,4,1,1,
3175101006,DKI JAKARTA,JAKARTA TIMUR,CIPAYUNG,BAMBU APUS,107,4,0,1,102,0,0,0,0,2,0,2,117,11,106,14,32,3,19,0,10,
3174031002,DKI JAKARTA,JAKARTA SELATAN,MAMPANG PRAPATAN,BANGKA,90,2,0,2,86,0,0,0,0,18,0,18,366,20,346,6,28,3,20,2,3,
3175051002,DKI JAKARTA,JAKARTA TIMUR,PASAR REBO,BARU,61,10,0,1,50,0,0,0,0,2,0,2,62,8,54,6,15,1,8,0,6,
3175041004,DKI JAKARTA,JAKARTA TIMUR,KRAMAT JATI,BATU AMPAR,128,9,4,0,115,1,0,1,0,1,0,1,213,35,178,24,37,1,29,3,4,
BELUM DIKETAHUI,BELUM DIKETAHUI,BELUM DIKETAHUI,BELUM DIKETAHUI,BELUM DIKETAHUI,11182,17,8,1627,9530,1,0,0,1,122,0,122,6686,116,6570,82,3289,596,837,49,1807,
3171071002,DKI JAKARTA,JAKARTA PUSAT,TANAH ABANG,BENDUNGAN HILIR,153,18,27,0,108,0,0,0,0,2,0,2,220,10,210,4,32,0,27,2,3,
3175031002,DKI JAKARTA,JAKARTA TIMUR,JATINEGARA,BIDARA CINA,62,15,4,3,40,0,0,0,0,0,0,0,117,33,84,21,66,1,49,7,9,
3174101002,DKI JAKARTA,JAKARTA SELATAN,PESANGGRAHAN,BINTARO,318,7,18,2,291,1,0,0,1,7,0,7,600,105,495,17,64,1,42,6,15,
3174011005,DKI JAKARTA,JAKARTA SELATAN,TEBET,BUKIT DURI,86,1,1,3,81,1,0,0,1,13,0,13,197,19,178,8,37,1,22,5,9,
3171041006,DKI JAKARTA,JAKARTA PUSAT,SENEN,BUNGUR,76,1,5,2,68,0,0,0,0,13,0,13,249,2,247,8,22,1,17,2,2,
3175061007,DKI JAKARTA,JAKARTA TIMUR,CAKUNG,CAKUNG BARAT,84,1,4,1,78,0,0,0,0,0,0,0,205,11,194,33,26,4,15,1,6,
3175061004,DKI JAKARTA,JAKARTA TIMUR,CAKUNG,CAKUNG TIMUR,74,8,2,2,62,0,0,0,0,3,0,3,214,22,192,23,28,2,19,0,7,
3175041007,DKI JAKARTA,JAKARTA TIMUR,KRAMAT JATI,CAWANG,79,4,21,0,54,0,0,0,0,4,3,1,203,120,83,11,35,3,26,1,5,
3175101008,DKI JAKARTA,JAKARTA TIMUR,CIPAYUNG,CEGER,68,5,0,0,63,0,0,0,0,0,0,0,63,9,54,8,8,1,4,0,3,
3171031006,DKI JAKARTA,JAKARTA PUSAT,KEMAYORAN,CEMPAKA BARU,193,6,29,1,157,0,0,0,0,4,1,3,198,56,142,24,75,2,41,7,25,
3171051002,DKI JAKARTA,JAKARTA PUSAT,CEMPAKA PUTIH,CEMPAKA PUTIH BARAT,384,15,6,1,362,0,0,0,0,7,0,7,917,114,803,35,142,4,61,8,69,
3171051001,DKI JAKARTA,JAKARTA PUSAT,CEMPAKA PUTIH,CEMPAKA PUTIH TIMUR,227,7,1,1,218,0,0,0,0,7,0,7,736,36,700,38,107,1,77,1,28,
3173011001,DKI JAKARTA,JAKARTA BARAT,CENGKARENG,CENGKARENG BARAT,91,6,5,1,79,0,0,0,0,4,0,4,475,32,443,6,53,9,40,2,2,
3173011006,DKI JAKARTA,JAKARTA BARAT,CENGKARENG,CENGKARENG TIMUR,125,5,4,6,110,1,0,0,1,3,0,3,503,22,481,7,82,5,55,6,16,
3175091002,DKI JAKARTA,JAKARTA TIMUR,CIRACAS,CIBUBUR,185,8,2,4,171,0,0,0,0,15,9,6,803,101,702,74,37,0,29,2,6,
3171011002,DKI JAKARTA,JAKARTA PUSAT,GAMBIR,CIDENG,111,8,0,1,102,0,0,0,0,7,0,7,190,9,181,9,38,1,22,3,12,
3174091003,DKI JAKARTA,JAKARTA SELATAN,JAGAKARSA,CIGANJUR,142,4,1,1,136,0,0,0,0,9,0,9,142,9,133,6,32,1,15,1,15,
3175051003,DKI JAKARTA,JAKARTA TIMUR,PASAR REBO,CIJANTUNG,179,12,0,3,164,0,0,0,0,0,0,0,177,12,165,3,41,1,23,2,15,
3171061003,DKI JAKARTA,JAKARTA PUSAT,MENTENG,CIKINI,42,2,1,0,39,0,0,0,0,0,0,0,111,52,59,8,14,1,10,1,2,
3174081006,DKI JAKARTA,JAKARTA SELATAN,PANCORAN,CIKOKO,25,0,0,0,25,0,0,0,0,8,5,3,104,3,101,0,14,0,9,1,4,
3174061001,DKI JAKARTA,JAKARTA SELATAN,CILANDAK,CILANDAK BARAT,238,4,2,4,228,0,0,0,0,88,0,88,440,16,424,34,68,5,40,3,20,
3174041003,DKI JAKARTA,JAKARTA SELATAN,PASAR MINGGU,CILANDAK TIMUR,86,6,7,1,72,0,0,0,0,17,0,17,95,6,89,5,20,2,11,2,5,
3175101002,DKI JAKARTA,JAKARTA TIMUR,CIPAYUNG,CILANGKAP,107,3,3,1,100,0,0,0,0,1,1,0,111,12,99,17,23,2,18,0,3,
3175041006,DKI JAKARTA,JAKARTA TIMUR,KRAMAT JATI,CILILITAN,93,7,19,1,66,0,0,0,0,2,1,1,229,90,139,37,30,4,17,2,7,
3172041001,DKI JAKARTA,JAKARTA UTARA,CILINCING,CILINCING,142,6,12,1,123,0,0,0,0,3,0,3,391,34,357,56,77,1,48,1,27,
3175101001,DKI JAKARTA,JAKARTA TIMUR,CIPAYUNG,CIPAYUNG,139,4,8,2,125,0,0,0,0,2,0,2,135,14,121,7,29,2,21,1,5,
3174091006,DKI JAKARTA,JAKARTA SELATAN,JAGAKARSA,CIPEDAK,133,2,0,0,131,1,0,0,1,0,0,0,109,4,105,5,25,6,17,0,2,
3174061005,DKI JAKARTA,JAKARTA SELATAN,CILANDAK,CIPETE SELATAN,89,1,0,1,87,0,0,0,0,41,0,41,153,13,140,3,16,1,5,4,6,
3174071010,DKI JAKARTA,JAKARTA SELATAN,KEBAYORAN BARU,CIPETE UTARA,105,5,0,3,97,0,0,0,0,9,0,9,175,25,150,5,23,2,16,2,3,
3175021003,DKI JAKARTA,JAKARTA TIMUR,PULO GADUNG,CIPINANG,59,4,1,2,52,0,0,0,0,3,0,3,245,24,221,22,37,3,22,3,9,
3175031007,DKI JAKARTA,JAKARTA TIMUR,JATINEGARA,CIPINANG BESAR SELATAN,60,1,3,1,55,0,0,0,0,1,0,1,108,8,100,4,23,0,16,1,6,
3175031008,DKI JAKARTA,JAKARTA TIMUR,JATINEGARA,CIPINANG BESAR UTARA,47,3,1,0,43,0,0,0,0,3,0,3,240,23,217,11,50,1,41,2,6,
3175031005,DKI JAKARTA,JAKARTA TIMUR,JATINEGARA,CIPINANG CEMPEDAK,66,4,0,2,60,0,0,0,0,1,0,1,72,7,65,6,12,1,9,1,1,
3175081005,DKI JAKARTA,JAKARTA TIMUR,MAKASAR,CIPINANG MELAYU,69,4,3,2,60,0,0,0,0,2,0,2,173,24,149,11,36,3,24,4,5,
3175031006,DKI JAKARTA,JAKARTA TIMUR,JATINEGARA,CIPINANG MUARA,89,6,1,1,81,0,0,0,0,3,0,3,193,11,182,24,51,0,38,1,12,
3174051003,DKI JAKARTA,JAKARTA SELATAN,KEBAYORAN LAMA,CIPULIR,86,5,0,4,77,0,0,0,0,6,1,5,304,20,284,4,52,0,40,3,9,
3175091001,DKI JAKARTA,JAKARTA TIMUR,CIRACAS,CIRACAS,177,9,6,9,153,0,0,0,0,13,4,9,508,64,444,40,48,1,35,5,7,
3175041003,DKI JAKARTA,JAKARTA TIMUR,KRAMAT JATI,DUKUH,85,8,3,1,73,0,0,0,0,1,0,1,126,25,101,15,20,0,15,0,5,
3175071001,DKI JAKARTA,JAKARTA TIMUR,DUREN SAWIT,DUREN SAWIT,312,11,7,2,292,2,0,0,2,1,0,1,210,22,188,13,84,1,57,8,18,
3174081004,DKI JAKARTA,JAKARTA SELATAN,PANCORAN,DUREN TIGA,84,0,1,0,83,0,0,0,0,0,0,0,189,7,182,2,18,1,11,0,6,
3173051005,DKI JAKARTA,JAKARTA BARAT,KEBON JERUK,DURI KEPA,145,9,2,2,132,0,0,0,0,7,0,7,509,12,497,61,103,5,64,6,28,
3173011002,DKI JAKARTA,JAKARTA BARAT,CENGKARENG,DURI KOSAMBI,131,5,2,3,121,0,0,0,0,3,0,3,309,19,290,8,45,2,26,1,16,
3171011006,DKI JAKARTA,JAKARTA PUSAT,GAMBIR,DURI PULO,47,5,0,3,39,0,0,0,0,0,0,0,105,5,100,5,26,1,16,2,7,
3173041011,DKI JAKARTA,JAKARTA BARAT,TAMBORA,DURI SELATAN,35,6,0,1,28,0,0,0,0,1,0,1,45,0,45,3,15,2,8,0,5,
3173041003,DKI JAKARTA,JAKARTA BARAT,TAMBORA,DURI UTARA,77,3,6,2,66,0,0,0,0,1,0,1,68,4,64,1,21,0,14,3,4,
3171081003,DKI JAKARTA,JAKARTA PUSAT,JOHAR BARU,GALUR,40,2,0,0,38,0,0,0,0,2,0,2,161,19,142,42,41,2,9,5,25,
3171011001,DKI JAKARTA,JAKARTA PUSAT,GAMBIR,GAMBIR,28,0,0,0,28,0,0,0,0,17,0,17,98,3,95,6,11,1,9,0,1,
3174061004,DKI JAKARTA,JAKARTA SELATAN,CILANDAK,GANDARIA SELATAN,56,1,2,0,53,1,0,0,1,20,0,20,119,28,91,0,16,0,7,1,8,
3174071009,DKI JAKARTA,JAKARTA SELATAN,KEBAYORAN BARU,GANDARIA UTARA,100,8,0,1,91,0,0,0,0,1,0,1,266,38,228,0,29,2,17,1,9,
3175051001,DKI JAKARTA,JAKARTA TIMUR,PASAR REBO,GEDONG,253,30,0,0,223,0,0,0,0,0,0,0,105,12,93,17,59,7,41,0,11,
3171071001,DKI JAKARTA,JAKARTA PUSAT,TANAH ABANG,GELORA,30,0,0,1,29,0,0,0,0,5,0,5,50,0,50,0,21,0,13,1,7,
3173031007,DKI JAKARTA,JAKARTA BARAT,TAMAN SARI,GLODOK,33,0,3,0,30,0,0,0,0,0,0,0,49,18,31,0,4,0,2,1,1,
3171061004,DKI JAKARTA,JAKARTA PUSAT,MENTENG,GONDANGDIA,18,0,0,1,17,0,0,0,0,4,0,4,59,22,37,7,20,1,16,2,1,
3173021001,DKI JAKARTA,JAKARTA BARAT,GROGOL PETAMBURAN,GROGOL,110,3,1,3,103,0,0,0,0,39,0,39,364,7,357,30,47,1,33,0,13,
3174051005,DKI JAKARTA,JAKARTA SELATAN,KEBAYORAN LAMA,GROGOL SELATAN,91,4,1,3,83,1,0,1,0,11,0,11,314,27,287,3,46,3,32,5,6,
3174051004,DKI JAKARTA,JAKARTA SELATAN,KEBAYORAN LAMA,GROGOL UTARA,134,4,1,4,125,0,0,0,0,23,0,23,326,12,314,12,90,2,55,2,31,
3174021007,DKI JAKARTA,JAKARTA SELATAN,SETIA BUDI,GUNTUR,17,1,1,0,15,0,0,0,0,0,0,0,49,6,43,1,6,1,5,0,0,
3174071002,DKI JAKARTA,JAKARTA SELATAN,KEBAYORAN BARU,GUNUNG,42,0,0,3,39,0,0,0,0,7,0,7,135,13,122,0,13,1,10,1,1,
3171031005,DKI JAKARTA,JAKARTA PUSAT,KEMAYORAN,GUNUNG SAHARI SELATAN,116,4,2,1,109,0,0,0,0,2,0,2,155,8,147,1,18,0,13,2,3,
3171021004,DKI JAKARTA,JAKARTA PUSAT,SAWAH BESAR,GUNUNG SAHARI UTARA,92,3,1,1,87,0,0,0,0,2,1,1,136,13,123,4,30,1,17,4,8,
3175081004,DKI JAKARTA,JAKARTA TIMUR,MAKASAR,HALIM PERDANA KUSUMAH,52,6,2,2,42,0,0,0,0,2,0,2,100,28,72,7,40,2,30,3,5,
3171031003,DKI JAKARTA,JAKARTA PUSAT,KEMAYORAN,HARAPAN MULIA,134,9,14,2,109,0,0,0,0,5,2,3,164,26,138,25,67,2,32,5,28,
3174091001,DKI JAKARTA,JAKARTA SELATAN,JAGAKARSA,JAGAKARSA,264,6,2,1,255,1,0,0,1,5,0,5,262,23,239,8,57,4,33,2,18,
3175021007,DKI JAKARTA,JAKARTA TIMUR,PULO GADUNG,JATI,84,11,1,1,71,0,0,0,0,4,0,4,231,26,205,18,54,0,34,0,20,
3174041002,DKI JAKARTA,JAKARTA SELATAN,PASAR MINGGU,JATI PADANG,123,4,1,2,116,0,0,0,0,2,0,2,242,95,147,12,32,3,20,3,6,
3173071004,DKI JAKARTA,JAKARTA BARAT,PALMERAH,JATI PULO,172,8,2,4,158,0,0,0,0,2,0,2,311,26,285,57,83,1,63,2,17,
3175061001,DKI JAKARTA,JAKARTA TIMUR,CAKUNG,JATINEGARA,127,7,1,3,116,0,0,0,0,2,0,2,296,23,273,30,52,1,35,3,13,
3175021004,DKI JAKARTA,JAKARTA TIMUR,PULO GADUNG,JATINEGARA KAUM,17,0,2,0,15,0,0,0,0,3,0,3,85,4,81,3,8,2,5,0,1,
3173021004,DKI JAKARTA,JAKARTA BARAT,GROGOL PETAMBURAN,JELAMBAR,92,4,1,4,83,0,0,0,0,22,4,18,357,55,302,6,43,2,30,4,7,
3173021006,DKI JAKARTA,JAKARTA BARAT,GROGOL PETAMBURAN,JELAMBAR BARU,142,0,1,2,139,0,0,0,0,4,0,4,348,93,255,14,27,0,18,2,7,
3173041006,DKI JAKARTA,JAKARTA BARAT,TAMBORA,JEMBATAN BESI,242,7,31,1,203,0,0,0,0,0,0,0,203,43,160,7,100,1,76,5,18,
3173041008,DKI JAKARTA,JAKARTA BARAT,TAMBORA,JEMBATAN LIMA,60,1,0,0,59,0,0,0,0,0,0,0,88,5,83,1,13,2,7,0,4,
3173081005,DKI JAKARTA,JAKARTA BARAT,KEMBANGAN,JOGLO,87,1,0,4,82,0,0,0,0,4,1,3,168,14,154,12,36,0,35,1,0,
3171081001,DKI JAKARTA,JAKARTA PUSAT,JOHAR BARU,JOHAR BARU,194,5,1,3,185,0,0,0,0,3,0,3,624,40,584,90,113,6,53,5,49,
3173041002,DKI JAKARTA,JAKARTA BARAT,TAMBORA,KALI ANYAR,108,10,2,0,96,0,0,0,0,3,0,3,167,14,153,8,35,2,12,2,19,
3172041004,DKI JAKARTA,JAKARTA UTARA,CILINCING,KALI BARU,96,10,2,5,79,0,0,0,0,1,0,1,166,39,127,28,49,12,30,4,3,
3174081002,DKI JAKARTA,JAKARTA SELATAN,PANCORAN,KALIBATA,144,8,1,3,132,0,0,0,0,5,0,5,215,14,201,9,58,3,30,1,24,
3173061001,DKI JAKARTA,JAKARTA BARAT,KALI DERES,KALIDERES,353,8,17,4,324,0,0,0,0,5,0,5,1086,80,1006,25,67,5,51,4,7,
3175051004,DKI JAKARTA,JAKARTA TIMUR,PASAR REBO,KALISARI,168,12,2,0,154,0,0,0,0,1,0,1,119,22,97,6,39,0,27,2,10,
3173061004,DKI JAKARTA,JAKARTA BARAT,KALI DERES,KAMAL,133,1,6,3,123,0,0,0,0,0,0,0,277,27,250,1,8,1,3,2,2,
3172011002,DKI JAKARTA,JAKARTA UTARA,PENJARINGAN,KAMAL MUARA,14,0,0,0,14,0,0,0,0,4,0,4,29,3,26,0,17,1,15,1,0,
3171071007,DKI JAKARTA,JAKARTA PUSAT,TANAH ABANG,KAMPUNG BALI,65,6,1,2,56,0,0,0,0,1,0,1,99,1,98,0,18,0,15,1,2,
3175031001,DKI JAKARTA,JAKARTA TIMUR,JATINEGARA,KAMPUNG MELAYU,39,5,0,4,30,0,0,0,0,3,0,3,66,8,58,3,68,3,38,1,26,
3171081002,DKI JAKARTA,JAKARTA PUSAT,JOHAR BARU,KAMPUNG RAWA,97,5,0,0,92,1,0,0,1,0,0,0,260,9,251,60,86,1,51,7,27,
3175041002,DKI JAKARTA,JAKARTA TIMUR,KRAMAT JATI,KAMPUNG TENGAH,194,8,1,1,184,0,0,0,0,7,0,7,449,55,394,48,101,1,75,8,17,
3173011005,DKI JAKARTA,JAKARTA BARAT,CENGKARENG,KAPUK,142,4,7,16,115,0,0,0,0,3,0,3,338,27,311,8,49,2,32,6,9,
3172011003,DKI JAKARTA,JAKARTA UTARA,PENJARINGAN,KAPUK MUARA,52,3,0,0,49,0,0,0,0,7,0,7,96,11,85,16,25,3,16,3,3,
3171021002,DKI JAKARTA,JAKARTA PUSAT,SAWAH BESAR,KARANG ANYAR,213,16,3,4,190,1,0,1,0,3,1,2,403,28,375,8,52,1,36,5,10,
3174021004,DKI JAKARTA,JAKARTA SELATAN,SETIA BUDI,KARET,51,2,0,0,49,0,0,0,0,8,0,8,137,7,130,4,21,1,18,0,2,
3174021003,DKI JAKARTA,JAKARTA SELATAN,SETIA BUDI,KARET KUNINGAN,77,3,0,1,73,0,0,0,0,19,3,16,152,26,126,4,23,1,14,2,6,
3174021002,DKI JAKARTA,JAKARTA SELATAN,SETIA BUDI,KARET SEMANGGI,39,0,0,1,38,0,0,0,0,3,0,3,40,6,34,0,8,0,3,2,3,
3171071003,DKI JAKARTA,JAKARTA PUSAT,TANAH ABANG,KARET TENGSIN,82,6,11,0,65,0,0,0,0,7,0,7,129,4,125,0,15,1,12,1,1,
3171021003,DKI JAKARTA,JAKARTA PUSAT,SAWAH BESAR,KARTINI,161,8,1,1,151,0,0,0,0,0,0,0,268,32,236,14,52,2,40,1,9,
3175011003,DKI JAKARTA,JAKARTA TIMUR,MATRAMAN,KAYU MANIS,102,1,1,0,100,1,0,0,1,0,0,0,274,14,260,17,46,1,34,2,9,
3175021006,DKI JAKARTA,JAKARTA TIMUR,PULO GADUNG,KAYU PUTIH,155,6,0,4,145,0,0,0,0,10,0,10,375,55,320,21,72,2,48,5,17,
3173031006,DKI JAKARTA,JAKARTA BARAT,TAMAN SARI,KEAGUNGAN,55,3,9,0,43,0,0,0,0,0,0,0,118,22,96,6,9,2,4,0,3,
3174041007,DKI JAKARTA,JAKARTA SELATAN,PASAR MINGGU,KEBAGUSAN,120,8,1,1,110,0,0,0,0,0,0,0,152,28,124,10,34,4,25,0,5,
3174051006,DKI JAKARTA,JAKARTA SELATAN,KEBAYORAN LAMA,KEBAYORAN LAMA SELATAN,140,4,4,0,132,1,0,0,1,1,0,1,415,23,392,8,33,1,18,3,11,
3174051001,DKI JAKARTA,JAKARTA SELATAN,KEBAYORAN LAMA,KEBAYORAN LAMA UTARA,108,4,0,1,103,0,0,0,0,15,0,15,235,18,217,2,35,1,26,2,6,
3174011004,DKI JAKARTA,JAKARTA SELATAN,TEBET,KEBON BARU,82,3,1,2,76,0,0,0,0,15,0,15,266,14,252,11,38,1,34,0,3,
3172021005,DKI JAKARTA,JAKARTA UTARA,TANJUNG PRIOK,KEBON BAWANG,165,12,13,1,139,0,0,0,0,10,3,7,328,42,286,46,74,4,49,1,20,
3173051001,DKI JAKARTA,JAKARTA BARAT,KEBON JERUK,KEBON JERUK,205,5,3,4,193,0,0,0,0,9,0,9,687,23,664,45,90,3,66,9,12,
3171071006,DKI JAKARTA,JAKARTA PUSAT,TANAH ABANG,KEBON KACANG,241,2,18,1,220,0,0,0,0,0,0,0,270,7,263,3,110,1,90,9,10,
3171011005,DKI JAKARTA,JAKARTA PUSAT,GAMBIR,KEBON KELAPA,59,3,1,1,54,0,0,0,0,1,0,1,70,5,65,0,10,0,8,1,1,
3171031002,DKI JAKARTA,JAKARTA PUSAT,KEMAYORAN,KEBON KOSONG,142,6,8,5,123,0,0,0,0,7,0,7,149,13,136,24,58,0,41,5,12,
3175011005,DKI JAKARTA,JAKARTA TIMUR,MATRAMAN,KEBON MANGGIS,62,6,0,3,53,0,0,0,0,1,0,1,60,6,54,17,39,3,22,2,12,
3171071005,DKI JAKARTA,JAKARTA PUSAT,TANAH ABANG,KEBON MELATI,218,7,3,2,206,0,0,0,0,5,0,5,284,9,275,2,88,6,73,6,3,
3175081003,DKI JAKARTA,JAKARTA TIMUR,MAKASAR,KEBON PALA,57,2,0,1,54,0,0,0,0,2,0,2,262,27,235,11,38,3,23,0,12,
3171061005,DKI JAKARTA,JAKARTA PUSAT,MENTENG,KEBON SIRIH,62,0,2,2,58,0,0,0,0,2,0,2,167,38,129,11,36,0,33,2,1,
3173011004,DKI JAKARTA,JAKARTA BARAT,CENGKARENG,KEDAUNG KALI ANGKE,47,2,0,0,45,0,0,0,0,1,0,1,118,12,106,3,26,4,22,0,0,
3173051007,DKI JAKARTA,JAKARTA BARAT,KEBON JERUK,KEDOYA SELATAN,96,2,1,5,88,1,0,0,1,4,0,4,225,8,217,12,32,1,28,1,2,
3173051006,DKI JAKARTA,JAKARTA BARAT,KEBON JERUK,KEDOYA UTARA,86,3,1,2,80,0,0,0,0,15,0,15,311,5,306,19,35,1,27,0,7,
3173051004,DKI JAKARTA,JAKARTA BARAT,KEBON JERUK,KELAPA DUA,56,2,0,0,54,0,0,0,0,1,0,1,137,12,125,16,38,1,26,1,10,
3175091003,DKI JAKARTA,JAKARTA TIMUR,CIRACAS,KELAPA DUA WETAN,119,5,3,1,110,0,0,0,0,0,0,0,427,49,378,31,38,6,26,1,5,
3172061003,DKI JAKARTA,JAKARTA UTARA,KELAPA GADING,KELAPA GADING BARAT,313,6,16,2,289,0,0,0,0,37,2,35,548,37,511,29,76,5,55,5,11,
3172061001,DKI JAKARTA,JAKARTA UTARA,KELAPA GADING,KELAPA GADING TIMUR,301,1,11,2,287,0,0,0,0,11,1,10,573,29,544,22,57,4,39,8,6,
3173071005,DKI JAKARTA,JAKARTA BARAT,PALMERAH,KEMANGGISAN,129,7,0,6,116,0,0,0,0,3,1,2,298,35,263,44,47,1,31,3,12,
3171031001,DKI JAKARTA,JAKARTA PUSAT,KEMAYORAN,KEMAYORAN,156,6,7,3,140,0,0,0,0,0,0,0,236,24,212,17,77,1,44,1,31,
3173081006,DKI JAKARTA,JAKARTA BARAT,KEMBANGAN,KEMBANGAN SELATAN,59,1,1,1,56,0,0,0,0,5,0,5,232,14,218,50,38,2,26,1,9,
3173081001,DKI JAKARTA,JAKARTA BARAT,KEMBANGAN,KEMBANGAN UTARA,107,8,6,3,90,0,0,0,0,2,0,2,445,24,421,10,48,5,34,1,8,
3171041002,DKI JAKARTA,JAKARTA PUSAT,SENEN,KENARI,95,0,5,1,89,0,0,0,0,0,0,0,256,5,251,43,130,1,125,2,2,
3173041005,DKI JAKARTA,JAKARTA BARAT,TAMBORA,KERENDANG,100,5,3,2,90,0,0,0,0,0,0,0,96,2,94,1,48,2,29,5,12,
3175071003,DKI JAKARTA,JAKARTA TIMUR,DUREN SAWIT,KLENDER,252,7,1,2,242,0,0,0,0,2,0,2,228,18,210,10,81,2,50,8,21,
3172031001,DKI JAKARTA,JAKARTA UTARA,KOJA,KOJA,129,2,4,0,123,0,0,0,0,4,0,4,165,9,156,22,23,0,17,1,5,
3173071006,DKI JAKARTA,JAKARTA BARAT,PALMERAH,KOTA BAMBU SELATAN,182,7,0,4,171,0,0,0,0,0,0,0,485,99,386,69,105,6,51,3,45,
3173071003,DKI JAKARTA,JAKARTA BARAT,PALMERAH,KOTA BAMBU UTARA,163,6,5,9,143,0,0,0,0,0,0,0,280,44,236,49,91,3,60,4,24,
3171041004,DKI JAKARTA,JAKARTA PUSAT,SENEN,KRAMAT,151,2,5,4,140,0,0,0,0,3,0,3,489,57,432,29,141,5,67,8,61,
3175041001,DKI JAKARTA,JAKARTA TIMUR,KRAMAT JATI,KRAMAT JATI,105,3,4,1,97,0,0,0,0,4,0,4,220,56,164,18,26,1,17,2,6,
3174071003,DKI JAKARTA,JAKARTA SELATAN,KEBAYORAN BARU,KRAMAT PELA,29,2,0,0,27,0,0,0,0,0,0,0,167,51,116,3,14,2,9,0,3,
3173031002,DKI JAKARTA,JAKARTA BARAT,TAMAN SARI,KRUKUT,66,1,2,6,57,0,0,0,0,3,0,3,158,14,144,9,31,2,22,2,5,
3174031005,DKI JAKARTA,JAKARTA SELATAN,MAMPANG PRAPATAN,KUNINGAN BARAT,39,1,0,1,37,0,0,0,0,0,0,0,247,40,207,4,9,0,7,0,2,
3174021008,DKI JAKARTA,JAKARTA SELATAN,SETIA BUDI,KUNINGAN TIMUR,62,0,0,1,61,0,0,0,0,17,0,17,44,2,42,1,8,0,5,2,1,
3171041005,DKI JAKARTA,JAKARTA PUSAT,SENEN,KWITANG,126,2,11,0,113,1,0,0,1,2,0,2,255,9,246,7,36,1,24,3,8,
3172031003,DKI JAKARTA,JAKARTA UTARA,KOJA,LAGOA,231,9,1,1,220,0,0,0,0,3,0,3,181,13,168,28,161,6,75,6,74,
3174061002,DKI JAKARTA,JAKARTA SELATAN,CILANDAK,LEBAK BULUS,129,6,2,2,119,0,0,0,0,27,0,27,254,8,246,19,37,0,29,6,2,
3174091004,DKI JAKARTA,JAKARTA SELATAN,JAGAKARSA,LENTENG AGUNG,207,6,1,0,200,0,0,0,0,3,0,3,133,9,124,7,33,1,25,0,7,
LUAR DKI JAKARTA,LUAR DKI JAKARTA,LUAR DKI JAKARTA,LUAR DKI JAKARTA,LUAR DKI JAKARTA,10390,333,127,93,9837,11,0,1,10,276,15,261,12048,1079,10969,637,2802,79,2423,82,218,
3175101007,DKI JAKARTA,JAKARTA TIMUR,CIPAYUNG,LUBANG BUAYA,164,4,0,3,157,0,0,0,0,3,0,3,263,37,226,23,31,1,17,0,13,
3175081001,DKI JAKARTA,JAKARTA TIMUR,MAKASAR,MAKASAR,71,7,0,1,63,0,0,0,0,4,0,4,252,70,182,16,10,0,10,0,0,
3175071006,DKI JAKARTA,JAKARTA TIMUR,DUREN SAWIT,MALAKA JAYA,140,7,2,2,129,0,0,0,0,2,0,2,148,11,137,7,34,0,28,0,6,
3175071005,DKI JAKARTA,JAKARTA TIMUR,DUREN SAWIT,MALAKA SARI,131,3,9,1,118,0,0,0,0,0,0,0,87,11,76,6,38,0,30,2,6,
3174031001,DKI JAKARTA,JAKARTA SELATAN,MAMPANG PRAPATAN,MAMPANG PRAPATAN,70,1,0,2,67,0,0,0,0,0,0,0,333,47,286,8,30,3,14,3,10,
3173031005,DKI JAKARTA,JAKARTA BARAT,TAMAN SARI,MANGGA BESAR,37,0,8,1,28,0,0,0,0,0,0,0,64,7,57,3,4,0,4,0,0,
3171021005,DKI JAKARTA,JAKARTA PUSAT,SAWAH BESAR,MANGGA DUA SELATAN,95,13,1,1,80,0,0,0,0,1,0,1,181,25,156,8,25,1,20,0,4,
3174011007,DKI JAKARTA,JAKARTA SELATAN,TEBET,MANGGARAI,72,3,0,0,69,0,0,0,0,4,0,4,207,26,181,18,22,1,17,0,4,
3174011006,DKI JAKARTA,JAKARTA SELATAN,TEBET,MANGGARAI SELATAN,51,1,5,2,43,0,0,0,0,6,0,6,222,23,199,16,24,1,17,2,4,
3173031003,DKI JAKARTA,JAKARTA BARAT,TAMAN SARI,MAPHAR,84,2,1,1,80,0,0,0,0,5,0,5,138,11,127,35,85,1,67,0,17,
3172041003,DKI JAKARTA,JAKARTA UTARA,CILINCING,MARUNDA,77,5,12,0,60,0,0,0,0,0,0,0,89,12,77,8,16,3,9,1,3,
3174071001,DKI JAKARTA,JAKARTA SELATAN,KEBAYORAN BARU,MELAWAI,8,0,0,0,8,0,0,0,0,1,0,1,21,7,14,0,5,0,5,0,0,
3171061001,DKI JAKARTA,JAKARTA PUSAT,MENTENG,MENTENG,90,3,1,2,84,1,0,0,1,1,0,1,286,37,249,13,41,2,34,4,1,
3174021005,DKI JAKARTA,JAKARTA SELATAN,SETIA BUDI,MENTENG ATAS,126,4,15,3,104,0,0,0,0,33,2,31,544,128,416,31,64,1,27,2,34,
3174011003,DKI JAKARTA,JAKARTA SELATAN,TEBET,MENTENG DALAM,117,7,4,4,102,0,0,0,0,11,0,11,275,23,252,37,46,2,31,4,9,
3173081003,DKI JAKARTA,JAKARTA BARAT,KEMBANGAN,MERUYA SELATAN,76,2,3,1,70,0,0,0,0,2,0,2,142,23,119,14,28,1,24,2,1,
3173081002,DKI JAKARTA,JAKARTA BARAT,KEMBANGAN,MERUYA UTARA,89,2,4,6,77,0,0,0,0,3,0,3,166,23,143,7,34,2,30,0,2,
3175101004,DKI JAKARTA,JAKARTA TIMUR,CIPAYUNG,MUNJUL,73,2,5,0,66,0,0,0,0,2,0,2,69,10,59,21,18,0,13,0,5,
3172051002,DKI JAKARTA,JAKARTA UTARA,PADEMANGAN,PADEMANGAN BARAT,609,19,10,5,575,0,0,0,0,4,0,4,1320,43,1277,19,234,3,171,14,46,
3172051001,DKI JAKARTA,JAKARTA UTARA,PADEMANGAN,PADEMANGAN TIMUR,179,2,7,2,168,0,0,0,0,11,0,11,387,18,369,8,41,1,33,2,5,
3175011004,DKI JAKARTA,JAKARTA TIMUR,MATRAMAN,PAL MERIAM,102,1,0,2,99,1,0,0,1,1,0,1,318,9,309,55,82,2,42,5,33,
3173071001,DKI JAKARTA,JAKARTA BARAT,PALMERAH,PALMERAH,401,18,18,2,363,0,0,0,0,1,0,1,770,123,647,61,126,6,87,8,25,
3174081001,DKI JAKARTA,JAKARTA SELATAN,PANCORAN,PANCORAN,73,6,0,0,67,0,0,0,0,4,1,3,247,6,241,5,30,4,17,3,6,
3172021003,DKI JAKARTA,JAKARTA UTARA,TANJUNG PRIOK,PAPANGGO,118,3,14,0,101,0,0,0,0,4,0,4,264,107,157,42,25,2,14,1,8,
3171021001,DKI JAKARTA,JAKARTA PUSAT,SAWAH BESAR,PASAR BARU,81,8,3,2,68,0,0,0,0,4,0,4,173,24,149,3,23,2,19,0,2,
3174021006,DKI JAKARTA,JAKARTA SELATAN,SETIA BUDI,PASAR MANGGIS,81,5,1,2,73,0,0,0,0,15,1,14,347,24,323,14,35,1,26,2,6,
3174041001,DKI JAKARTA,JAKARTA SELATAN,PASAR MINGGU,PASAR MINGGU,111,5,1,1,104,0,0,0,0,3,1,2,225,16,209,3,40,1,22,2,15,
3171041003,DKI JAKARTA,JAKARTA PUSAT,SENEN,PASEBAN,181,3,1,1,176,0,0,0,0,3,0,3,317,30,287,58,94,4,79,5,6,
3173061005,DKI JAKARTA,JAKARTA BARAT,KALI DERES,PEGADUNGAN,271,2,20,7,242,0,0,0,0,6,0,6,665,140,525,13,67,7,50,3,7,
3171061002,DKI JAKARTA,JAKARTA PUSAT,MENTENG,PEGANGSAAN,109,12,3,2,92,0,0,0,0,0,0,0,432,54,378,40,126,2,104,2,18,
3172061002,DKI JAKARTA,JAKARTA UTARA,KELAPA GADING,PEGANGSAAN DUA,347,3,10,1,333,0,0,0,0,30,5,25,829,58,771,70,98,5,38,4,51,
3172011004,DKI JAKARTA,JAKARTA UTARA,PENJARINGAN,PEJAGALAN,92,7,0,2,83,0,0,0,0,5,0,5,308,60,248,22,44,3,30,3,8,
3174041006,DKI JAKARTA,JAKARTA SELATAN,PASAR MINGGU,PEJATEN BARAT,117,6,1,2,108,2,0,0,2,1,0,1,269,85,184,11,39,7,27,2,3,
3174041005,DKI JAKARTA,JAKARTA SELATAN,PASAR MINGGU,PEJATEN TIMUR,148,5,1,1,141,1,0,0,1,1,0,1,236,22,214,18,59,4,43,5,7,
3175051005,DKI JAKARTA,JAKARTA TIMUR,PASAR REBO,PEKAYON,238,18,4,1,215,0,0,0,0,1,0,1,77,9,68,7,20,1,8,2,9,
3173041009,DKI JAKARTA,JAKARTA BARAT,TAMBORA,PEKOJAN,123,1,3,2,117,0,0,0,0,2,0,2,125,3,122,16,26,1,25,0,0,
3174031003,DKI JAKARTA,JAKARTA SELATAN,MAMPANG PRAPATAN,PELA MAMPANG,136,5,0,2,129,0,0,0,0,12,0,12,509,98,411,4,28,1,13,4,10,
3174081005,DKI JAKARTA,JAKARTA SELATAN,PANCORAN,PENGADEGAN,46,3,1,1,41,0,0,0,0,2,0,2,113,6,107,6,18,0,15,0,3,
3175061003,DKI JAKARTA,JAKARTA TIMUR,CAKUNG,PENGGILINGAN,157,12,1,1,143,0,0,0,0,3,0,3,311,61,250,56,87,2,57,3,25,
3172011001,DKI JAKARTA,JAKARTA UTARA,PENJARINGAN,PENJARINGAN,303,9,2,4,288,1,0,0,1,20,0,20,1793,198,1595,111,196,5,141,6,44,
3174101001,DKI JAKARTA,JAKARTA SELATAN,PESANGGRAHAN,PESANGGRAHAN,157,9,13,4,131,0,0,0,0,0,0,0,188,4,184,16,18,0,12,3,3,
3171071004,DKI JAKARTA,JAKARTA PUSAT,TANAH ABANG,PETAMBURAN,318,7,10,5,296,0,0,0,0,7,0,7,225,12,213,3,147,1,132,9,5,
3174071008,DKI JAKARTA,JAKARTA SELATAN,KEBAYORAN BARU,PETOGOGAN,36,1,0,0,35,0,0,0,0,2,0,2,94,5,89,0,7,0,6,0,1,
3171011004,DKI JAKARTA,JAKARTA PUSAT,GAMBIR,PETOJO SELATAN,68,5,1,1,61,0,0,0,0,13,0,13,245,3,242,13,31,1,25,2,3,
3171011003,DKI JAKARTA,JAKARTA PUSAT,GAMBIR,PETOJO UTARA,66,4,2,3,57,0,0,0,0,10,0,10,176,5,171,25,40,1,30,2,7,
3174101004,DKI JAKARTA,JAKARTA SELATAN,PESANGGRAHAN,PETUKANGAN SELATAN,133,7,2,2,122,0,0,0,0,0,0,0,329,14,315,6,9,0,8,0,1,
3174101003,DKI JAKARTA,JAKARTA SELATAN,PESANGGRAHAN,PETUKANGAN UTARA,178,4,1,3,170,1,0,0,1,3,0,3,426,13,413,5,36,1,27,2,6,
3175081002,DKI JAKARTA,JAKARTA TIMUR,MAKASAR,PINANG RANTI,58,2,0,1,55,0,0,0,0,0,0,0,241,87,154,21,26,5,16,2,3,
3173031008,DKI JAKARTA,JAKARTA BARAT,TAMAN SARI,PINANGSIA,32,2,5,1,24,0,0,0,0,2,0,2,97,16,81,0,6,2,2,0,2,
3175011001,DKI JAKARTA,JAKARTA TIMUR,MATRAMAN,PISANGAN BARU,84,0,0,3,81,0,0,0,0,1,0,1,109,6,103,24,33,0,27,4,2,
3175021002,DKI JAKARTA,JAKARTA TIMUR,PULO GADUNG,PISANGAN TIMUR,118,3,2,4,109,0,0,0,0,9,0,9,255,12,243,20,34,3,15,2,14,
3172011005,DKI JAKARTA,JAKARTA UTARA,PENJARINGAN,PLUIT,105,2,1,4,98,0,0,0,0,10,0,10,370,126,244,8,61,3,46,6,6,
3175071002,DKI JAKARTA,JAKARTA TIMUR,DUREN SAWIT,PONDOK BAMBU,436,4,20,0,412,0,0,0,0,3,0,3,176,16,160,6,101,0,79,4,18,
3175071004,DKI JAKARTA,JAKARTA TIMUR,DUREN SAWIT,PONDOK KELAPA,199,6,3,0,190,0,0,0,0,6,1,5,312,18,294,8,83,3,69,4,7,
3175071007,DKI JAKARTA,JAKARTA TIMUR,DUREN SAWIT,PONDOK KOPI,124,2,1,1,120,0,0,0,0,1,0,1,85,6,79,4,32,0,25,5,2,
3174061003,DKI JAKARTA,JAKARTA SELATAN,CILANDAK,PONDOK LABU,138,5,1,1,131,2,0,0,2,71,0,71,403,12,391,33,39,1,36,1,1,
3174051002,DKI JAKARTA,JAKARTA SELATAN,KEBAYORAN LAMA,PONDOK PINANG,210,6,2,4,198,0,0,0,0,43,0,43,394,17,377,9,62,3,42,9,8,
3175101003,DKI JAKARTA,JAKARTA TIMUR,CIPAYUNG,PONDOK RANGGON,74,3,2,3,66,0,0,0,0,2,0,2,84,18,66,21,14,0,13,1,0,
3101011003,DKI JAKARTA,KAB.ADM.KEP.SERIBU,KEP. SERIBU UTARA,PULAU HARAPAN,59,0,0,0,59,0,0,0,0,0,0,0,56,2,54,0,1,0,0,0,1,
3101011002,DKI JAKARTA,KAB.ADM.KEP.SERIBU,KEP. SERIBU UTARA,PULAU KELAPA,43,0,0,1,42,0,0,0,0,0,0,0,137,0,137,1,1,0,1,0,0,
3101011001,DKI JAKARTA,KAB.ADM.KEP.SERIBU,KEP. SERIBU UTARA,PULAU PANGGANG,50,0,0,1,49,0,0,0,0,0,0,0,128,1,127,4,3,1,0,0,2,
3101021003,DKI JAKARTA,KAB.ADM.KEP.SERIBU,KEP. SERIBU SELATAN,PULAU PARI,6,0,0,0,6,0,0,0,0,0,0,0,155,0,155,1,2,0,0,0,2,
3101021002,DKI JAKARTA,KAB.ADM.KEP.SERIBU,KEP. SERIBU SELATAN,PULAU TIDUNG,29,0,0,0,29,0,0,0,0,0,0,0,327,0,327,1,25,0,11,0,14,
3101021001,DKI JAKARTA,KAB.ADM.KEP.SERIBU,KEP. SERIBU SELATAN,PULAU UNTUNG JAWA,15,0,0,0,15,0,0,0,0,0,0,0,95,0,95,0,3,0,0,0,3,
3174071007,DKI JAKARTA,JAKARTA SELATAN,KEBAYORAN BARU,PULO,25,0,0,1,24,0,0,0,0,1,0,1,83,0,83,0,8,0,6,0,2,
3175021001,DKI JAKARTA,JAKARTA TIMUR,PULO GADUNG,PULO GADUNG,97,4,1,2,90,0,0,0,0,8,0,8,273,33,240,14,34,0,23,3,8,
3175061005,DKI JAKARTA,JAKARTA TIMUR,CAKUNG,PULO GEBANG,115,5,3,2,105,0,0,0,0,4,0,4,365,46,319,44,59,1,47,3,8,
3174041004,DKI JAKARTA,JAKARTA SELATAN,PASAR MINGGU,RAGUNAN,170,6,0,2,162,1,0,0,1,1,0,1,191,81,110,8,14,0,9,2,3,
3175091005,DKI JAKARTA,JAKARTA TIMUR,CIRACAS,RAMBUTAN,88,4,1,1,82,1,0,0,1,1,0,1,240,7,233,25,26,1,20,0,5,
3172031006,DKI JAKARTA,JAKARTA UTARA,KOJA,RAWA BADAK SELATAN,209,6,4,2,197,0,0,0,0,1,0,1,201,17,184,31,52,3,40,3,6,
3172031004,DKI JAKARTA,JAKARTA UTARA,KOJA,RAWA BADAK UTARA,148,6,3,1,138,0,0,0,0,2,0,2,172,14,158,36,39,3,27,2,7,
3174071005,DKI JAKARTA,JAKARTA SELATAN,KEBAYORAN BARU,RAWA BARAT,26,0,1,2,23,0,0,0,0,0,0,0,52,0,52,0,7,0,6,1,0,
3173011003,DKI JAKARTA,JAKARTA BARAT,CENGKARENG,RAWA BUAYA,61,2,0,2,57,0,0,0,0,3,0,3,177,12,165,2,44,4,27,1,12,
3175031004,DKI JAKARTA,JAKARTA TIMUR,JATINEGARA,RAWA BUNGA,17,1,0,1,15,0,0,0,0,0,0,0,33,3,30,2,14,3,11,0,0,
3174081003,DKI JAKARTA,JAKARTA SELATAN,PANCORAN,RAWA JATI,70,1,2,0,67,0,0,0,0,6,5,1,130,15,115,4,11,2,8,0,1,
3175061002,DKI JAKARTA,JAKARTA TIMUR,CAKUNG,RAWA TERATE,24,0,1,0,23,0,0,0,0,2,0,2,118,3,115,0,9,0,5,0,4,
3175021005,DKI JAKARTA,JAKARTA TIMUR,PULO GADUNG,RAWAMANGUN,87,8,2,0,77,0,0,0,0,2,0,2,294,33,261,17,40,2,28,1,9,
3171051003,DKI JAKARTA,JAKARTA PUSAT,CEMPAKA PUTIH,RAWASARI,242,13,4,2,223,0,0,0,0,3,0,3,516,35,481,19,65,5,29,4,27,
3173041010,DKI JAKARTA,JAKARTA BARAT,TAMBORA,ROA MALAKA,7,0,0,0,7,0,0,0,0,0,0,0,9,0,9,0,2,2,0,0,0,
3172041006,DKI JAKARTA,JAKARTA UTARA,CILINCING,ROROTAN,74,3,7,2,62,0,0,0,0,1,0,1,147,24,123,55,20,2,10,1,7,
3174071004,DKI JAKARTA,JAKARTA SELATAN,KEBAYORAN BARU,SELONG,11,0,2,0,9,0,0,0,0,2,0,2,56,0,56,0,8,1,7,0,0,
3173061002,DKI JAKARTA,JAKARTA BARAT,KALI DERES,SEMANAN,133,0,6,3,124,0,0,0,0,1,0,1,393,70,323,6,26,1,19,1,5,
3172041007,DKI JAKARTA,JAKARTA UTARA,CILINCING,SEMPER BARAT,204,7,9,1,187,0,0,0,0,10,0,10,379,63,316,67,99,13,59,2,25,
3172041005,DKI JAKARTA,JAKARTA UTARA,CILINCING,SEMPER TIMUR,114,7,10,1,96,0,0,0,0,2,1,1,167,14,153,28,38,5,27,2,4,
3174071006,DKI JAKARTA,JAKARTA SELATAN,KEBAYORAN BARU,SENAYAN,22,0,0,0,22,0,0,0,0,9,0,9,115,13,102,0,17,1,16,0,0,
3171041001,DKI JAKARTA,JAKARTA PUSAT,SENEN,SENEN,85,6,19,0,60,0,0,0,0,5,3,2,489,193,296,21,44,3,37,1,3,
3171031004,DKI JAKARTA,JAKARTA PUSAT,KEMAYORAN,SERDANG,151,2,16,2,131,0,0,0,0,2,0,2,193,29,164,18,45,0,32,2,11,
3174021001,DKI JAKARTA,JAKARTA SELATAN,SETIA BUDI,SETIA BUDI,28,1,0,0,27,0,0,0,0,3,0,3,86,3,83,6,5,1,4,0,0,
3175101005,DKI JAKARTA,JAKARTA TIMUR,CIPAYUNG,SETU,72,1,2,0,69,0,0,0,0,1,0,1,65,11,54,11,8,1,5,0,2,
3173071002,DKI JAKARTA,JAKARTA BARAT,PALMERAH,SLIPI,172,6,3,1,162,0,0,0,0,2,0,2,217,27,190,32,30,2,22,1,5,
3173081004,DKI JAKARTA,JAKARTA BARAT,KEMBANGAN,SRENGSENG,125,3,4,3,115,0,0,0,0,5,0,5,328,29,299,17,61,1,39,3,18,
3174091002,DKI JAKARTA,JAKARTA SELATAN,JAGAKARSA,SRENGSENG SAWAH,141,6,0,0,135,1,0,0,1,5,0,5,195,10,185,10,47,1,28,3,15,
3173051003,DKI JAKARTA,JAKARTA BARAT,KEBON JERUK,SUKABUMI SELATAN,101,9,8,4,80,0,0,0,0,1,0,1,211,17,194,23,51,3,38,1,9,
3173051002,DKI JAKARTA,JAKARTA BARAT,KEBON JERUK,SUKABUMI UTARA,92,4,0,2,86,0,0,0,0,18,0,18,227,15,212,38,46,1,32,4,9,
3172041002,DKI JAKARTA,JAKARTA UTARA,CILINCING,SUKAPURA,190,0,6,2,182,0,0,0,0,5,0,5,323,97,226,59,75,5,57,2,11,
3171031007,DKI JAKARTA,JAKARTA PUSAT,KEMAYORAN,SUMUR BATU,117,4,3,1,109,0,0,0,0,4,0,4,130,13,117,9,29,2,22,1,4,
3172021004,DKI JAKARTA,JAKARTA UTARA,TANJUNG PRIOK,SUNGAI BAMBU,76,0,2,0,74,0,0,0,0,6,2,4,210,53,157,28,21,0,11,3,7,
3172021006,DKI JAKARTA,JAKARTA UTARA,TANJUNG PRIOK,SUNTER AGUNG,344,6,7,1,330,0,0,0,0,17,0,17,877,28,849,53,193,5,167,11,10,
3172021002,DKI JAKARTA,JAKARTA UTARA,TANJUNG PRIOK,SUNTER JAYA,282,6,12,6,258,0,0,0,0,4,0,4,586,49,537,134,155,8,112,10,25,
3175091004,DKI JAKARTA,JAKARTA TIMUR,CIRACAS,SUSUKAN,55,3,1,1,50,0,0,0,0,7,1,6,555,3,552,67,30,2,21,1,6,
3173031001,DKI JAKARTA,JAKARTA BARAT,TAMAN SARI,TAMAN SARI,84,1,2,0,81,0,0,0,0,0,0,0,145,10,135,9,24,0,10,1,13,
3173041001,DKI JAKARTA,JAKARTA BARAT,TAMBORA,TAMBORA,66,4,6,3,53,0,0,0,0,0,0,0,178,9,169,1,8,1,4,0,3,
3173041004,DKI JAKARTA,JAKARTA BARAT,TAMBORA,TANAH SEREAL,115,7,4,2,102,0,0,0,0,4,0,4,99,10,89,2,48,2,30,5,11,
3171081004,DKI JAKARTA,JAKARTA PUSAT,JOHAR BARU,TANAH TINGGI,161,16,4,3,138,1,0,0,1,1,0,1,283,21,262,30,100,4,67,8,21,
3173031004,DKI JAKARTA,JAKARTA BARAT,TAMAN SARI,TANGKI,85,3,3,1,78,0,0,0,0,2,1,1,139,15,124,2,12,0,11,1,0,
3174091005,DKI JAKARTA,JAKARTA SELATAN,JAGAKARSA,TANJUNG BARAT,139,4,2,1,132,0,0,0,0,1,0,1,116,2,114,7,37,0,31,2,4,
3173021005,DKI JAKARTA,JAKARTA BARAT,GROGOL PETAMBURAN,TANJUNG DUREN SELATAN,108,4,10,1,93,0,0,0,0,18,1,17,223,24,199,16,71,5,39,5,22,
3173021002,DKI JAKARTA,JAKARTA BARAT,GROGOL PETAMBURAN,TANJUNG DUREN UTARA,89,5,1,0,83,0,0,0,0,20,1,19,194,18,176,15,30,3,18,1,8,
3172021001,DKI JAKARTA,JAKARTA UTARA,TANJUNG PRIOK,TANJUNG PRIOK,136,7,5,6,118,0,0,0,0,9,1,8,219,12,207,37,92,3,52,6,31,
3174011002,DKI JAKARTA,JAKARTA SELATAN,TEBET,TEBET BARAT,115,5,1,0,109,0,0,0,0,7,0,7,277,21,256,18,63,2,34,3,24,
3174011001,DKI JAKARTA,JAKARTA SELATAN,TEBET,TEBET TIMUR,68,6,0,1,61,0,0,0,0,5,0,5,235,15,220,26,26,3,15,3,5,
3173061003,DKI JAKARTA,JAKARTA BARAT,KALI DERES,TEGAL ALUR,244,6,21,5,212,0,0,0,0,1,0,1,378,29,349,7,34,4,22,1,7,
3174031004,DKI JAKARTA,JAKARTA SELATAN,MAMPANG PRAPATAN,TEGAL PARANG,103,6,1,2,94,0,0,0,0,2,0,2,331,33,298,1,25,1,20,1,3,
3173021003,DKI JAKARTA,JAKARTA BARAT,GROGOL PETAMBURAN,TOMANG,137,8,4,2,123,0,0,0,0,10,0,10,259,24,235,70,110,1,88,2,19,
3172031005,DKI JAKARTA,JAKARTA UTARA,KOJA,TUGU SELATAN,175,7,2,1,165,0,0,0,0,1,1,0,156,9,147,45,34,1,23,1,9,
3172031002,DKI JAKARTA,JAKARTA UTARA,KOJA,TUGU UTARA,350,17,5,0,328,0,0,0,0,3,0,3,269,15,254,49,60,3,41,4,12,
3175061006,DKI JAKARTA,JAKARTA TIMUR,CAKUNG,UJUNG MENTENG,37,1,1,2,33,0,0,0,0,0,0,0,135,14,121,11,10,0,6,2,2,
3174101005,DKI JAKARTA,JAKARTA SELATAN,PESANGGRAHAN,ULUJAMI,197,2,21,1,173,0,0,0,0,0,0,0,488,82,406,22,40,1,23,3,13,
3175011006,DKI JAKARTA,JAKARTA TIMUR,MATRAMAN,UTAN KAYU SELATAN,182,5,1,8,168,0,0,0,0,1,0,1,280,4,276,76,63,1,53,3,6,
3175011002,DKI JAKARTA,JAKARTA TIMUR,MATRAMAN,UTAN KAYU UTARA,109,1,0,0,108,1,0,0,1,0,0,0,177,6,171,34,28,1,15,2,10,
3171031008,DKI JAKARTA,JAKARTA PUSAT,KEMAYORAN,UTAN PANJANG,146,10,14,2,120,0,0,0,0,2,1,1,140,27,113,17,37,5,20,2,10,
3172021007,DKI JAKARTA,JAKARTA UTARA,TANJUNG PRIOK,WARAKAS,105,1,4,2,98,0,0,0,0,4,0,4,238,36,202,40,60,5,42,1,12,
3173021007,DKI JAKARTA,JAKARTA BARAT,GROGOL PETAMBURAN,WIJAYA KUSUMA,139,4,12,2,121,0,0,0,0,2,1,1,325,57,268,11,64,3,19,2,40,
