id_kel,nama_provinsi,nama_kota,nama_kecamatan,nama_kelurahan,suspek,perawatan rs,isolasi di rumah,suspek meninggal,selesai isolasi,probable,perawatan rs,probable meninggal,selesai isolasi,pelaku perjalanan,isolasi di rumah,selesai isolasi,kontak erat,isolasi di rumah,selesai isolasi,discarded,positif,dirawat,sembuh,meninggal,self isolation,keterangan
3172051003,DKI JAKARTA,JAKARTA UTARA,PADEMANGAN,ANCOL,108,4,1,0,103,0,0,0,0,5,0,5,259,11,248,4,40,2,34,0,4,
3173041007,DKI JAKARTA,JAKARTA BARAT,TAMBORA,ANGKE,185,1,2,1,181,0,0,0,0,0,0,0,272,3,269,21,45,4,32,2,7,
3175041005,DKI JAKARTA,JAKARTA TIMUR,KRAMAT JATI,BALE KAMBANG,56,3,0,0,53,0,0,0,0,2,0,2,94,9,85,22,25,3,17,1,4,
3175031003,DKI JAKARTA,JAKARTA TIMUR,JATINEGARA,BALI MESTER,31,0,0,1,30,0,0,0,0,0,0,0,29,2,27,0,7,1,4,1,1,
3175101006,DKI JAKARTA,JAKARTA TIMUR,CIPAYUNG,BAMBU APUS,107,4,0,1,102,0,0,0,0,2,0,2,113,7,106,14,26,4,17,0,5,
3174031002,DKI JAKARTA,JAKARTA SELATAN,MAMPANG PRAPATAN,BANGKA,90,2,0,2,86,0,0,0,0,18,0,18,361,15,346,6,26,1,20,2,3,
3175051002,DKI JAKARTA,JAKARTA TIMUR,PASAR REBO,BARU,61,10,0,1,50,0,0,0,0,2,0,2,61,7,54,6,15,1,8,0,6,
3175041004,DKI JAKARTA,JAKARTA TIMUR,KRAMAT JATI,BATU AMPAR,125,7,3,0,115,1,0,1,0,1,0,1,207,29,178,24,37,1,28,3,5,
BELUM DIKETAHUI,BELUM DIKETAHUI,BELUM DIKETAHUI,BELUM DIKETAHUI,BELUM DIKETAHUI,11188,17,8,1627,9536,1,0,0,1,122,0,122,6683,107,6576,82,3007,527,598,46,1836,
3171071002,DKI JAKARTA,JAKARTA PUSAT,TANAH ABANG,BENDUNGAN HILIR,143,12,23,0,108,0,0,0,0,2,0,2,217,8,209,4,30,0,26,1,3,
3175031002,DKI JAKARTA,JAKARTA TIMUR,JATINEGARA,BIDARA CINA,58,15,1,3,39,0,0,0,0,0,0,0,95,11,84,21,65,1,48,7,9,
3174101002,DKI JAKARTA,JAKARTA SELATAN,PESANGGRAHAN,BINTARO,309,7,9,2,291,1,0,0,1,7,0,7,572,78,494,17,63,1,42,6,14,
3174011005,DKI JAKARTA,JAKARTA SELATAN,TEBET,BUKIT DURI,86,1,1,3,81,1,0,0,1,13,0,13,190,12,178,8,37,1,22,5,9,
3171041006,DKI JAKARTA,JAKARTA PUSAT,SENEN,BUNGUR,75,1,4,2,68,0,0,0,0,13,0,13,248,1,247,8,25,1,18,2,4,
3175061007,DKI JAKARTA,JAKARTA TIMUR,CAKUNG,CAKUNG BARAT,80,1,1,1,77,0,0,0,0,0,0,0,202,8,194,33,24,1,15,1,7,
3175061004,DKI JAKARTA,JAKARTA TIMUR,CAKUNG,CAKUNG TIMUR,72,6,2,2,62,0,0,0,0,3,0,3,206,15,191,23,26,0,18,0,8,
3175041007,DKI JAKARTA,JAKARTA TIMUR,KRAMAT JATI,CAWANG,66,2,10,0,54,0,0,0,0,2,1,1,145,63,82,11,34,2,26,1,5,
3175101008,DKI JAKARTA,JAKARTA TIMUR,CIPAYUNG,CEGER,68,5,0,0,63,0,0,0,0,0,0,0,61,7,54,8,8,1,4,0,3,
3171031006,DKI JAKARTA,JAKARTA PUSAT,KEMAYORAN,CEMPAKA BARU,177,4,15,1,157,0,0,0,0,4,1,3,174,32,142,24,75,2,41,7,25,
3171051002,DKI JAKARTA,JAKARTA PUSAT,CEMPAKA PUTIH,CEMPAKA PUTIH BARAT,375,7,5,1,362,0,0,0,0,7,0,7,904,103,801,35,141,6,55,8,72,
3171051001,DKI JAKARTA,JAKARTA PUSAT,CEMPAKA PUTIH,CEMPAKA PUTIH TIMUR,226,5,1,1,219,0,0,0,0,7,0,7,733,32,701,39,106,1,73,1,31,
3173011001,DKI JAKARTA,JAKARTA BARAT,CENGKARENG,CENGKARENG BARAT,87,3,4,1,79,0,0,0,0,4,0,4,469,26,443,6,42,3,36,2,1,
3173011006,DKI JAKARTA,JAKARTA BARAT,CENGKARENG,CENGKARENG TIMUR,123,4,3,6,110,1,0,0,1,3,0,3,495,22,473,7,71,6,53,6,6,
3175091002,DKI JAKARTA,JAKARTA TIMUR,CIRACAS,CIBUBUR,181,5,1,4,171,0,0,0,0,13,7,6,778,80,698,74,37,2,25,2,8,
3171011002,DKI JAKARTA,JAKARTA PUSAT,GAMBIR,CIDENG,111,8,0,1,102,0,0,0,0,7,0,7,187,7,180,10,37,0,18,3,16,
3174091003,DKI JAKARTA,JAKARTA SELATAN,JAGAKARSA,CIGANJUR,140,3,0,1,136,0,0,0,0,9,0,9,139,6,133,6,32,3,13,1,15,
3175051003,DKI JAKARTA,JAKARTA TIMUR,PASAR REBO,CIJANTUNG,179,12,0,3,164,0,0,0,0,0,0,0,172,7,165,3,39,1,23,2,13,
3171061003,DKI JAKARTA,JAKARTA PUSAT,MENTENG,CIKINI,41,1,1,0,39,0,0,0,0,0,0,0,107,49,58,8,14,1,9,1,3,
3174081006,DKI JAKARTA,JAKARTA SELATAN,PANCORAN,CIKOKO,25,0,0,0,25,0,0,0,0,3,0,3,60,2,58,0,12,0,9,1,2,
3174061001,DKI JAKARTA,JAKARTA SELATAN,CILANDAK,CILANDAK BARAT,234,2,0,4,228,0,0,0,0,88,0,88,437,13,424,34,61,3,40,3,15,
3174041003,DKI JAKARTA,JAKARTA SELATAN,PASAR MINGGU,CILANDAK TIMUR,78,5,0,1,72,0,0,0,0,17,0,17,94,6,88,5,20,2,11,2,5,
3175101002,DKI JAKARTA,JAKARTA TIMUR,CIPAYUNG,CILANGKAP,106,3,2,1,100,0,0,0,0,0,0,0,110,11,99,17,23,1,17,0,5,
3175041006,DKI JAKARTA,JAKARTA TIMUR,KRAMAT JATI,CILILITAN,81,6,8,1,66,0,0,0,0,1,0,1,174,35,139,37,29,3,17,2,7,
3172041001,DKI JAKARTA,JAKARTA UTARA,CILINCING,CILINCING,142,4,12,1,125,0,0,0,0,3,0,3,388,33,355,56,75,1,43,1,30,
3175101001,DKI JAKARTA,JAKARTA TIMUR,CIPAYUNG,CIPAYUNG,137,3,7,2,125,0,0,0,0,2,0,2,133,12,121,7,28,1,21,1,5,
3174091006,DKI JAKARTA,JAKARTA SELATAN,JAGAKARSA,CIPEDAK,132,1,0,0,131,1,0,0,1,0,0,0,107,2,105,5,25,6,17,0,2,
3174061005,DKI JAKARTA,JAKARTA SELATAN,CILANDAK,CIPETE SELATAN,89,1,0,1,87,0,0,0,0,41,0,41,148,8,140,3,16,1,5,4,6,
3174071010,DKI JAKARTA,JAKARTA SELATAN,KEBAYORAN BARU,CIPETE UTARA,105,5,0,3,97,0,0,0,0,9,0,9,159,10,149,5,22,1,16,2,3,
3175021003,DKI JAKARTA,JAKARTA TIMUR,PULO GADUNG,CIPINANG,56,1,1,2,52,0,0,0,0,3,0,3,242,21,221,22,37,3,22,3,9,
3175031007,DKI JAKARTA,JAKARTA TIMUR,JATINEGARA,CIPINANG BESAR SELATAN,58,0,2,1,55,0,0,0,0,1,0,1,107,7,100,4,22,0,16,1,5,
3175031008,DKI JAKARTA,JAKARTA TIMUR,JATINEGARA,CIPINANG BESAR UTARA,46,3,0,0,43,0,0,0,0,3,0,3,235,18,217,11,48,0,41,2,5,
3175031005,DKI JAKARTA,JAKARTA TIMUR,JATINEGARA,CIPINANG CEMPEDAK,66,4,0,2,60,0,0,0,0,1,0,1,72,7,65,6,12,1,9,1,1,
3175081005,DKI JAKARTA,JAKARTA TIMUR,MAKASAR,CIPINANG MELAYU,67,4,1,2,60,0,0,0,0,2,0,2,171,22,149,11,35,2,23,4,6,
3175031006,DKI JAKARTA,JAKARTA TIMUR,JATINEGARA,CIPINANG MUARA,86,5,0,1,80,0,0,0,0,3,0,3,189,7,182,24,46,0,38,1,7,
3174051003,DKI JAKARTA,JAKARTA SELATAN,KEBAYORAN LAMA,CIPULIR,84,4,0,4,76,0,0,0,0,6,1,5,291,11,280,4,48,0,40,3,5,
3175091001,DKI JAKARTA,JAKARTA TIMUR,CIRACAS,CIRACAS,171,7,3,9,152,0,0,0,0,9,0,9,445,21,424,40,48,0,34,5,9,
3175041003,DKI JAKARTA,JAKARTA TIMUR,KRAMAT JATI,DUKUH,81,7,0,1,73,0,0,0,0,1,0,1,108,24,84,15,20,0,15,0,5,
3175071001,DKI JAKARTA,JAKARTA TIMUR,DUREN SAWIT,DUREN SAWIT,303,8,1,2,292,2,0,0,2,1,0,1,207,21,186,13,80,1,53,8,18,
3174081004,DKI JAKARTA,JAKARTA SELATAN,PANCORAN,DUREN TIGA,82,0,0,0,82,0,0,0,0,0,0,0,181,4,177,2,18,1,11,0,6,
3173051005,DKI JAKARTA,JAKARTA BARAT,KEBON JERUK,DURI KEPA,146,8,1,2,135,0,0,0,0,7,0,7,514,11,503,65,96,5,64,6,21,
3173011002,DKI JAKARTA,JAKARTA BARAT,CENGKARENG,DURI KOSAMBI,128,3,2,3,120,0,0,0,0,3,0,3,295,12,283,8,46,4,23,1,18,
3171011006,DKI JAKARTA,JAKARTA PUSAT,GAMBIR,DURI PULO,45,4,0,3,38,0,0,0,0,0,0,0,105,6,99,5,25,0,15,2,8,
3173041011,DKI JAKARTA,JAKARTA BARAT,TAMBORA,DURI SELATAN,32,2,0,1,29,0,0,0,0,1,0,1,45,0,45,3,13,0,8,0,5,
3173041003,DKI JAKARTA,JAKARTA BARAT,TAMBORA,DURI UTARA,74,2,4,2,66,0,0,0,0,1,0,1,69,4,65,1,21,0,14,3,4,
3171081003,DKI JAKARTA,JAKARTA PUSAT,JOHAR BARU,GALUR,43,2,0,0,41,0,0,0,0,2,0,2,150,10,140,45,40,2,7,4,27,
3171011001,DKI JAKARTA,JAKARTA PUSAT,GAMBIR,GAMBIR,28,0,0,0,28,0,0,0,0,17,0,17,97,2,95,6,11,1,9,0,1,
3174061004,DKI JAKARTA,JAKARTA SELATAN,CILANDAK,GANDARIA SELATAN,55,1,1,0,53,1,0,0,1,20,0,20,94,3,91,0,16,0,7,1,8,
3174071009,DKI JAKARTA,JAKARTA SELATAN,KEBAYORAN BARU,GANDARIA UTARA,98,6,0,1,91,0,0,0,0,1,0,1,256,29,227,0,27,1,17,1,8,
3175051001,DKI JAKARTA,JAKARTA TIMUR,PASAR REBO,GEDONG,251,28,0,0,223,0,0,0,0,0,0,0,101,9,92,17,56,4,41,0,11,
3171071001,DKI JAKARTA,JAKARTA PUSAT,TANAH ABANG,GELORA,30,0,0,1,29,0,0,0,0,5,0,5,50,0,50,0,21,0,12,1,8,
3173031007,DKI JAKARTA,JAKARTA BARAT,TAMAN SARI,GLODOK,32,0,2,0,30,0,0,0,0,0,0,0,48,17,31,0,4,0,2,1,1,
3171061004,DKI JAKARTA,JAKARTA PUSAT,MENTENG,GONDANGDIA,18,0,0,1,17,0,0,0,0,4,0,4,60,23,37,7,20,1,16,2,1,
3173021001,DKI JAKARTA,JAKARTA BARAT,GROGOL PETAMBURAN,GROGOL,106,0,0,3,103,0,0,0,0,39,0,39,362,7,355,37,47,1,32,0,14,
3174051005,DKI JAKARTA,JAKARTA SELATAN,KEBAYORAN LAMA,GROGOL SELATAN,88,2,0,3,83,1,0,1,0,11,0,11,300,17,283,3,45,3,32,4,6,
3174051004,DKI JAKARTA,JAKARTA SELATAN,KEBAYORAN LAMA,GROGOL UTARA,136,4,1,5,126,0,0,0,0,23,0,23,322,8,314,12,90,2,55,2,31,
3174021007,DKI JAKARTA,JAKARTA SELATAN,SETIA BUDI,GUNTUR,16,1,0,0,15,0,0,0,0,0,0,0,43,0,43,1,6,1,5,0,0,
3174071002,DKI JAKARTA,JAKARTA SELATAN,KEBAYORAN BARU,GUNUNG,42,0,0,3,39,0,0,0,0,7,0,7,123,2,121,0,12,0,10,1,1,
3171031005,DKI JAKARTA,JAKARTA PUSAT,KEMAYORAN,GUNUNG SAHARI SELATAN,114,3,1,1,109,0,0,0,0,2,0,2,153,6,147,1,18,0,13,2,3,
3171021004,DKI JAKARTA,JAKARTA PUSAT,SAWAH BESAR,GUNUNG SAHARI UTARA,91,3,0,1,87,0,0,0,0,2,1,1,135,12,123,4,28,0,15,4,9,
3175081004,DKI JAKARTA,JAKARTA TIMUR,MAKASAR,HALIM PERDANA KUSUMAH,51,5,2,2,42,0,0,0,0,2,0,2,88,16,72,7,39,1,29,3,6,
3171031003,DKI JAKARTA,JAKARTA PUSAT,KEMAYORAN,HARAPAN MULIA,126,5,10,2,109,0,0,0,0,3,0,3,148,10,138,25,65,1,32,4,28,
3174091001,DKI JAKARTA,JAKARTA SELATAN,JAGAKARSA,JAGAKARSA,262,5,2,1,254,1,0,0,1,5,0,5,257,18,239,8,56,4,32,2,18,
3175021007,DKI JAKARTA,JAKARTA TIMUR,PULO GADUNG,JATI,76,3,1,1,71,0,0,0,0,4,0,4,228,23,205,18,45,0,33,0,12,
3174041002,DKI JAKARTA,JAKARTA SELATAN,PASAR MINGGU,JATI PADANG,122,3,1,2,116,0,0,0,0,2,0,2,223,76,147,12,31,3,19,3,6,
3173071004,DKI JAKARTA,JAKARTA BARAT,PALMERAH,JATI PULO,168,5,1,4,158,0,0,0,0,2,0,2,308,23,285,57,80,2,62,2,14,
3175061001,DKI JAKARTA,JAKARTA TIMUR,CAKUNG,JATINEGARA,123,4,1,3,115,0,0,0,0,2,0,2,287,14,273,30,49,3,32,3,11,
3175021004,DKI JAKARTA,JAKARTA TIMUR,PULO GADUNG,JATINEGARA KAUM,15,0,0,0,15,0,0,0,0,3,0,3,83,2,81,3,8,2,4,0,2,
3173021004,DKI JAKARTA,JAKARTA BARAT,GROGOL PETAMBURAN,JELAMBAR,93,4,1,5,83,0,0,0,0,22,4,18,346,44,302,6,43,2,30,4,7,
3173021006,DKI JAKARTA,JAKARTA BARAT,GROGOL PETAMBURAN,JELAMBAR BARU,141,0,0,2,139,0,0,0,0,4,0,4,263,8,255,14,27,0,18,2,7,
3173041006,DKI JAKARTA,JAKARTA BARAT,TAMBORA,JEMBATAN BESI,236,5,25,1,205,0,0,0,0,0,0,0,192,28,164,7,96,1,76,5,14,
3173041008,DKI JAKARTA,JAKARTA BARAT,TAMBORA,JEMBATAN LIMA,60,1,0,0,59,0,0,0,0,0,0,0,85,3,82,1,13,2,7,0,4,
3173081005,DKI JAKARTA,JAKARTA BARAT,KEMBANGAN,JOGLO,87,1,0,3,83,0,0,0,0,3,0,3,152,11,141,12,36,0,35,1,0,
3171081001,DKI JAKARTA,JAKARTA PUSAT,JOHAR BARU,JOHAR BARU,192,4,0,3,185,0,0,0,0,4,1,3,611,28,583,94,108,4,48,5,51,
3173041002,DKI JAKARTA,JAKARTA BARAT,TAMBORA,KALI ANYAR,102,6,1,0,95,0,0,0,0,3,0,3,165,12,153,8,34,2,13,2,17,
3172041004,DKI JAKARTA,JAKARTA UTARA,CILINCING,KALI BARU,96,10,3,5,78,0,0,0,0,1,0,1,155,28,127,28,45,9,29,4,3,
3174081002,DKI JAKARTA,JAKARTA SELATAN,PANCORAN,KALIBATA,139,5,0,3,131,0,0,0,0,5,0,5,210,11,199,9,49,1,30,1,17,
3173061001,DKI JAKARTA,JAKARTA BARAT,KALI DERES,KALIDERES,347,5,13,4,325,0,0,0,0,5,0,5,1036,30,1006,25,64,4,50,4,6,
3175051004,DKI JAKARTA,JAKARTA TIMUR,PASAR REBO,KALISARI,167,12,1,0,154,0,0,0,0,1,0,1,113,15,98,6,38,0,27,2,9,
3173061004,DKI JAKARTA,JAKARTA BARAT,KALI DERES,KAMAL,128,0,2,3,123,0,0,0,0,0,0,0,266,17,249,1,8,1,3,2,2,
3172011002,DKI JAKARTA,JAKARTA UTARA,PENJARINGAN,KAMAL MUARA,14,0,0,0,14,0,0,0,0,4,0,4,27,2,25,0,16,0,15,1,0,
3171071007,DKI JAKARTA,JAKARTA PUSAT,TANAH ABANG,KAMPUNG BALI,60,2,0,2,56,0,0,0,0,1,0,1,99,1,98,0,18,0,15,1,2,
3175031001,DKI JAKARTA,JAKARTA TIMUR,JATINEGARA,KAMPUNG MELAYU,38,4,0,4,30,0,0,0,0,3,0,3,63,5,58,3,64,1,38,1,24,
3171081002,DKI JAKARTA,JAKARTA PUSAT,JOHAR BARU,KAMPUNG RAWA,95,2,0,0,93,1,0,0,1,0,0,0,258,15,243,64,83,3,48,7,25,
3175041002,DKI JAKARTA,JAKARTA TIMUR,KRAMAT JATI,KAMPUNG TENGAH,191,5,1,1,184,0,0,0,0,7,0,7,440,46,394,48,101,1,75,8,17,
3173011005,DKI JAKARTA,JAKARTA BARAT,CENGKARENG,KAPUK,141,4,7,16,114,0,0,0,0,3,0,3,323,20,303,8,43,2,29,6,6,
3172011003,DKI JAKARTA,JAKARTA UTARA,PENJARINGAN,KAPUK MUARA,52,3,0,0,49,0,0,0,0,7,0,7,93,9,84,16,25,3,16,3,3,
3171021002,DKI JAKARTA,JAKARTA PUSAT,SAWAH BESAR,KARANG ANYAR,207,10,3,4,190,1,0,1,0,3,1,2,394,18,376,10,52,1,34,5,12,
3174021004,DKI JAKARTA,JAKARTA SELATAN,SETIA BUDI,KARET,51,2,0,0,49,0,0,0,0,8,0,8,132,2,130,4,20,0,18,0,2,
3174021003,DKI JAKARTA,JAKARTA SELATAN,SETIA BUDI,KARET KUNINGAN,76,3,0,1,72,0,0,0,0,16,0,16,136,10,126,4,23,1,14,2,6,
3174021002,DKI JAKARTA,JAKARTA SELATAN,SETIA BUDI,KARET SEMANGGI,39,0,0,1,38,0,0,0,0,3,0,3,34,0,34,0,8,0,3,2,3,
3171071003,DKI JAKARTA,JAKARTA PUSAT,TANAH ABANG,KARET TENGSIN,71,5,1,0,65,0,0,0,0,7,0,7,125,0,125,0,15,1,12,1,1,
3171021003,DKI JAKARTA,JAKARTA PUSAT,SAWAH BESAR,KARTINI,155,3,0,1,151,0,0,0,0,0,0,0,256,20,236,14,52,2,39,1,10,
3175011003,DKI JAKARTA,JAKARTA TIMUR,MATRAMAN,KAYU MANIS,103,1,1,0,101,1,0,0,1,0,0,0,271,11,260,17,46,1,32,2,11,
3175021006,DKI JAKARTA,JAKARTA TIMUR,PULO GADUNG,KAYU PUTIH,154,5,0,4,145,0,0,0,0,10,0,10,357,41,316,21,70,2,48,5,15,
3173031006,DKI JAKARTA,JAKARTA BARAT,TAMAN SARI,KEAGUNGAN,51,3,6,0,42,0,0,0,0,0,0,0,106,11,95,6,9,2,4,0,3,
3174041007,DKI JAKARTA,JAKARTA SELATAN,PASAR MINGGU,KEBAGUSAN,116,7,0,1,108,0,0,0,0,0,0,0,142,19,123,10,31,3,25,0,3,
3174051006,DKI JAKARTA,JAKARTA SELATAN,KEBAYORAN LAMA,KEBAYORAN LAMA SELATAN,137,5,2,0,130,1,0,0,1,1,0,1,395,10,385,8,33,1,18,3,11,
3174051001,DKI JAKARTA,JAKARTA SELATAN,KEBAYORAN LAMA,KEBAYORAN LAMA UTARA,107,4,0,1,102,0,0,0,0,15,0,15,220,7,213,2,35,1,26,2,6,
3174011004,DKI JAKARTA,JAKARTA SELATAN,TEBET,KEBON BARU,83,3,1,2,77,0,0,0,0,15,0,15,260,11,249,11,37,1,34,0,2,
3172021005,DKI JAKARTA,JAKARTA UTARA,TANJUNG PRIOK,KEBON BAWANG,150,6,4,1,139,0,0,0,0,10,3,7,304,24,280,46,68,4,49,1,14,
3173051001,DKI JAKARTA,JAKARTA BARAT,KEBON JERUK,KEBON JERUK,203,4,2,4,193,0,0,0,0,9,0,9,677,15,662,45,94,3,57,8,26,
3171071006,DKI JAKARTA,JAKARTA PUSAT,TANAH ABANG,KEBON KACANG,230,0,9,1,220,0,0,0,0,0,0,0,268,6,262,3,110,1,90,8,11,
3171011005,DKI JAKARTA,JAKARTA PUSAT,GAMBIR,KEBON KELAPA,57,3,0,1,53,0,0,0,0,1,0,1,69,5,64,0,9,0,8,1,0,
3171031002,DKI JAKARTA,JAKARTA PUSAT,KEMAYORAN,KEBON KOSONG,133,0,5,5,123,0,0,0,0,7,0,7,140,4,136,24,57,1,40,5,11,
3175011005,DKI JAKARTA,JAKARTA TIMUR,MATRAMAN,KEBON MANGGIS,61,5,0,3,53,0,0,0,0,1,0,1,56,3,53,17,38,2,17,2,17,
3171071005,DKI JAKARTA,JAKARTA PUSAT,TANAH ABANG,KEBON MELATI,217,6,2,2,207,0,0,0,0,5,0,5,277,3,274,2,87,6,73,6,2,
3175081003,DKI JAKARTA,JAKARTA TIMUR,MAKASAR,KEBON PALA,57,2,0,1,54,0,0,0,0,2,0,2,248,14,234,11,37,3,23,0,11,
3171061005,DKI JAKARTA,JAKARTA PUSAT,MENTENG,KEBON SIRIH,64,0,2,2,60,0,0,0,0,2,0,2,169,38,131,11,37,1,33,2,1,
3173011004,DKI JAKARTA,JAKARTA BARAT,CENGKARENG,KEDAUNG KALI ANGKE,47,1,0,0,46,0,0,0,0,1,0,1,112,11,101,3,20,3,16,0,1,
3173051007,DKI JAKARTA,JAKARTA BARAT,KEBON JERUK,KEDOYA SELATAN,95,2,0,5,88,1,0,0,1,4,0,4,217,6,211,12,32,2,28,1,1,
3173051006,DKI JAKARTA,JAKARTA BARAT,KEBON JERUK,KEDOYA UTARA,83,0,1,2,80,0,0,0,0,15,0,15,305,3,302,19,35,1,27,0,7,
3173051004,DKI JAKARTA,JAKARTA BARAT,KEBON JERUK,KELAPA DUA,56,2,0,0,54,0,0,0,0,1,0,1,134,11,123,17,38,1,25,1,11,
3175091003,DKI JAKARTA,JAKARTA TIMUR,CIRACAS,KELAPA DUA WETAN,119,5,3,1,110,0,0,0,0,0,0,0,419,41,378,31,38,6,26,1,5,
3172061003,DKI JAKARTA,JAKARTA UTARA,KELAPA GADING,KELAPA GADING BARAT,307,3,14,2,288,0,0,0,0,35,0,35,535,25,510,29,76,5,52,5,14,
3172061001,DKI JAKARTA,JAKARTA UTARA,KELAPA GADING,KELAPA GADING TIMUR,291,1,1,2,287,0,0,0,0,10,0,10,564,22,542,22,55,3,39,8,5,
3173071005,DKI JAKARTA,JAKARTA BARAT,PALMERAH,KEMANGGISAN,128,6,0,5,117,0,0,0,0,2,0,2,290,28,262,45,45,1,31,3,10,
3171031001,DKI JAKARTA,JAKARTA PUSAT,KEMAYORAN,KEMAYORAN,153,5,5,3,140,0,0,0,0,0,0,0,233,21,212,17,73,0,40,1,32,
3173081006,DKI JAKARTA,JAKARTA BARAT,KEMBANGAN,KEMBANGAN SELATAN,59,1,1,1,56,0,0,0,0,5,0,5,133,11,122,50,35,2,26,1,6,
3173081001,DKI JAKARTA,JAKARTA BARAT,KEMBANGAN,KEMBANGAN UTARA,103,6,5,3,89,0,0,0,0,2,0,2,299,15,284,10,42,4,34,1,3,
3171041002,DKI JAKARTA,JAKARTA PUSAT,SENEN,KENARI,92,0,2,1,89,0,0,0,0,0,0,0,256,5,251,43,132,1,126,2,3,
3173041005,DKI JAKARTA,JAKARTA BARAT,TAMBORA,KERENDANG,94,2,0,2,90,0,0,0,0,0,0,0,98,2,96,1,47,1,29,5,12,
3175071003,DKI JAKARTA,JAKARTA TIMUR,DUREN SAWIT,KLENDER,249,5,0,2,242,0,0,0,0,2,0,2,222,14,208,10,68,0,48,8,12,
3172031001,DKI JAKARTA,JAKARTA UTARA,KOJA,KOJA,126,0,4,0,122,0,0,0,0,4,0,4,160,5,155,22,23,0,17,1,5,
3173071006,DKI JAKARTA,JAKARTA BARAT,PALMERAH,KOTA BAMBU SELATAN,187,7,0,4,176,0,0,0,0,0,0,0,487,94,393,76,99,7,50,3,39,
3173071003,DKI JAKARTA,JAKARTA BARAT,PALMERAH,KOTA BAMBU UTARA,164,4,4,9,147,0,0,0,0,0,0,0,282,42,240,49,81,1,60,4,16,
3171041004,DKI JAKARTA,JAKARTA PUSAT,SENEN,KRAMAT,164,1,5,4,154,0,0,0,0,3,0,3,499,68,431,31,135,3,68,8,56,
3175041001,DKI JAKARTA,JAKARTA TIMUR,KRAMAT JATI,KRAMAT JATI,103,2,3,1,97,0,0,0,0,4,0,4,209,46,163,18,26,1,17,2,6,
3174071003,DKI JAKARTA,JAKARTA SELATAN,KEBAYORAN BARU,KRAMAT PELA,29,2,0,0,27,0,0,0,0,0,0,0,138,30,108,3,13,1,9,0,3,
3173031002,DKI JAKARTA,JAKARTA BARAT,TAMAN SARI,KRUKUT,66,1,2,6,57,0,0,0,0,3,0,3,153,9,144,9,31,2,22,2,5,
3174031005,DKI JAKARTA,JAKARTA SELATAN,MAMPANG PRAPATAN,KUNINGAN BARAT,38,0,0,1,37,0,0,0,0,0,0,0,246,40,206,4,9,0,7,0,2,
3174021008,DKI JAKARTA,JAKARTA SELATAN,SETIA BUDI,KUNINGAN TIMUR,62,1,0,1,60,0,0,0,0,17,0,17,44,2,42,1,9,1,5,2,1,
3171041005,DKI JAKARTA,JAKARTA PUSAT,SENEN,KWITANG,126,2,10,0,114,1,0,0,1,2,0,2,256,6,250,8,35,2,23,3,7,
3172031003,DKI JAKARTA,JAKARTA UTARA,KOJA,LAGOA,231,9,2,1,219,0,0,0,0,3,0,3,175,10,165,28,139,5,75,5,54,
3174061002,DKI JAKARTA,JAKARTA SELATAN,CILANDAK,LEBAK BULUS,123,3,0,2,118,0,0,0,0,27,0,27,250,6,244,19,36,0,29,6,1,
3174091004,DKI JAKARTA,JAKARTA SELATAN,JAGAKARSA,LENTENG AGUNG,206,5,1,0,200,0,0,0,0,3,0,3,131,6,125,7,33,1,25,0,7,
LUAR DKI JAKARTA,LUAR DKI JAKARTA,LUAR DKI JAKARTA,LUAR DKI JAKARTA,LUAR DKI JAKARTA,10224,211,94,93,9826,11,0,1,10,267,10,257,11561,687,10874,637,2780,94,2402,83,201,
3175101007,DKI JAKARTA,JAKARTA TIMUR,CIPAYUNG,LUBANG BUAYA,164,4,0,3,157,0,0,0,0,3,0,3,253,28,225,23,31,1,17,0,13,
3175081001,DKI JAKARTA,JAKARTA TIMUR,MAKASAR,MAKASAR,70,6,0,1,63,0,0,0,0,4,0,4,242,61,181,16,10,0,10,0,0,
3175071006,DKI JAKARTA,JAKARTA TIMUR,DUREN SAWIT,MALAKA JAYA,138,6,2,2,128,0,0,0,0,2,0,2,147,10,137,7,33,0,28,0,5,
3175071005,DKI JAKARTA,JAKARTA TIMUR,DUREN SAWIT,MALAKA SARI,120,4,0,1,115,0,0,0,0,0,0,0,82,7,75,6,37,0,30,2,5,
3174031001,DKI JAKARTA,JAKARTA SELATAN,MAMPANG PRAPATAN,MAMPANG PRAPATAN,70,1,0,2,67,0,0,0,0,0,0,0,298,12,286,8,29,2,14,3,10,
3173031005,DKI JAKARTA,JAKARTA BARAT,TAMAN SARI,MANGGA BESAR,36,0,7,1,28,0,0,0,0,0,0,0,64,7,57,3,4,0,4,0,0,
3171021005,DKI JAKARTA,JAKARTA PUSAT,SAWAH BESAR,MANGGA DUA SELATAN,86,4,1,1,80,0,0,0,0,1,0,1,171,19,152,8,28,2,20,0,6,
3174011007,DKI JAKARTA,JAKARTA SELATAN,TEBET,MANGGARAI,70,1,0,0,69,0,0,0,0,4,0,4,201,21,180,18,21,0,17,0,4,
3174011006,DKI JAKARTA,JAKARTA SELATAN,TEBET,MANGGARAI SELATAN,47,1,1,2,43,0,0,0,0,6,0,6,213,14,199,16,23,0,16,2,5,
3173031003,DKI JAKARTA,JAKARTA BARAT,TAMAN SARI,MAPHAR,81,0,0,1,80,0,0,0,0,5,0,5,134,7,127,35,84,1,67,0,16,
3172041003,DKI JAKARTA,JAKARTA UTARA,CILINCING,MARUNDA,71,5,7,0,59,0,0,0,0,0,0,0,88,12,76,8,15,2,9,1,3,
3174071001,DKI JAKARTA,JAKARTA SELATAN,KEBAYORAN BARU,MELAWAI,8,0,0,0,8,0,0,0,0,1,0,1,14,1,13,0,5,0,5,0,0,
3171061001,DKI JAKARTA,JAKARTA PUSAT,MENTENG,MENTENG,91,2,1,2,86,1,0,0,1,1,0,1,279,31,248,13,40,1,34,4,1,
3174021005,DKI JAKARTA,JAKARTA SELATAN,SETIA BUDI,MENTENG ATAS,117,2,8,3,104,0,0,0,0,31,0,31,499,83,416,31,42,1,27,2,12,
3174011003,DKI JAKARTA,JAKARTA SELATAN,TEBET,MENTENG DALAM,109,3,0,4,102,0,0,0,0,11,0,11,267,16,251,37,46,2,31,4,9,
3173081003,DKI JAKARTA,JAKARTA BARAT,KEMBANGAN,MERUYA SELATAN,72,0,1,1,70,0,0,0,0,2,0,2,114,10,104,14,28,1,24,2,1,
3173081002,DKI JAKARTA,JAKARTA BARAT,KEMBANGAN,MERUYA UTARA,88,1,4,6,77,0,0,0,0,3,0,3,144,17,127,7,34,2,30,0,2,
3175101004,DKI JAKARTA,JAKARTA TIMUR,CIPAYUNG,MUNJUL,70,1,5,0,64,0,0,0,0,2,0,2,53,7,46,21,18,0,13,0,5,
3172051002,DKI JAKARTA,JAKARTA UTARA,PADEMANGAN,PADEMANGAN BARAT,602,17,5,5,575,0,0,0,0,4,0,4,1305,30,1275,19,216,3,170,14,29,
3172051001,DKI JAKARTA,JAKARTA UTARA,PADEMANGAN,PADEMANGAN TIMUR,175,2,3,2,168,0,0,0,0,11,0,11,380,20,360,8,40,1,33,2,4,
3175011004,DKI JAKARTA,JAKARTA TIMUR,MATRAMAN,PAL MERIAM,101,0,0,2,99,1,0,0,1,1,0,1,316,7,309,55,76,2,42,5,27,
3173071001,DKI JAKARTA,JAKARTA BARAT,PALMERAH,PALMERAH,384,14,4,2,364,0,0,0,0,1,0,1,706,59,647,62,117,6,87,8,16,
3174081001,DKI JAKARTA,JAKARTA SELATAN,PANCORAN,PANCORAN,72,5,0,0,67,0,0,0,0,3,0,3,244,5,239,5,26,1,17,3,5,
3172021003,DKI JAKARTA,JAKARTA UTARA,TANJUNG PRIOK,PAPANGGO,109,3,6,0,100,0,0,0,0,4,0,4,250,95,155,42,21,2,14,1,4,
3171021001,DKI JAKARTA,JAKARTA PUSAT,SAWAH BESAR,PASAR BARU,78,6,2,2,68,0,0,0,0,4,0,4,162,15,147,3,22,1,19,0,2,
3174021006,DKI JAKARTA,JAKARTA SELATAN,SETIA BUDI,PASAR MANGGIS,79,3,1,2,73,0,0,0,0,15,1,14,342,22,320,15,34,1,26,2,5,
3174041001,DKI JAKARTA,JAKARTA SELATAN,PASAR MINGGU,PASAR MINGGU,109,4,0,1,104,0,0,0,0,3,1,2,220,11,209,3,38,1,22,2,13,
3171041003,DKI JAKARTA,JAKARTA PUSAT,SENEN,PASEBAN,180,2,1,1,176,0,0,0,0,3,0,3,302,13,289,58,94,4,79,5,6,
3173061005,DKI JAKARTA,JAKARTA BARAT,KALI DERES,PEGADUNGAN,266,2,15,7,242,0,0,0,0,6,0,6,644,122,522,13,63,6,50,3,4,
3171061002,DKI JAKARTA,JAKARTA PUSAT,MENTENG,PEGANGSAAN,102,4,3,2,93,0,0,0,0,0,0,0,428,49,379,42,126,3,100,2,21,
3172061002,DKI JAKARTA,JAKARTA UTARA,KELAPA GADING,PEGANGSAAN DUA,340,2,4,1,333,0,0,0,0,28,3,25,805,38,767,70,96,5,36,4,51,
3172011004,DKI JAKARTA,JAKARTA UTARA,PENJARINGAN,PEJAGALAN,91,6,0,2,83,0,0,0,0,5,0,5,284,46,238,22,42,3,30,3,6,
3174041006,DKI JAKARTA,JAKARTA SELATAN,PASAR MINGGU,PEJATEN BARAT,117,6,1,2,108,2,0,0,2,1,0,1,193,10,183,11,38,6,27,2,3,
3174041005,DKI JAKARTA,JAKARTA SELATAN,PASAR MINGGU,PEJATEN TIMUR,146,5,1,1,139,1,0,0,1,1,0,1,230,17,213,18,56,3,43,5,5,
3175051005,DKI JAKARTA,JAKARTA TIMUR,PASAR REBO,PEKAYON,236,19,3,1,213,0,0,0,0,1,0,1,76,9,67,7,20,1,8,2,9,
3173041009,DKI JAKARTA,JAKARTA BARAT,TAMBORA,PEKOJAN,121,1,1,2,117,0,0,0,0,2,0,2,124,3,121,16,26,1,25,0,0,
3174031003,DKI JAKARTA,JAKARTA SELATAN,MAMPANG PRAPATAN,PELA MAMPANG,132,1,0,2,129,0,0,0,0,12,0,12,477,66,411,4,24,1,13,4,6,
3174081005,DKI JAKARTA,JAKARTA SELATAN,PANCORAN,PENGADEGAN,45,3,0,1,41,0,0,0,0,2,0,2,102,4,98,6,18,0,15,0,3,
3175061003,DKI JAKARTA,JAKARTA TIMUR,CAKUNG,PENGGILINGAN,155,10,1,1,143,0,0,0,0,3,0,3,290,40,250,56,76,0,55,3,18,
3172011001,DKI JAKARTA,JAKARTA UTARA,PENJARINGAN,PENJARINGAN,299,5,1,4,289,1,0,0,1,20,0,20,1715,128,1587,111,196,6,139,6,45,
3174101001,DKI JAKARTA,JAKARTA SELATAN,PESANGGRAHAN,PESANGGRAHAN,156,11,13,4,128,0,0,0,0,0,0,0,188,4,184,16,18,0,12,3,3,
3171071004,DKI JAKARTA,JAKARTA PUSAT,TANAH ABANG,PETAMBURAN,312,7,5,5,295,0,0,0,0,7,0,7,217,5,212,3,148,2,132,9,5,
3174071008,DKI JAKARTA,JAKARTA SELATAN,KEBAYORAN BARU,PETOGOGAN,36,1,0,0,35,0,0,0,0,2,0,2,93,4,89,0,7,0,6,0,1,
3171011004,DKI JAKARTA,JAKARTA PUSAT,GAMBIR,PETOJO SELATAN,67,5,0,1,61,0,0,0,0,13,0,13,244,2,242,13,29,1,25,2,1,
3171011003,DKI JAKARTA,JAKARTA PUSAT,GAMBIR,PETOJO UTARA,64,1,2,3,58,0,0,0,0,10,0,10,174,4,170,25,38,2,27,2,7,
3174101004,DKI JAKARTA,JAKARTA SELATAN,PESANGGRAHAN,PETUKANGAN SELATAN,129,4,1,2,122,0,0,0,0,0,0,0,321,9,312,6,9,0,8,0,1,
3174101003,DKI JAKARTA,JAKARTA SELATAN,PESANGGRAHAN,PETUKANGAN UTARA,179,4,1,3,171,1,0,0,1,3,0,3,417,7,410,5,36,1,27,2,6,
3175081002,DKI JAKARTA,JAKARTA TIMUR,MAKASAR,PINANG RANTI,56,0,0,1,55,0,0,0,0,0,0,0,213,60,153,21,18,0,16,2,0,
3173031008,DKI JAKARTA,JAKARTA BARAT,TAMAN SARI,PINANGSIA,31,2,4,1,24,0,0,0,0,2,0,2,96,15,81,0,5,2,2,0,1,
3175011001,DKI JAKARTA,JAKARTA TIMUR,MATRAMAN,PISANGAN BARU,84,0,0,3,81,0,0,0,0,1,0,1,107,4,103,24,33,0,26,4,3,
3175021002,DKI JAKARTA,JAKARTA TIMUR,PULO GADUNG,PISANGAN TIMUR,116,1,2,4,109,0,0,0,0,9,0,9,250,7,243,20,34,3,15,2,14,
3172011005,DKI JAKARTA,JAKARTA UTARA,PENJARINGAN,PLUIT,104,1,1,4,98,0,0,0,0,10,0,10,305,75,230,8,60,3,45,6,6,
3175071002,DKI JAKARTA,JAKARTA TIMUR,DUREN SAWIT,PONDOK BAMBU,415,2,2,0,411,0,0,0,0,3,0,3,171,13,158,6,101,0,79,4,18,
3175071004,DKI JAKARTA,JAKARTA TIMUR,DUREN SAWIT,PONDOK KELAPA,196,5,1,0,190,0,0,0,0,5,0,5,280,11,269,8,81,3,68,4,6,
3175071007,DKI JAKARTA,JAKARTA TIMUR,DUREN SAWIT,PONDOK KOPI,123,2,1,1,119,0,0,0,0,1,0,1,85,5,80,4,32,0,25,5,2,
3174061003,DKI JAKARTA,JAKARTA SELATAN,CILANDAK,PONDOK LABU,138,5,1,1,131,2,0,0,2,71,0,71,399,8,391,33,39,1,36,1,1,
3174051002,DKI JAKARTA,JAKARTA SELATAN,KEBAYORAN LAMA,PONDOK PINANG,208,4,2,4,198,0,0,0,0,43,0,43,378,10,368,9,61,3,42,9,7,
3175101003,DKI JAKARTA,JAKARTA TIMUR,CIPAYUNG,PONDOK RANGGON,73,3,1,3,66,0,0,0,0,2,0,2,68,2,66,21,14,0,12,1,1,
3101011003,DKI JAKARTA,KAB.ADM.KEP.SERIBU,KEP. SERIBU UTARA,PULAU HARAPAN,59,0,0,0,59,0,0,0,0,0,0,0,52,1,51,0,1,0,0,0,1,
3101011002,DKI JAKARTA,KAB.ADM.KEP.SERIBU,KEP. SERIBU UTARA,PULAU KELAPA,43,0,0,1,42,0,0,0,0,0,0,0,137,0,137,1,1,0,1,0,0,
3101011001,DKI JAKARTA,KAB.ADM.KEP.SERIBU,KEP. SERIBU UTARA,PULAU PANGGANG,50,0,0,1,49,0,0,0,0,0,0,0,128,1,127,4,3,1,0,0,2,
3101021003,DKI JAKARTA,KAB.ADM.KEP.SERIBU,KEP. SERIBU SELATAN,PULAU PARI,6,0,0,0,6,0,0,0,0,0,0,0,155,0,155,1,2,0,0,0,2,
3101021002,DKI JAKARTA,KAB.ADM.KEP.SERIBU,KEP. SERIBU SELATAN,PULAU TIDUNG,29,0,0,0,29,0,0,0,0,0,0,0,327,0,327,1,24,0,11,0,13,
3101021001,DKI JAKARTA,KAB.ADM.KEP.SERIBU,KEP. SERIBU SELATAN,PULAU UNTUNG JAWA,15,0,0,0,15,0,0,0,0,0,0,0,95,0,95,0,2,0,0,0,2,
3174071007,DKI JAKARTA,JAKARTA SELATAN,KEBAYORAN BARU,PULO,25,0,0,1,24,0,0,0,0,1,0,1,83,0,83,0,8,0,6,0,2,
3175021001,DKI JAKARTA,JAKARTA TIMUR,PULO GADUNG,PULO GADUNG,93,0,1,2,90,0,0,0,0,8,0,8,267,28,239,14,33,0,23,3,7,
3175061005,DKI JAKARTA,JAKARTA TIMUR,CAKUNG,PULO GEBANG,114,4,3,2,105,0,0,0,0,4,0,4,355,36,319,44,59,2,47,3,7,
3174041004,DKI JAKARTA,JAKARTA SELATAN,PASAR MINGGU,RAGUNAN,169,4,0,2,163,1,0,0,1,1,0,1,185,76,109,8,14,0,9,2,3,
3175091005,DKI JAKARTA,JAKARTA TIMUR,CIRACAS,RAMBUTAN,87,3,1,1,82,1,0,0,1,1,0,1,236,3,233,25,24,0,20,0,4,
3172031006,DKI JAKARTA,JAKARTA UTARA,KOJA,RAWA BADAK SELATAN,205,5,3,2,195,0,0,0,0,1,0,1,193,14,179,31,49,2,40,3,4,
3172031004,DKI JAKARTA,JAKARTA UTARA,KOJA,RAWA BADAK UTARA,144,4,2,1,137,0,0,0,0,2,0,2,166,9,157,36,37,3,26,2,6,
3174071005,DKI JAKARTA,JAKARTA SELATAN,KEBAYORAN BARU,RAWA BARAT,25,0,0,2,23,0,0,0,0,0,0,0,21,0,21,0,7,0,6,1,0,
3173011003,DKI JAKARTA,JAKARTA BARAT,CENGKARENG,RAWA BUAYA,61,4,0,2,55,0,0,0,0,3,0,3,170,11,159,2,32,2,23,1,6,
3175031004,DKI JAKARTA,JAKARTA TIMUR,JATINEGARA,RAWA BUNGA,17,1,0,1,15,0,0,0,0,0,0,0,33,3,30,2,12,1,11,0,0,
3174081003,DKI JAKARTA,JAKARTA SELATAN,PANCORAN,RAWA JATI,68,1,0,0,67,0,0,0,0,1,0,1,117,8,109,4,10,2,8,0,0,
3175061002,DKI JAKARTA,JAKARTA TIMUR,CAKUNG,RAWA TERATE,23,0,0,0,23,0,0,0,0,2,0,2,117,2,115,0,7,0,5,0,2,
3175021005,DKI JAKARTA,JAKARTA TIMUR,PULO GADUNG,RAWAMANGUN,82,6,0,0,76,0,0,0,0,2,0,2,287,27,260,17,38,0,26,1,11,
3171051003,DKI JAKARTA,JAKARTA PUSAT,CEMPAKA PUTIH,RAWASARI,234,5,3,2,224,0,0,0,0,3,0,3,513,31,482,19,61,7,20,4,30,
3173041010,DKI JAKARTA,JAKARTA BARAT,TAMBORA,ROA MALAKA,7,0,0,0,7,0,0,0,0,0,0,0,9,0,9,0,0,0,0,0,0,
3172041006,DKI JAKARTA,JAKARTA UTARA,CILINCING,ROROTAN,73,3,6,2,62,0,0,0,0,1,0,1,147,24,123,55,20,2,9,1,8,
3174071004,DKI JAKARTA,JAKARTA SELATAN,KEBAYORAN BARU,SELONG,11,0,2,0,9,0,0,0,0,2,0,2,56,0,56,0,8,2,6,0,0,
3173061002,DKI JAKARTA,JAKARTA BARAT,KALI DERES,SEMANAN,134,0,6,3,125,0,0,0,0,1,0,1,387,68,319,6,24,1,19,1,3,
3172041007,DKI JAKARTA,JAKARTA UTARA,CILINCING,SEMPER BARAT,202,6,8,1,187,0,0,0,0,10,0,10,360,50,310,68,92,11,59,2,20,
3172041005,DKI JAKARTA,JAKARTA UTARA,CILINCING,SEMPER TIMUR,112,5,9,1,97,0,0,0,0,2,1,1,166,13,153,28,37,5,26,2,4,
3174071006,DKI JAKARTA,JAKARTA SELATAN,KEBAYORAN BARU,SENAYAN,22,0,0,0,22,0,0,0,0,9,0,9,114,12,102,0,16,0,16,0,0,
3171041001,DKI JAKARTA,JAKARTA PUSAT,SENEN,SENEN,73,3,9,0,61,0,0,0,0,4,2,2,448,152,296,21,40,1,36,1,2,
3171031004,DKI JAKARTA,JAKARTA PUSAT,KEMAYORAN,SERDANG,146,1,12,2,131,0,0,0,0,2,0,2,175,12,163,18,45,0,32,2,11,
3174021001,DKI JAKARTA,JAKARTA SELATAN,SETIA BUDI,SETIA BUDI,28,1,0,0,27,0,0,0,0,3,0,3,84,1,83,6,4,0,4,0,0,
3175101005,DKI JAKARTA,JAKARTA TIMUR,CIPAYUNG,SETU,71,0,2,0,69,0,0,0,0,1,0,1,65,11,54,11,8,1,5,0,2,
3173071002,DKI JAKARTA,JAKARTA BARAT,PALMERAH,SLIPI,169,4,1,1,163,0,0,0,0,2,0,2,209,17,192,32,30,2,21,1,6,
3173081004,DKI JAKARTA,JAKARTA BARAT,KEMBANGAN,SRENGSENG,124,2,3,3,116,0,0,0,0,5,0,5,206,7,199,18,60,3,39,3,15,
3174091002,DKI JAKARTA,JAKARTA SELATAN,JAGAKARSA,SRENGSENG SAWAH,140,5,0,0,135,1,0,0,1,5,0,5,189,6,183,10,46,1,27,3,15,
3173051003,DKI JAKARTA,JAKARTA BARAT,KEBON JERUK,SUKABUMI SELATAN,96,4,8,4,80,0,0,0,0,1,0,1,209,15,194,23,48,2,33,1,12,
3173051002,DKI JAKARTA,JAKARTA BARAT,KEBON JERUK,SUKABUMI UTARA,90,3,0,2,85,0,0,0,0,19,0,19,225,14,211,38,43,1,24,4,14,
3172041002,DKI JAKARTA,JAKARTA UTARA,CILINCING,SUKAPURA,189,0,5,2,182,0,0,0,0,5,0,5,316,90,226,59,75,5,54,2,14,
3171031007,DKI JAKARTA,JAKARTA PUSAT,KEMAYORAN,SUMUR BATU,115,3,2,1,109,0,0,0,0,4,0,4,123,7,116,9,28,2,21,1,4,
3172021004,DKI JAKARTA,JAKARTA UTARA,TANJUNG PRIOK,SUNGAI BAMBU,75,0,1,0,74,0,0,0,0,5,1,4,206,49,157,28,22,0,11,3,8,
3172021006,DKI JAKARTA,JAKARTA UTARA,TANJUNG PRIOK,SUNTER AGUNG,338,6,3,1,328,0,0,0,0,17,0,17,869,20,849,53,188,4,166,11,7,
3172021002,DKI JAKARTA,JAKARTA UTARA,TANJUNG PRIOK,SUNTER JAYA,274,5,9,6,254,0,0,0,0,4,0,4,577,40,537,134,151,6,112,10,23,
3175091004,DKI JAKARTA,JAKARTA TIMUR,CIRACAS,SUSUKAN,55,3,1,1,50,0,0,0,0,7,1,6,555,3,552,67,30,2,21,1,6,
3173031001,DKI JAKARTA,JAKARTA BARAT,TAMAN SARI,TAMAN SARI,83,0,0,0,83,0,0,0,0,0,0,0,144,9,135,13,23,0,10,1,12,
3173041001,DKI JAKARTA,JAKARTA BARAT,TAMBORA,TAMBORA,62,3,3,3,53,0,0,0,0,0,0,0,177,8,169,1,7,0,4,0,3,
3173041004,DKI JAKARTA,JAKARTA BARAT,TAMBORA,TANAH SEREAL,111,3,2,2,104,0,0,0,0,4,0,4,93,3,90,2,45,2,30,5,8,
3171081004,DKI JAKARTA,JAKARTA PUSAT,JOHAR BARU,TANAH TINGGI,150,8,0,3,139,1,0,0,1,1,0,1,278,18,260,31,97,4,64,8,21,
3173031004,DKI JAKARTA,JAKARTA BARAT,TAMAN SARI,TANGKI,82,2,2,1,77,0,0,0,0,2,1,1,132,9,123,2,12,0,11,1,0,
3174091005,DKI JAKARTA,JAKARTA SELATAN,JAGAKARSA,TANJUNG BARAT,138,3,2,1,132,0,0,0,0,1,0,1,115,1,114,7,37,0,31,2,4,
3173021005,DKI JAKARTA,JAKARTA BARAT,GROGOL PETAMBURAN,TANJUNG DUREN SELATAN,106,2,8,1,95,0,0,0,0,18,1,17,214,13,201,16,71,8,39,5,19,
3173021002,DKI JAKARTA,JAKARTA BARAT,GROGOL PETAMBURAN,TANJUNG DUREN UTARA,90,4,3,0,83,0,0,0,0,20,1,19,193,17,176,15,29,3,18,1,7,
3172021001,DKI JAKARTA,JAKARTA UTARA,TANJUNG PRIOK,TANJUNG PRIOK,131,5,3,6,117,0,0,0,0,9,1,8,214,10,204,37,88,2,52,6,28,
3174011002,DKI JAKARTA,JAKARTA SELATAN,TEBET,TEBET BARAT,113,4,1,0,108,0,0,0,0,7,0,7,271,15,256,18,45,2,34,3,6,
3174011001,DKI JAKARTA,JAKARTA SELATAN,TEBET,TEBET TIMUR,67,5,0,1,61,0,0,0,0,5,0,5,229,9,220,26,26,3,15,3,5,
3173061003,DKI JAKARTA,JAKARTA BARAT,KALI DERES,TEGAL ALUR,233,6,8,5,214,0,0,0,0,1,0,1,368,21,347,7,32,4,22,1,5,
3174031004,DKI JAKARTA,JAKARTA SELATAN,MAMPANG PRAPATAN,TEGAL PARANG,102,5,1,2,94,0,0,0,0,2,0,2,306,8,298,1,24,1,20,1,2,
3173021003,DKI JAKARTA,JAKARTA BARAT,GROGOL PETAMBURAN,TOMANG,136,6,3,2,125,0,0,0,0,10,0,10,256,22,234,70,108,0,88,2,18,
3172031005,DKI JAKARTA,JAKARTA UTARA,KOJA,TUGU SELATAN,172,5,3,1,163,0,0,0,0,0,0,0,151,7,144,45,30,1,23,1,5,
3172031002,DKI JAKARTA,JAKARTA UTARA,KOJA,TUGU UTARA,338,11,4,0,323,0,0,0,0,3,0,3,261,10,251,49,59,3,41,4,11,
3175061006,DKI JAKARTA,JAKARTA TIMUR,CAKUNG,UJUNG MENTENG,37,1,1,2,33,0,0,0,0,0,0,0,135,15,120,11,10,0,6,2,2,
3174101005,DKI JAKARTA,JAKARTA SELATAN,PESANGGRAHAN,ULUJAMI,196,2,21,1,172,0,0,0,0,0,0,0,479,75,404,22,39,1,22,3,13,
3175011006,DKI JAKARTA,JAKARTA TIMUR,MATRAMAN,UTAN KAYU SELATAN,179,2,1,8,168,0,0,0,0,1,0,1,280,4,276,76,62,1,53,3,5,
3175011002,DKI JAKARTA,JAKARTA TIMUR,MATRAMAN,UTAN KAYU UTARA,108,1,0,0,107,1,0,0,1,0,0,0,175,4,171,34,28,1,15,2,10,
3171031008,DKI JAKARTA,JAKARTA PUSAT,KEMAYORAN,UTAN PANJANG,135,7,7,2,119,0,0,0,0,2,1,1,119,6,113,17,34,1,17,2,14,
3172021007,DKI JAKARTA,JAKARTA UTARA,TANJUNG PRIOK,WARAKAS,104,1,3,2,98,0,0,0,0,4,0,4,235,33,202,43,60,5,42,1,12,
3173021007,DKI JAKARTA,JAKARTA BARAT,GROGOL PETAMBURAN,WIJAYA KUSUMA,138,3,12,2,121,0,0,0,0,2,1,1,323,56,267,11,54,1,19,2,32,
