id_kel,nama_provinsi,nama_kota,nama_kecamatan,nama_kelurahan,suspek,perawatan_rs,isolasi_di_rumah,suspek_meninggal,selesai_isolasi,probable,perawatan_rs,probable_meninggal,selesai_isolasi,pelaku_perjalanan,isolasi_di_rumah,selesai_isolasi,kontak_erat,isolasi_di_rumah,selesai_isolasi,discarded,positif,dirawat,sembuh,meninggal,self_isolation,keterangan
3172051003,DKI JAKARTA,JAKARTA UTARA,PADEMANGAN,ANCOL,106,3,0,0,103,0,0,0,0,5,0,5,252,6,246,4,40,3,33,0,4,
3173041007,DKI JAKARTA,JAKARTA BARAT,TAMBORA,ANGKE,184,2,2,1,179,0,0,0,0,0,0,0,273,4,269,22,45,4,32,2,7,
3175041005,DKI JAKARTA,JAKARTA TIMUR,KRAMAT JATI,BALE KAMBANG,56,3,0,0,53,0,0,0,0,2,0,2,92,8,84,22,23,1,17,1,4,
3175031003,DKI JAKARTA,JAKARTA TIMUR,JATINEGARA,BALI MESTER,33,0,0,1,32,0,0,0,0,0,0,0,29,2,27,0,6,0,4,1,1,
3175101006,DKI JAKARTA,JAKARTA TIMUR,CIPAYUNG,BAMBU APUS,108,4,0,1,103,0,0,0,0,2,0,2,111,7,104,14,26,4,17,0,5,
3174031002,DKI JAKARTA,JAKARTA SELATAN,MAMPANG PRAPATAN,BANGKA,90,2,0,2,86,0,0,0,0,18,0,18,366,18,348,6,26,1,20,2,3,
3175051002,DKI JAKARTA,JAKARTA TIMUR,PASAR REBO,BARU,62,11,0,1,50,0,0,0,0,2,0,2,59,5,54,6,15,1,8,0,6,
3175041004,DKI JAKARTA,JAKARTA TIMUR,KRAMAT JATI,BATU AMPAR,122,7,1,0,114,1,0,1,0,1,0,1,201,24,177,24,36,1,28,3,4,
BELUM DIKETAHUI,BELUM DIKETAHUI,BELUM DIKETAHUI,BELUM DIKETAHUI,BELUM DIKETAHUI,11212,18,8,1627,9559,1,0,0,1,122,0,122,6716,114,6602,82,2779,431,576,42,1730,
3171071002,DKI JAKARTA,JAKARTA PUSAT,TANAH ABANG,BENDUNGAN HILIR,129,7,19,0,103,0,0,0,0,2,0,2,216,7,209,4,30,0,26,1,3,
3175031002,DKI JAKARTA,JAKARTA TIMUR,JATINEGARA,BIDARA CINA,57,14,0,3,40,0,0,0,0,0,0,0,92,8,84,21,65,1,48,7,9,
3174101002,DKI JAKARTA,JAKARTA SELATAN,PESANGGRAHAN,BINTARO,309,7,10,2,290,1,0,0,1,7,0,7,571,103,468,17,63,1,42,6,14,
3174011005,DKI JAKARTA,JAKARTA SELATAN,TEBET,BUKIT DURI,88,1,1,3,83,1,0,0,1,13,0,13,188,10,178,8,36,0,22,5,9,
3171041006,DKI JAKARTA,JAKARTA PUSAT,SENEN,BUNGUR,73,0,3,2,68,0,0,0,0,13,0,13,249,1,248,8,24,1,18,2,3,
3175061007,DKI JAKARTA,JAKARTA TIMUR,CAKUNG,CAKUNG BARAT,82,2,1,1,78,0,0,0,0,0,0,0,200,5,195,33,23,2,14,1,6,
3175061004,DKI JAKARTA,JAKARTA TIMUR,CAKUNG,CAKUNG TIMUR,73,7,3,2,61,0,0,0,0,3,0,3,203,13,190,24,26,1,16,0,9,
3175041007,DKI JAKARTA,JAKARTA TIMUR,KRAMAT JATI,CAWANG,60,2,3,0,55,0,0,0,0,2,1,1,107,25,82,11,34,2,26,1,5,
3175101008,DKI JAKARTA,JAKARTA TIMUR,CIPAYUNG,CEGER,67,4,0,0,63,0,0,0,0,0,0,0,60,6,54,8,8,1,4,0,3,
3171031006,DKI JAKARTA,JAKARTA PUSAT,KEMAYORAN,CEMPAKA BARU,163,3,2,1,157,0,0,0,0,3,0,3,154,11,143,24,74,5,38,7,24,
3171051002,DKI JAKARTA,JAKARTA PUSAT,CEMPAKA PUTIH,CEMPAKA PUTIH BARAT,378,10,4,1,363,0,0,0,0,7,0,7,910,111,799,35,137,7,55,7,68,
3171051001,DKI JAKARTA,JAKARTA PUSAT,CEMPAKA PUTIH,CEMPAKA PUTIH TIMUR,228,6,1,1,220,0,0,0,0,7,0,7,738,36,702,39,106,1,73,1,31,
3173011001,DKI JAKARTA,JAKARTA BARAT,CENGKARENG,CENGKARENG BARAT,85,3,2,1,79,0,0,0,0,4,0,4,462,23,439,6,42,4,34,2,2,
3173011006,DKI JAKARTA,JAKARTA BARAT,CENGKARENG,CENGKARENG TIMUR,118,2,0,6,110,1,0,0,1,3,0,3,487,17,470,7,71,8,50,6,7,
3175091002,DKI JAKARTA,JAKARTA TIMUR,CIRACAS,CIBUBUR,181,5,3,4,169,0,0,0,0,13,7,6,804,121,683,74,36,3,24,2,7,
3171011002,DKI JAKARTA,JAKARTA PUSAT,GAMBIR,CIDENG,110,6,0,1,103,0,0,0,0,7,0,7,188,7,181,11,37,0,18,3,16,
3174091003,DKI JAKARTA,JAKARTA SELATAN,JAGAKARSA,CIGANJUR,139,2,0,1,136,0,0,0,0,9,0,9,138,5,133,6,31,5,11,1,14,
3175051003,DKI JAKARTA,JAKARTA TIMUR,PASAR REBO,CIJANTUNG,174,12,0,3,159,0,0,0,0,0,0,0,171,8,163,3,39,1,22,2,14,
3171061003,DKI JAKARTA,JAKARTA PUSAT,MENTENG,CIKINI,41,1,1,0,39,0,0,0,0,0,0,0,106,48,58,8,14,1,9,1,3,
3174081006,DKI JAKARTA,JAKARTA SELATAN,PANCORAN,CIKOKO,25,0,0,0,25,0,0,0,0,3,0,3,60,4,56,0,12,0,9,1,2,
3174061001,DKI JAKARTA,JAKARTA SELATAN,CILANDAK,CILANDAK BARAT,233,2,0,4,227,0,0,0,0,88,0,88,435,12,423,37,61,4,37,3,17,
3174041003,DKI JAKARTA,JAKARTA SELATAN,PASAR MINGGU,CILANDAK TIMUR,78,5,0,1,72,0,0,0,0,17,0,17,93,5,88,6,20,2,11,2,5,
3175101002,DKI JAKARTA,JAKARTA TIMUR,CIPAYUNG,CILANGKAP,104,3,0,1,100,0,0,0,0,0,0,0,112,11,101,17,23,1,17,0,5,
3175041006,DKI JAKARTA,JAKARTA TIMUR,KRAMAT JATI,CILILITAN,79,5,7,1,66,0,0,0,0,1,0,1,172,33,139,38,29,4,16,2,7,
3172041001,DKI JAKARTA,JAKARTA UTARA,CILINCING,CILINCING,139,2,9,1,127,0,0,0,0,3,1,2,373,24,349,57,65,0,43,1,21,
3175101001,DKI JAKARTA,JAKARTA TIMUR,CIPAYUNG,CIPAYUNG,136,3,6,2,125,0,0,0,0,2,0,2,131,11,120,7,28,1,21,1,5,
3174091006,DKI JAKARTA,JAKARTA SELATAN,JAGAKARSA,CIPEDAK,132,1,0,0,131,1,0,0,1,0,0,0,106,1,105,5,23,5,16,0,2,
3174061005,DKI JAKARTA,JAKARTA SELATAN,CILANDAK,CIPETE SELATAN,89,2,0,1,86,0,0,0,0,41,0,41,148,8,140,3,16,1,5,4,6,
3174071010,DKI JAKARTA,JAKARTA SELATAN,KEBAYORAN BARU,CIPETE UTARA,104,3,0,3,98,0,0,0,0,9,0,9,157,5,152,5,23,2,16,2,3,
3175021003,DKI JAKARTA,JAKARTA TIMUR,PULO GADUNG,CIPINANG,56,2,1,2,51,0,0,0,0,3,0,3,240,18,222,22,37,3,21,3,10,
3175031007,DKI JAKARTA,JAKARTA TIMUR,JATINEGARA,CIPINANG BESAR SELATAN,58,0,2,1,55,0,0,0,0,1,0,1,107,7,100,4,22,0,16,1,5,
3175031008,DKI JAKARTA,JAKARTA TIMUR,JATINEGARA,CIPINANG BESAR UTARA,44,1,0,0,43,0,0,0,0,3,0,3,224,9,215,12,47,0,41,2,4,
3175031005,DKI JAKARTA,JAKARTA TIMUR,JATINEGARA,CIPINANG CEMPEDAK,68,4,0,2,62,0,0,0,0,1,0,1,71,7,64,6,12,1,9,1,1,
3175081005,DKI JAKARTA,JAKARTA TIMUR,MAKASAR,CIPINANG MELAYU,68,4,1,2,61,0,0,0,0,2,0,2,170,24,146,11,34,2,23,4,5,
3175031006,DKI JAKARTA,JAKARTA TIMUR,JATINEGARA,CIPINANG MUARA,87,5,0,1,81,0,0,0,0,3,0,3,189,7,182,25,46,0,38,1,7,
3174051003,DKI JAKARTA,JAKARTA SELATAN,KEBAYORAN LAMA,CIPULIR,82,4,1,4,73,0,0,0,0,6,1,5,282,11,271,4,48,1,38,3,6,
3175091001,DKI JAKARTA,JAKARTA TIMUR,CIRACAS,CIRACAS,170,6,3,9,152,0,0,0,0,9,0,9,447,25,422,40,48,0,34,5,9,
3175041003,DKI JAKARTA,JAKARTA TIMUR,KRAMAT JATI,DUKUH,81,8,0,1,72,0,0,0,0,1,0,1,107,23,84,15,20,0,13,0,7,
3175071001,DKI JAKARTA,JAKARTA TIMUR,DUREN SAWIT,DUREN SAWIT,302,9,1,2,290,2,0,0,2,1,0,1,201,15,186,13,84,1,53,8,22,
3174081004,DKI JAKARTA,JAKARTA SELATAN,PANCORAN,DUREN TIGA,82,0,0,0,82,0,0,0,0,0,0,0,180,4,176,2,18,1,11,0,6,
3173051005,DKI JAKARTA,JAKARTA BARAT,KEBON JERUK,DURI KEPA,151,8,1,2,140,0,0,0,0,7,0,7,517,15,502,73,96,6,63,6,21,
3173011002,DKI JAKARTA,JAKARTA BARAT,CENGKARENG,DURI KOSAMBI,126,3,0,3,120,0,0,0,0,3,0,3,294,12,282,8,46,5,22,1,18,
3171011006,DKI JAKARTA,JAKARTA PUSAT,GAMBIR,DURI PULO,43,2,0,3,38,0,0,0,0,0,0,0,105,6,99,5,25,0,15,2,8,
3173041011,DKI JAKARTA,JAKARTA BARAT,TAMBORA,DURI SELATAN,32,2,0,1,29,0,0,0,0,1,0,1,45,0,45,3,13,0,8,0,5,
3173041003,DKI JAKARTA,JAKARTA BARAT,TAMBORA,DURI UTARA,74,2,4,2,66,0,0,0,0,1,0,1,69,6,63,1,21,0,14,3,4,
3171081003,DKI JAKARTA,JAKARTA PUSAT,JOHAR BARU,GALUR,43,2,0,0,41,0,0,0,0,2,0,2,150,11,139,45,40,2,7,4,27,
3171011001,DKI JAKARTA,JAKARTA PUSAT,GAMBIR,GAMBIR,28,0,0,0,28,0,0,0,0,17,0,17,98,1,97,6,11,1,9,0,1,
3174061004,DKI JAKARTA,JAKARTA SELATAN,CILANDAK,GANDARIA SELATAN,57,1,1,0,55,1,0,0,1,20,0,20,93,4,89,0,16,0,7,1,8,
3174071009,DKI JAKARTA,JAKARTA SELATAN,KEBAYORAN BARU,GANDARIA UTARA,96,5,0,1,90,0,0,0,0,1,0,1,232,7,225,0,27,1,17,1,8,
3175051001,DKI JAKARTA,JAKARTA TIMUR,PASAR REBO,GEDONG,253,29,0,0,224,0,0,0,0,0,0,0,99,7,92,17,54,3,41,0,10,
3171071001,DKI JAKARTA,JAKARTA PUSAT,TANAH ABANG,GELORA,30,0,0,1,29,0,0,0,0,5,0,5,50,0,50,0,21,0,11,1,9,
3173031007,DKI JAKARTA,JAKARTA BARAT,TAMAN SARI,GLODOK,32,0,2,0,30,0,0,0,0,0,0,0,47,16,31,0,4,0,2,1,1,
3171061004,DKI JAKARTA,JAKARTA PUSAT,MENTENG,GONDANGDIA,18,1,0,1,16,0,0,0,0,4,0,4,59,22,37,7,20,1,16,2,1,
3173021001,DKI JAKARTA,JAKARTA BARAT,GROGOL PETAMBURAN,GROGOL,106,0,0,3,103,0,0,0,0,39,0,39,364,7,357,37,47,2,32,0,13,
3174051005,DKI JAKARTA,JAKARTA SELATAN,KEBAYORAN LAMA,GROGOL SELATAN,88,2,0,3,83,1,0,1,0,11,0,11,296,17,279,3,45,4,29,4,8,
3174051004,DKI JAKARTA,JAKARTA SELATAN,KEBAYORAN LAMA,GROGOL UTARA,139,4,1,5,129,0,0,0,0,23,0,23,321,11,310,13,90,2,55,2,31,
3174021007,DKI JAKARTA,JAKARTA SELATAN,SETIA BUDI,GUNTUR,16,1,0,0,15,0,0,0,0,0,0,0,43,0,43,1,6,1,5,0,0,
3174071002,DKI JAKARTA,JAKARTA SELATAN,KEBAYORAN BARU,GUNUNG,42,0,0,3,39,0,0,0,0,7,0,7,119,0,119,0,12,0,10,1,1,
3171031005,DKI JAKARTA,JAKARTA PUSAT,KEMAYORAN,GUNUNG SAHARI SELATAN,113,3,0,1,109,0,0,0,0,2,0,2,153,5,148,1,18,0,13,2,3,
3171021004,DKI JAKARTA,JAKARTA PUSAT,SAWAH BESAR,GUNUNG SAHARI UTARA,91,3,0,1,87,0,0,0,0,1,0,1,136,13,123,4,28,0,14,4,10,
3175081004,DKI JAKARTA,JAKARTA TIMUR,MAKASAR,HALIM PERDANA KUSUMAH,50,4,2,2,42,0,0,0,0,2,0,2,87,17,70,8,39,1,28,3,7,
3171031003,DKI JAKARTA,JAKARTA PUSAT,KEMAYORAN,HARAPAN MULIA,115,4,1,2,108,0,0,0,0,3,0,3,148,9,139,25,63,3,31,3,26,
3174091001,DKI JAKARTA,JAKARTA SELATAN,JAGAKARSA,JAGAKARSA,263,5,2,1,255,1,0,0,1,5,0,5,253,15,238,8,54,4,32,2,16,
3175021007,DKI JAKARTA,JAKARTA TIMUR,PULO GADUNG,JATI,76,3,1,1,71,0,0,0,0,4,0,4,222,19,203,18,45,0,33,0,12,
3174041002,DKI JAKARTA,JAKARTA SELATAN,PASAR MINGGU,JATI PADANG,122,2,1,2,117,0,0,0,0,2,0,2,169,45,124,12,29,1,19,3,6,
3173071004,DKI JAKARTA,JAKARTA BARAT,PALMERAH,JATI PULO,167,4,0,4,159,0,0,0,0,2,0,2,311,23,288,59,79,2,61,2,14,
3175061001,DKI JAKARTA,JAKARTA TIMUR,CAKUNG,JATINEGARA,122,4,1,3,114,0,0,0,0,2,0,2,287,15,272,30,49,3,31,3,12,
3175021004,DKI JAKARTA,JAKARTA TIMUR,PULO GADUNG,JATINEGARA KAUM,16,0,0,0,16,0,0,0,0,3,0,3,82,2,80,3,7,2,3,0,2,
3173021004,DKI JAKARTA,JAKARTA BARAT,GROGOL PETAMBURAN,JELAMBAR,93,4,1,5,83,0,0,0,0,22,4,18,345,43,302,6,42,2,30,4,6,
3173021006,DKI JAKARTA,JAKARTA BARAT,GROGOL PETAMBURAN,JELAMBAR BARU,141,0,0,2,139,0,0,0,0,4,0,4,263,8,255,14,27,0,18,2,7,
3173041006,DKI JAKARTA,JAKARTA BARAT,TAMBORA,JEMBATAN BESI,230,3,25,1,201,0,0,0,0,0,0,0,198,35,163,7,95,2,71,5,17,
3173041008,DKI JAKARTA,JAKARTA BARAT,TAMBORA,JEMBATAN LIMA,60,1,0,0,59,0,0,0,0,0,0,0,85,5,80,1,12,1,7,0,4,
3173081005,DKI JAKARTA,JAKARTA BARAT,KEMBANGAN,JOGLO,87,1,0,3,83,0,0,0,0,3,0,3,128,13,115,12,36,2,32,1,1,
3171081001,DKI JAKARTA,JAKARTA PUSAT,JOHAR BARU,JOHAR BARU,193,3,0,3,187,0,0,0,0,4,1,3,616,27,589,94,105,5,46,5,49,
3173041002,DKI JAKARTA,JAKARTA BARAT,TAMBORA,KALI ANYAR,111,9,2,0,100,0,0,0,0,3,0,3,170,18,152,8,30,2,13,2,13,
3172041004,DKI JAKARTA,JAKARTA UTARA,CILINCING,KALI BARU,94,9,3,5,77,0,0,0,0,1,0,1,143,20,123,28,43,9,28,4,2,
3174081002,DKI JAKARTA,JAKARTA SELATAN,PANCORAN,KALIBATA,140,3,0,3,134,0,0,0,0,5,0,5,210,11,199,9,49,1,30,1,17,
3173061001,DKI JAKARTA,JAKARTA BARAT,KALI DERES,KALIDERES,345,4,10,4,327,0,0,0,0,6,0,6,1034,53,981,26,63,7,46,4,6,
3175051004,DKI JAKARTA,JAKARTA TIMUR,PASAR REBO,KALISARI,162,12,0,0,150,0,0,0,0,1,0,1,108,10,98,6,37,0,26,2,9,
3173061004,DKI JAKARTA,JAKARTA BARAT,KALI DERES,KAMAL,127,0,1,3,123,0,0,0,0,0,0,0,266,17,249,1,7,1,3,2,1,
3172011002,DKI JAKARTA,JAKARTA UTARA,PENJARINGAN,KAMAL MUARA,14,0,0,0,14,0,0,0,0,4,0,4,24,1,23,0,16,1,14,1,0,
3171071007,DKI JAKARTA,JAKARTA PUSAT,TANAH ABANG,KAMPUNG BALI,59,2,0,2,55,0,0,0,0,1,0,1,99,1,98,0,17,0,15,1,1,
3175031001,DKI JAKARTA,JAKARTA TIMUR,JATINEGARA,KAMPUNG MELAYU,38,4,0,4,30,0,0,0,0,3,0,3,62,4,58,3,56,2,36,1,17,
3171081002,DKI JAKARTA,JAKARTA PUSAT,JOHAR BARU,KAMPUNG RAWA,98,2,0,0,96,1,0,0,1,0,0,0,260,15,245,64,82,4,45,7,26,
3175041002,DKI JAKARTA,JAKARTA TIMUR,KRAMAT JATI,KAMPUNG TENGAH,191,5,0,1,185,0,0,0,0,7,0,7,440,46,394,48,101,4,72,8,17,
3173011005,DKI JAKARTA,JAKARTA BARAT,CENGKARENG,KAPUK,138,2,6,16,114,0,0,0,0,3,0,3,317,13,304,8,43,3,29,6,5,
3172011003,DKI JAKARTA,JAKARTA UTARA,PENJARINGAN,KAPUK MUARA,52,3,0,0,49,0,0,0,0,7,0,7,91,9,82,16,24,2,16,3,3,
3171021002,DKI JAKARTA,JAKARTA PUSAT,SAWAH BESAR,KARANG ANYAR,211,14,3,4,190,1,0,1,0,3,1,2,392,17,375,10,52,4,30,5,13,
3174021004,DKI JAKARTA,JAKARTA SELATAN,SETIA BUDI,KARET,51,2,0,0,49,0,0,0,0,8,0,8,132,2,130,4,20,0,18,0,2,
3174021003,DKI JAKARTA,JAKARTA SELATAN,SETIA BUDI,KARET KUNINGAN,75,4,0,1,70,0,0,0,0,16,0,16,134,8,126,4,22,0,14,2,6,
3174021002,DKI JAKARTA,JAKARTA SELATAN,SETIA BUDI,KARET SEMANGGI,39,0,0,1,38,0,0,0,0,3,0,3,34,0,34,0,8,0,3,2,3,
3171071003,DKI JAKARTA,JAKARTA PUSAT,TANAH ABANG,KARET TENGSIN,68,4,1,0,63,0,0,0,0,7,0,7,124,0,124,0,15,1,12,1,1,
3171021003,DKI JAKARTA,JAKARTA PUSAT,SAWAH BESAR,KARTINI,155,4,1,1,149,0,0,0,0,0,0,0,255,52,203,14,52,3,38,1,10,
3175011003,DKI JAKARTA,JAKARTA TIMUR,MATRAMAN,KAYU MANIS,103,1,2,0,100,1,0,0,1,0,0,0,271,11,260,17,46,2,31,2,11,
3175021006,DKI JAKARTA,JAKARTA TIMUR,PULO GADUNG,KAYU PUTIH,155,6,0,4,145,0,0,0,0,10,0,10,341,26,315,21,69,1,48,5,15,
3173031006,DKI JAKARTA,JAKARTA BARAT,TAMAN SARI,KEAGUNGAN,50,2,6,0,42,0,0,0,0,0,0,0,106,11,95,6,8,1,4,0,3,
3174041007,DKI JAKARTA,JAKARTA SELATAN,PASAR MINGGU,KEBAGUSAN,115,5,0,1,109,0,0,0,0,0,0,0,141,19,122,10,31,3,25,0,3,
3174051006,DKI JAKARTA,JAKARTA SELATAN,KEBAYORAN LAMA,KEBAYORAN LAMA SELATAN,136,6,1,0,129,1,0,0,1,1,0,1,389,18,371,9,33,4,15,3,11,
3174051001,DKI JAKARTA,JAKARTA SELATAN,KEBAYORAN LAMA,KEBAYORAN LAMA UTARA,108,4,0,1,103,0,0,0,0,15,0,15,215,9,206,2,35,2,25,2,6,
3174011004,DKI JAKARTA,JAKARTA SELATAN,TEBET,KEBON BARU,83,3,1,2,77,0,0,0,0,15,0,15,260,12,248,11,37,2,32,0,3,
3172021005,DKI JAKARTA,JAKARTA UTARA,TANJUNG PRIOK,KEBON BAWANG,145,2,5,1,137,0,0,0,0,7,4,3,299,22,277,49,68,3,48,1,16,
3173051001,DKI JAKARTA,JAKARTA BARAT,KEBON JERUK,KEBON JERUK,202,4,2,4,192,0,0,0,0,9,1,8,679,25,654,47,94,5,55,8,26,
3171071006,DKI JAKARTA,JAKARTA PUSAT,TANAH ABANG,KEBON KACANG,221,0,7,1,213,0,0,0,0,0,0,0,269,7,262,3,109,1,90,8,10,
3171011005,DKI JAKARTA,JAKARTA PUSAT,GAMBIR,KEBON KELAPA,58,4,0,1,53,0,0,0,0,1,0,1,69,5,64,0,9,0,8,1,0,
3171031002,DKI JAKARTA,JAKARTA PUSAT,KEMAYORAN,KEBON KOSONG,129,1,0,5,123,0,0,0,0,7,0,7,141,5,136,24,56,1,40,5,10,
3175011005,DKI JAKARTA,JAKARTA TIMUR,MATRAMAN,KEBON MANGGIS,60,4,0,3,53,0,0,0,0,1,0,1,55,3,52,17,36,3,14,2,17,
3171071005,DKI JAKARTA,JAKARTA PUSAT,TANAH ABANG,KEBON MELATI,213,3,2,2,206,0,0,0,0,5,0,5,279,4,275,2,87,6,73,6,2,
3175081003,DKI JAKARTA,JAKARTA TIMUR,MAKASAR,KEBON PALA,58,2,0,1,55,0,0,0,0,2,0,2,246,14,232,11,37,3,22,0,12,
3171061005,DKI JAKARTA,JAKARTA PUSAT,MENTENG,KEBON SIRIH,64,0,2,2,60,0,0,0,0,2,0,2,168,38,130,11,36,1,32,2,1,
3173011004,DKI JAKARTA,JAKARTA BARAT,CENGKARENG,KEDAUNG KALI ANGKE,46,1,0,0,45,0,0,0,0,1,0,1,111,12,99,3,20,3,15,0,2,
3173051007,DKI JAKARTA,JAKARTA BARAT,KEBON JERUK,KEDOYA SELATAN,94,1,0,5,88,1,0,0,1,4,0,4,218,7,211,12,32,3,27,1,1,
3173051006,DKI JAKARTA,JAKARTA BARAT,KEBON JERUK,KEDOYA UTARA,83,0,1,2,80,0,0,0,0,15,0,15,306,5,301,19,35,2,25,0,8,
3173051004,DKI JAKARTA,JAKARTA BARAT,KEBON JERUK,KELAPA DUA,56,2,0,0,54,0,0,0,0,1,1,0,134,13,121,17,37,2,23,1,11,
3175091003,DKI JAKARTA,JAKARTA TIMUR,CIRACAS,KELAPA DUA WETAN,119,6,2,1,110,0,0,0,0,0,0,0,421,41,380,31,38,6,24,1,7,
3172061003,DKI JAKARTA,JAKARTA UTARA,KELAPA GADING,KELAPA GADING BARAT,301,2,10,2,287,0,0,0,0,35,0,35,522,20,502,29,75,6,49,5,15,
3172061001,DKI JAKARTA,JAKARTA UTARA,KELAPA GADING,KELAPA GADING TIMUR,290,2,0,2,286,0,0,0,0,10,0,10,555,16,539,22,55,3,39,8,5,
3173071005,DKI JAKARTA,JAKARTA BARAT,PALMERAH,KEMANGGISAN,132,7,0,5,120,0,0,0,0,2,0,2,287,28,259,45,45,2,31,3,9,
3171031001,DKI JAKARTA,JAKARTA PUSAT,KEMAYORAN,KEMAYORAN,149,6,0,3,140,0,0,0,0,0,0,0,229,19,210,17,73,0,40,1,32,
3173081006,DKI JAKARTA,JAKARTA BARAT,KEMBANGAN,KEMBANGAN SELATAN,60,1,1,1,57,0,0,0,0,5,0,5,105,10,95,50,35,4,23,1,7,
3173081001,DKI JAKARTA,JAKARTA BARAT,KEMBANGAN,KEMBANGAN UTARA,100,4,5,3,88,0,0,0,0,2,0,2,226,16,210,10,40,2,33,1,4,
3171041002,DKI JAKARTA,JAKARTA PUSAT,SENEN,KENARI,91,0,1,1,89,0,0,0,0,0,0,0,258,6,252,43,131,1,125,2,3,
3173041005,DKI JAKARTA,JAKARTA BARAT,TAMBORA,KERENDANG,92,1,0,2,89,0,0,0,0,0,0,0,99,3,96,1,46,1,29,5,11,
3175071003,DKI JAKARTA,JAKARTA TIMUR,DUREN SAWIT,KLENDER,253,5,0,2,246,0,0,0,0,2,0,2,218,11,207,10,60,0,48,8,4,
3172031001,DKI JAKARTA,JAKARTA UTARA,KOJA,KOJA,128,2,4,0,122,0,0,0,0,4,0,4,152,3,149,22,23,1,16,0,6,
3173071006,DKI JAKARTA,JAKARTA BARAT,PALMERAH,KOTA BAMBU SELATAN,189,8,0,4,177,0,0,0,0,0,0,0,484,95,389,77,93,8,48,3,34,
3173071003,DKI JAKARTA,JAKARTA BARAT,PALMERAH,KOTA BAMBU UTARA,163,4,3,9,147,0,0,0,0,0,0,0,277,38,239,50,79,2,58,4,15,
3171041004,DKI JAKARTA,JAKARTA PUSAT,SENEN,KRAMAT,160,0,1,4,155,0,0,0,0,3,0,3,496,65,431,31,134,3,67,7,57,
3175041001,DKI JAKARTA,JAKARTA TIMUR,KRAMAT JATI,KRAMAT JATI,101,2,1,1,97,0,0,0,0,4,0,4,196,35,161,18,26,1,17,2,6,
3174071003,DKI JAKARTA,JAKARTA SELATAN,KEBAYORAN BARU,KRAMAT PELA,28,1,0,0,27,0,0,0,0,0,0,0,107,3,104,3,13,1,9,0,3,
3173031002,DKI JAKARTA,JAKARTA BARAT,TAMAN SARI,KRUKUT,66,2,1,6,57,0,0,0,0,3,0,3,151,7,144,9,32,2,20,2,8,
3174031005,DKI JAKARTA,JAKARTA SELATAN,MAMPANG PRAPATAN,KUNINGAN BARAT,38,1,0,1,36,0,0,0,0,0,0,0,246,41,205,4,9,0,7,0,2,
3174021008,DKI JAKARTA,JAKARTA SELATAN,SETIA BUDI,KUNINGAN TIMUR,62,1,0,1,60,0,0,0,0,17,0,17,43,1,42,1,9,1,5,2,1,
3171041005,DKI JAKARTA,JAKARTA PUSAT,SENEN,KWITANG,126,2,10,0,114,1,0,0,1,2,0,2,257,7,250,8,35,2,23,3,7,
3172031003,DKI JAKARTA,JAKARTA UTARA,KOJA,LAGOA,229,9,2,1,217,0,0,0,0,3,0,3,166,3,163,28,138,5,75,5,53,
3174061002,DKI JAKARTA,JAKARTA SELATAN,CILANDAK,LEBAK BULUS,123,4,0,2,117,0,0,0,0,27,0,27,245,4,241,19,36,2,26,6,2,
3174091004,DKI JAKARTA,JAKARTA SELATAN,JAGAKARSA,LENTENG AGUNG,204,3,1,0,200,0,0,0,0,3,0,3,131,6,125,7,33,1,23,0,9,
LUAR DKI JAKARTA,LUAR DKI JAKARTA,LUAR DKI JAKARTA,LUAR DKI JAKARTA,LUAR DKI JAKARTA,10162,167,81,93,9821,11,0,1,10,262,4,258,11358,641,10717,645,2751,82,2384,82,203,
3175101007,DKI JAKARTA,JAKARTA TIMUR,CIPAYUNG,LUBANG BUAYA,164,4,0,3,157,0,0,0,0,3,0,3,238,19,219,23,31,1,15,0,15,
3175081001,DKI JAKARTA,JAKARTA TIMUR,MAKASAR,MAKASAR,68,5,0,1,62,0,0,0,0,4,0,4,233,56,177,16,10,0,10,0,0,
3175071006,DKI JAKARTA,JAKARTA TIMUR,DUREN SAWIT,MALAKA JAYA,139,6,2,2,129,0,0,0,0,2,0,2,145,8,137,7,33,0,28,0,5,
3175071005,DKI JAKARTA,JAKARTA TIMUR,DUREN SAWIT,MALAKA SARI,109,6,0,1,102,0,0,0,0,0,0,0,73,5,68,6,36,1,29,2,4,
3174031001,DKI JAKARTA,JAKARTA SELATAN,MAMPANG PRAPATAN,MAMPANG PRAPATAN,69,1,0,2,66,0,0,0,0,0,0,0,301,11,290,8,29,4,12,3,10,
3173031005,DKI JAKARTA,JAKARTA BARAT,TAMAN SARI,MANGGA BESAR,36,0,7,1,28,0,0,0,0,0,0,0,63,6,57,3,4,1,3,0,0,
3171021005,DKI JAKARTA,JAKARTA PUSAT,SAWAH BESAR,MANGGA DUA SELATAN,86,3,1,1,81,0,0,0,0,1,0,1,169,14,155,8,28,2,20,0,6,
3174011007,DKI JAKARTA,JAKARTA SELATAN,TEBET,MANGGARAI,70,2,0,0,68,0,0,0,0,4,0,4,192,12,180,18,21,0,17,0,4,
3174011006,DKI JAKARTA,JAKARTA SELATAN,TEBET,MANGGARAI SELATAN,47,0,1,2,44,0,0,0,0,6,0,6,206,7,199,16,23,1,15,2,5,
3173031003,DKI JAKARTA,JAKARTA BARAT,TAMAN SARI,MAPHAR,81,0,0,1,80,0,0,0,0,5,0,5,134,6,128,35,84,1,67,0,16,
3172041003,DKI JAKARTA,JAKARTA UTARA,CILINCING,MARUNDA,71,5,8,0,58,0,0,0,0,0,0,0,85,8,77,8,15,2,9,1,3,
3174071001,DKI JAKARTA,JAKARTA SELATAN,KEBAYORAN BARU,MELAWAI,8,1,0,0,7,0,0,0,0,1,0,1,14,1,13,0,5,0,5,0,0,
3171061001,DKI JAKARTA,JAKARTA PUSAT,MENTENG,MENTENG,91,1,2,2,86,1,0,0,1,1,0,1,274,28,246,13,40,2,33,4,1,
3174021005,DKI JAKARTA,JAKARTA SELATAN,SETIA BUDI,MENTENG ATAS,110,0,2,3,105,0,0,0,0,31,0,31,432,18,414,31,40,0,27,2,11,
3174011003,DKI JAKARTA,JAKARTA SELATAN,TEBET,MENTENG DALAM,112,6,1,4,101,0,0,0,0,11,0,11,262,11,251,37,46,2,31,4,9,
3173081003,DKI JAKARTA,JAKARTA BARAT,KEMBANGAN,MERUYA SELATAN,72,0,1,1,70,0,0,0,0,2,0,2,105,10,95,15,28,1,24,2,1,
3173081002,DKI JAKARTA,JAKARTA BARAT,KEMBANGAN,MERUYA UTARA,88,1,4,6,77,0,0,0,0,3,0,3,137,20,117,8,34,2,29,0,3,
3175101004,DKI JAKARTA,JAKARTA TIMUR,CIPAYUNG,MUNJUL,70,1,5,0,64,0,0,0,0,2,0,2,52,6,46,21,18,0,13,0,5,
3172051002,DKI JAKARTA,JAKARTA UTARA,PADEMANGAN,PADEMANGAN BARAT,587,8,4,5,570,0,0,0,0,4,0,4,1295,28,1267,19,214,4,163,14,33,
3172051001,DKI JAKARTA,JAKARTA UTARA,PADEMANGAN,PADEMANGAN TIMUR,170,1,0,2,167,0,0,0,0,11,0,11,371,15,356,8,39,1,31,2,5,
3175011004,DKI JAKARTA,JAKARTA TIMUR,MATRAMAN,PAL MERIAM,101,0,0,2,99,1,0,0,1,1,0,1,318,7,311,55,76,2,42,5,27,
3173071001,DKI JAKARTA,JAKARTA BARAT,PALMERAH,PALMERAH,388,16,3,2,367,0,0,0,0,1,0,1,696,58,638,62,113,4,87,8,14,
3174081001,DKI JAKARTA,JAKARTA SELATAN,PANCORAN,PANCORAN,73,6,0,0,67,0,0,0,0,3,0,3,242,6,236,5,26,2,16,3,5,
3172021003,DKI JAKARTA,JAKARTA UTARA,TANJUNG PRIOK,PAPANGGO,111,4,6,0,101,0,0,0,0,4,0,4,235,107,128,42,20,2,13,1,4,
3171021001,DKI JAKARTA,JAKARTA PUSAT,SAWAH BESAR,PASAR BARU,76,4,2,2,68,0,0,0,0,4,0,4,160,15,145,3,21,2,18,0,1,
3174021006,DKI JAKARTA,JAKARTA SELATAN,SETIA BUDI,PASAR MANGGIS,78,3,0,2,73,0,0,0,0,14,0,14,328,11,317,15,34,1,25,2,6,
3174041001,DKI JAKARTA,JAKARTA SELATAN,PASAR MINGGU,PASAR MINGGU,107,2,0,1,104,0,0,0,0,2,0,2,220,12,208,3,37,1,22,2,12,
3171041003,DKI JAKARTA,JAKARTA PUSAT,SENEN,PASEBAN,178,2,0,1,175,0,0,0,0,3,0,3,305,12,293,58,94,4,79,5,6,
3173061005,DKI JAKARTA,JAKARTA BARAT,KALI DERES,PEGADUNGAN,265,2,14,7,242,0,0,0,0,6,0,6,638,121,517,13,60,8,46,3,3,
3171061002,DKI JAKARTA,JAKARTA PUSAT,MENTENG,PEGANGSAAN,100,2,3,2,93,0,0,0,0,0,0,0,427,50,377,42,125,3,99,2,21,
3172061002,DKI JAKARTA,JAKARTA UTARA,KELAPA GADING,PEGANGSAAN DUA,340,2,4,1,333,0,0,0,0,27,2,25,795,29,766,72,91,8,33,4,46,
3172011004,DKI JAKARTA,JAKARTA UTARA,PENJARINGAN,PEJAGALAN,91,5,2,2,82,0,0,0,0,5,0,5,271,41,230,22,42,3,30,3,6,
3174041006,DKI JAKARTA,JAKARTA SELATAN,PASAR MINGGU,PEJATEN BARAT,115,6,0,2,107,2,0,0,2,1,0,1,190,9,181,11,36,7,25,2,2,
3174041005,DKI JAKARTA,JAKARTA SELATAN,PASAR MINGGU,PEJATEN TIMUR,147,5,1,1,140,1,0,0,1,1,0,1,228,17,211,18,56,4,41,5,6,
3175051005,DKI JAKARTA,JAKARTA TIMUR,PASAR REBO,PEKAYON,228,18,3,1,206,0,0,0,0,1,0,1,75,8,67,7,19,0,8,2,9,
3173041009,DKI JAKARTA,JAKARTA BARAT,TAMBORA,PEKOJAN,120,1,1,2,116,0,0,0,0,2,0,2,125,3,122,16,25,0,25,0,0,
3174031003,DKI JAKARTA,JAKARTA SELATAN,MAMPANG PRAPATAN,PELA MAMPANG,134,1,0,2,131,0,0,0,0,12,0,12,462,50,412,4,24,1,10,4,9,
3174081005,DKI JAKARTA,JAKARTA SELATAN,PANCORAN,PENGADEGAN,45,3,0,1,41,0,0,0,0,2,0,2,103,4,99,6,18,1,14,0,3,
3175061003,DKI JAKARTA,JAKARTA TIMUR,CAKUNG,PENGGILINGAN,155,9,2,1,143,0,0,0,0,3,0,3,274,25,249,56,76,3,52,3,18,
3172011001,DKI JAKARTA,JAKARTA UTARA,PENJARINGAN,PENJARINGAN,298,6,1,4,287,1,0,0,1,19,0,19,1736,98,1638,115,195,5,135,6,49,
3174101001,DKI JAKARTA,JAKARTA SELATAN,PESANGGRAHAN,PESANGGRAHAN,155,11,12,4,128,0,0,0,0,0,0,0,188,4,184,16,18,0,12,3,3,
3171071004,DKI JAKARTA,JAKARTA PUSAT,TANAH ABANG,PETAMBURAN,301,6,5,5,285,0,0,0,0,7,0,7,218,11,207,3,148,2,131,9,6,
3174071008,DKI JAKARTA,JAKARTA SELATAN,KEBAYORAN BARU,PETOGOGAN,36,2,0,0,34,0,0,0,0,2,0,2,94,5,89,0,7,0,6,0,1,
3171011004,DKI JAKARTA,JAKARTA PUSAT,GAMBIR,PETOJO SELATAN,66,4,0,1,61,0,0,0,0,13,0,13,245,1,244,13,29,1,25,2,1,
3171011003,DKI JAKARTA,JAKARTA PUSAT,GAMBIR,PETOJO UTARA,66,2,2,3,59,0,0,0,0,10,0,10,173,2,171,25,38,2,26,2,8,
3174101004,DKI JAKARTA,JAKARTA SELATAN,PESANGGRAHAN,PETUKANGAN SELATAN,125,1,0,2,122,0,0,0,0,0,0,0,318,10,308,6,9,0,7,0,2,
3174101003,DKI JAKARTA,JAKARTA SELATAN,PESANGGRAHAN,PETUKANGAN UTARA,177,2,1,3,171,1,0,0,1,3,0,3,417,9,408,5,36,2,26,2,6,
3175081002,DKI JAKARTA,JAKARTA TIMUR,MAKASAR,PINANG RANTI,56,0,0,1,55,0,0,0,0,0,0,0,209,57,152,21,18,0,16,2,0,
3173031008,DKI JAKARTA,JAKARTA BARAT,TAMAN SARI,PINANGSIA,28,2,1,1,24,0,0,0,0,2,0,2,85,7,78,0,5,2,2,0,1,
3175011001,DKI JAKARTA,JAKARTA TIMUR,MATRAMAN,PISANGAN BARU,85,1,0,3,81,0,0,0,0,1,0,1,105,2,103,26,33,0,25,4,4,
3175021002,DKI JAKARTA,JAKARTA TIMUR,PULO GADUNG,PISANGAN TIMUR,116,1,0,4,111,0,0,0,0,10,0,10,253,11,242,20,34,3,14,2,15,
3172011005,DKI JAKARTA,JAKARTA UTARA,PENJARINGAN,PLUIT,104,1,1,4,98,0,0,0,0,10,0,10,292,68,224,8,60,3,44,6,7,
3175071002,DKI JAKARTA,JAKARTA TIMUR,DUREN SAWIT,PONDOK BAMBU,414,2,2,0,410,0,0,0,0,3,0,3,171,15,156,6,101,1,78,4,18,
3175071004,DKI JAKARTA,JAKARTA TIMUR,DUREN SAWIT,PONDOK KELAPA,197,5,2,0,190,0,0,0,0,5,0,5,263,12,251,8,80,4,66,4,6,
3175071007,DKI JAKARTA,JAKARTA TIMUR,DUREN SAWIT,PONDOK KOPI,122,2,0,1,119,0,0,0,0,1,0,1,83,6,77,4,32,0,24,5,3,
3174061003,DKI JAKARTA,JAKARTA SELATAN,CILANDAK,PONDOK LABU,139,5,1,1,132,2,0,0,2,71,0,71,396,6,390,33,39,1,33,1,4,
3174051002,DKI JAKARTA,JAKARTA SELATAN,KEBAYORAN LAMA,PONDOK PINANG,208,4,3,4,197,0,0,0,0,43,0,43,374,10,364,10,61,4,38,9,10,
3175101003,DKI JAKARTA,JAKARTA TIMUR,CIPAYUNG,PONDOK RANGGON,74,3,1,3,67,0,0,0,0,2,0,2,66,0,66,21,14,0,12,1,1,
3101011003,DKI JAKARTA,KAB.ADM.KEP.SERIBU,KEP. SERIBU UTARA,PULAU HARAPAN,59,0,0,0,59,0,0,0,0,0,0,0,51,0,51,0,1,0,0,0,1,
3101011002,DKI JAKARTA,KAB.ADM.KEP.SERIBU,KEP. SERIBU UTARA,PULAU KELAPA,43,0,0,1,42,0,0,0,0,0,0,0,137,0,137,1,1,0,1,0,0,
3101011001,DKI JAKARTA,KAB.ADM.KEP.SERIBU,KEP. SERIBU UTARA,PULAU PANGGANG,50,1,0,1,48,0,0,0,0,0,0,0,127,0,127,4,3,1,0,0,2,
3101021003,DKI JAKARTA,KAB.ADM.KEP.SERIBU,KEP. SERIBU SELATAN,PULAU PARI,6,0,0,0,6,0,0,0,0,0,0,0,156,0,156,1,2,0,0,0,2,
3101021002,DKI JAKARTA,KAB.ADM.KEP.SERIBU,KEP. SERIBU SELATAN,PULAU TIDUNG,29,0,0,0,29,0,0,0,0,0,0,0,327,0,327,1,24,0,11,0,13,
3101021001,DKI JAKARTA,KAB.ADM.KEP.SERIBU,KEP. SERIBU SELATAN,PULAU UNTUNG JAWA,15,0,0,0,15,0,0,0,0,0,0,0,95,0,95,0,2,0,0,0,2,
3174071007,DKI JAKARTA,JAKARTA SELATAN,KEBAYORAN BARU,PULO,24,0,0,1,23,0,0,0,0,1,0,1,85,0,85,0,8,0,6,0,2,
3175021001,DKI JAKARTA,JAKARTA TIMUR,PULO GADUNG,PULO GADUNG,92,1,1,2,88,0,0,0,0,8,0,8,253,15,238,14,33,0,23,3,7,
3175061005,DKI JAKARTA,JAKARTA TIMUR,CAKUNG,PULO GEBANG,111,3,2,2,104,0,0,0,0,4,0,4,342,25,317,44,58,1,47,3,7,
3174041004,DKI JAKARTA,JAKARTA SELATAN,PASAR MINGGU,RAGUNAN,169,4,0,2,163,1,0,0,1,1,0,1,181,73,108,8,13,2,7,2,2,
3175091005,DKI JAKARTA,JAKARTA TIMUR,CIRACAS,RAMBUTAN,89,2,1,1,85,1,0,0,1,1,0,1,239,3,236,25,23,0,19,0,4,
3172031006,DKI JAKARTA,JAKARTA UTARA,KOJA,RAWA BADAK SELATAN,201,6,3,2,190,0,0,0,0,1,0,1,188,16,172,32,49,2,39,3,5,
3172031004,DKI JAKARTA,JAKARTA UTARA,KOJA,RAWA BADAK UTARA,143,4,2,1,136,0,0,0,0,2,0,2,165,10,155,36,36,2,25,2,7,
3174071005,DKI JAKARTA,JAKARTA SELATAN,KEBAYORAN BARU,RAWA BARAT,29,0,0,2,27,0,0,0,0,0,0,0,21,0,21,0,7,0,6,1,0,
3173011003,DKI JAKARTA,JAKARTA BARAT,CENGKARENG,RAWA BUAYA,61,4,0,2,55,0,0,0,0,3,0,3,166,11,155,2,30,2,22,1,5,
3175031004,DKI JAKARTA,JAKARTA TIMUR,JATINEGARA,RAWA BUNGA,16,1,0,1,14,0,0,0,0,0,0,0,33,3,30,2,12,1,10,0,1,
3174081003,DKI JAKARTA,JAKARTA SELATAN,PANCORAN,RAWA JATI,68,1,0,0,67,0,0,0,0,1,0,1,114,5,109,4,8,0,8,0,0,
3175061002,DKI JAKARTA,JAKARTA TIMUR,CAKUNG,RAWA TERATE,23,0,0,0,23,0,0,0,0,2,0,2,117,2,115,0,7,0,5,0,2,
3175021005,DKI JAKARTA,JAKARTA TIMUR,PULO GADUNG,RAWAMANGUN,81,5,0,0,76,0,0,0,0,3,0,3,283,25,258,17,37,1,25,1,10,
3171051003,DKI JAKARTA,JAKARTA PUSAT,CEMPAKA PUTIH,RAWASARI,239,6,3,2,228,0,0,0,0,3,0,3,516,33,483,19,59,7,19,4,29,
3173041010,DKI JAKARTA,JAKARTA BARAT,TAMBORA,ROA MALAKA,7,0,0,0,7,0,0,0,0,0,0,0,9,0,9,0,0,0,0,0,0,
3172041006,DKI JAKARTA,JAKARTA UTARA,CILINCING,ROROTAN,73,3,7,2,61,0,0,0,0,1,0,1,139,19,120,55,19,1,9,1,8,
3174071004,DKI JAKARTA,JAKARTA SELATAN,KEBAYORAN BARU,SELONG,13,0,2,0,11,0,0,0,0,2,0,2,60,0,60,0,8,2,6,0,0,
3173061002,DKI JAKARTA,JAKARTA BARAT,KALI DERES,SEMANAN,133,0,6,3,124,0,0,0,0,1,0,1,389,73,316,6,24,1,18,1,4,
3172041007,DKI JAKARTA,JAKARTA UTARA,CILINCING,SEMPER BARAT,205,6,8,1,190,0,0,0,0,10,0,10,360,47,313,69,91,11,58,2,20,
3172041005,DKI JAKARTA,JAKARTA UTARA,CILINCING,SEMPER TIMUR,110,6,8,1,95,0,0,0,0,1,0,1,159,7,152,28,36,4,26,2,4,
3174071006,DKI JAKARTA,JAKARTA SELATAN,KEBAYORAN BARU,SENAYAN,27,0,0,0,27,0,0,0,0,9,0,9,97,1,96,0,16,0,16,0,0,
3171041001,DKI JAKARTA,JAKARTA PUSAT,SENEN,SENEN,68,3,4,0,61,0,0,0,0,4,2,2,434,138,296,21,39,0,36,1,2,
3171031004,DKI JAKARTA,JAKARTA PUSAT,KEMAYORAN,SERDANG,135,2,1,2,130,0,0,0,0,2,0,2,166,5,161,18,44,0,31,2,11,
3174021001,DKI JAKARTA,JAKARTA SELATAN,SETIA BUDI,SETIA BUDI,28,1,0,0,27,0,0,0,0,3,0,3,85,1,84,6,4,0,4,0,0,
3175101005,DKI JAKARTA,JAKARTA TIMUR,CIPAYUNG,SETU,71,1,2,0,68,0,0,0,0,1,0,1,65,12,53,11,8,1,5,0,2,
3173071002,DKI JAKARTA,JAKARTA BARAT,PALMERAH,SLIPI,173,6,0,1,166,0,0,0,0,2,0,2,209,36,173,32,30,2,21,1,6,
3173081004,DKI JAKARTA,JAKARTA BARAT,KEMBANGAN,SRENGSENG,125,2,3,3,117,0,0,0,0,5,0,5,172,10,162,18,59,2,38,3,16,
3174091002,DKI JAKARTA,JAKARTA SELATAN,JAGAKARSA,SRENGSENG SAWAH,139,5,0,0,134,1,0,0,1,5,0,5,185,4,181,10,44,1,26,3,14,
3173051003,DKI JAKARTA,JAKARTA BARAT,KEBON JERUK,SUKABUMI SELATAN,94,2,9,4,79,0,0,0,0,1,0,1,215,29,186,24,48,3,32,1,12,
3173051002,DKI JAKARTA,JAKARTA BARAT,KEBON JERUK,SUKABUMI UTARA,90,2,0,2,86,0,0,0,0,19,0,19,225,17,208,39,43,2,23,4,14,
3172041002,DKI JAKARTA,JAKARTA UTARA,CILINCING,SUKAPURA,187,0,5,2,180,0,0,0,0,5,0,5,307,86,221,62,74,4,53,2,15,
3171031007,DKI JAKARTA,JAKARTA PUSAT,KEMAYORAN,SUMUR BATU,115,2,3,1,109,0,0,0,0,4,0,4,121,8,113,9,28,2,20,1,5,
3172021004,DKI JAKARTA,JAKARTA UTARA,TANJUNG PRIOK,SUNGAI BAMBU,76,1,2,0,73,0,0,0,0,5,1,4,197,53,144,30,22,0,11,3,8,
3172021006,DKI JAKARTA,JAKARTA UTARA,TANJUNG PRIOK,SUNTER AGUNG,336,5,1,1,329,0,0,0,0,17,0,17,859,14,845,54,188,7,162,11,8,
3172021002,DKI JAKARTA,JAKARTA UTARA,TANJUNG PRIOK,SUNTER JAYA,278,6,9,6,257,0,0,0,0,4,0,4,575,40,535,138,150,6,108,10,26,
3175091004,DKI JAKARTA,JAKARTA TIMUR,CIRACAS,SUSUKAN,55,2,1,1,51,0,0,0,0,6,0,6,598,3,595,67,29,2,21,1,5,
3173031001,DKI JAKARTA,JAKARTA BARAT,TAMAN SARI,TAMAN SARI,83,1,0,0,82,0,0,0,0,0,0,0,144,9,135,13,20,0,7,1,12,
3173041001,DKI JAKARTA,JAKARTA BARAT,TAMBORA,TAMBORA,60,1,3,3,53,0,0,0,0,0,0,0,176,7,169,1,7,0,4,0,3,
3173041004,DKI JAKARTA,JAKARTA BARAT,TAMBORA,TANAH SEREAL,111,3,2,2,104,0,0,0,0,4,0,4,94,4,90,2,45,3,29,5,8,
3171081004,DKI JAKARTA,JAKARTA PUSAT,JOHAR BARU,TANAH TINGGI,148,6,0,3,139,1,0,0,1,1,0,1,276,17,259,31,96,5,63,8,20,
3173031004,DKI JAKARTA,JAKARTA BARAT,TAMAN SARI,TANGKI,81,1,1,1,78,0,0,0,0,2,1,1,130,7,123,2,12,0,11,1,0,
3174091005,DKI JAKARTA,JAKARTA SELATAN,JAGAKARSA,TANJUNG BARAT,140,4,2,1,133,0,0,0,0,1,0,1,115,2,113,7,36,0,29,2,5,
3173021005,DKI JAKARTA,JAKARTA BARAT,GROGOL PETAMBURAN,TANJUNG DUREN SELATAN,104,1,7,1,95,0,0,0,0,18,1,17,212,14,198,16,65,3,39,5,18,
3173021002,DKI JAKARTA,JAKARTA BARAT,GROGOL PETAMBURAN,TANJUNG DUREN UTARA,90,4,3,0,83,0,0,0,0,20,1,19,190,13,177,15,29,3,18,1,7,
3172021001,DKI JAKARTA,JAKARTA UTARA,TANJUNG PRIOK,TANJUNG PRIOK,129,6,5,6,112,0,0,0,0,8,1,7,215,17,198,40,88,2,50,6,30,
3174011002,DKI JAKARTA,JAKARTA SELATAN,TEBET,TEBET BARAT,112,4,0,0,108,0,0,0,0,7,0,7,263,8,255,18,45,2,34,3,6,
3174011001,DKI JAKARTA,JAKARTA SELATAN,TEBET,TEBET TIMUR,65,3,0,1,61,0,0,0,0,5,0,5,228,8,220,26,26,3,15,3,5,
3173061003,DKI JAKARTA,JAKARTA BARAT,KALI DERES,TEGAL ALUR,231,4,9,5,213,0,0,0,0,1,0,1,367,22,345,7,32,5,20,1,6,
3174031004,DKI JAKARTA,JAKARTA SELATAN,MAMPANG PRAPATAN,TEGAL PARANG,105,4,1,2,98,0,0,0,0,2,0,2,304,6,298,1,24,1,20,1,2,
3173021003,DKI JAKARTA,JAKARTA BARAT,GROGOL PETAMBURAN,TOMANG,138,8,2,2,126,0,0,0,0,10,0,10,255,22,233,70,106,0,88,2,16,
3172031005,DKI JAKARTA,JAKARTA UTARA,KOJA,TUGU SELATAN,169,5,3,1,160,0,0,0,0,0,0,0,149,7,142,45,30,2,22,1,5,
3172031002,DKI JAKARTA,JAKARTA UTARA,KOJA,TUGU UTARA,331,10,6,0,315,0,0,0,0,3,0,3,256,5,251,49,58,3,41,4,10,
3175061006,DKI JAKARTA,JAKARTA TIMUR,CAKUNG,UJUNG MENTENG,37,1,1,2,33,0,0,0,0,0,0,0,134,14,120,11,10,0,5,2,3,
3174101005,DKI JAKARTA,JAKARTA SELATAN,PESANGGRAHAN,ULUJAMI,195,1,21,1,172,0,0,0,0,0,0,0,477,99,378,22,39,2,19,3,15,
3175011006,DKI JAKARTA,JAKARTA TIMUR,MATRAMAN,UTAN KAYU SELATAN,179,2,0,8,169,0,0,0,0,1,0,1,281,4,277,76,62,1,50,3,8,
3175011002,DKI JAKARTA,JAKARTA TIMUR,MATRAMAN,UTAN KAYU UTARA,106,1,0,0,105,1,0,0,1,0,0,0,176,4,172,34,28,1,15,2,10,
3171031008,DKI JAKARTA,JAKARTA PUSAT,KEMAYORAN,UTAN PANJANG,126,5,1,2,118,0,0,0,0,1,0,1,120,8,112,17,33,1,16,2,14,
3172021007,DKI JAKARTA,JAKARTA UTARA,TANJUNG PRIOK,WARAKAS,105,1,5,2,97,0,0,0,0,4,0,4,235,39,196,45,59,4,41,1,13,
3173021007,DKI JAKARTA,JAKARTA BARAT,GROGOL PETAMBURAN,WIJAYA KUSUMA,145,3,19,2,121,0,0,0,0,2,1,1,308,44,264,11,26,1,19,2,4,
