id_kel,nama_provinsi,nama_kota,nama_kecamatan,nama_kelurahan,suspek,perawatan rs,isolasi di rumah,suspek meninggal,selesai isolasi,probable,perawatan rs,probable meninggal,selesai isolasi,pelaku perjalanan,isolasi di rumah,selesai isolasi,kontak erat,isolasi di rumah,selesai isolasi,discarded,positif,dirawat,sembuh,meninggal,self isolation,keterangan
3172051003,DKI JAKARTA,JAKARTA UTARA,PADEMANGAN,ANCOL,106,4,1,0,101,0,0,0,0,5,0,5,261,13,248,4,41,2,34,0,5,
3173041007,DKI JAKARTA,JAKARTA BARAT,TAMBORA,ANGKE,186,1,3,1,181,0,0,0,0,0,0,0,271,4,267,21,46,4,32,2,8,
3175041005,DKI JAKARTA,JAKARTA TIMUR,KRAMAT JATI,BALE KAMBANG,59,4,2,0,53,0,0,0,0,2,0,2,99,12,87,22,25,3,17,1,4,
3175031003,DKI JAKARTA,JAKARTA TIMUR,JATINEGARA,BALI MESTER,31,0,0,1,30,0,0,0,0,0,0,0,29,2,27,0,7,1,4,1,1,
3175101006,DKI JAKARTA,JAKARTA TIMUR,CIPAYUNG,BAMBU APUS,107,4,0,1,102,0,0,0,0,2,0,2,117,11,106,14,26,4,17,0,5,
3174031002,DKI JAKARTA,JAKARTA SELATAN,MAMPANG PRAPATAN,BANGKA,90,2,0,2,86,0,0,0,0,18,0,18,363,17,346,6,26,1,20,2,3,
3175051002,DKI JAKARTA,JAKARTA TIMUR,PASAR REBO,BARU,61,10,0,1,50,0,0,0,0,2,0,2,62,8,54,6,15,1,8,0,6,
3175041004,DKI JAKARTA,JAKARTA TIMUR,KRAMAT JATI,BATU AMPAR,128,9,4,0,115,1,0,1,0,1,0,1,212,34,178,24,37,1,28,3,5,
BELUM DIKETAHUI,BELUM DIKETAHUI,BELUM DIKETAHUI,BELUM DIKETAHUI,BELUM DIKETAHUI,11185,17,8,1627,9533,1,0,0,1,122,0,122,6701,124,6577,82,3086,593,795,51,1647,
3171071002,DKI JAKARTA,JAKARTA PUSAT,TANAH ABANG,BENDUNGAN HILIR,146,15,23,0,108,0,0,0,0,2,0,2,218,9,209,4,32,0,26,2,4,
3175031002,DKI JAKARTA,JAKARTA TIMUR,JATINEGARA,BIDARA CINA,58,15,1,3,39,0,0,0,0,0,0,0,95,11,84,21,66,2,48,7,9,
3174101002,DKI JAKARTA,JAKARTA SELATAN,PESANGGRAHAN,BINTARO,318,7,18,2,291,1,0,0,1,7,0,7,586,92,494,17,64,1,42,6,15,
3174011005,DKI JAKARTA,JAKARTA SELATAN,TEBET,BUKIT DURI,86,1,1,3,81,1,0,0,1,13,0,13,196,18,178,8,37,1,22,5,9,
3171041006,DKI JAKARTA,JAKARTA PUSAT,SENEN,BUNGUR,75,1,4,2,68,0,0,0,0,13,0,13,248,1,247,8,25,1,18,2,4,
3175061007,DKI JAKARTA,JAKARTA TIMUR,CAKUNG,CAKUNG BARAT,80,1,0,1,78,0,0,0,0,0,0,0,202,8,194,33,27,2,15,1,9,
3175061004,DKI JAKARTA,JAKARTA TIMUR,CAKUNG,CAKUNG TIMUR,73,7,2,2,62,0,0,0,0,3,0,3,210,19,191,23,26,0,19,0,7,
3175041007,DKI JAKARTA,JAKARTA TIMUR,KRAMAT JATI,CAWANG,73,3,16,0,54,0,0,0,0,2,1,1,178,95,83,11,35,3,26,1,5,
3175101008,DKI JAKARTA,JAKARTA TIMUR,CIPAYUNG,CEGER,68,5,0,0,63,0,0,0,0,0,0,0,61,7,54,8,8,1,4,0,3,
3171031006,DKI JAKARTA,JAKARTA PUSAT,KEMAYORAN,CEMPAKA BARU,180,5,17,1,157,0,0,0,0,4,1,3,176,34,142,24,75,2,41,7,25,
3171051002,DKI JAKARTA,JAKARTA PUSAT,CEMPAKA PUTIH,CEMPAKA PUTIH BARAT,378,10,5,1,362,0,0,0,0,7,0,7,909,106,803,35,141,6,56,8,71,
3171051001,DKI JAKARTA,JAKARTA PUSAT,CEMPAKA PUTIH,CEMPAKA PUTIH TIMUR,226,6,1,1,218,0,0,0,0,7,0,7,734,34,700,38,107,1,73,1,32,
3173011001,DKI JAKARTA,JAKARTA BARAT,CENGKARENG,CENGKARENG BARAT,91,6,5,1,79,0,0,0,0,4,0,4,470,27,443,6,52,10,38,2,2,
3173011006,DKI JAKARTA,JAKARTA BARAT,CENGKARENG,CENGKARENG TIMUR,125,5,4,6,110,1,0,0,1,3,0,3,500,22,478,7,81,5,54,6,16,
3175091002,DKI JAKARTA,JAKARTA TIMUR,CIRACAS,CIBUBUR,182,6,1,4,171,0,0,0,0,13,7,6,796,95,701,74,37,2,26,2,7,
3171011002,DKI JAKARTA,JAKARTA PUSAT,GAMBIR,CIDENG,110,7,0,1,102,0,0,0,0,7,0,7,188,7,181,9,38,1,18,3,16,
3174091003,DKI JAKARTA,JAKARTA SELATAN,JAGAKARSA,CIGANJUR,141,3,0,1,137,0,0,0,0,9,0,9,140,7,133,6,32,1,15,1,15,
3175051003,DKI JAKARTA,JAKARTA TIMUR,PASAR REBO,CIJANTUNG,179,12,0,3,164,0,0,0,0,0,0,0,175,10,165,3,41,1,23,2,15,
3171061003,DKI JAKARTA,JAKARTA PUSAT,MENTENG,CIKINI,41,1,1,0,39,0,0,0,0,0,0,0,108,49,59,8,14,1,10,1,2,
3174081006,DKI JAKARTA,JAKARTA SELATAN,PANCORAN,CIKOKO,25,0,0,0,25,0,0,0,0,3,0,3,60,2,58,0,13,0,9,1,3,
3174061001,DKI JAKARTA,JAKARTA SELATAN,CILANDAK,CILANDAK BARAT,237,4,1,4,228,0,0,0,0,88,0,88,440,16,424,34,63,3,40,3,17,
3174041003,DKI JAKARTA,JAKARTA SELATAN,PASAR MINGGU,CILANDAK TIMUR,78,5,0,1,72,0,0,0,0,17,0,17,94,6,88,5,20,2,11,2,5,
3175101002,DKI JAKARTA,JAKARTA TIMUR,CIPAYUNG,CILANGKAP,105,3,2,1,99,0,0,0,0,0,0,0,111,12,99,17,22,1,18,0,3,
3175041006,DKI JAKARTA,JAKARTA TIMUR,KRAMAT JATI,CILILITAN,83,7,9,1,66,0,0,0,0,2,1,1,194,55,139,37,30,4,17,2,7,
3172041001,DKI JAKARTA,JAKARTA UTARA,CILINCING,CILINCING,141,5,12,1,123,0,0,0,0,3,0,3,389,33,356,56,75,1,43,1,30,
3175101001,DKI JAKARTA,JAKARTA TIMUR,CIPAYUNG,CIPAYUNG,135,3,7,2,123,0,0,0,0,2,0,2,134,13,121,7,29,2,21,1,5,
3174091006,DKI JAKARTA,JAKARTA SELATAN,JAGAKARSA,CIPEDAK,132,1,0,0,131,1,0,0,1,0,0,0,108,3,105,5,25,6,17,0,2,
3174061005,DKI JAKARTA,JAKARTA SELATAN,CILANDAK,CIPETE SELATAN,89,1,0,1,87,0,0,0,0,41,0,41,150,10,140,3,16,1,5,4,6,
3174071010,DKI JAKARTA,JAKARTA SELATAN,KEBAYORAN BARU,CIPETE UTARA,105,5,0,3,97,0,0,0,0,9,0,9,173,23,150,5,23,2,16,2,3,
3175021003,DKI JAKARTA,JAKARTA TIMUR,PULO GADUNG,CIPINANG,56,1,1,2,52,0,0,0,0,3,0,3,243,22,221,22,37,3,22,3,9,
3175031007,DKI JAKARTA,JAKARTA TIMUR,JATINEGARA,CIPINANG BESAR SELATAN,59,0,3,1,55,0,0,0,0,1,0,1,108,8,100,4,23,0,16,1,6,
3175031008,DKI JAKARTA,JAKARTA TIMUR,JATINEGARA,CIPINANG BESAR UTARA,47,3,1,0,43,0,0,0,0,3,0,3,237,20,217,11,49,1,41,2,5,
3175031005,DKI JAKARTA,JAKARTA TIMUR,JATINEGARA,CIPINANG CEMPEDAK,66,4,0,2,60,0,0,0,0,1,0,1,72,7,65,6,12,1,9,1,1,
3175081005,DKI JAKARTA,JAKARTA TIMUR,MAKASAR,CIPINANG MELAYU,67,4,1,2,60,0,0,0,0,2,0,2,173,24,149,11,36,3,23,4,6,
3175031006,DKI JAKARTA,JAKARTA TIMUR,JATINEGARA,CIPINANG MUARA,87,5,0,1,81,0,0,0,0,3,0,3,190,8,182,24,47,0,38,1,8,
3174051003,DKI JAKARTA,JAKARTA SELATAN,KEBAYORAN LAMA,CIPULIR,86,5,0,4,77,0,0,0,0,6,1,5,302,19,283,4,48,0,40,3,5,
3175091001,DKI JAKARTA,JAKARTA TIMUR,CIRACAS,CIRACAS,172,7,3,9,153,0,0,0,0,9,0,9,448,22,426,40,48,1,34,5,8,
3175041003,DKI JAKARTA,JAKARTA TIMUR,KRAMAT JATI,DUKUH,82,8,0,1,73,0,0,0,0,1,0,1,112,12,100,15,20,0,15,0,5,
3175071001,DKI JAKARTA,JAKARTA TIMUR,DUREN SAWIT,DUREN SAWIT,304,9,1,2,292,2,0,0,2,1,0,1,209,22,187,13,83,1,57,8,17,
3174081004,DKI JAKARTA,JAKARTA SELATAN,PANCORAN,DUREN TIGA,84,0,1,0,83,0,0,0,0,0,0,0,187,6,181,2,18,1,11,0,6,
3173051005,DKI JAKARTA,JAKARTA BARAT,KEBON JERUK,DURI KEPA,144,9,1,2,132,0,0,0,0,7,0,7,507,11,496,61,99,5,64,6,24,
3173011002,DKI JAKARTA,JAKARTA BARAT,CENGKARENG,DURI KOSAMBI,130,4,2,3,121,0,0,0,0,3,0,3,305,17,288,8,35,3,25,1,6,
3171011006,DKI JAKARTA,JAKARTA PUSAT,GAMBIR,DURI PULO,47,5,0,3,39,0,0,0,0,0,0,0,105,5,100,5,25,0,15,2,8,
3173041011,DKI JAKARTA,JAKARTA BARAT,TAMBORA,DURI SELATAN,35,6,0,1,28,0,0,0,0,1,0,1,45,0,45,3,13,0,8,0,5,
3173041003,DKI JAKARTA,JAKARTA BARAT,TAMBORA,DURI UTARA,76,3,5,2,66,0,0,0,0,1,0,1,68,4,64,1,21,0,14,3,4,
3171081003,DKI JAKARTA,JAKARTA PUSAT,JOHAR BARU,GALUR,39,1,0,0,38,0,0,0,0,2,0,2,151,9,142,42,40,2,8,4,26,
3171011001,DKI JAKARTA,JAKARTA PUSAT,GAMBIR,GAMBIR,28,0,0,0,28,0,0,0,0,17,0,17,97,2,95,6,11,1,9,0,1,
3174061004,DKI JAKARTA,JAKARTA SELATAN,CILANDAK,GANDARIA SELATAN,55,1,1,0,53,1,0,0,1,20,0,20,103,12,91,0,16,0,7,1,8,
3174071009,DKI JAKARTA,JAKARTA SELATAN,KEBAYORAN BARU,GANDARIA UTARA,99,7,0,1,91,0,0,0,0,1,0,1,263,35,228,0,28,2,17,1,8,
3175051001,DKI JAKARTA,JAKARTA TIMUR,PASAR REBO,GEDONG,253,30,0,0,223,0,0,0,0,0,0,0,102,10,92,17,58,6,41,0,11,
3171071001,DKI JAKARTA,JAKARTA PUSAT,TANAH ABANG,GELORA,30,0,0,1,29,0,0,0,0,5,0,5,50,0,50,0,21,0,12,1,8,
3173031007,DKI JAKARTA,JAKARTA BARAT,TAMAN SARI,GLODOK,32,0,2,0,30,0,0,0,0,0,0,0,49,18,31,0,4,0,2,1,1,
3171061004,DKI JAKARTA,JAKARTA PUSAT,MENTENG,GONDANGDIA,18,0,0,1,17,0,0,0,0,4,0,4,59,22,37,7,20,1,16,2,1,
3173021001,DKI JAKARTA,JAKARTA BARAT,GROGOL PETAMBURAN,GROGOL,103,1,1,3,98,0,0,0,0,39,0,39,364,7,357,30,47,1,33,0,13,
3174051005,DKI JAKARTA,JAKARTA SELATAN,KEBAYORAN LAMA,GROGOL SELATAN,88,2,1,3,82,1,0,1,0,11,0,11,308,22,286,3,46,3,32,5,6,
3174051004,DKI JAKARTA,JAKARTA SELATAN,KEBAYORAN LAMA,GROGOL UTARA,134,4,1,4,125,0,0,0,0,23,0,23,324,10,314,12,90,2,55,2,31,
3174021007,DKI JAKARTA,JAKARTA SELATAN,SETIA BUDI,GUNTUR,17,1,1,0,15,0,0,0,0,0,0,0,45,2,43,1,6,1,5,0,0,
3174071002,DKI JAKARTA,JAKARTA SELATAN,KEBAYORAN BARU,GUNUNG,42,0,0,3,39,0,0,0,0,7,0,7,128,7,121,0,13,1,10,1,1,
3171031005,DKI JAKARTA,JAKARTA PUSAT,KEMAYORAN,GUNUNG SAHARI SELATAN,115,4,1,1,109,0,0,0,0,2,0,2,155,8,147,1,18,0,13,2,3,
3171021004,DKI JAKARTA,JAKARTA PUSAT,SAWAH BESAR,GUNUNG SAHARI UTARA,92,3,1,1,87,0,0,0,0,2,1,1,136,13,123,4,29,1,15,4,9,
3175081004,DKI JAKARTA,JAKARTA TIMUR,MAKASAR,HALIM PERDANA KUSUMAH,52,6,2,2,42,0,0,0,0,2,0,2,99,27,72,7,40,2,30,3,5,
3171031003,DKI JAKARTA,JAKARTA PUSAT,KEMAYORAN,HARAPAN MULIA,130,8,11,2,109,0,0,0,0,4,1,3,154,16,138,25,65,1,32,4,28,
3174091001,DKI JAKARTA,JAKARTA SELATAN,JAGAKARSA,JAGAKARSA,262,6,2,1,253,1,0,0,1,5,0,5,258,19,239,8,56,4,33,2,17,
3175021007,DKI JAKARTA,JAKARTA TIMUR,PULO GADUNG,JATI,84,11,1,1,71,0,0,0,0,4,0,4,229,24,205,18,45,0,33,0,12,
3174041002,DKI JAKARTA,JAKARTA SELATAN,PASAR MINGGU,JATI PADANG,123,4,1,2,116,0,0,0,0,2,0,2,236,89,147,12,32,3,20,3,6,
3173071004,DKI JAKARTA,JAKARTA BARAT,PALMERAH,JATI PULO,168,6,1,4,157,0,0,0,0,2,0,2,309,24,285,57,83,2,62,2,17,
3175061001,DKI JAKARTA,JAKARTA TIMUR,CAKUNG,JATINEGARA,126,6,1,3,116,0,0,0,0,2,0,2,291,18,273,30,50,2,33,3,12,
3175021004,DKI JAKARTA,JAKARTA TIMUR,PULO GADUNG,JATINEGARA KAUM,16,0,1,0,15,0,0,0,0,3,0,3,85,4,81,3,8,2,5,0,1,
3173021004,DKI JAKARTA,JAKARTA BARAT,GROGOL PETAMBURAN,JELAMBAR,92,4,1,4,83,0,0,0,0,22,4,18,353,51,302,6,43,2,30,4,7,
3173021006,DKI JAKARTA,JAKARTA BARAT,GROGOL PETAMBURAN,JELAMBAR BARU,142,0,1,2,139,0,0,0,0,4,0,4,346,91,255,14,27,0,18,2,7,
3173041006,DKI JAKARTA,JAKARTA BARAT,TAMBORA,JEMBATAN BESI,239,7,28,1,203,0,0,0,0,0,0,0,200,41,159,7,98,1,76,5,16,
3173041008,DKI JAKARTA,JAKARTA BARAT,TAMBORA,JEMBATAN LIMA,60,1,0,0,59,0,0,0,0,0,0,0,87,4,83,1,13,2,7,0,4,
3173081005,DKI JAKARTA,JAKARTA BARAT,KEMBANGAN,JOGLO,87,1,0,4,82,0,0,0,0,3,0,3,162,12,150,12,36,0,35,1,0,
3171081001,DKI JAKARTA,JAKARTA PUSAT,JOHAR BARU,JOHAR BARU,192,4,0,3,185,0,0,0,0,3,0,3,615,31,584,90,109,5,49,5,50,
3173041002,DKI JAKARTA,JAKARTA BARAT,TAMBORA,KALI ANYAR,107,9,2,0,96,0,0,0,0,3,0,3,167,14,153,8,36,2,13,2,19,
3172041004,DKI JAKARTA,JAKARTA UTARA,CILINCING,KALI BARU,96,10,2,5,79,0,0,0,0,1,0,1,156,29,127,28,46,10,30,4,2,
3174081002,DKI JAKARTA,JAKARTA SELATAN,PANCORAN,KALIBATA,141,6,0,3,132,0,0,0,0,5,0,5,212,13,199,9,56,2,30,1,23,
3173061001,DKI JAKARTA,JAKARTA BARAT,KALI DERES,KALIDERES,350,7,15,4,324,0,0,0,0,5,0,5,1039,33,1006,25,67,5,51,4,7,
3175051004,DKI JAKARTA,JAKARTA TIMUR,PASAR REBO,KALISARI,168,12,2,0,154,0,0,0,0,1,0,1,116,19,97,6,39,0,27,2,10,
3173061004,DKI JAKARTA,JAKARTA BARAT,KALI DERES,KAMAL,131,0,5,3,123,0,0,0,0,0,0,0,276,27,249,1,8,1,3,2,2,
3172011002,DKI JAKARTA,JAKARTA UTARA,PENJARINGAN,KAMAL MUARA,14,0,0,0,14,0,0,0,0,4,0,4,28,2,26,0,16,0,15,1,0,
3171071007,DKI JAKARTA,JAKARTA PUSAT,TANAH ABANG,KAMPUNG BALI,61,3,0,2,56,0,0,0,0,1,0,1,99,1,98,0,18,0,15,1,2,
3175031001,DKI JAKARTA,JAKARTA TIMUR,JATINEGARA,KAMPUNG MELAYU,39,5,0,4,30,0,0,0,0,3,0,3,66,8,58,3,65,2,38,1,24,
3171081002,DKI JAKARTA,JAKARTA PUSAT,JOHAR BARU,KAMPUNG RAWA,96,4,0,0,92,1,0,0,1,0,0,0,259,8,251,60,84,2,50,7,25,
3175041002,DKI JAKARTA,JAKARTA TIMUR,KRAMAT JATI,KAMPUNG TENGAH,192,6,1,1,184,0,0,0,0,7,0,7,443,49,394,48,101,1,75,8,17,
3173011005,DKI JAKARTA,JAKARTA BARAT,CENGKARENG,KAPUK,142,4,7,16,115,0,0,0,0,3,0,3,337,26,311,8,48,2,31,6,9,
3172011003,DKI JAKARTA,JAKARTA UTARA,PENJARINGAN,KAPUK MUARA,52,3,0,0,49,0,0,0,0,7,0,7,95,10,85,16,25,3,16,3,3,
3171021002,DKI JAKARTA,JAKARTA PUSAT,SAWAH BESAR,KARANG ANYAR,211,14,3,4,190,1,0,1,0,3,1,2,397,22,375,8,52,1,36,5,10,
3174021004,DKI JAKARTA,JAKARTA SELATAN,SETIA BUDI,KARET,50,2,0,0,48,0,0,0,0,8,0,8,132,2,130,4,21,1,18,0,2,
3174021003,DKI JAKARTA,JAKARTA SELATAN,SETIA BUDI,KARET KUNINGAN,78,3,0,1,74,0,0,0,0,16,0,16,136,10,126,4,23,1,14,2,6,
3174021002,DKI JAKARTA,JAKARTA SELATAN,SETIA BUDI,KARET SEMANGGI,39,0,0,1,38,0,0,0,0,3,0,3,40,6,34,0,8,0,3,2,3,
3171071003,DKI JAKARTA,JAKARTA PUSAT,TANAH ABANG,KARET TENGSIN,72,6,1,0,65,0,0,0,0,7,0,7,127,2,125,0,15,1,12,1,1,
3171021003,DKI JAKARTA,JAKARTA PUSAT,SAWAH BESAR,KARTINI,159,6,1,1,151,0,0,0,0,0,0,0,260,25,235,14,52,2,40,1,9,
3175011003,DKI JAKARTA,JAKARTA TIMUR,MATRAMAN,KAYU MANIS,102,1,1,0,100,1,0,0,1,0,0,0,274,14,260,17,46,1,34,2,9,
3175021006,DKI JAKARTA,JAKARTA TIMUR,PULO GADUNG,KAYU PUTIH,154,5,0,4,145,0,0,0,0,10,0,10,357,42,315,21,70,2,48,5,15,
3173031006,DKI JAKARTA,JAKARTA BARAT,TAMAN SARI,KEAGUNGAN,52,3,6,0,43,0,0,0,0,0,0,0,106,11,95,6,9,2,4,0,3,
3174041007,DKI JAKARTA,JAKARTA SELATAN,PASAR MINGGU,KEBAGUSAN,119,7,1,1,110,0,0,0,0,0,0,0,148,25,123,10,32,4,25,0,3,
3174051006,DKI JAKARTA,JAKARTA SELATAN,KEBAYORAN LAMA,KEBAYORAN LAMA SELATAN,139,4,3,0,132,1,0,0,1,1,0,1,405,19,386,8,33,1,18,3,11,
3174051001,DKI JAKARTA,JAKARTA SELATAN,KEBAYORAN LAMA,KEBAYORAN LAMA UTARA,107,3,0,1,103,0,0,0,0,15,0,15,229,14,215,2,35,1,26,2,6,
3174011004,DKI JAKARTA,JAKARTA SELATAN,TEBET,KEBON BARU,82,3,1,2,76,0,0,0,0,15,0,15,264,13,251,11,37,1,34,0,2,
3172021005,DKI JAKARTA,JAKARTA UTARA,TANJUNG PRIOK,KEBON BAWANG,153,9,4,1,139,0,0,0,0,10,3,7,309,26,283,46,71,4,49,1,17,
3173051001,DKI JAKARTA,JAKARTA BARAT,KEBON JERUK,KEBON JERUK,204,5,2,4,193,0,0,0,0,9,0,9,681,18,663,45,90,3,66,8,13,
3171071006,DKI JAKARTA,JAKARTA PUSAT,TANAH ABANG,KEBON KACANG,233,1,11,1,220,0,0,0,0,0,0,0,269,7,262,3,110,1,90,9,10,
3171011005,DKI JAKARTA,JAKARTA PUSAT,GAMBIR,KEBON KELAPA,59,3,1,1,54,0,0,0,0,1,0,1,70,5,65,0,9,0,8,1,0,
3171031002,DKI JAKARTA,JAKARTA PUSAT,KEMAYORAN,KEBON KOSONG,139,5,6,5,123,0,0,0,0,7,0,7,146,10,136,24,57,1,40,5,11,
3175011005,DKI JAKARTA,JAKARTA TIMUR,MATRAMAN,KEBON MANGGIS,62,6,0,3,53,0,0,0,0,1,0,1,60,6,54,17,39,3,21,2,13,
3171071005,DKI JAKARTA,JAKARTA PUSAT,TANAH ABANG,KEBON MELATI,216,6,3,2,205,0,0,0,0,5,0,5,279,5,274,2,87,6,73,6,2,
3175081003,DKI JAKARTA,JAKARTA TIMUR,MAKASAR,KEBON PALA,57,2,0,1,54,0,0,0,0,2,0,2,258,24,234,11,38,3,23,0,12,
3171061005,DKI JAKARTA,JAKARTA PUSAT,MENTENG,KEBON SIRIH,62,0,2,2,58,0,0,0,0,2,0,2,167,38,129,11,37,1,33,2,1,
3173011004,DKI JAKARTA,JAKARTA BARAT,CENGKARENG,KEDAUNG KALI ANGKE,47,2,0,0,45,0,0,0,0,1,0,1,117,11,106,3,24,3,21,0,0,
3173051007,DKI JAKARTA,JAKARTA BARAT,KEBON JERUK,KEDOYA SELATAN,96,2,1,5,88,1,0,0,1,4,0,4,222,7,215,12,31,1,28,1,1,
3173051006,DKI JAKARTA,JAKARTA BARAT,KEBON JERUK,KEDOYA UTARA,85,2,1,2,80,0,0,0,0,15,0,15,311,5,306,19,35,1,27,0,7,
3173051004,DKI JAKARTA,JAKARTA BARAT,KEBON JERUK,KELAPA DUA,56,2,0,0,54,0,0,0,0,1,0,1,134,11,123,16,38,1,26,1,10,
3175091003,DKI JAKARTA,JAKARTA TIMUR,CIRACAS,KELAPA DUA WETAN,119,5,3,1,110,0,0,0,0,0,0,0,423,45,378,31,38,6,26,1,5,
3172061003,DKI JAKARTA,JAKARTA UTARA,KELAPA GADING,KELAPA GADING BARAT,310,4,15,2,289,0,0,0,0,35,0,35,543,32,511,29,76,5,55,5,11,
3172061001,DKI JAKARTA,JAKARTA UTARA,KELAPA GADING,KELAPA GADING TIMUR,294,1,4,2,287,0,0,0,0,11,1,10,571,28,543,22,56,3,39,8,6,
3173071005,DKI JAKARTA,JAKARTA BARAT,PALMERAH,KEMANGGISAN,128,6,0,6,116,0,0,0,0,3,1,2,293,32,261,44,47,1,31,3,12,
3171031001,DKI JAKARTA,JAKARTA PUSAT,KEMAYORAN,KEMAYORAN,152,4,5,3,140,0,0,0,0,0,0,0,233,21,212,17,73,0,41,1,31,
3173081006,DKI JAKARTA,JAKARTA BARAT,KEMBANGAN,KEMBANGAN SELATAN,59,1,1,1,56,0,0,0,0,5,0,5,192,12,180,50,35,2,26,1,6,
3173081001,DKI JAKARTA,JAKARTA BARAT,KEMBANGAN,KEMBANGAN UTARA,105,8,4,3,90,0,0,0,0,2,0,2,379,18,361,10,46,4,34,1,7,
3171041002,DKI JAKARTA,JAKARTA PUSAT,SENEN,KENARI,95,0,5,1,89,0,0,0,0,0,0,0,256,5,251,43,132,1,126,2,3,
3173041005,DKI JAKARTA,JAKARTA BARAT,TAMBORA,KERENDANG,100,5,3,2,90,0,0,0,0,0,0,0,96,2,94,1,48,2,29,5,12,
3175071003,DKI JAKARTA,JAKARTA TIMUR,DUREN SAWIT,KLENDER,249,5,0,2,242,0,0,0,0,2,0,2,225,16,209,10,81,2,50,8,21,
3172031001,DKI JAKARTA,JAKARTA UTARA,KOJA,KOJA,127,1,4,0,122,0,0,0,0,4,0,4,165,9,156,22,23,0,17,1,5,
3173071006,DKI JAKARTA,JAKARTA BARAT,PALMERAH,KOTA BAMBU SELATAN,182,7,0,4,171,0,0,0,0,0,0,0,484,98,386,69,105,8,50,3,44,
3173071003,DKI JAKARTA,JAKARTA BARAT,PALMERAH,KOTA BAMBU UTARA,163,6,5,9,143,0,0,0,0,0,0,0,278,42,236,49,91,3,60,4,24,
3171041004,DKI JAKARTA,JAKARTA PUSAT,SENEN,KRAMAT,151,2,5,4,140,0,0,0,0,3,0,3,486,54,432,29,136,4,68,8,56,
3175041001,DKI JAKARTA,JAKARTA TIMUR,KRAMAT JATI,KRAMAT JATI,103,2,3,1,97,0,0,0,0,4,0,4,216,53,163,18,26,1,17,2,6,
3174071003,DKI JAKARTA,JAKARTA SELATAN,KEBAYORAN BARU,KRAMAT PELA,29,2,0,0,27,0,0,0,0,0,0,0,164,50,114,3,14,2,9,0,3,
3173031002,DKI JAKARTA,JAKARTA BARAT,TAMAN SARI,KRUKUT,65,1,2,6,56,0,0,0,0,3,0,3,155,11,144,9,31,2,22,2,5,
3174031005,DKI JAKARTA,JAKARTA SELATAN,MAMPANG PRAPATAN,KUNINGAN BARAT,39,1,0,1,37,0,0,0,0,0,0,0,247,40,207,4,9,0,7,0,2,
3174021008,DKI JAKARTA,JAKARTA SELATAN,SETIA BUDI,KUNINGAN TIMUR,62,0,0,1,61,0,0,0,0,17,0,17,44,2,42,1,9,1,5,2,1,
3171041005,DKI JAKARTA,JAKARTA PUSAT,SENEN,KWITANG,125,2,11,0,112,1,0,0,1,2,0,2,255,9,246,7,35,1,24,3,7,
3172031003,DKI JAKARTA,JAKARTA UTARA,KOJA,LAGOA,231,9,1,1,220,0,0,0,0,3,0,3,178,12,166,28,143,5,75,5,58,
3174061002,DKI JAKARTA,JAKARTA SELATAN,CILANDAK,LEBAK BULUS,127,4,2,2,119,0,0,0,0,27,0,27,252,7,245,19,36,0,29,6,1,
3174091004,DKI JAKARTA,JAKARTA SELATAN,JAGAKARSA,LENTENG AGUNG,208,6,1,0,201,0,0,0,0,3,0,3,131,7,124,7,33,1,25,0,7,
LUAR DKI JAKARTA,LUAR DKI JAKARTA,LUAR DKI JAKARTA,LUAR DKI JAKARTA,LUAR DKI JAKARTA,10320,270,110,93,9847,11,0,1,10,274,13,261,11812,901,10911,637,2825,91,2427,83,224,
3175101007,DKI JAKARTA,JAKARTA TIMUR,CIPAYUNG,LUBANG BUAYA,164,4,0,3,157,0,0,0,0,3,0,3,260,34,226,23,31,1,17,0,13,
3175081001,DKI JAKARTA,JAKARTA TIMUR,MAKASAR,MAKASAR,71,7,0,1,63,0,0,0,0,4,0,4,250,68,182,16,10,0,10,0,0,
3175071006,DKI JAKARTA,JAKARTA TIMUR,DUREN SAWIT,MALAKA JAYA,140,7,2,2,129,0,0,0,0,2,0,2,147,10,137,7,34,0,28,0,6,
3175071005,DKI JAKARTA,JAKARTA TIMUR,DUREN SAWIT,MALAKA SARI,122,3,0,1,118,0,0,0,0,0,0,0,84,8,76,6,38,0,30,2,6,
3174031001,DKI JAKARTA,JAKARTA SELATAN,MAMPANG PRAPATAN,MAMPANG PRAPATAN,70,1,0,2,67,0,0,0,0,0,0,0,331,45,286,8,29,2,14,3,10,
3173031005,DKI JAKARTA,JAKARTA BARAT,TAMAN SARI,MANGGA BESAR,36,0,7,1,28,0,0,0,0,0,0,0,64,7,57,3,4,0,4,0,0,
3171021005,DKI JAKARTA,JAKARTA PUSAT,SAWAH BESAR,MANGGA DUA SELATAN,94,12,1,1,80,0,0,0,0,1,0,1,177,22,155,8,29,2,20,0,7,
3174011007,DKI JAKARTA,JAKARTA SELATAN,TEBET,MANGGARAI,70,1,0,0,69,0,0,0,0,4,0,4,203,23,180,18,22,1,17,0,4,
3174011006,DKI JAKARTA,JAKARTA SELATAN,TEBET,MANGGARAI SELATAN,47,1,1,2,43,0,0,0,0,6,0,6,218,19,199,16,23,0,16,2,5,
3173031003,DKI JAKARTA,JAKARTA BARAT,TAMAN SARI,MAPHAR,83,1,1,1,80,0,0,0,0,5,0,5,134,7,127,35,85,1,67,0,17,
3172041003,DKI JAKARTA,JAKARTA UTARA,CILINCING,MARUNDA,76,5,11,0,60,0,0,0,0,0,0,0,89,12,77,8,16,3,9,1,3,
3174071001,DKI JAKARTA,JAKARTA SELATAN,KEBAYORAN BARU,MELAWAI,8,0,0,0,8,0,0,0,0,1,0,1,15,1,14,0,5,0,5,0,0,
3171061001,DKI JAKARTA,JAKARTA PUSAT,MENTENG,MENTENG,89,2,1,2,84,1,0,0,1,1,0,1,286,37,249,13,41,2,34,4,1,
3174021005,DKI JAKARTA,JAKARTA SELATAN,SETIA BUDI,MENTENG ATAS,124,2,15,3,104,0,0,0,0,33,2,31,542,126,416,31,59,1,27,2,29,
3174011003,DKI JAKARTA,JAKARTA SELATAN,TEBET,MENTENG DALAM,112,5,1,4,102,0,0,0,0,11,0,11,272,20,252,37,46,2,31,4,9,
3173081003,DKI JAKARTA,JAKARTA BARAT,KEMBANGAN,MERUYA SELATAN,74,1,2,1,70,0,0,0,0,2,0,2,119,11,108,14,28,1,24,2,1,
3173081002,DKI JAKARTA,JAKARTA BARAT,KEMBANGAN,MERUYA UTARA,88,1,4,6,77,0,0,0,0,3,0,3,158,21,137,7,34,2,30,0,2,
3175101004,DKI JAKARTA,JAKARTA TIMUR,CIPAYUNG,MUNJUL,70,1,5,0,64,0,0,0,0,2,0,2,65,9,56,21,18,0,13,0,5,
3172051002,DKI JAKARTA,JAKARTA UTARA,PADEMANGAN,PADEMANGAN BARAT,601,16,5,5,575,0,0,0,0,4,0,4,1306,31,1275,19,217,3,170,14,30,
3172051001,DKI JAKARTA,JAKARTA UTARA,PADEMANGAN,PADEMANGAN TIMUR,175,2,3,2,168,0,0,0,0,11,0,11,381,18,363,8,41,1,33,2,5,
3175011004,DKI JAKARTA,JAKARTA TIMUR,MATRAMAN,PAL MERIAM,102,1,0,2,99,1,0,0,1,1,0,1,317,8,309,55,82,2,42,5,33,
3173071001,DKI JAKARTA,JAKARTA BARAT,PALMERAH,PALMERAH,398,16,17,2,363,0,0,0,0,1,0,1,747,101,646,61,126,6,87,8,25,
3174081001,DKI JAKARTA,JAKARTA SELATAN,PANCORAN,PANCORAN,73,6,0,0,67,0,0,0,0,3,0,3,247,6,241,5,28,3,17,3,5,
3172021003,DKI JAKARTA,JAKARTA UTARA,TANJUNG PRIOK,PAPANGGO,110,3,6,0,101,0,0,0,0,4,0,4,259,103,156,42,25,2,14,1,8,
3171021001,DKI JAKARTA,JAKARTA PUSAT,SAWAH BESAR,PASAR BARU,80,7,3,2,68,0,0,0,0,4,0,4,166,17,149,3,23,2,19,0,2,
3174021006,DKI JAKARTA,JAKARTA SELATAN,SETIA BUDI,PASAR MANGGIS,80,4,1,2,73,0,0,0,0,15,1,14,344,23,321,14,34,1,26,2,5,
3174041001,DKI JAKARTA,JAKARTA SELATAN,PASAR MINGGU,PASAR MINGGU,109,5,0,1,103,0,0,0,0,3,1,2,224,15,209,3,38,1,22,2,13,
3171041003,DKI JAKARTA,JAKARTA PUSAT,SENEN,PASEBAN,180,2,1,1,176,0,0,0,0,3,0,3,310,23,287,58,95,4,80,5,6,
3173061005,DKI JAKARTA,JAKARTA BARAT,KALI DERES,PEGADUNGAN,271,2,20,7,242,0,0,0,0,6,0,6,664,140,524,13,66,6,50,3,7,
3171061002,DKI JAKARTA,JAKARTA PUSAT,MENTENG,PEGANGSAAN,101,5,2,2,92,0,0,0,0,0,0,0,430,52,378,40,126,3,104,2,17,
3172061002,DKI JAKARTA,JAKARTA UTARA,KELAPA GADING,PEGANGSAAN DUA,344,2,8,1,333,0,0,0,0,29,4,25,821,52,769,70,96,4,38,4,50,
3172011004,DKI JAKARTA,JAKARTA UTARA,PENJARINGAN,PEJAGALAN,92,7,0,2,83,0,0,0,0,5,0,5,298,56,242,22,44,3,30,3,8,
3174041006,DKI JAKARTA,JAKARTA SELATAN,PASAR MINGGU,PEJATEN BARAT,117,6,1,2,108,2,0,0,2,1,0,1,205,22,183,11,38,6,27,2,3,
3174041005,DKI JAKARTA,JAKARTA SELATAN,PASAR MINGGU,PEJATEN TIMUR,148,4,1,1,142,1,0,0,1,1,0,1,232,18,214,18,57,4,43,5,5,
3175051005,DKI JAKARTA,JAKARTA TIMUR,PASAR REBO,PEKAYON,237,18,3,1,215,0,0,0,0,1,0,1,76,8,68,7,20,1,8,2,9,
3173041009,DKI JAKARTA,JAKARTA BARAT,TAMBORA,PEKOJAN,123,1,3,2,117,0,0,0,0,2,0,2,125,3,122,16,26,1,25,0,0,
3174031003,DKI JAKARTA,JAKARTA SELATAN,MAMPANG PRAPATAN,PELA MAMPANG,135,4,0,2,129,0,0,0,0,12,0,12,492,81,411,4,28,1,13,4,10,
3174081005,DKI JAKARTA,JAKARTA SELATAN,PANCORAN,PENGADEGAN,45,3,0,1,41,0,0,0,0,2,0,2,103,5,98,6,18,0,15,0,3,
3175061003,DKI JAKARTA,JAKARTA TIMUR,CAKUNG,PENGGILINGAN,156,11,1,1,143,0,0,0,0,3,0,3,302,52,250,56,77,1,55,3,18,
3172011001,DKI JAKARTA,JAKARTA UTARA,PENJARINGAN,PENJARINGAN,301,8,1,4,288,1,0,0,1,20,0,20,1756,166,1590,111,196,6,141,6,43,
3174101001,DKI JAKARTA,JAKARTA SELATAN,PESANGGRAHAN,PESANGGRAHAN,157,9,13,4,131,0,0,0,0,0,0,0,188,4,184,16,18,0,12,3,3,
3171071004,DKI JAKARTA,JAKARTA PUSAT,TANAH ABANG,PETAMBURAN,312,7,5,5,295,0,0,0,0,7,0,7,220,7,213,3,148,2,132,9,5,
3174071008,DKI JAKARTA,JAKARTA SELATAN,KEBAYORAN BARU,PETOGOGAN,36,1,0,0,35,0,0,0,0,2,0,2,93,4,89,0,7,0,6,0,1,
3171011004,DKI JAKARTA,JAKARTA PUSAT,GAMBIR,PETOJO SELATAN,68,5,1,1,61,0,0,0,0,13,0,13,245,3,242,13,31,1,25,2,3,
3171011003,DKI JAKARTA,JAKARTA PUSAT,GAMBIR,PETOJO UTARA,64,2,2,3,57,0,0,0,0,10,0,10,175,5,170,25,39,2,27,2,8,
3174101004,DKI JAKARTA,JAKARTA SELATAN,PESANGGRAHAN,PETUKANGAN SELATAN,130,6,1,2,121,0,0,0,0,0,0,0,327,13,314,6,9,0,8,0,1,
3174101003,DKI JAKARTA,JAKARTA SELATAN,PESANGGRAHAN,PETUKANGAN UTARA,178,4,1,3,170,1,0,0,1,3,0,3,421,10,411,5,36,1,27,2,6,
3175081002,DKI JAKARTA,JAKARTA TIMUR,MAKASAR,PINANG RANTI,57,1,0,1,55,0,0,0,0,0,0,0,239,85,154,21,26,5,16,2,3,
3173031008,DKI JAKARTA,JAKARTA BARAT,TAMAN SARI,PINANGSIA,31,2,4,1,24,0,0,0,0,2,0,2,96,15,81,0,6,2,2,0,2,
3175011001,DKI JAKARTA,JAKARTA TIMUR,MATRAMAN,PISANGAN BARU,84,0,0,3,81,0,0,0,0,1,0,1,108,5,103,24,33,0,27,4,2,
3175021002,DKI JAKARTA,JAKARTA TIMUR,PULO GADUNG,PISANGAN TIMUR,117,2,2,4,109,0,0,0,0,9,0,9,251,8,243,20,34,3,15,2,14,
3172011005,DKI JAKARTA,JAKARTA UTARA,PENJARINGAN,PLUIT,105,2,1,4,98,0,0,0,0,10,0,10,319,80,239,8,60,3,46,6,5,
3175071002,DKI JAKARTA,JAKARTA TIMUR,DUREN SAWIT,PONDOK BAMBU,417,3,2,0,412,0,0,0,0,3,0,3,174,16,158,6,101,0,79,4,18,
3175071004,DKI JAKARTA,JAKARTA TIMUR,DUREN SAWIT,PONDOK KELAPA,196,5,1,0,190,0,0,0,0,5,0,5,305,14,291,8,83,3,68,4,8,
3175071007,DKI JAKARTA,JAKARTA TIMUR,DUREN SAWIT,PONDOK KOPI,124,2,1,1,120,0,0,0,0,1,0,1,85,6,79,4,32,0,25,5,2,
3174061003,DKI JAKARTA,JAKARTA SELATAN,CILANDAK,PONDOK LABU,138,5,1,1,131,2,0,0,2,71,0,71,401,10,391,33,39,1,36,1,1,
3174051002,DKI JAKARTA,JAKARTA SELATAN,KEBAYORAN LAMA,PONDOK PINANG,209,5,2,4,198,0,0,0,0,43,0,43,391,15,376,9,62,3,42,9,8,
3175101003,DKI JAKARTA,JAKARTA TIMUR,CIPAYUNG,PONDOK RANGGON,73,3,1,3,66,0,0,0,0,2,0,2,75,9,66,21,14,0,13,1,0,
3101011003,DKI JAKARTA,KAB.ADM.KEP.SERIBU,KEP. SERIBU UTARA,PULAU HARAPAN,59,0,0,0,59,0,0,0,0,0,0,0,56,2,54,0,1,0,0,0,1,
3101011002,DKI JAKARTA,KAB.ADM.KEP.SERIBU,KEP. SERIBU UTARA,PULAU KELAPA,43,0,0,1,42,0,0,0,0,0,0,0,137,0,137,1,1,0,1,0,0,
3101011001,DKI JAKARTA,KAB.ADM.KEP.SERIBU,KEP. SERIBU UTARA,PULAU PANGGANG,50,0,0,1,49,0,0,0,0,0,0,0,128,1,127,4,3,1,0,0,2,
3101021003,DKI JAKARTA,KAB.ADM.KEP.SERIBU,KEP. SERIBU SELATAN,PULAU PARI,6,0,0,0,6,0,0,0,0,0,0,0,155,0,155,1,2,0,0,0,2,
3101021002,DKI JAKARTA,KAB.ADM.KEP.SERIBU,KEP. SERIBU SELATAN,PULAU TIDUNG,29,0,0,0,29,0,0,0,0,0,0,0,327,0,327,1,24,0,11,0,13,
3101021001,DKI JAKARTA,KAB.ADM.KEP.SERIBU,KEP. SERIBU SELATAN,PULAU UNTUNG JAWA,15,0,0,0,15,0,0,0,0,0,0,0,95,0,95,0,3,0,0,0,3,
3174071007,DKI JAKARTA,JAKARTA SELATAN,KEBAYORAN BARU,PULO,25,0,0,1,24,0,0,0,0,1,0,1,83,0,83,0,8,0,6,0,2,
3175021001,DKI JAKARTA,JAKARTA TIMUR,PULO GADUNG,PULO GADUNG,95,2,1,2,90,0,0,0,0,8,0,8,269,30,239,14,33,0,23,3,7,
3175061005,DKI JAKARTA,JAKARTA TIMUR,CAKUNG,PULO GEBANG,115,5,3,2,105,0,0,0,0,4,0,4,361,42,319,44,59,2,47,3,7,
3174041004,DKI JAKARTA,JAKARTA SELATAN,PASAR MINGGU,RAGUNAN,169,5,0,2,162,1,0,0,1,1,0,1,188,78,110,8,14,0,9,2,3,
3175091005,DKI JAKARTA,JAKARTA TIMUR,CIRACAS,RAMBUTAN,88,4,1,1,82,1,0,0,1,1,0,1,238,5,233,25,26,1,20,0,5,
3172031006,DKI JAKARTA,JAKARTA UTARA,KOJA,RAWA BADAK SELATAN,208,6,4,2,196,0,0,0,0,1,0,1,201,17,184,31,51,3,40,3,5,
3172031004,DKI JAKARTA,JAKARTA UTARA,KOJA,RAWA BADAK UTARA,146,5,3,1,137,0,0,0,0,2,0,2,172,14,158,36,39,4,26,2,7,
3174071005,DKI JAKARTA,JAKARTA SELATAN,KEBAYORAN BARU,RAWA BARAT,25,0,0,2,23,0,0,0,0,0,0,0,33,0,33,0,7,0,6,1,0,
3173011003,DKI JAKARTA,JAKARTA BARAT,CENGKARENG,RAWA BUAYA,61,2,0,2,57,0,0,0,0,3,0,3,175,11,164,2,42,2,27,1,12,
3175031004,DKI JAKARTA,JAKARTA TIMUR,JATINEGARA,RAWA BUNGA,17,1,0,1,15,0,0,0,0,0,0,0,33,3,30,2,12,1,11,0,0,
3174081003,DKI JAKARTA,JAKARTA SELATAN,PANCORAN,RAWA JATI,68,1,0,0,67,0,0,0,0,1,0,1,120,10,110,4,11,2,8,0,1,
3175061002,DKI JAKARTA,JAKARTA TIMUR,CAKUNG,RAWA TERATE,23,0,0,0,23,0,0,0,0,2,0,2,117,2,115,0,8,0,5,0,3,
3175021005,DKI JAKARTA,JAKARTA TIMUR,PULO GADUNG,RAWAMANGUN,82,5,0,0,77,0,0,0,0,2,0,2,287,27,260,17,39,1,28,1,9,
3171051003,DKI JAKARTA,JAKARTA PUSAT,CEMPAKA PUTIH,RAWASARI,236,8,3,2,223,0,0,0,0,3,0,3,512,31,481,19,62,7,22,4,29,
3173041010,DKI JAKARTA,JAKARTA BARAT,TAMBORA,ROA MALAKA,7,0,0,0,7,0,0,0,0,0,0,0,9,0,9,0,0,0,0,0,0,
3172041006,DKI JAKARTA,JAKARTA UTARA,CILINCING,ROROTAN,74,3,7,2,62,0,0,0,0,1,0,1,147,24,123,55,20,2,10,1,7,
3174071004,DKI JAKARTA,JAKARTA SELATAN,KEBAYORAN BARU,SELONG,11,0,2,0,9,0,0,0,0,2,0,2,56,0,56,0,8,2,6,0,0,
3173061002,DKI JAKARTA,JAKARTA BARAT,KALI DERES,SEMANAN,133,0,6,3,124,0,0,0,0,1,0,1,392,70,322,6,25,1,19,1,4,
3172041007,DKI JAKARTA,JAKARTA UTARA,CILINCING,SEMPER BARAT,204,7,9,1,187,0,0,0,0,10,0,10,368,53,315,67,95,12,59,2,22,
3172041005,DKI JAKARTA,JAKARTA UTARA,CILINCING,SEMPER TIMUR,113,6,10,1,96,0,0,0,0,2,1,1,167,14,153,28,38,5,27,2,4,
3174071006,DKI JAKARTA,JAKARTA SELATAN,KEBAYORAN BARU,SENAYAN,22,0,0,0,22,0,0,0,0,9,0,9,115,13,102,0,16,0,16,0,0,
3171041001,DKI JAKARTA,JAKARTA PUSAT,SENEN,SENEN,83,4,19,0,60,0,0,0,0,5,3,2,485,189,296,21,40,1,36,1,2,
3171031004,DKI JAKARTA,JAKARTA PUSAT,KEMAYORAN,SERDANG,147,2,12,2,131,0,0,0,0,2,0,2,181,18,163,18,45,0,32,2,11,
3174021001,DKI JAKARTA,JAKARTA SELATAN,SETIA BUDI,SETIA BUDI,28,1,0,0,27,0,0,0,0,3,0,3,83,1,82,6,4,0,4,0,0,
3175101005,DKI JAKARTA,JAKARTA TIMUR,CIPAYUNG,SETU,71,0,2,0,69,0,0,0,0,1,0,1,65,11,54,11,8,1,5,0,2,
3173071002,DKI JAKARTA,JAKARTA BARAT,PALMERAH,SLIPI,167,4,1,1,161,0,0,0,0,2,0,2,209,19,190,32,30,2,22,1,5,
3173081004,DKI JAKARTA,JAKARTA BARAT,KEMBANGAN,SRENGSENG,125,3,4,3,115,0,0,0,0,5,0,5,286,7,279,17,60,3,39,3,15,
3174091002,DKI JAKARTA,JAKARTA SELATAN,JAGAKARSA,SRENGSENG SAWAH,140,5,0,0,135,1,0,0,1,5,0,5,194,10,184,10,46,1,27,3,15,
3173051003,DKI JAKARTA,JAKARTA BARAT,KEBON JERUK,SUKABUMI SELATAN,100,8,8,4,80,0,0,0,0,1,0,1,210,16,194,23,51,3,38,1,9,
3173051002,DKI JAKARTA,JAKARTA BARAT,KEBON JERUK,SUKABUMI UTARA,91,4,0,2,85,0,0,0,0,18,0,18,227,15,212,38,46,1,32,4,9,
3172041002,DKI JAKARTA,JAKARTA UTARA,CILINCING,SUKAPURA,189,0,5,2,182,0,0,0,0,5,0,5,320,94,226,59,75,5,54,2,14,
3171031007,DKI JAKARTA,JAKARTA PUSAT,KEMAYORAN,SUMUR BATU,116,3,3,1,109,0,0,0,0,4,0,4,125,9,116,9,28,2,21,1,4,
3172021004,DKI JAKARTA,JAKARTA UTARA,TANJUNG PRIOK,SUNGAI BAMBU,76,0,2,0,74,0,0,0,0,6,2,4,208,51,157,28,22,0,11,3,8,
3172021006,DKI JAKARTA,JAKARTA UTARA,TANJUNG PRIOK,SUNTER AGUNG,343,5,7,1,330,0,0,0,0,17,0,17,873,24,849,53,190,4,166,11,9,
3172021002,DKI JAKARTA,JAKARTA UTARA,TANJUNG PRIOK,SUNTER JAYA,277,4,9,6,258,0,0,0,0,4,0,4,579,42,537,134,154,7,112,10,25,
3175091004,DKI JAKARTA,JAKARTA TIMUR,CIRACAS,SUSUKAN,55,3,1,1,50,0,0,0,0,7,1,6,555,3,552,67,30,2,21,1,6,
3173031001,DKI JAKARTA,JAKARTA BARAT,TAMAN SARI,TAMAN SARI,81,1,0,0,80,0,0,0,0,0,0,0,143,8,135,9,24,0,10,1,13,
3173041001,DKI JAKARTA,JAKARTA BARAT,TAMBORA,TAMBORA,66,4,6,3,53,0,0,0,0,0,0,0,178,9,169,1,8,1,4,0,3,
3173041004,DKI JAKARTA,JAKARTA BARAT,TAMBORA,TANAH SEREAL,110,3,3,2,102,0,0,0,0,4,0,4,99,10,89,2,47,2,30,5,10,
3171081004,DKI JAKARTA,JAKARTA PUSAT,JOHAR BARU,TANAH TINGGI,149,9,0,3,137,1,0,0,1,1,0,1,279,17,262,30,98,4,65,8,21,
3173031004,DKI JAKARTA,JAKARTA BARAT,TAMAN SARI,TANGKI,83,2,2,1,78,0,0,0,0,2,1,1,133,10,123,2,12,0,11,1,0,
3174091005,DKI JAKARTA,JAKARTA SELATAN,JAGAKARSA,TANJUNG BARAT,139,4,2,1,132,0,0,0,0,1,0,1,116,2,114,7,37,0,31,2,4,
3173021005,DKI JAKARTA,JAKARTA BARAT,GROGOL PETAMBURAN,TANJUNG DUREN SELATAN,106,3,9,1,93,0,0,0,0,18,1,17,214,15,199,16,71,8,39,5,19,
3173021002,DKI JAKARTA,JAKARTA BARAT,GROGOL PETAMBURAN,TANJUNG DUREN UTARA,89,5,1,0,83,0,0,0,0,20,1,19,194,18,176,15,29,3,18,1,7,
3172021001,DKI JAKARTA,JAKARTA UTARA,TANJUNG PRIOK,TANJUNG PRIOK,135,6,5,6,118,0,0,0,0,9,1,8,218,12,206,37,92,3,52,6,31,
3174011002,DKI JAKARTA,JAKARTA SELATAN,TEBET,TEBET BARAT,114,4,1,0,109,0,0,0,0,7,0,7,272,16,256,18,46,2,34,3,7,
3174011001,DKI JAKARTA,JAKARTA SELATAN,TEBET,TEBET TIMUR,67,5,0,1,61,0,0,0,0,5,0,5,232,12,220,26,26,3,15,3,5,
3173061003,DKI JAKARTA,JAKARTA BARAT,KALI DERES,TEGAL ALUR,236,6,13,5,212,0,0,0,0,1,0,1,375,26,349,7,33,4,22,1,6,
3174031004,DKI JAKARTA,JAKARTA SELATAN,MAMPANG PRAPATAN,TEGAL PARANG,102,5,1,2,94,0,0,0,0,2,0,2,308,10,298,1,24,1,20,1,2,
3173021003,DKI JAKARTA,JAKARTA BARAT,GROGOL PETAMBURAN,TOMANG,136,8,3,2,123,0,0,0,0,10,0,10,257,22,235,70,109,1,88,2,18,
3172031005,DKI JAKARTA,JAKARTA UTARA,KOJA,TUGU SELATAN,174,6,2,1,165,0,0,0,0,0,0,0,153,8,145,45,30,1,23,1,5,
3172031002,DKI JAKARTA,JAKARTA UTARA,KOJA,TUGU UTARA,343,15,5,0,323,0,0,0,0,3,0,3,266,14,252,49,59,3,41,4,11,
3175061006,DKI JAKARTA,JAKARTA TIMUR,CAKUNG,UJUNG MENTENG,37,1,1,2,33,0,0,0,0,0,0,0,135,14,121,11,10,0,6,2,2,
3174101005,DKI JAKARTA,JAKARTA SELATAN,PESANGGRAHAN,ULUJAMI,197,2,21,1,173,0,0,0,0,0,0,0,480,75,405,22,39,1,23,3,12,
3175011006,DKI JAKARTA,JAKARTA TIMUR,MATRAMAN,UTAN KAYU SELATAN,181,3,1,8,169,0,0,0,0,1,0,1,280,4,276,76,63,1,53,3,6,
3175011002,DKI JAKARTA,JAKARTA TIMUR,MATRAMAN,UTAN KAYU UTARA,109,1,0,0,108,1,0,0,1,0,0,0,177,6,171,34,28,1,15,2,10,
3171031008,DKI JAKARTA,JAKARTA PUSAT,KEMAYORAN,UTAN PANJANG,138,9,7,2,120,0,0,0,0,2,1,1,120,7,113,17,37,4,19,2,12,
3172021007,DKI JAKARTA,JAKARTA UTARA,TANJUNG PRIOK,WARAKAS,104,1,3,2,98,0,0,0,0,4,0,4,238,36,202,40,60,5,42,1,12,
3173021007,DKI JAKARTA,JAKARTA BARAT,GROGOL PETAMBURAN,WIJAYA KUSUMA,139,4,12,2,121,0,0,0,0,2,1,1,324,56,268,11,55,2,19,2,32,
