id_kel,nama_provinsi,nama_kota,nama_kecamatan,nama_kelurahan,suspek,perawatan_rs,isolasi_di_rumah,suspek_meninggal,selesai_isolasi,probable,perawatan_rs,probable_meninggal,selesai_isolasi,pelaku_perjalanan,isolasi_di_rumah,selesai_isolasi,kontak_erat,isolasi_di_rumah,selesai_isolasi,discarded,positif,dirawat,sembuh,meninggal,self_isolation,keterangan
3172051003,DKI JAKARTA,JAKARTA UTARA,PADEMANGAN,ANCOL,105,2,0,0,103,0,0,0,0,5,0,5,249,4,245,4,39,2,33,0,4,
3173041007,DKI JAKARTA,JAKARTA BARAT,TAMBORA,ANGKE,183,2,1,1,179,0,0,0,0,0,0,0,273,7,266,22,45,4,29,2,10,
3175041005,DKI JAKARTA,JAKARTA TIMUR,KRAMAT JATI,BALE KAMBANG,56,3,0,0,53,0,0,0,0,2,0,2,90,6,84,22,22,1,16,1,4,
3175031003,DKI JAKARTA,JAKARTA TIMUR,JATINEGARA,BALI MESTER,33,0,0,1,32,0,0,0,0,0,0,0,25,0,25,0,6,0,4,1,1,
3175101006,DKI JAKARTA,JAKARTA TIMUR,CIPAYUNG,BAMBU APUS,104,0,1,1,102,0,0,0,0,2,0,2,108,5,103,14,26,4,16,0,6,
3174031002,DKI JAKARTA,JAKARTA SELATAN,MAMPANG PRAPATAN,BANGKA,87,0,0,2,85,0,0,0,0,18,0,18,364,24,340,6,26,1,20,2,3,
3175051002,DKI JAKARTA,JAKARTA TIMUR,PASAR REBO,BARU,50,1,0,1,48,0,0,0,0,2,0,2,56,4,52,6,14,0,8,0,6,
3175041004,DKI JAKARTA,JAKARTA TIMUR,KRAMAT JATI,BATU AMPAR,119,5,1,0,113,1,0,1,0,1,0,1,194,20,174,24,35,1,26,3,5,
BELUM DIKETAHUI,BELUM DIKETAHUI,BELUM DIKETAHUI,BELUM DIKETAHUI,BELUM DIKETAHUI,11211,0,0,1628,9583,1,0,0,1,124,0,124,6714,47,6667,82,2426,381,506,37,1502,
3171071002,DKI JAKARTA,JAKARTA PUSAT,TANAH ABANG,BENDUNGAN HILIR,126,5,19,0,102,0,0,0,0,2,0,2,209,2,207,4,29,0,26,1,2,
3175031002,DKI JAKARTA,JAKARTA TIMUR,JATINEGARA,BIDARA CINA,44,1,0,3,40,0,0,0,0,0,0,0,87,9,78,21,65,2,45,7,11,
3174101002,DKI JAKARTA,JAKARTA SELATAN,PESANGGRAHAN,BINTARO,306,5,10,2,289,1,0,0,1,7,0,7,568,111,457,17,63,1,41,6,15,
3174011005,DKI JAKARTA,JAKARTA SELATAN,TEBET,BUKIT DURI,88,1,2,3,82,1,0,0,1,13,0,13,183,7,176,8,36,0,22,5,9,
3171041006,DKI JAKARTA,JAKARTA PUSAT,SENEN,BUNGUR,73,0,3,2,68,0,0,0,0,13,0,13,249,2,247,8,21,0,18,2,1,
3175061007,DKI JAKARTA,JAKARTA TIMUR,CAKUNG,CAKUNG BARAT,79,0,1,1,77,0,0,0,0,0,0,0,200,21,179,33,24,2,14,1,7,
3175061004,DKI JAKARTA,JAKARTA TIMUR,CAKUNG,CAKUNG TIMUR,70,5,3,2,60,0,0,0,0,3,0,3,202,14,188,24,21,1,16,0,4,
3175041007,DKI JAKARTA,JAKARTA TIMUR,KRAMAT JATI,CAWANG,60,2,3,0,55,0,0,0,0,2,1,1,103,23,80,11,33,1,26,1,5,
3175101008,DKI JAKARTA,JAKARTA TIMUR,CIPAYUNG,CEGER,64,1,0,0,63,0,0,0,0,0,0,0,59,8,51,8,8,1,3,0,4,
3171031006,DKI JAKARTA,JAKARTA PUSAT,KEMAYORAN,CEMPAKA BARU,162,3,2,1,156,0,0,0,0,3,0,3,151,10,141,24,70,5,38,7,20,
3171051002,DKI JAKARTA,JAKARTA PUSAT,CEMPAKA PUTIH,CEMPAKA PUTIH BARAT,375,8,4,1,362,0,0,0,0,7,0,7,872,117,755,35,133,3,54,7,69,
3171051001,DKI JAKARTA,JAKARTA PUSAT,CEMPAKA PUTIH,CEMPAKA PUTIH TIMUR,224,3,1,1,219,0,0,0,0,7,0,7,726,71,655,39,105,2,69,1,33,
3173011001,DKI JAKARTA,JAKARTA BARAT,CENGKARENG,CENGKARENG BARAT,84,3,2,1,78,0,0,0,0,4,0,4,461,32,429,6,43,4,34,2,3,
3173011006,DKI JAKARTA,JAKARTA BARAT,CENGKARENG,CENGKARENG TIMUR,117,1,0,6,110,1,0,0,1,3,0,3,482,20,462,7,70,6,49,6,9,
3175091002,DKI JAKARTA,JAKARTA TIMUR,CIRACAS,CIBUBUR,177,2,3,4,168,0,0,0,0,13,7,6,761,120,641,74,36,4,22,2,8,
3171011002,DKI JAKARTA,JAKARTA PUSAT,GAMBIR,CIDENG,109,6,0,1,102,0,0,0,0,7,0,7,185,12,173,11,37,0,18,3,16,
3174091003,DKI JAKARTA,JAKARTA SELATAN,JAGAKARSA,CIGANJUR,136,2,0,1,133,0,0,0,0,9,0,9,135,5,130,6,29,5,11,1,12,
3175051003,DKI JAKARTA,JAKARTA TIMUR,PASAR REBO,CIJANTUNG,160,1,0,3,156,0,0,0,0,0,0,0,140,14,126,3,30,1,21,2,6,
3171061003,DKI JAKARTA,JAKARTA PUSAT,MENTENG,CIKINI,40,0,1,0,39,0,0,0,0,0,0,0,95,38,57,8,14,1,8,1,4,
3174081006,DKI JAKARTA,JAKARTA SELATAN,PANCORAN,CIKOKO,25,0,0,0,25,0,0,0,0,3,0,3,60,5,55,0,12,0,9,1,2,
3174061001,DKI JAKARTA,JAKARTA SELATAN,CILANDAK,CILANDAK BARAT,226,0,0,4,222,0,0,0,0,88,0,88,429,14,415,37,60,3,36,3,18,
3174041003,DKI JAKARTA,JAKARTA SELATAN,PASAR MINGGU,CILANDAK TIMUR,75,2,0,1,72,0,0,0,0,17,0,17,89,8,81,6,18,1,10,2,5,
3175101002,DKI JAKARTA,JAKARTA TIMUR,CIPAYUNG,CILANGKAP,100,0,0,1,99,0,0,0,0,0,0,0,104,4,100,17,21,0,16,0,5,
3175041006,DKI JAKARTA,JAKARTA TIMUR,KRAMAT JATI,CILILITAN,78,4,7,1,66,0,0,0,0,1,0,1,169,32,137,38,26,2,16,2,6,
3172041001,DKI JAKARTA,JAKARTA UTARA,CILINCING,CILINCING,139,2,10,1,126,0,0,0,0,3,1,2,372,29,343,57,61,0,40,1,20,
3175101001,DKI JAKARTA,JAKARTA TIMUR,CIPAYUNG,CIPAYUNG,125,1,0,2,122,0,0,0,0,2,0,2,127,10,117,7,27,0,20,1,6,
3174091006,DKI JAKARTA,JAKARTA SELATAN,JAGAKARSA,CIPEDAK,131,1,0,0,130,1,0,0,1,0,0,0,104,7,97,5,23,5,16,0,2,
3174061005,DKI JAKARTA,JAKARTA SELATAN,CILANDAK,CIPETE SELATAN,87,3,0,1,83,0,0,0,0,41,0,41,140,6,134,3,14,0,5,4,5,
3174071010,DKI JAKARTA,JAKARTA SELATAN,KEBAYORAN BARU,CIPETE UTARA,99,1,0,3,95,0,0,0,0,9,0,9,149,6,143,5,23,2,16,2,3,
3175021003,DKI JAKARTA,JAKARTA TIMUR,PULO GADUNG,CIPINANG,56,2,1,2,51,0,0,0,0,3,0,3,236,24,212,22,37,3,20,3,11,
3175031007,DKI JAKARTA,JAKARTA TIMUR,JATINEGARA,CIPINANG BESAR SELATAN,56,0,1,1,54,0,0,0,0,1,0,1,103,9,94,4,21,0,16,1,4,
3175031008,DKI JAKARTA,JAKARTA TIMUR,JATINEGARA,CIPINANG BESAR UTARA,43,0,0,0,43,0,0,0,0,3,0,3,220,10,210,12,47,0,39,2,6,
3175031005,DKI JAKARTA,JAKARTA TIMUR,JATINEGARA,CIPINANG CEMPEDAK,67,5,0,2,60,0,0,0,0,1,0,1,67,4,63,6,11,0,9,1,1,
3175081005,DKI JAKARTA,JAKARTA TIMUR,MAKASAR,CIPINANG MELAYU,66,2,1,2,61,0,0,0,0,2,0,2,166,22,144,11,33,1,23,4,5,
3175031006,DKI JAKARTA,JAKARTA TIMUR,JATINEGARA,CIPINANG MUARA,83,3,0,1,79,0,0,0,0,3,0,3,184,8,176,25,46,0,38,1,7,
3174051003,DKI JAKARTA,JAKARTA SELATAN,KEBAYORAN LAMA,CIPULIR,80,4,1,4,71,0,0,0,0,6,1,5,279,12,267,4,48,1,36,3,8,
3175091001,DKI JAKARTA,JAKARTA TIMUR,CIRACAS,CIRACAS,166,4,3,9,150,0,0,0,0,9,0,9,441,27,414,40,46,0,34,5,7,
3175041003,DKI JAKARTA,JAKARTA TIMUR,KRAMAT JATI,DUKUH,78,7,0,1,70,0,0,0,0,1,0,1,106,25,81,15,20,0,12,0,8,
3175071001,DKI JAKARTA,JAKARTA TIMUR,DUREN SAWIT,DUREN SAWIT,299,7,2,2,288,2,0,0,2,1,0,1,195,20,175,13,84,2,52,8,22,
3174081004,DKI JAKARTA,JAKARTA SELATAN,PANCORAN,DUREN TIGA,82,1,0,0,81,0,0,0,0,0,0,0,178,3,175,2,17,0,10,0,7,
3173051005,DKI JAKARTA,JAKARTA BARAT,KEBON JERUK,DURI KEPA,147,5,1,2,139,0,0,0,0,7,0,7,514,26,488,73,95,6,59,6,24,
3173011002,DKI JAKARTA,JAKARTA BARAT,CENGKARENG,DURI KOSAMBI,126,3,1,3,119,0,0,0,0,3,0,3,293,12,281,8,46,5,22,1,18,
3171011006,DKI JAKARTA,JAKARTA PUSAT,GAMBIR,DURI PULO,41,0,0,3,38,0,0,0,0,0,0,0,104,6,98,5,25,0,15,2,8,
3173041011,DKI JAKARTA,JAKARTA BARAT,TAMBORA,DURI SELATAN,32,2,0,1,29,0,0,0,0,1,0,1,45,1,44,3,17,3,8,0,6,
3173041003,DKI JAKARTA,JAKARTA BARAT,TAMBORA,DURI UTARA,73,1,4,2,66,0,0,0,0,1,0,1,69,8,61,1,20,0,14,3,3,
3171081003,DKI JAKARTA,JAKARTA PUSAT,JOHAR BARU,GALUR,42,3,0,0,39,0,0,0,0,2,0,2,144,15,129,45,38,1,6,4,27,
3171011001,DKI JAKARTA,JAKARTA PUSAT,GAMBIR,GAMBIR,28,1,0,0,27,0,0,0,0,17,0,17,97,0,97,6,11,1,8,0,2,
3174061004,DKI JAKARTA,JAKARTA SELATAN,CILANDAK,GANDARIA SELATAN,56,0,1,0,55,1,0,0,1,20,0,20,93,5,88,0,16,0,6,1,9,
3174071009,DKI JAKARTA,JAKARTA SELATAN,KEBAYORAN BARU,GANDARIA UTARA,93,3,0,1,89,0,0,0,0,1,0,1,227,5,222,0,26,0,17,1,8,
3175051001,DKI JAKARTA,JAKARTA TIMUR,PASAR REBO,GEDONG,226,7,0,0,219,0,0,0,0,0,0,0,95,8,87,17,57,3,39,0,15,
3171071001,DKI JAKARTA,JAKARTA PUSAT,TANAH ABANG,GELORA,30,0,1,1,28,0,0,0,0,5,0,5,50,0,50,0,23,0,11,1,11,
3173031007,DKI JAKARTA,JAKARTA BARAT,TAMAN SARI,GLODOK,31,0,1,0,30,0,0,0,0,0,0,0,47,16,31,0,4,0,2,1,1,
3171061004,DKI JAKARTA,JAKARTA PUSAT,MENTENG,GONDANGDIA,17,0,0,1,16,0,0,0,0,4,0,4,39,3,36,7,20,1,16,2,1,
3173021001,DKI JAKARTA,JAKARTA BARAT,GROGOL PETAMBURAN,GROGOL,101,0,0,3,98,0,0,0,0,39,0,39,363,9,354,37,48,1,32,0,15,
3174051005,DKI JAKARTA,JAKARTA SELATAN,KEBAYORAN LAMA,GROGOL SELATAN,86,3,0,3,80,1,0,1,0,11,2,9,290,47,243,3,44,3,29,4,8,
3174051004,DKI JAKARTA,JAKARTA SELATAN,KEBAYORAN LAMA,GROGOL UTARA,137,2,2,5,128,0,0,0,0,23,1,22,318,10,308,13,87,0,47,2,38,
3174021007,DKI JAKARTA,JAKARTA SELATAN,SETIA BUDI,GUNTUR,15,0,0,0,15,0,0,0,0,0,0,0,43,0,43,1,6,1,5,0,0,
3174071002,DKI JAKARTA,JAKARTA SELATAN,KEBAYORAN BARU,GUNUNG,39,0,0,3,36,0,0,0,0,7,0,7,119,1,118,0,12,0,9,1,2,
3171031005,DKI JAKARTA,JAKARTA PUSAT,KEMAYORAN,GUNUNG SAHARI SELATAN,111,2,0,1,108,0,0,0,0,2,0,2,150,2,148,1,18,0,13,2,3,
3171021004,DKI JAKARTA,JAKARTA PUSAT,SAWAH BESAR,GUNUNG SAHARI UTARA,89,3,0,1,85,0,0,0,0,1,0,1,132,16,116,4,28,0,14,4,10,
3175081004,DKI JAKARTA,JAKARTA TIMUR,MAKASAR,HALIM PERDANA KUSUMAH,46,1,1,2,42,0,0,0,0,2,0,2,85,20,65,8,39,1,29,3,6,
3171031003,DKI JAKARTA,JAKARTA PUSAT,KEMAYORAN,HARAPAN MULIA,112,2,1,2,107,0,0,0,0,3,0,3,145,10,135,25,58,2,31,3,22,
3174091001,DKI JAKARTA,JAKARTA SELATAN,JAGAKARSA,JAGAKARSA,261,6,2,1,252,1,0,0,1,5,0,5,246,18,228,8,54,4,32,2,16,
3175021007,DKI JAKARTA,JAKARTA TIMUR,PULO GADUNG,JATI,72,1,1,1,69,0,0,0,0,4,0,4,219,29,190,18,44,0,32,0,12,
3174041002,DKI JAKARTA,JAKARTA SELATAN,PASAR MINGGU,JATI PADANG,121,2,2,2,115,0,0,0,0,2,0,2,147,27,120,12,28,1,18,3,6,
3173071004,DKI JAKARTA,JAKARTA BARAT,PALMERAH,JATI PULO,163,1,0,4,158,0,0,0,0,2,0,2,309,91,218,59,78,1,56,2,19,
3175061001,DKI JAKARTA,JAKARTA TIMUR,CAKUNG,JATINEGARA,121,4,1,3,113,0,0,0,0,2,0,2,286,21,265,30,48,3,31,3,11,
3175021004,DKI JAKARTA,JAKARTA TIMUR,PULO GADUNG,JATINEGARA KAUM,15,0,0,0,15,0,0,0,0,3,0,3,82,5,77,3,6,1,3,0,2,
3173021004,DKI JAKARTA,JAKARTA BARAT,GROGOL PETAMBURAN,JELAMBAR,92,3,1,5,83,0,0,0,0,22,4,18,345,48,297,6,40,2,30,4,4,
3173021006,DKI JAKARTA,JAKARTA BARAT,GROGOL PETAMBURAN,JELAMBAR BARU,141,0,0,2,139,0,0,0,0,4,0,4,262,24,238,14,27,0,16,2,9,
3173041006,DKI JAKARTA,JAKARTA BARAT,TAMBORA,JEMBATAN BESI,230,5,25,1,199,0,0,0,0,0,0,0,194,37,157,7,94,4,68,4,18,
3173041008,DKI JAKARTA,JAKARTA BARAT,TAMBORA,JEMBATAN LIMA,60,1,0,0,59,0,0,0,0,0,0,0,85,8,77,1,10,0,7,0,3,
3173081005,DKI JAKARTA,JAKARTA BARAT,KEMBANGAN,JOGLO,87,1,0,3,83,0,0,0,0,3,0,3,128,18,110,12,36,2,32,1,1,
3171081001,DKI JAKARTA,JAKARTA PUSAT,JOHAR BARU,JOHAR BARU,190,2,0,3,185,0,0,0,0,3,0,3,602,21,581,94,102,5,44,5,48,
3173041002,DKI JAKARTA,JAKARTA BARAT,TAMBORA,KALI ANYAR,109,10,2,0,97,0,0,0,0,3,1,2,163,14,149,8,30,2,11,2,15,
3172041004,DKI JAKARTA,JAKARTA UTARA,CILINCING,KALI BARU,91,6,3,5,77,0,0,0,0,1,0,1,143,20,123,28,41,7,28,4,2,
3174081002,DKI JAKARTA,JAKARTA SELATAN,PANCORAN,KALIBATA,140,3,0,3,134,0,0,0,0,5,0,5,206,10,196,9,48,1,30,1,16,
3173061001,DKI JAKARTA,JAKARTA BARAT,KALI DERES,KALIDERES,343,4,10,4,325,0,0,0,0,6,1,5,1033,283,750,26,62,6,46,4,6,
3175051004,DKI JAKARTA,JAKARTA TIMUR,PASAR REBO,KALISARI,152,2,0,0,150,0,0,0,0,1,0,1,103,6,97,6,37,0,26,2,9,
3173061004,DKI JAKARTA,JAKARTA BARAT,KALI DERES,KAMAL,127,0,1,3,123,0,0,0,0,0,0,0,266,29,237,1,7,1,3,2,1,
3172011002,DKI JAKARTA,JAKARTA UTARA,PENJARINGAN,KAMAL MUARA,14,0,0,0,14,0,0,0,0,4,0,4,24,1,23,0,16,1,14,1,0,
3171071007,DKI JAKARTA,JAKARTA PUSAT,TANAH ABANG,KAMPUNG BALI,56,0,0,2,54,0,0,0,0,1,0,1,98,0,98,0,18,0,15,1,2,
3175031001,DKI JAKARTA,JAKARTA TIMUR,JATINEGARA,KAMPUNG MELAYU,34,0,0,4,30,0,0,0,0,3,0,3,58,3,55,3,56,2,35,1,18,
3171081002,DKI JAKARTA,JAKARTA PUSAT,JOHAR BARU,KAMPUNG RAWA,93,1,0,0,92,1,0,0,1,0,0,0,249,6,243,64,80,3,45,7,25,
3175041002,DKI JAKARTA,JAKARTA TIMUR,KRAMAT JATI,KAMPUNG TENGAH,185,5,0,1,179,0,0,0,0,7,0,7,433,44,389,48,100,4,72,8,16,
3173011005,DKI JAKARTA,JAKARTA BARAT,CENGKARENG,KAPUK,135,1,5,16,113,0,0,0,0,3,1,2,316,18,298,8,43,3,29,6,5,
3172011003,DKI JAKARTA,JAKARTA UTARA,PENJARINGAN,KAPUK MUARA,49,0,0,0,49,0,0,0,0,7,0,7,86,5,81,16,22,3,15,3,1,
3171021002,DKI JAKARTA,JAKARTA PUSAT,SAWAH BESAR,KARANG ANYAR,209,12,3,4,190,1,0,1,0,3,1,2,387,16,371,10,50,4,27,5,14,
3174021004,DKI JAKARTA,JAKARTA SELATAN,SETIA BUDI,KARET,50,2,0,0,48,0,0,0,0,8,0,8,132,4,128,4,20,0,18,0,2,
3174021003,DKI JAKARTA,JAKARTA SELATAN,SETIA BUDI,KARET KUNINGAN,69,4,0,1,64,0,0,0,0,16,0,16,131,8,123,4,22,0,14,2,6,
3174021002,DKI JAKARTA,JAKARTA SELATAN,SETIA BUDI,KARET SEMANGGI,39,0,0,1,38,0,0,0,0,3,0,3,34,1,33,0,7,0,3,2,2,
3171071003,DKI JAKARTA,JAKARTA PUSAT,TANAH ABANG,KARET TENGSIN,67,3,2,0,62,0,0,0,0,7,0,7,124,6,118,0,14,0,12,1,1,
3171021003,DKI JAKARTA,JAKARTA PUSAT,SAWAH BESAR,KARTINI,154,6,1,1,146,0,0,0,0,0,0,0,248,56,192,14,51,2,38,1,10,
3175011003,DKI JAKARTA,JAKARTA TIMUR,MATRAMAN,KAYU MANIS,102,0,2,0,100,1,0,0,1,0,0,0,269,9,260,17,46,2,30,2,12,
3175021006,DKI JAKARTA,JAKARTA TIMUR,PULO GADUNG,KAYU PUTIH,153,4,0,4,145,0,0,0,0,10,0,10,336,39,297,21,69,1,48,5,15,
3173031006,DKI JAKARTA,JAKARTA BARAT,TAMAN SARI,KEAGUNGAN,47,2,3,0,42,0,0,0,0,0,0,0,105,10,95,6,7,1,4,0,2,
3174041007,DKI JAKARTA,JAKARTA SELATAN,PASAR MINGGU,KEBAGUSAN,113,5,0,1,107,0,0,0,0,0,0,0,134,16,118,10,30,2,24,0,4,
3174051006,DKI JAKARTA,JAKARTA SELATAN,KEBAYORAN LAMA,KEBAYORAN LAMA SELATAN,136,9,1,0,126,1,0,0,1,1,0,1,387,21,366,9,33,4,14,3,12,
3174051001,DKI JAKARTA,JAKARTA SELATAN,KEBAYORAN LAMA,KEBAYORAN LAMA UTARA,106,5,0,1,100,0,0,0,0,15,0,15,214,9,205,2,35,2,24,2,7,
3174011004,DKI JAKARTA,JAKARTA SELATAN,TEBET,KEBON BARU,79,0,0,2,77,0,0,0,0,15,0,15,253,7,246,11,36,1,32,0,3,
3172021005,DKI JAKARTA,JAKARTA UTARA,TANJUNG PRIOK,KEBON BAWANG,143,1,5,1,136,0,0,0,0,3,0,3,296,27,269,49,66,2,46,1,17,
3173051001,DKI JAKARTA,JAKARTA BARAT,KEBON JERUK,KEBON JERUK,200,2,3,4,191,0,0,0,0,9,2,7,672,32,640,47,92,3,55,8,26,
3171071006,DKI JAKARTA,JAKARTA PUSAT,TANAH ABANG,KEBON KACANG,221,0,9,1,211,0,0,0,0,0,0,0,265,9,256,3,107,2,88,8,9,
3171011005,DKI JAKARTA,JAKARTA PUSAT,GAMBIR,KEBON KELAPA,57,4,0,1,52,0,0,0,0,1,0,1,68,4,64,0,9,0,8,1,0,
3171031002,DKI JAKARTA,JAKARTA PUSAT,KEMAYORAN,KEBON KOSONG,129,1,0,5,123,0,0,0,0,7,0,7,127,6,121,24,55,1,38,5,11,
3175011005,DKI JAKARTA,JAKARTA TIMUR,MATRAMAN,KEBON MANGGIS,58,3,0,3,52,0,0,0,0,1,0,1,54,4,50,17,36,3,11,2,20,
3171071005,DKI JAKARTA,JAKARTA PUSAT,TANAH ABANG,KEBON MELATI,212,3,3,2,204,0,0,0,0,5,0,5,274,5,269,2,82,2,72,6,2,
3175081003,DKI JAKARTA,JAKARTA TIMUR,MAKASAR,KEBON PALA,57,2,0,1,54,0,0,0,0,2,0,2,242,13,229,11,37,3,22,0,12,
3171061005,DKI JAKARTA,JAKARTA PUSAT,MENTENG,KEBON SIRIH,63,0,1,2,60,0,0,0,0,2,0,2,164,35,129,11,36,1,30,2,3,
3173011004,DKI JAKARTA,JAKARTA BARAT,CENGKARENG,KEDAUNG KALI ANGKE,46,1,0,0,45,0,0,0,0,1,0,1,109,11,98,3,20,2,15,0,3,
3173051007,DKI JAKARTA,JAKARTA BARAT,KEBON JERUK,KEDOYA SELATAN,94,1,0,5,88,1,0,0,1,4,0,4,215,8,207,12,31,3,25,1,2,
3173051006,DKI JAKARTA,JAKARTA BARAT,KEBON JERUK,KEDOYA UTARA,82,0,0,2,80,0,0,0,0,15,0,15,305,9,296,19,34,1,25,0,8,
3173051004,DKI JAKARTA,JAKARTA BARAT,KEBON JERUK,KELAPA DUA,55,1,0,0,54,0,0,0,0,1,1,0,132,19,113,17,35,2,23,1,9,
3175091003,DKI JAKARTA,JAKARTA TIMUR,CIRACAS,KELAPA DUA WETAN,113,4,1,1,107,0,0,0,0,0,0,0,418,48,370,31,38,6,24,1,7,
3172061003,DKI JAKARTA,JAKARTA UTARA,KELAPA GADING,KELAPA GADING BARAT,299,1,10,2,286,0,0,0,0,35,0,35,514,23,491,29,73,5,48,5,15,
3172061001,DKI JAKARTA,JAKARTA UTARA,KELAPA GADING,KELAPA GADING TIMUR,290,4,0,2,284,0,0,0,0,10,0,10,554,27,527,22,54,2,39,8,5,
3173071005,DKI JAKARTA,JAKARTA BARAT,PALMERAH,KEMANGGISAN,128,3,0,5,120,0,0,0,0,2,0,2,284,36,248,45,45,2,29,3,11,
3171031001,DKI JAKARTA,JAKARTA PUSAT,KEMAYORAN,KEMAYORAN,148,6,0,3,139,0,0,0,0,0,0,0,216,14,202,17,74,0,40,1,33,
3173081006,DKI JAKARTA,JAKARTA BARAT,KEMBANGAN,KEMBANGAN SELATAN,59,1,2,1,55,0,0,0,0,5,0,5,103,9,94,50,35,4,23,1,7,
3173081001,DKI JAKARTA,JAKARTA BARAT,KEMBANGAN,KEMBANGAN UTARA,97,2,4,3,88,0,0,0,0,2,0,2,216,10,206,10,47,2,32,1,12,
3171041002,DKI JAKARTA,JAKARTA PUSAT,SENEN,KENARI,90,0,1,1,88,0,0,0,0,0,0,0,242,4,238,43,135,1,125,2,7,
3173041005,DKI JAKARTA,JAKARTA BARAT,TAMBORA,KERENDANG,91,0,0,2,89,0,0,0,0,0,0,0,97,2,95,1,44,1,29,5,9,
3175071003,DKI JAKARTA,JAKARTA TIMUR,DUREN SAWIT,KLENDER,247,2,0,2,243,0,0,0,0,2,0,2,209,4,205,10,61,0,48,8,5,
3172031001,DKI JAKARTA,JAKARTA UTARA,KOJA,KOJA,128,2,4,0,122,0,0,0,0,4,0,4,149,2,147,22,22,0,15,0,7,
3173071006,DKI JAKARTA,JAKARTA BARAT,PALMERAH,KOTA BAMBU SELATAN,184,3,0,4,177,0,0,0,0,0,0,0,481,95,386,77,91,9,41,3,38,
3173071003,DKI JAKARTA,JAKARTA BARAT,PALMERAH,KOTA BAMBU UTARA,161,3,3,9,146,0,0,0,0,0,0,0,276,47,229,50,77,1,55,4,17,
3171041004,DKI JAKARTA,JAKARTA PUSAT,SENEN,KRAMAT,159,0,1,4,154,0,0,0,0,3,0,3,495,67,428,31,129,3,67,7,52,
3175041001,DKI JAKARTA,JAKARTA TIMUR,KRAMAT JATI,KRAMAT JATI,99,3,2,1,93,0,0,0,0,4,0,4,194,34,160,18,24,1,14,2,7,
3174071003,DKI JAKARTA,JAKARTA SELATAN,KEBAYORAN BARU,KRAMAT PELA,28,1,0,0,27,0,0,0,0,0,0,0,106,3,103,3,13,1,9,0,3,
3173031002,DKI JAKARTA,JAKARTA BARAT,TAMAN SARI,KRUKUT,65,2,1,6,56,0,0,0,0,3,0,3,150,14,136,9,32,2,18,2,10,
3174031005,DKI JAKARTA,JAKARTA SELATAN,MAMPANG PRAPATAN,KUNINGAN BARAT,36,0,0,1,35,0,0,0,0,0,0,0,245,48,197,4,9,0,6,0,3,
3174021008,DKI JAKARTA,JAKARTA SELATAN,SETIA BUDI,KUNINGAN TIMUR,37,1,0,1,35,0,0,0,0,17,0,17,43,2,41,1,8,0,5,2,1,
3171041005,DKI JAKARTA,JAKARTA PUSAT,SENEN,KWITANG,123,1,10,0,112,1,0,0,1,2,0,2,250,12,238,8,35,2,23,3,7,
3172031003,DKI JAKARTA,JAKARTA UTARA,KOJA,LAGOA,228,8,2,1,217,0,0,0,0,3,0,3,166,6,160,28,124,4,68,5,47,
3174061002,DKI JAKARTA,JAKARTA SELATAN,CILANDAK,LEBAK BULUS,119,2,0,2,115,0,0,0,0,27,0,27,242,8,234,19,36,2,26,6,2,
3174091004,DKI JAKARTA,JAKARTA SELATAN,JAGAKARSA,LENTENG AGUNG,201,1,1,0,199,0,0,0,0,3,0,3,128,9,119,7,33,1,23,0,9,
LUAR DKI JAKARTA,LUAR DKI JAKARTA,LUAR DKI JAKARTA,LUAR DKI JAKARTA,LUAR DKI JAKARTA,10143,175,90,93,9785,11,0,1,10,261,7,254,11218,812,10406,645,2700,69,2201,82,348,
3175101007,DKI JAKARTA,JAKARTA TIMUR,CIPAYUNG,LUBANG BUAYA,162,2,0,3,157,0,0,0,0,3,0,3,233,22,211,23,30,1,15,0,14,
3175081001,DKI JAKARTA,JAKARTA TIMUR,MAKASAR,MAKASAR,63,0,0,1,62,0,0,0,0,4,0,4,214,42,172,16,10,0,10,0,0,
3175071006,DKI JAKARTA,JAKARTA TIMUR,DUREN SAWIT,MALAKA JAYA,138,5,2,2,129,0,0,0,0,2,0,2,143,6,137,7,32,0,28,0,4,
3175071005,DKI JAKARTA,JAKARTA TIMUR,DUREN SAWIT,MALAKA SARI,107,4,0,1,102,0,0,0,0,0,0,0,72,6,66,6,36,1,29,2,4,
3174031001,DKI JAKARTA,JAKARTA SELATAN,MAMPANG PRAPATAN,MAMPANG PRAPATAN,67,1,0,2,64,0,0,0,0,0,0,0,301,25,276,8,29,4,12,3,10,
3173031005,DKI JAKARTA,JAKARTA BARAT,TAMAN SARI,MANGGA BESAR,29,0,0,1,28,0,0,0,0,0,0,0,63,7,56,3,4,1,3,0,0,
3171021005,DKI JAKARTA,JAKARTA PUSAT,SAWAH BESAR,MANGGA DUA SELATAN,84,4,2,1,77,0,0,0,0,1,0,1,161,22,139,8,27,2,20,0,5,
3174011007,DKI JAKARTA,JAKARTA SELATAN,TEBET,MANGGARAI,70,2,0,0,68,0,0,0,0,4,0,4,187,8,179,18,21,1,16,0,4,
3174011006,DKI JAKARTA,JAKARTA SELATAN,TEBET,MANGGARAI SELATAN,45,1,1,2,41,0,0,0,0,6,0,6,204,8,196,16,23,1,15,2,5,
3173031003,DKI JAKARTA,JAKARTA BARAT,TAMAN SARI,MAPHAR,81,1,0,1,79,0,0,0,0,5,0,5,133,7,126,35,79,1,67,0,11,
3172041003,DKI JAKARTA,JAKARTA UTARA,CILINCING,MARUNDA,70,4,8,0,58,0,0,0,0,0,0,0,83,7,76,8,14,1,9,1,3,
3174071001,DKI JAKARTA,JAKARTA SELATAN,KEBAYORAN BARU,MELAWAI,8,1,0,0,7,0,0,0,0,1,0,1,13,0,13,0,5,0,5,0,0,
3171061001,DKI JAKARTA,JAKARTA PUSAT,MENTENG,MENTENG,89,0,1,2,86,1,0,0,1,1,0,1,267,24,243,13,39,2,33,4,0,
3174021005,DKI JAKARTA,JAKARTA SELATAN,SETIA BUDI,MENTENG ATAS,110,0,2,3,105,0,0,0,0,31,0,31,429,24,405,31,40,0,27,2,11,
3174011003,DKI JAKARTA,JAKARTA SELATAN,TEBET,MENTENG DALAM,110,4,1,4,101,0,0,0,0,11,0,11,259,14,245,37,45,1,31,4,9,
3173081003,DKI JAKARTA,JAKARTA BARAT,KEMBANGAN,MERUYA SELATAN,71,0,0,1,70,0,0,0,0,2,0,2,95,3,92,15,28,1,24,2,1,
3173081002,DKI JAKARTA,JAKARTA BARAT,KEMBANGAN,MERUYA UTARA,85,1,1,6,77,0,0,0,0,3,0,3,129,16,113,8,33,1,29,0,3,
3175101004,DKI JAKARTA,JAKARTA TIMUR,CIPAYUNG,MUNJUL,63,0,0,0,63,0,0,0,0,2,0,2,47,2,45,21,17,0,11,0,6,
3172051002,DKI JAKARTA,JAKARTA UTARA,PADEMANGAN,PADEMANGAN BARAT,579,6,4,4,565,0,0,0,0,4,0,4,1290,48,1242,19,210,4,163,14,29,
3172051001,DKI JAKARTA,JAKARTA UTARA,PADEMANGAN,PADEMANGAN TIMUR,170,1,0,2,167,0,0,0,0,11,0,11,366,13,353,8,39,1,31,2,5,
3175011004,DKI JAKARTA,JAKARTA TIMUR,MATRAMAN,PAL MERIAM,101,0,0,2,99,1,0,0,1,1,0,1,317,15,302,55,73,1,42,4,26,
3173071001,DKI JAKARTA,JAKARTA BARAT,PALMERAH,PALMERAH,383,12,4,2,365,0,0,0,0,1,0,1,694,64,630,62,112,4,76,8,24,
3174081001,DKI JAKARTA,JAKARTA SELATAN,PANCORAN,PANCORAN,69,4,0,0,65,0,0,0,0,3,0,3,238,5,233,5,26,2,16,3,5,
3172021003,DKI JAKARTA,JAKARTA UTARA,TANJUNG PRIOK,PAPANGGO,110,3,6,0,101,0,0,0,0,4,0,4,227,107,120,42,19,2,12,1,4,
3171021001,DKI JAKARTA,JAKARTA PUSAT,SAWAH BESAR,PASAR BARU,76,5,2,2,67,0,0,0,0,4,0,4,150,16,134,3,21,2,18,0,1,
3174021006,DKI JAKARTA,JAKARTA SELATAN,SETIA BUDI,PASAR MANGGIS,75,1,0,2,72,0,0,0,0,14,0,14,328,14,314,15,33,1,25,2,5,
3174041001,DKI JAKARTA,JAKARTA SELATAN,PASAR MINGGU,PASAR MINGGU,104,1,0,1,102,0,0,0,0,2,0,2,215,12,203,3,37,1,22,2,12,
3171041003,DKI JAKARTA,JAKARTA PUSAT,SENEN,PASEBAN,177,1,1,1,174,0,0,0,0,3,0,3,303,15,288,58,93,4,77,5,7,
3173061005,DKI JAKARTA,JAKARTA BARAT,KALI DERES,PEGADUNGAN,264,1,15,7,241,0,0,0,0,6,0,6,636,129,507,13,60,8,46,3,3,
3171061002,DKI JAKARTA,JAKARTA PUSAT,MENTENG,PEGANGSAAN,97,1,2,2,92,0,0,0,0,0,0,0,423,62,361,42,124,2,91,2,29,
3172061002,DKI JAKARTA,JAKARTA UTARA,KELAPA GADING,PEGANGSAAN DUA,337,1,4,1,331,0,0,0,0,27,2,25,789,38,751,72,79,8,33,4,34,
3172011004,DKI JAKARTA,JAKARTA UTARA,PENJARINGAN,PEJAGALAN,90,4,2,2,82,0,0,0,0,5,0,5,256,33,223,22,39,2,30,3,4,
3174041006,DKI JAKARTA,JAKARTA SELATAN,PASAR MINGGU,PEJATEN BARAT,111,3,0,2,106,2,0,0,2,1,0,1,186,6,180,11,36,7,24,2,3,
3174041005,DKI JAKARTA,JAKARTA SELATAN,PASAR MINGGU,PEJATEN TIMUR,145,4,1,1,139,1,0,0,1,1,0,1,225,21,204,18,55,3,40,5,7,
3175051005,DKI JAKARTA,JAKARTA TIMUR,PASAR REBO,PEKAYON,208,1,0,1,206,0,0,0,0,0,0,0,73,10,63,7,13,0,8,2,3,
3173041009,DKI JAKARTA,JAKARTA BARAT,TAMBORA,PEKOJAN,120,1,1,2,116,0,0,0,0,2,0,2,125,5,120,16,25,0,23,0,2,
3174031003,DKI JAKARTA,JAKARTA SELATAN,MAMPANG PRAPATAN,PELA MAMPANG,134,1,0,2,131,0,0,0,0,12,0,12,461,59,402,4,23,1,9,4,9,
3174081005,DKI JAKARTA,JAKARTA SELATAN,PANCORAN,PENGADEGAN,44,2,0,1,41,0,0,0,0,2,0,2,100,4,96,6,18,1,14,0,3,
3175061003,DKI JAKARTA,JAKARTA TIMUR,CAKUNG,PENGGILINGAN,149,4,2,1,142,0,0,0,0,3,0,3,270,29,241,56,70,3,51,3,13,
3172011001,DKI JAKARTA,JAKARTA UTARA,PENJARINGAN,PENJARINGAN,297,7,1,4,285,1,0,0,1,19,0,19,1723,111,1612,115,195,5,135,6,49,
3174101001,DKI JAKARTA,JAKARTA SELATAN,PESANGGRAHAN,PESANGGRAHAN,153,10,12,4,127,0,0,0,0,0,0,0,187,9,178,16,18,0,11,3,4,
3171071004,DKI JAKARTA,JAKARTA PUSAT,TANAH ABANG,PETAMBURAN,300,6,8,5,281,0,0,0,0,7,0,7,216,11,205,3,146,0,129,9,8,
3174071008,DKI JAKARTA,JAKARTA SELATAN,KEBAYORAN BARU,PETOGOGAN,36,3,0,0,33,0,0,0,0,2,0,2,92,5,87,0,7,0,6,0,1,
3171011004,DKI JAKARTA,JAKARTA PUSAT,GAMBIR,PETOJO SELATAN,64,2,0,1,61,0,0,0,0,13,2,11,244,21,223,13,29,1,25,2,1,
3171011003,DKI JAKARTA,JAKARTA PUSAT,GAMBIR,PETOJO UTARA,65,1,2,3,59,0,0,0,0,10,2,8,172,4,168,25,37,2,25,2,8,
3174101004,DKI JAKARTA,JAKARTA SELATAN,PESANGGRAHAN,PETUKANGAN SELATAN,123,0,0,2,121,0,0,0,0,0,0,0,315,14,301,6,9,0,7,0,2,
3174101003,DKI JAKARTA,JAKARTA SELATAN,PESANGGRAHAN,PETUKANGAN UTARA,176,3,1,3,169,1,0,0,1,3,0,3,415,17,398,5,36,2,26,2,6,
3175081002,DKI JAKARTA,JAKARTA TIMUR,MAKASAR,PINANG RANTI,53,0,0,1,52,0,0,0,0,0,0,0,163,17,146,21,18,0,16,2,0,
3173031008,DKI JAKARTA,JAKARTA BARAT,TAMAN SARI,PINANGSIA,28,2,1,1,24,0,0,0,0,2,0,2,85,7,78,0,5,2,2,0,1,
3175011001,DKI JAKARTA,JAKARTA TIMUR,MATRAMAN,PISANGAN BARU,85,1,0,3,81,0,0,0,0,1,0,1,103,0,103,26,33,0,25,4,4,
3175021002,DKI JAKARTA,JAKARTA TIMUR,PULO GADUNG,PISANGAN TIMUR,116,1,0,4,111,0,0,0,0,10,0,10,252,12,240,20,34,2,14,2,16,
3172011005,DKI JAKARTA,JAKARTA UTARA,PENJARINGAN,PLUIT,103,0,1,4,98,0,0,0,0,10,0,10,243,31,212,8,56,3,43,6,4,
3175071002,DKI JAKARTA,JAKARTA TIMUR,DUREN SAWIT,PONDOK BAMBU,412,3,2,0,407,0,0,0,0,3,0,3,164,11,153,6,101,1,78,4,18,
3175071004,DKI JAKARTA,JAKARTA TIMUR,DUREN SAWIT,PONDOK KELAPA,194,3,2,0,189,0,0,0,0,5,0,5,258,11,247,8,78,2,66,4,6,
3175071007,DKI JAKARTA,JAKARTA TIMUR,DUREN SAWIT,PONDOK KOPI,122,2,0,1,119,0,0,0,0,1,0,1,81,6,75,4,31,0,24,4,3,
3174061003,DKI JAKARTA,JAKARTA SELATAN,CILANDAK,PONDOK LABU,137,5,2,1,129,2,0,0,2,71,0,71,394,13,381,33,39,1,33,1,4,
3174051002,DKI JAKARTA,JAKARTA SELATAN,KEBAYORAN LAMA,PONDOK PINANG,207,4,3,4,196,0,0,0,0,43,1,42,371,10,361,10,60,4,36,9,11,
3175101003,DKI JAKARTA,JAKARTA TIMUR,CIPAYUNG,PONDOK RANGGON,70,0,0,3,67,0,0,0,0,2,0,2,66,2,64,21,13,0,10,1,2,
3101011003,DKI JAKARTA,KAB.ADM.KEP.SERIBU,KEP. SERIBU UTARA,PULAU HARAPAN,59,0,0,0,59,0,0,0,0,0,0,0,51,0,51,0,0,0,0,0,0,
3101011002,DKI JAKARTA,KAB.ADM.KEP.SERIBU,KEP. SERIBU UTARA,PULAU KELAPA,43,0,0,1,42,0,0,0,0,0,0,0,137,19,118,1,1,0,1,0,0,
3101011001,DKI JAKARTA,KAB.ADM.KEP.SERIBU,KEP. SERIBU UTARA,PULAU PANGGANG,50,1,0,1,48,0,0,0,0,0,0,0,127,0,127,4,3,1,0,0,2,
3101021003,DKI JAKARTA,KAB.ADM.KEP.SERIBU,KEP. SERIBU SELATAN,PULAU PARI,6,0,0,0,6,0,0,0,0,0,0,0,156,10,146,1,2,0,0,0,2,
3101021002,DKI JAKARTA,KAB.ADM.KEP.SERIBU,KEP. SERIBU SELATAN,PULAU TIDUNG,29,0,0,0,29,0,0,0,0,0,0,0,327,1,326,1,24,0,11,0,13,
3101021001,DKI JAKARTA,KAB.ADM.KEP.SERIBU,KEP. SERIBU SELATAN,PULAU UNTUNG JAWA,15,0,0,0,15,0,0,0,0,0,0,0,95,1,94,0,2,0,0,0,2,
3174071007,DKI JAKARTA,JAKARTA SELATAN,KEBAYORAN BARU,PULO,23,0,0,1,22,0,0,0,0,1,0,1,73,0,73,0,8,0,6,0,2,
3175021001,DKI JAKARTA,JAKARTA TIMUR,PULO GADUNG,PULO GADUNG,91,1,0,2,88,0,0,0,0,8,0,8,250,16,234,14,33,0,21,3,9,
3175061005,DKI JAKARTA,JAKARTA TIMUR,CAKUNG,PULO GEBANG,108,2,2,2,102,0,0,0,0,4,0,4,339,27,312,44,56,1,46,3,6,
3174041004,DKI JAKARTA,JAKARTA SELATAN,PASAR MINGGU,RAGUNAN,167,5,0,2,160,1,0,0,1,1,0,1,171,68,103,8,12,2,7,2,1,
3175091005,DKI JAKARTA,JAKARTA TIMUR,CIRACAS,RAMBUTAN,87,2,1,1,83,1,0,0,1,1,0,1,237,5,232,25,23,0,18,0,5,
3172031006,DKI JAKARTA,JAKARTA UTARA,KOJA,RAWA BADAK SELATAN,199,5,3,2,189,0,0,0,0,1,0,1,185,15,170,32,48,4,36,2,6,
3172031004,DKI JAKARTA,JAKARTA UTARA,KOJA,RAWA BADAK UTARA,142,4,2,1,135,0,0,0,0,2,0,2,162,12,150,36,35,2,24,2,7,
3174071005,DKI JAKARTA,JAKARTA SELATAN,KEBAYORAN BARU,RAWA BARAT,28,0,0,2,26,0,0,0,0,0,0,0,21,1,20,0,7,0,6,1,0,
3173011003,DKI JAKARTA,JAKARTA BARAT,CENGKARENG,RAWA BUAYA,59,4,0,2,53,0,0,0,0,3,0,3,162,16,146,2,30,2,19,1,8,
3175031004,DKI JAKARTA,JAKARTA TIMUR,JATINEGARA,RAWA BUNGA,15,0,0,1,14,0,0,0,0,0,0,0,32,4,28,2,11,0,10,0,1,
3174081003,DKI JAKARTA,JAKARTA SELATAN,PANCORAN,RAWA JATI,66,0,0,0,66,0,0,0,0,1,0,1,113,4,109,4,8,0,8,0,0,
3175061002,DKI JAKARTA,JAKARTA TIMUR,CAKUNG,RAWA TERATE,23,1,0,0,22,0,0,0,0,2,0,2,116,5,111,0,7,0,5,0,2,
3175021005,DKI JAKARTA,JAKARTA TIMUR,PULO GADUNG,RAWAMANGUN,75,3,0,0,72,0,0,0,0,3,0,3,278,23,255,17,37,1,25,1,10,
3171051003,DKI JAKARTA,JAKARTA PUSAT,CEMPAKA PUTIH,RAWASARI,232,6,3,2,221,0,0,0,0,3,0,3,486,34,452,19,58,6,18,4,30,
3173041010,DKI JAKARTA,JAKARTA BARAT,TAMBORA,ROA MALAKA,7,0,0,0,7,0,0,0,0,0,0,0,9,0,9,0,0,0,0,0,0,
3172041006,DKI JAKARTA,JAKARTA UTARA,CILINCING,ROROTAN,73,3,7,2,61,0,0,0,0,1,0,1,137,19,118,55,19,1,8,1,9,
3174071004,DKI JAKARTA,JAKARTA SELATAN,KEBAYORAN BARU,SELONG,13,0,2,0,11,0,0,0,0,2,0,2,57,1,56,0,8,2,6,0,0,
3173061002,DKI JAKARTA,JAKARTA BARAT,KALI DERES,SEMANAN,133,0,6,3,124,0,0,0,0,1,0,1,387,82,305,6,22,1,17,1,3,
3172041007,DKI JAKARTA,JAKARTA UTARA,CILINCING,SEMPER BARAT,205,6,8,1,190,0,0,0,0,10,0,10,359,48,311,69,90,10,54,2,24,
3172041005,DKI JAKARTA,JAKARTA UTARA,CILINCING,SEMPER TIMUR,107,4,8,1,94,0,0,0,0,1,0,1,159,8,151,28,34,3,25,2,4,
3174071006,DKI JAKARTA,JAKARTA SELATAN,KEBAYORAN BARU,SENAYAN,22,0,0,0,22,0,0,0,0,9,0,9,69,0,69,0,16,0,16,0,0,
3171041001,DKI JAKARTA,JAKARTA PUSAT,SENEN,SENEN,67,2,4,0,61,0,0,0,0,4,2,2,405,115,290,21,39,0,35,1,3,
3171031004,DKI JAKARTA,JAKARTA PUSAT,KEMAYORAN,SERDANG,135,2,1,2,130,0,0,0,0,2,0,2,165,10,155,18,40,0,30,2,8,
3174021001,DKI JAKARTA,JAKARTA SELATAN,SETIA BUDI,SETIA BUDI,28,1,0,0,27,0,0,0,0,3,0,3,85,3,82,6,4,0,4,0,0,
3175101005,DKI JAKARTA,JAKARTA TIMUR,CIPAYUNG,SETU,69,1,0,0,68,0,0,0,0,1,0,1,57,5,52,11,8,1,5,0,2,
3173071002,DKI JAKARTA,JAKARTA BARAT,PALMERAH,SLIPI,169,2,0,1,166,0,0,0,0,2,0,2,205,43,162,32,29,1,21,1,6,
3173081004,DKI JAKARTA,JAKARTA BARAT,KEMBANGAN,SRENGSENG,122,1,3,3,115,0,0,0,0,5,0,5,167,12,155,18,50,0,38,3,9,
3174091002,DKI JAKARTA,JAKARTA SELATAN,JAGAKARSA,SRENGSENG SAWAH,138,5,0,0,133,1,0,0,1,5,0,5,184,7,177,10,44,1,25,3,15,
3173051003,DKI JAKARTA,JAKARTA BARAT,KEBON JERUK,SUKABUMI SELATAN,94,2,9,4,79,0,0,0,0,1,0,1,210,28,182,24,43,2,30,1,10,
3173051002,DKI JAKARTA,JAKARTA BARAT,KEBON JERUK,SUKABUMI UTARA,89,1,1,2,85,0,0,0,0,19,0,19,223,22,201,39,43,1,22,4,16,
3172041002,DKI JAKARTA,JAKARTA UTARA,CILINCING,SUKAPURA,187,0,5,2,180,0,0,0,0,5,0,5,306,90,216,62,70,0,35,2,33,
3171031007,DKI JAKARTA,JAKARTA PUSAT,KEMAYORAN,SUMUR BATU,112,3,4,1,104,0,0,0,0,4,0,4,116,12,104,9,27,1,20,1,5,
3172021004,DKI JAKARTA,JAKARTA UTARA,TANJUNG PRIOK,SUNGAI BAMBU,76,1,2,0,73,0,0,0,0,5,1,4,189,93,96,30,22,0,11,3,8,
3172021006,DKI JAKARTA,JAKARTA UTARA,TANJUNG PRIOK,SUNTER AGUNG,332,1,2,1,328,0,0,0,0,17,0,17,845,17,828,54,187,7,162,11,7,
3172021002,DKI JAKARTA,JAKARTA UTARA,TANJUNG PRIOK,SUNTER JAYA,275,5,9,6,255,0,0,0,0,4,0,4,563,46,517,138,151,8,106,10,27,
3175091004,DKI JAKARTA,JAKARTA TIMUR,CIRACAS,SUSUKAN,54,1,1,1,51,0,0,0,0,6,0,6,597,98,499,67,29,3,18,1,7,
3173031001,DKI JAKARTA,JAKARTA BARAT,TAMAN SARI,TAMAN SARI,82,2,0,0,80,0,0,0,0,0,0,0,143,9,134,13,13,0,5,1,7,
3173041001,DKI JAKARTA,JAKARTA BARAT,TAMBORA,TAMBORA,59,3,2,3,51,0,0,0,0,0,0,0,176,8,168,1,7,0,4,0,3,
3173041004,DKI JAKARTA,JAKARTA BARAT,TAMBORA,TANAH SEREAL,110,4,2,2,102,0,0,0,0,4,0,4,94,5,89,2,43,3,27,5,8,
3171081004,DKI JAKARTA,JAKARTA PUSAT,JOHAR BARU,TANAH TINGGI,142,4,0,3,135,1,0,0,1,1,0,1,267,25,242,31,94,3,59,8,24,
3173031004,DKI JAKARTA,JAKARTA BARAT,TAMAN SARI,TANGKI,81,1,1,1,78,0,0,0,0,2,1,1,130,7,123,2,12,0,11,1,0,
3174091005,DKI JAKARTA,JAKARTA SELATAN,JAGAKARSA,TANJUNG BARAT,137,1,2,1,133,0,0,0,0,1,0,1,114,2,112,7,36,0,27,2,7,
3173021005,DKI JAKARTA,JAKARTA BARAT,GROGOL PETAMBURAN,TANJUNG DUREN SELATAN,102,1,6,1,94,0,0,0,0,18,1,17,209,28,181,16,51,1,38,5,7,
3173021002,DKI JAKARTA,JAKARTA BARAT,GROGOL PETAMBURAN,TANJUNG DUREN UTARA,87,1,3,0,83,0,0,0,0,20,1,19,185,10,175,15,23,2,15,1,5,
3172021001,DKI JAKARTA,JAKARTA UTARA,TANJUNG PRIOK,TANJUNG PRIOK,127,4,5,6,112,0,0,0,0,7,0,7,208,20,188,40,86,1,48,6,31,
3174011002,DKI JAKARTA,JAKARTA SELATAN,TEBET,TEBET BARAT,108,0,0,0,108,0,0,0,0,7,0,7,257,5,252,18,45,2,33,3,7,
3174011001,DKI JAKARTA,JAKARTA SELATAN,TEBET,TEBET TIMUR,63,2,0,1,60,0,0,0,0,5,0,5,227,8,219,26,25,3,15,3,4,
3173061003,DKI JAKARTA,JAKARTA BARAT,KALI DERES,TEGAL ALUR,231,5,9,5,212,0,0,0,0,1,0,1,367,36,331,7,30,5,20,1,4,
3174031004,DKI JAKARTA,JAKARTA SELATAN,MAMPANG PRAPATAN,TEGAL PARANG,100,3,1,2,94,0,0,0,0,2,0,2,302,13,289,1,24,1,20,1,2,
3173021003,DKI JAKARTA,JAKARTA BARAT,GROGOL PETAMBURAN,TOMANG,132,4,2,2,124,0,0,0,0,10,0,10,252,27,225,70,107,0,88,2,17,
3172031005,DKI JAKARTA,JAKARTA UTARA,KOJA,TUGU SELATAN,169,7,3,1,158,0,0,0,0,0,0,0,146,9,137,45,29,2,21,1,5,
3172031002,DKI JAKARTA,JAKARTA UTARA,KOJA,TUGU UTARA,330,10,6,0,314,0,0,0,0,3,0,3,254,6,248,49,57,2,40,4,11,
3175061006,DKI JAKARTA,JAKARTA TIMUR,CAKUNG,UJUNG MENTENG,37,1,1,2,33,0,0,0,0,0,0,0,131,15,116,11,10,0,5,2,3,
3174101005,DKI JAKARTA,JAKARTA SELATAN,PESANGGRAHAN,ULUJAMI,195,1,21,1,172,0,0,0,0,0,0,0,476,154,322,22,39,2,19,3,15,
3175011006,DKI JAKARTA,JAKARTA TIMUR,MATRAMAN,UTAN KAYU SELATAN,176,0,1,8,167,0,0,0,0,1,0,1,280,8,272,76,62,1,49,3,9,
3175011002,DKI JAKARTA,JAKARTA TIMUR,MATRAMAN,UTAN KAYU UTARA,106,2,0,0,104,1,0,0,1,0,0,0,175,3,172,34,28,1,14,2,11,
3171031008,DKI JAKARTA,JAKARTA PUSAT,KEMAYORAN,UTAN PANJANG,122,3,1,2,116,0,0,0,0,1,0,1,119,7,112,17,31,1,15,2,13,
3172021007,DKI JAKARTA,JAKARTA UTARA,TANJUNG PRIOK,WARAKAS,105,1,5,2,97,0,0,0,0,4,0,4,226,34,192,45,56,1,40,1,14,
3173021007,DKI JAKARTA,JAKARTA BARAT,GROGOL PETAMBURAN,WIJAYA KUSUMA,144,2,19,2,121,0,0,0,0,2,1,1,306,48,258,11,23,1,19,2,1,
