id_kel,nama_provinsi,nama_kota,nama_kecamatan,nama_kelurahan,suspek,perawatan rs,isolasi di rumah,suspek meninggal,selesai isolasi,probable,perawatan rs,probable meninggal,selesai isolasi,pelaku perjalanan,isolasi di rumah,selesai isolasi,kontak erat,isolasi di rumah,selesai isolasi,discarded,meninggal,selesai isolasi,positif,dirawat,sembuh,meninggal,self isolation,keterangan
3172051003,DKI JAKARTA,JAKARTA UTARA,PADEMANGAN,ANCOL,151,6,38,0,107,0,0,0,0,6,1,5,292,35,257,4,0,4,43,4,36,0,3,
3173041007,DKI JAKARTA,JAKARTA BARAT,TAMBORA,ANGKE,190,2,6,2,180,0,0,0,0,0,0,0,286,13,273,22,0,22,47,4,35,2,6,
3175041005,DKI JAKARTA,JAKARTA TIMUR,KRAMAT JATI,BALE KAMBANG,71,9,7,1,54,0,0,0,0,3,1,2,129,38,91,22,0,22,27,3,18,1,5,
3175031003,DKI JAKARTA,JAKARTA TIMUR,JATINEGARA,BALI MESTER,32,0,0,1,31,0,0,0,0,0,0,0,32,4,28,0,0,0,7,1,4,1,1,
3175101006,DKI JAKARTA,JAKARTA TIMUR,CIPAYUNG,BAMBU APUS,111,4,1,1,105,0,0,0,0,2,0,2,135,22,113,14,0,14,40,3,19,0,18,
3174031002,DKI JAKARTA,JAKARTA SELATAN,MAMPANG PRAPATAN,BANGKA,91,3,0,2,86,0,0,0,0,18,0,18,372,16,356,6,0,6,29,4,23,2,0,
3175051002,DKI JAKARTA,JAKARTA TIMUR,PASAR REBO,BARU,61,10,0,1,50,0,0,0,0,2,0,2,65,7,58,7,0,7,16,1,11,0,4,
3175041004,DKI JAKARTA,JAKARTA TIMUR,KRAMAT JATI,BATU AMPAR,132,7,4,0,121,1,0,1,0,1,0,1,231,40,191,26,0,26,38,0,30,3,5,
BELUM DIKETAHUI,BELUM DIKETAHUI,BELUM DIKETAHUI,BELUM DIKETAHUI,BELUM DIKETAHUI,11132,12,9,1626,9485,273,0,272,1,118,0,118,6342,108,6234,87,1,86,3979,927,908,58,2086,
3171071002,DKI JAKARTA,JAKARTA PUSAT,TANAH ABANG,BENDUNGAN HILIR,167,18,7,0,142,0,0,0,0,2,0,2,222,10,212,4,0,4,33,0,27,2,4,
3175031002,DKI JAKARTA,JAKARTA TIMUR,JATINEGARA,BIDARA CINA,72,15,4,3,50,0,0,0,0,0,0,0,141,36,105,21,0,21,69,1,50,7,11,
3174101002,DKI JAKARTA,JAKARTA SELATAN,PESANGGRAHAN,BINTARO,334,8,30,2,294,1,0,0,1,7,0,7,630,115,515,17,0,17,68,4,48,6,10,
3174011005,DKI JAKARTA,JAKARTA SELATAN,TEBET,BUKIT DURI,90,2,4,3,81,1,0,0,1,13,0,13,202,19,183,8,0,8,37,1,25,5,6,
3171041006,DKI JAKARTA,JAKARTA PUSAT,SENEN,BUNGUR,79,3,3,2,71,0,0,0,0,13,0,13,255,6,249,8,0,8,24,2,17,2,3,
3175061007,DKI JAKARTA,JAKARTA TIMUR,CAKUNG,CAKUNG BARAT,86,0,4,1,81,0,0,0,0,0,0,0,209,13,196,33,0,33,28,4,15,1,8,
3175061004,DKI JAKARTA,JAKARTA TIMUR,CAKUNG,CAKUNG TIMUR,80,5,4,2,69,0,0,0,0,3,0,3,228,24,204,24,0,24,33,3,18,0,12,
3175041007,DKI JAKARTA,JAKARTA TIMUR,KRAMAT JATI,CAWANG,80,2,21,0,57,0,0,0,0,4,3,1,214,124,90,11,0,11,37,3,28,1,5,
3175101008,DKI JAKARTA,JAKARTA TIMUR,CIPAYUNG,CEGER,68,4,0,0,64,0,0,0,0,0,0,0,64,7,57,8,0,8,9,1,5,0,3,
3171031006,DKI JAKARTA,JAKARTA PUSAT,KEMAYORAN,CEMPAKA BARU,197,4,30,2,161,0,0,0,0,7,4,3,218,64,154,25,0,25,94,1,42,7,44,
3171051002,DKI JAKARTA,JAKARTA PUSAT,CEMPAKA PUTIH,CEMPAKA PUTIH BARAT,392,9,6,2,375,0,0,0,0,7,0,7,954,106,848,37,0,37,162,5,66,8,83,
3171051001,DKI JAKARTA,JAKARTA PUSAT,CEMPAKA PUTIH,CEMPAKA PUTIH TIMUR,232,6,3,1,222,0,0,0,0,7,0,7,757,47,710,40,0,40,116,2,81,1,32,
3173011001,DKI JAKARTA,JAKARTA BARAT,CENGKARENG,CENGKARENG BARAT,97,6,5,1,85,0,0,0,0,4,0,4,487,30,457,7,0,7,54,10,40,2,2,
3173011006,DKI JAKARTA,JAKARTA BARAT,CENGKARENG,CENGKARENG TIMUR,131,5,4,6,116,1,0,0,1,3,0,3,521,23,498,7,0,7,93,12,60,6,15,
3175091002,DKI JAKARTA,JAKARTA TIMUR,CIRACAS,CIBUBUR,193,9,3,4,177,0,0,0,0,17,6,11,878,83,795,74,0,74,39,1,31,2,5,
3171011002,DKI JAKARTA,JAKARTA PUSAT,GAMBIR,CIDENG,117,10,0,2,105,0,0,0,0,7,0,7,192,3,189,9,0,9,38,1,23,3,11,
3174091003,DKI JAKARTA,JAKARTA SELATAN,JAGAKARSA,CIGANJUR,155,9,9,1,136,0,0,0,0,9,0,9,142,7,135,6,0,6,33,0,19,1,13,
3175051003,DKI JAKARTA,JAKARTA TIMUR,PASAR REBO,CIJANTUNG,180,9,1,3,167,0,0,0,0,1,0,1,186,15,171,3,0,3,46,3,23,2,18,
3171061003,DKI JAKARTA,JAKARTA PUSAT,MENTENG,CIKINI,43,2,1,0,40,0,0,0,0,0,0,0,112,49,63,10,0,10,14,1,11,1,1,
3174081006,DKI JAKARTA,JAKARTA SELATAN,PANCORAN,CIKOKO,37,0,1,0,36,0,0,0,0,12,0,12,124,7,117,0,0,0,14,0,9,1,4,
3174061001,DKI JAKARTA,JAKARTA SELATAN,CILANDAK,CILANDAK BARAT,243,7,3,5,228,0,0,0,0,88,0,88,442,12,430,36,0,36,71,6,42,3,20,
3174041003,DKI JAKARTA,JAKARTA SELATAN,PASAR MINGGU,CILANDAK TIMUR,87,5,6,1,75,0,0,0,0,17,0,17,143,52,91,5,0,5,21,3,11,2,5,
3175101002,DKI JAKARTA,JAKARTA TIMUR,CIPAYUNG,CILANGKAP,109,4,4,1,100,0,0,0,0,1,0,1,119,18,101,17,0,17,26,2,18,0,6,
3175041006,DKI JAKARTA,JAKARTA TIMUR,KRAMAT JATI,CILILITAN,95,2,15,1,77,0,0,0,0,3,2,1,246,103,143,39,0,39,30,4,19,2,5,
3172041001,DKI JAKARTA,JAKARTA UTARA,CILINCING,CILINCING,157,7,13,1,136,0,0,0,0,3,0,3,525,58,467,58,0,58,72,4,46,1,21,
3175101001,DKI JAKARTA,JAKARTA TIMUR,CIPAYUNG,CIPAYUNG,144,5,10,2,127,0,0,0,0,2,0,2,141,13,128,7,0,7,34,3,23,1,7,
3174091006,DKI JAKARTA,JAKARTA SELATAN,JAGAKARSA,CIPEDAK,200,2,65,0,133,1,0,0,1,0,0,0,116,8,108,5,0,5,25,6,17,0,2,
3174061005,DKI JAKARTA,JAKARTA SELATAN,CILANDAK,CIPETE SELATAN,95,3,1,1,90,0,0,0,0,42,0,42,159,14,145,3,0,3,17,1,6,4,6,
3174071010,DKI JAKARTA,JAKARTA SELATAN,KEBAYORAN BARU,CIPETE UTARA,111,11,0,3,97,0,0,0,0,9,0,9,195,42,153,5,0,5,23,2,16,2,3,
3175021003,DKI JAKARTA,JAKARTA TIMUR,PULO GADUNG,CIPINANG,60,2,0,2,56,0,0,0,0,3,0,3,260,34,226,23,0,23,40,5,23,3,9,
3175031007,DKI JAKARTA,JAKARTA TIMUR,JATINEGARA,CIPINANG BESAR SELATAN,61,0,3,1,57,0,0,0,0,1,0,1,109,6,103,4,0,4,28,0,17,1,10,
3175031008,DKI JAKARTA,JAKARTA TIMUR,JATINEGARA,CIPINANG BESAR UTARA,54,4,3,0,47,0,0,0,0,3,0,3,261,24,237,11,0,11,52,1,42,2,7,
3175031005,DKI JAKARTA,JAKARTA TIMUR,JATINEGARA,CIPINANG CEMPEDAK,70,3,1,2,64,0,0,0,0,1,0,1,84,9,75,8,0,8,13,1,10,1,1,
3175081005,DKI JAKARTA,JAKARTA TIMUR,MAKASAR,CIPINANG MELAYU,73,5,4,2,62,0,0,0,0,2,0,2,194,33,161,11,0,11,38,4,26,4,4,
3175031006,DKI JAKARTA,JAKARTA TIMUR,JATINEGARA,CIPINANG MUARA,91,5,1,1,84,0,0,0,0,3,0,3,199,11,188,24,0,24,55,1,41,1,12,
3174051003,DKI JAKARTA,JAKARTA SELATAN,KEBAYORAN LAMA,CIPULIR,89,2,1,4,82,0,0,0,0,6,0,6,319,24,295,4,0,4,53,1,42,3,7,
3175091001,DKI JAKARTA,JAKARTA TIMUR,CIRACAS,CIRACAS,181,9,6,9,157,0,0,0,0,13,4,9,593,70,523,40,0,40,60,1,38,5,16,
3175041003,DKI JAKARTA,JAKARTA TIMUR,KRAMAT JATI,DUKUH,89,4,6,1,78,0,0,0,0,1,0,1,180,72,108,15,0,15,20,0,16,0,4,
3175071001,DKI JAKARTA,JAKARTA TIMUR,DUREN SAWIT,DUREN SAWIT,324,13,2,3,306,2,0,0,2,1,0,1,236,37,199,14,0,14,87,1,61,8,17,
3174081004,DKI JAKARTA,JAKARTA SELATAN,PANCORAN,DUREN TIGA,138,0,5,0,133,0,0,0,0,3,1,2,238,22,216,2,0,2,18,0,15,0,3,
3173051005,DKI JAKARTA,JAKARTA BARAT,KEBON JERUK,DURI KEPA,150,6,4,2,138,0,0,0,0,7,0,7,524,20,504,61,0,61,107,7,81,7,12,
3173011002,DKI JAKARTA,JAKARTA BARAT,CENGKARENG,DURI KOSAMBI,133,3,0,3,127,0,0,0,0,3,0,3,322,15,307,8,0,8,48,3,27,1,17,
3171011006,DKI JAKARTA,JAKARTA PUSAT,GAMBIR,DURI PULO,50,5,2,3,40,0,0,0,0,0,0,0,106,4,102,6,0,6,26,1,17,2,6,
3173041011,DKI JAKARTA,JAKARTA BARAT,TAMBORA,DURI SELATAN,36,5,0,1,30,0,0,0,0,1,0,1,47,1,46,3,0,3,15,2,10,0,3,
3173041003,DKI JAKARTA,JAKARTA BARAT,TAMBORA,DURI UTARA,77,2,5,2,68,0,0,0,0,1,0,1,76,5,71,1,0,1,21,0,16,3,2,
3171081003,DKI JAKARTA,JAKARTA PUSAT,JOHAR BARU,GALUR,46,4,1,0,41,0,0,0,0,2,0,2,168,21,147,42,0,42,42,3,18,5,16,
3171011001,DKI JAKARTA,JAKARTA PUSAT,GAMBIR,GAMBIR,28,0,0,0,28,0,0,0,0,17,0,17,102,5,97,6,0,6,11,1,9,0,1,
3174061004,DKI JAKARTA,JAKARTA SELATAN,CILANDAK,GANDARIA SELATAN,68,2,11,0,55,1,0,0,1,20,0,20,145,54,91,0,0,0,40,0,8,1,31,
3174071009,DKI JAKARTA,JAKARTA SELATAN,KEBAYORAN BARU,GANDARIA UTARA,101,7,1,1,92,0,0,0,0,1,0,1,274,42,232,0,0,0,29,2,18,1,8,
3175051001,DKI JAKARTA,JAKARTA TIMUR,PASAR REBO,GEDONG,260,36,0,0,224,0,0,0,0,0,0,0,106,10,96,17,0,17,59,7,44,0,8,
3171071001,DKI JAKARTA,JAKARTA PUSAT,TANAH ABANG,GELORA,30,0,0,1,29,0,0,0,0,5,0,5,55,1,54,0,0,0,13,0,12,1,0,
3173031007,DKI JAKARTA,JAKARTA BARAT,TAMAN SARI,GLODOK,35,1,4,0,30,0,0,0,0,0,0,0,50,2,48,0,0,0,5,0,2,1,2,
3171061004,DKI JAKARTA,JAKARTA PUSAT,MENTENG,GONDANGDIA,18,0,0,1,17,0,0,0,0,4,0,4,60,20,40,7,0,7,20,1,16,2,1,
3173021001,DKI JAKARTA,JAKARTA BARAT,GROGOL PETAMBURAN,GROGOL,111,3,1,4,103,0,0,0,0,39,0,39,373,10,363,30,0,30,49,1,35,0,13,
3174051005,DKI JAKARTA,JAKARTA SELATAN,KEBAYORAN LAMA,GROGOL SELATAN,91,3,1,4,83,1,0,1,0,11,0,11,329,28,301,3,0,3,46,2,33,5,6,
3174051004,DKI JAKARTA,JAKARTA SELATAN,KEBAYORAN LAMA,GROGOL UTARA,137,4,0,4,129,0,0,0,0,23,0,23,336,16,320,12,0,12,94,4,60,2,28,
3174021007,DKI JAKARTA,JAKARTA SELATAN,SETIA BUDI,GUNTUR,17,0,1,0,16,0,0,0,0,0,0,0,50,7,43,1,0,1,6,1,5,0,0,
3174071002,DKI JAKARTA,JAKARTA SELATAN,KEBAYORAN BARU,GUNUNG,42,0,0,3,39,0,0,0,0,7,0,7,163,37,126,0,0,0,14,1,10,1,2,
3171031005,DKI JAKARTA,JAKARTA PUSAT,KEMAYORAN,GUNUNG SAHARI SELATAN,118,4,1,1,112,0,0,0,0,2,0,2,159,12,147,1,0,1,19,0,13,2,4,
3171021004,DKI JAKARTA,JAKARTA PUSAT,SAWAH BESAR,GUNUNG SAHARI UTARA,96,6,1,1,88,0,0,0,0,2,1,1,137,12,125,4,0,4,32,2,20,4,6,
3175081004,DKI JAKARTA,JAKARTA TIMUR,MAKASAR,HALIM PERDANA KUSUMAH,54,5,2,2,45,0,0,0,0,2,0,2,108,31,77,7,0,7,47,7,30,3,7,
3171031003,DKI JAKARTA,JAKARTA PUSAT,KEMAYORAN,HARAPAN MULIA,137,8,6,3,120,0,0,0,0,5,2,3,170,27,143,25,0,25,69,4,38,5,22,
3174091001,DKI JAKARTA,JAKARTA SELATAN,JAGAKARSA,JAGAKARSA,272,4,8,2,258,1,0,0,1,5,0,5,264,25,239,9,0,9,59,4,43,2,10,
3175021007,DKI JAKARTA,JAKARTA TIMUR,PULO GADUNG,JATI,85,10,2,1,72,0,0,0,0,4,0,4,239,22,217,21,0,21,57,0,35,0,22,
3174041002,DKI JAKARTA,JAKARTA SELATAN,PASAR MINGGU,JATI PADANG,127,6,1,2,118,0,0,0,0,2,0,2,261,75,186,12,0,12,32,3,23,3,3,
3173071004,DKI JAKARTA,JAKARTA BARAT,PALMERAH,JATI PULO,178,7,5,4,162,0,0,0,0,2,0,2,316,25,291,58,0,58,85,1,69,2,13,
3175061001,DKI JAKARTA,JAKARTA TIMUR,CAKUNG,JATINEGARA,131,6,1,3,121,0,0,0,0,2,0,2,327,49,278,30,0,30,52,0,35,3,14,
3175021004,DKI JAKARTA,JAKARTA TIMUR,PULO GADUNG,JATINEGARA KAUM,18,0,1,0,17,0,0,0,0,3,0,3,94,14,80,4,0,4,9,2,5,0,2,
3173021004,DKI JAKARTA,JAKARTA BARAT,GROGOL PETAMBURAN,JELAMBAR,97,4,3,5,85,0,0,0,0,22,4,18,378,72,306,6,0,6,48,1,31,4,12,
3173021006,DKI JAKARTA,JAKARTA BARAT,GROGOL PETAMBURAN,JELAMBAR BARU,141,1,1,2,137,0,0,0,0,4,0,4,364,101,263,16,0,16,28,1,21,2,4,
3173041006,DKI JAKARTA,JAKARTA BARAT,TAMBORA,JEMBATAN BESI,279,12,44,1,222,0,0,0,0,3,3,0,297,94,203,7,0,7,100,1,82,5,12,
3173041008,DKI JAKARTA,JAKARTA BARAT,TAMBORA,JEMBATAN LIMA,62,1,1,0,60,0,0,0,0,0,0,0,90,4,86,1,0,1,13,2,9,0,2,
3173081005,DKI JAKARTA,JAKARTA BARAT,KEMBANGAN,JOGLO,90,0,2,4,84,0,0,0,0,4,1,3,174,11,163,12,0,12,37,0,35,1,1,
3171081001,DKI JAKARTA,JAKARTA PUSAT,JOHAR BARU,JOHAR BARU,207,6,2,3,196,0,0,0,0,3,0,3,653,42,611,90,0,90,116,7,58,6,45,
3173041002,DKI JAKARTA,JAKARTA BARAT,TAMBORA,KALI ANYAR,111,7,3,0,101,0,0,0,0,3,0,3,179,19,160,8,0,8,37,2,19,2,14,
3172041004,DKI JAKARTA,JAKARTA UTARA,CILINCING,KALI BARU,112,9,2,5,96,0,0,0,0,1,0,1,197,56,141,28,0,28,52,10,35,4,3,
3174081002,DKI JAKARTA,JAKARTA SELATAN,PANCORAN,KALIBATA,182,10,4,3,165,0,0,0,0,8,2,6,254,17,237,9,0,9,59,4,40,1,14,
3173061001,DKI JAKARTA,JAKARTA BARAT,KALI DERES,KALIDERES,381,8,36,4,333,0,0,0,0,5,0,5,1178,132,1046,25,0,25,70,5,55,4,6,
3175051004,DKI JAKARTA,JAKARTA TIMUR,PASAR REBO,KALISARI,174,14,4,0,156,0,0,0,0,1,0,1,122,20,102,7,0,7,43,0,29,2,12,
3173061004,DKI JAKARTA,JAKARTA BARAT,KALI DERES,KAMAL,138,0,9,3,126,0,0,0,0,0,0,0,283,28,255,1,0,1,9,1,3,2,3,
3172011002,DKI JAKARTA,JAKARTA UTARA,PENJARINGAN,KAMAL MUARA,14,0,0,0,14,0,0,0,0,4,0,4,42,14,28,0,0,0,17,1,15,1,0,
3171071007,DKI JAKARTA,JAKARTA PUSAT,TANAH ABANG,KAMPUNG BALI,69,6,5,2,56,0,0,0,0,2,1,1,99,1,98,0,0,0,19,0,15,1,3,
3175031001,DKI JAKARTA,JAKARTA TIMUR,JATINEGARA,KAMPUNG MELAYU,40,4,0,4,32,0,0,0,0,3,0,3,66,8,58,4,0,4,70,4,41,1,24,
3171081002,DKI JAKARTA,JAKARTA PUSAT,JOHAR BARU,KAMPUNG RAWA,106,5,1,0,100,1,0,0,1,0,0,0,273,17,256,61,0,61,90,3,59,8,20,
3175041002,DKI JAKARTA,JAKARTA TIMUR,KRAMAT JATI,KAMPUNG TENGAH,205,11,6,1,187,0,0,0,0,7,0,7,465,61,404,48,0,48,103,2,76,8,17,
3173011005,DKI JAKARTA,JAKARTA BARAT,CENGKARENG,KAPUK,156,6,7,16,127,0,0,0,0,5,1,4,420,72,348,10,0,10,56,5,32,6,13,
3172011003,DKI JAKARTA,JAKARTA UTARA,PENJARINGAN,KAPUK MUARA,55,3,0,0,52,0,0,0,0,7,0,7,118,28,90,16,0,16,34,10,16,3,5,
3171021002,DKI JAKARTA,JAKARTA PUSAT,SAWAH BESAR,KARANG ANYAR,219,19,3,4,193,1,0,1,0,3,1,2,407,28,379,8,0,8,54,2,41,5,6,
3174021004,DKI JAKARTA,JAKARTA SELATAN,SETIA BUDI,KARET,52,1,0,0,51,0,0,0,0,8,0,8,137,5,132,4,0,4,21,1,20,0,0,
3174021003,DKI JAKARTA,JAKARTA SELATAN,SETIA BUDI,KARET KUNINGAN,79,2,2,1,74,0,0,0,0,20,4,16,189,54,135,4,0,4,24,2,14,2,6,
3174021002,DKI JAKARTA,JAKARTA SELATAN,SETIA BUDI,KARET SEMANGGI,39,0,0,1,38,0,0,0,0,3,0,3,40,6,34,0,0,0,8,0,3,2,3,
3171071003,DKI JAKARTA,JAKARTA PUSAT,TANAH ABANG,KARET TENGSIN,94,4,20,0,70,0,0,0,0,7,0,7,129,3,126,0,0,0,18,1,13,1,3,
3171021003,DKI JAKARTA,JAKARTA PUSAT,SAWAH BESAR,KARTINI,164,9,1,1,153,0,0,0,0,0,0,0,271,25,246,14,0,14,53,2,42,1,8,
3175011003,DKI JAKARTA,JAKARTA TIMUR,MATRAMAN,KAYU MANIS,108,2,0,0,106,1,0,0,1,0,0,0,280,18,262,18,0,18,46,1,34,2,9,
3175021006,DKI JAKARTA,JAKARTA TIMUR,PULO GADUNG,KAYU PUTIH,164,10,1,4,149,0,0,0,0,10,0,10,405,73,332,21,0,21,77,4,53,5,15,
3173031006,DKI JAKARTA,JAKARTA BARAT,TAMAN SARI,KEAGUNGAN,58,2,11,0,45,0,0,0,0,0,0,0,121,19,102,7,0,7,13,3,5,0,5,
3174041007,DKI JAKARTA,JAKARTA SELATAN,PASAR MINGGU,KEBAGUSAN,125,8,1,1,115,0,0,0,0,0,0,0,155,27,128,10,0,10,39,7,26,0,6,
3174051006,DKI JAKARTA,JAKARTA SELATAN,KEBAYORAN LAMA,KEBAYORAN LAMA SELATAN,143,4,5,0,134,1,0,0,1,1,0,1,423,23,400,8,0,8,34,2,24,3,5,
3174051001,DKI JAKARTA,JAKARTA SELATAN,KEBAYORAN LAMA,KEBAYORAN LAMA UTARA,109,2,0,1,106,0,0,0,0,15,0,15,243,21,222,2,0,2,35,1,29,2,3,
3174011004,DKI JAKARTA,JAKARTA SELATAN,TEBET,KEBON BARU,86,3,4,2,77,0,0,0,0,15,0,15,276,22,254,13,0,13,38,1,35,0,2,
3172021005,DKI JAKARTA,JAKARTA UTARA,TANJUNG PRIOK,KEBON BAWANG,176,11,8,1,156,0,0,0,0,10,3,7,349,44,305,47,0,47,129,4,55,1,69,
3173051001,DKI JAKARTA,JAKARTA BARAT,KEBON JERUK,KEBON JERUK,206,4,3,5,194,0,0,0,0,9,0,9,699,24,675,49,0,49,92,3,74,9,6,
3171071006,DKI JAKARTA,JAKARTA PUSAT,TANAH ABANG,KEBON KACANG,260,3,17,1,239,0,0,0,0,0,0,0,270,4,266,3,0,3,120,2,96,9,13,
3171011005,DKI JAKARTA,JAKARTA PUSAT,GAMBIR,KEBON KELAPA,62,5,1,1,55,0,0,0,0,1,0,1,72,5,67,0,0,0,10,0,8,1,1,
3171031002,DKI JAKARTA,JAKARTA PUSAT,KEMAYORAN,KEBON KOSONG,147,7,11,5,124,0,0,0,0,7,0,7,178,39,139,24,0,24,60,0,41,5,14,
3175011005,DKI JAKARTA,JAKARTA TIMUR,MATRAMAN,KEBON MANGGIS,63,4,0,4,55,0,0,0,0,1,0,1,62,5,57,17,0,17,40,3,28,2,7,
3171071005,DKI JAKARTA,JAKARTA PUSAT,TANAH ABANG,KEBON MELATI,224,9,0,2,213,0,0,0,0,5,0,5,286,8,278,2,0,2,92,6,73,6,7,
3175081003,DKI JAKARTA,JAKARTA TIMUR,MAKASAR,KEBON PALA,61,3,0,1,57,0,0,0,0,2,0,2,299,56,243,11,0,11,38,3,25,0,10,
3171061005,DKI JAKARTA,JAKARTA PUSAT,MENTENG,KEBON SIRIH,64,0,4,2,58,0,0,0,0,2,0,2,173,34,139,11,0,11,36,0,33,2,1,
3173011004,DKI JAKARTA,JAKARTA BARAT,CENGKARENG,KEDAUNG KALI ANGKE,49,3,0,0,46,0,0,0,0,1,0,1,122,6,116,3,0,3,28,6,22,0,0,
3173051007,DKI JAKARTA,JAKARTA BARAT,KEBON JERUK,KEDOYA SELATAN,98,2,1,5,90,1,0,0,1,4,0,4,228,7,221,12,0,12,32,0,30,1,1,
3173051006,DKI JAKARTA,JAKARTA BARAT,KEBON JERUK,KEDOYA UTARA,86,3,1,2,80,0,0,0,0,15,0,15,319,10,309,19,0,19,35,1,30,0,4,
3173051004,DKI JAKARTA,JAKARTA BARAT,KEBON JERUK,KELAPA DUA,56,1,0,0,55,0,0,0,0,1,0,1,143,11,132,16,0,16,38,1,27,2,8,
3175091003,DKI JAKARTA,JAKARTA TIMUR,CIRACAS,KELAPA DUA WETAN,123,6,5,1,111,0,0,0,0,0,0,0,454,33,421,32,0,32,40,8,28,1,3,
3172061003,DKI JAKARTA,JAKARTA UTARA,KELAPA GADING,KELAPA GADING BARAT,318,3,15,2,298,0,0,0,0,38,3,35,563,41,522,30,0,30,81,6,63,5,7,
3172061001,DKI JAKARTA,JAKARTA UTARA,KELAPA GADING,KELAPA GADING TIMUR,305,3,8,2,292,0,0,0,0,11,1,10,583,33,550,25,0,25,68,5,43,8,12,
3173071005,DKI JAKARTA,JAKARTA BARAT,PALMERAH,KEMANGGISAN,131,1,2,6,122,0,0,0,0,4,2,2,306,33,273,44,0,44,53,2,34,3,14,
3171031001,DKI JAKARTA,JAKARTA PUSAT,KEMAYORAN,KEMAYORAN,157,4,8,3,142,0,0,0,0,0,0,0,242,26,216,19,0,19,82,5,48,1,28,
3173081006,DKI JAKARTA,JAKARTA BARAT,KEMBANGAN,KEMBANGAN SELATAN,64,3,2,1,58,0,0,0,0,5,0,5,238,16,222,51,0,51,36,1,27,1,7,
3173081001,DKI JAKARTA,JAKARTA BARAT,KEMBANGAN,KEMBANGAN UTARA,111,7,7,3,94,0,0,0,0,2,0,2,487,31,456,10,0,10,49,5,36,1,7,
3171041002,DKI JAKARTA,JAKARTA PUSAT,SENEN,KENARI,96,0,4,1,91,0,0,0,0,0,0,0,257,5,252,43,0,43,130,1,125,2,2,
3173041005,DKI JAKARTA,JAKARTA BARAT,TAMBORA,KERENDANG,107,7,3,2,95,0,0,0,0,0,0,0,105,6,99,1,0,1,49,1,31,5,12,
3175071003,DKI JAKARTA,JAKARTA TIMUR,DUREN SAWIT,KLENDER,256,4,2,2,248,0,0,0,0,2,0,2,244,23,221,10,0,10,85,5,51,8,21,
3172031001,DKI JAKARTA,JAKARTA UTARA,KOJA,KOJA,141,3,1,0,137,0,0,0,0,4,0,4,186,11,175,25,0,25,27,1,23,1,2,
3173071006,DKI JAKARTA,JAKARTA BARAT,PALMERAH,KOTA BAMBU SELATAN,202,7,18,5,172,0,0,0,0,0,0,0,504,116,388,70,0,70,110,8,57,3,42,
3173071003,DKI JAKARTA,JAKARTA BARAT,PALMERAH,KOTA BAMBU UTARA,175,10,9,11,145,0,0,0,0,0,0,0,300,56,244,49,0,49,97,4,61,4,28,
3171041004,DKI JAKARTA,JAKARTA PUSAT,SENEN,KRAMAT,159,8,6,5,140,0,0,0,0,3,0,3,498,62,436,30,0,30,145,7,71,8,59,
3175041001,DKI JAKARTA,JAKARTA TIMUR,KRAMAT JATI,KRAMAT JATI,111,4,6,1,100,0,0,0,0,5,1,4,230,44,186,19,0,19,28,1,17,2,8,
3174071003,DKI JAKARTA,JAKARTA SELATAN,KEBAYORAN BARU,KRAMAT PELA,30,2,0,0,28,0,0,0,0,0,0,0,211,50,161,3,0,3,16,3,10,0,3,
3173031002,DKI JAKARTA,JAKARTA BARAT,TAMAN SARI,KRUKUT,67,1,1,6,59,0,0,0,0,3,0,3,158,10,148,9,0,9,31,1,23,2,5,
3174031005,DKI JAKARTA,JAKARTA SELATAN,MAMPANG PRAPATAN,KUNINGAN BARAT,39,1,0,1,37,0,0,0,0,0,0,0,253,9,244,4,0,4,10,0,7,0,3,
3174021008,DKI JAKARTA,JAKARTA SELATAN,SETIA BUDI,KUNINGAN TIMUR,63,0,0,1,62,0,0,0,0,17,0,17,47,3,44,1,0,1,8,0,5,2,1,
3171041005,DKI JAKARTA,JAKARTA PUSAT,SENEN,KWITANG,135,1,20,0,114,1,0,0,1,2,0,2,257,6,251,7,0,7,38,2,27,3,6,
3172031003,DKI JAKARTA,JAKARTA UTARA,KOJA,LAGOA,238,5,1,1,231,0,0,0,0,4,0,4,185,16,169,35,0,35,146,5,87,5,49,
3174061002,DKI JAKARTA,JAKARTA SELATAN,CILANDAK,LEBAK BULUS,132,6,2,2,122,0,0,0,0,27,0,27,253,6,247,20,0,20,38,1,30,6,1,
3174091004,DKI JAKARTA,JAKARTA SELATAN,JAGAKARSA,LENTENG AGUNG,213,7,2,0,204,0,0,0,0,3,0,3,135,8,127,7,0,7,34,2,26,0,6,
LUAR DKI JAKARTA,LUAR DKI JAKARTA,LUAR DKI JAKARTA,LUAR DKI JAKARTA,LUAR DKI JAKARTA,10681,304,147,97,10133,11,0,1,10,283,18,265,12806,1124,11682,689,0,689,2914,101,2460,81,272,
3175101007,DKI JAKARTA,JAKARTA TIMUR,CIPAYUNG,LUBANG BUAYA,165,3,1,3,158,0,0,0,0,3,0,3,268,37,231,24,0,24,34,1,21,0,12,
3175081001,DKI JAKARTA,JAKARTA TIMUR,MAKASAR,MAKASAR,77,9,0,1,67,0,0,0,0,4,0,4,272,74,198,16,0,16,10,0,10,0,0,
3175071006,DKI JAKARTA,JAKARTA TIMUR,DUREN SAWIT,MALAKA JAYA,140,3,1,2,134,0,0,0,0,2,0,2,152,9,143,9,0,9,34,0,29,0,5,
3175071005,DKI JAKARTA,JAKARTA TIMUR,DUREN SAWIT,MALAKA SARI,132,3,0,1,128,0,0,0,0,0,0,0,93,11,82,6,0,6,41,1,31,2,7,
3174031001,DKI JAKARTA,JAKARTA SELATAN,MAMPANG PRAPATAN,MAMPANG PRAPATAN,76,4,0,2,70,0,0,0,0,0,0,0,344,48,296,8,0,8,32,4,16,3,9,
3173031005,DKI JAKARTA,JAKARTA BARAT,TAMAN SARI,MANGGA BESAR,38,0,8,1,29,0,0,0,0,0,0,0,66,7,59,3,0,3,5,0,4,0,1,
3171021005,DKI JAKARTA,JAKARTA PUSAT,SAWAH BESAR,MANGGA DUA SELATAN,102,11,2,1,88,0,0,0,0,1,0,1,183,23,160,8,0,8,26,1,21,0,4,
3174011007,DKI JAKARTA,JAKARTA SELATAN,TEBET,MANGGARAI,79,3,1,0,75,0,0,0,0,4,0,4,212,25,187,18,0,18,23,2,18,0,3,
3174011006,DKI JAKARTA,JAKARTA SELATAN,TEBET,MANGGARAI SELATAN,53,1,4,2,46,0,0,0,0,6,0,6,242,39,203,16,0,16,24,1,20,2,1,
3173031003,DKI JAKARTA,JAKARTA BARAT,TAMAN SARI,MAPHAR,87,4,1,1,81,0,0,0,0,5,0,5,140,10,130,35,0,35,87,1,73,0,13,
3172041003,DKI JAKARTA,JAKARTA UTARA,CILINCING,MARUNDA,100,4,32,0,64,0,0,0,0,0,0,0,113,20,93,8,0,8,20,4,11,1,4,
3174071001,DKI JAKARTA,JAKARTA SELATAN,KEBAYORAN BARU,MELAWAI,8,0,0,0,8,0,0,0,0,1,0,1,26,7,19,0,0,0,5,0,5,0,0,
3171061001,DKI JAKARTA,JAKARTA PUSAT,MENTENG,MENTENG,92,2,3,2,85,1,0,0,1,1,0,1,289,33,256,16,0,16,42,2,34,4,2,
3174021005,DKI JAKARTA,JAKARTA SELATAN,SETIA BUDI,MENTENG ATAS,129,2,14,3,110,0,0,0,0,33,2,31,549,122,427,31,0,31,61,1,28,2,30,
3174011003,DKI JAKARTA,JAKARTA SELATAN,TEBET,MENTENG DALAM,124,2,8,4,110,0,0,0,0,11,0,11,286,31,255,37,0,37,51,3,33,4,11,
3173081003,DKI JAKARTA,JAKARTA BARAT,KEMBANGAN,MERUYA SELATAN,80,5,3,1,71,0,0,0,0,2,0,2,183,59,124,14,0,14,28,1,24,2,1,
3173081002,DKI JAKARTA,JAKARTA BARAT,KEMBANGAN,MERUYA UTARA,90,3,4,6,77,0,0,0,0,3,0,3,188,29,159,7,0,7,37,3,32,0,2,
3175101004,DKI JAKARTA,JAKARTA TIMUR,CIPAYUNG,MUNJUL,75,2,6,0,67,0,0,0,0,2,0,2,72,12,60,21,0,21,25,0,13,0,12,
3172051002,DKI JAKARTA,JAKARTA UTARA,PADEMANGAN,PADEMANGAN BARAT,667,16,34,5,612,0,0,0,0,5,1,4,1368,50,1318,19,0,19,269,6,177,14,72,
3172051001,DKI JAKARTA,JAKARTA UTARA,PADEMANGAN,PADEMANGAN TIMUR,194,4,4,2,184,0,0,0,0,11,0,11,397,15,382,9,0,9,45,3,37,2,3,
3175011004,DKI JAKARTA,JAKARTA TIMUR,MATRAMAN,PAL MERIAM,105,2,0,2,101,1,0,0,1,1,0,1,318,6,312,56,0,56,74,2,49,5,18,
3173071001,DKI JAKARTA,JAKARTA BARAT,PALMERAH,PALMERAH,416,15,21,2,378,0,0,0,0,1,0,1,784,106,678,63,0,63,133,7,89,8,29,
3174081001,DKI JAKARTA,JAKARTA SELATAN,PANCORAN,PANCORAN,90,4,2,0,84,0,0,0,0,8,0,8,280,22,258,5,0,5,30,4,19,3,4,
3172021003,DKI JAKARTA,JAKARTA UTARA,TANJUNG PRIOK,PAPANGGO,127,2,16,0,109,0,0,0,0,4,0,4,290,85,205,43,0,43,34,2,16,1,15,
3171021001,DKI JAKARTA,JAKARTA PUSAT,SAWAH BESAR,PASAR BARU,85,8,2,2,73,0,0,0,0,4,0,4,175,25,150,3,0,3,25,4,19,0,2,
3174021006,DKI JAKARTA,JAKARTA SELATAN,SETIA BUDI,PASAR MANGGIS,82,5,1,3,73,0,0,0,0,15,1,14,353,20,333,14,0,14,37,1,28,2,6,
3174041001,DKI JAKARTA,JAKARTA SELATAN,PASAR MINGGU,PASAR MINGGU,113,7,1,1,104,0,0,0,0,3,1,2,231,19,212,3,0,3,41,1,24,2,14,
3171041003,DKI JAKARTA,JAKARTA PUSAT,SENEN,PASEBAN,193,2,4,1,186,0,0,0,0,3,0,3,333,35,298,59,0,59,96,5,83,5,3,
3173061005,DKI JAKARTA,JAKARTA BARAT,KALI DERES,PEGADUNGAN,287,5,25,7,250,0,0,0,0,6,0,6,674,99,575,16,0,16,69,6,53,3,7,
3171061002,DKI JAKARTA,JAKARTA PUSAT,MENTENG,PEGANGSAAN,112,12,2,2,96,0,0,0,0,0,0,0,435,17,418,46,0,46,127,2,113,2,10,
3172061002,DKI JAKARTA,JAKARTA UTARA,KELAPA GADING,PEGANGSAAN DUA,359,4,15,1,339,0,0,0,0,33,8,25,857,66,791,75,0,75,119,7,49,4,59,
3172011004,DKI JAKARTA,JAKARTA UTARA,PENJARINGAN,PEJAGALAN,95,6,0,2,87,0,0,0,0,5,0,5,327,33,294,24,0,24,47,6,30,3,8,
3174041006,DKI JAKARTA,JAKARTA SELATAN,PASAR MINGGU,PEJATEN BARAT,120,3,3,2,112,2,0,0,2,1,0,1,276,88,188,11,0,11,42,7,28,2,5,
3174041005,DKI JAKARTA,JAKARTA SELATAN,PASAR MINGGU,PEJATEN TIMUR,152,5,0,1,146,1,0,0,1,1,0,1,247,27,220,19,0,19,60,4,44,5,7,
3175051005,DKI JAKARTA,JAKARTA TIMUR,PASAR REBO,PEKAYON,246,19,3,1,223,0,0,0,0,1,0,1,78,5,73,8,0,8,20,1,11,2,6,
3173041009,DKI JAKARTA,JAKARTA BARAT,TAMBORA,PEKOJAN,124,0,3,2,119,0,0,0,0,2,0,2,127,4,123,16,0,16,25,0,25,0,0,
3174031003,DKI JAKARTA,JAKARTA SELATAN,MAMPANG PRAPATAN,PELA MAMPANG,145,8,0,2,135,0,0,0,0,12,0,12,512,93,419,4,0,4,35,1,16,4,14,
3174081005,DKI JAKARTA,JAKARTA SELATAN,PANCORAN,PENGADEGAN,64,3,2,2,57,0,0,0,0,7,0,7,148,16,132,6,0,6,19,1,16,0,2,
3175061003,DKI JAKARTA,JAKARTA TIMUR,CAKUNG,PENGGILINGAN,159,7,1,1,150,0,0,0,0,3,0,3,344,82,262,56,0,56,93,4,59,3,27,
3172011001,DKI JAKARTA,JAKARTA UTARA,PENJARINGAN,PENJARINGAN,307,9,3,4,291,1,0,0,1,21,1,20,1833,94,1739,111,0,111,198,10,150,6,32,
3174101001,DKI JAKARTA,JAKARTA SELATAN,PESANGGRAHAN,PESANGGRAHAN,158,5,11,4,138,0,0,0,0,0,0,0,197,10,187,16,0,16,18,0,12,3,3,
3171071004,DKI JAKARTA,JAKARTA PUSAT,TANAH ABANG,PETAMBURAN,321,3,8,7,303,0,0,0,0,7,0,7,228,13,215,3,0,3,148,2,133,9,4,
3174071008,DKI JAKARTA,JAKARTA SELATAN,KEBAYORAN BARU,PETOGOGAN,36,1,0,0,35,0,0,0,0,2,0,2,95,2,93,0,0,0,8,0,7,0,1,
3171011004,DKI JAKARTA,JAKARTA PUSAT,GAMBIR,PETOJO SELATAN,73,6,2,1,64,0,0,0,0,13,0,13,248,6,242,13,0,13,31,1,25,2,3,
3171011003,DKI JAKARTA,JAKARTA PUSAT,GAMBIR,PETOJO UTARA,73,10,0,3,60,0,0,0,0,10,0,10,178,5,173,25,0,25,41,2,31,2,6,
3174101004,DKI JAKARTA,JAKARTA SELATAN,PESANGGRAHAN,PETUKANGAN SELATAN,138,10,1,2,125,0,0,0,0,0,0,0,341,21,320,6,0,6,9,0,9,0,0,
3174101003,DKI JAKARTA,JAKARTA SELATAN,PESANGGRAHAN,PETUKANGAN UTARA,180,5,2,4,169,1,0,0,1,3,0,3,431,13,418,6,0,6,36,1,30,2,3,
3175081002,DKI JAKARTA,JAKARTA TIMUR,MAKASAR,PINANG RANTI,58,2,0,1,55,0,0,0,0,0,0,0,310,145,165,21,0,21,27,5,16,2,4,
3173031008,DKI JAKARTA,JAKARTA BARAT,TAMAN SARI,PINANGSIA,35,1,8,1,25,0,0,0,0,2,0,2,111,19,92,0,0,0,9,2,3,0,4,
3175011001,DKI JAKARTA,JAKARTA TIMUR,MATRAMAN,PISANGAN BARU,88,0,0,3,85,0,0,0,0,1,0,1,113,8,105,24,0,24,34,1,27,4,2,
3175021002,DKI JAKARTA,JAKARTA TIMUR,PULO GADUNG,PISANGAN TIMUR,123,3,3,4,113,0,0,0,0,10,0,10,268,17,251,20,0,20,37,3,20,3,11,
3172011005,DKI JAKARTA,JAKARTA UTARA,PENJARINGAN,PLUIT,111,2,6,4,99,0,0,0,0,11,1,10,457,173,284,8,0,8,64,6,46,6,6,
3175071002,DKI JAKARTA,JAKARTA TIMUR,DUREN SAWIT,PONDOK BAMBU,444,8,3,0,433,0,0,0,0,3,0,3,189,15,174,7,0,7,101,0,79,4,18,
3175071004,DKI JAKARTA,JAKARTA TIMUR,DUREN SAWIT,PONDOK KELAPA,206,6,3,0,197,0,0,0,0,6,1,5,320,21,299,9,0,9,83,3,69,4,7,
3175071007,DKI JAKARTA,JAKARTA TIMUR,DUREN SAWIT,PONDOK KOPI,124,0,1,1,122,0,0,0,0,1,0,1,94,7,87,5,0,5,32,0,25,5,2,
3174061003,DKI JAKARTA,JAKARTA SELATAN,CILANDAK,PONDOK LABU,142,6,2,1,133,2,0,0,2,71,0,71,404,11,393,34,0,34,40,2,37,1,0,
3174051002,DKI JAKARTA,JAKARTA SELATAN,KEBAYORAN LAMA,PONDOK PINANG,220,11,0,4,205,0,0,0,0,43,0,43,397,11,386,9,0,9,66,4,46,9,7,
3175101003,DKI JAKARTA,JAKARTA TIMUR,CIPAYUNG,PONDOK RANGGON,74,3,1,3,67,0,0,0,0,2,0,2,92,17,75,21,0,21,15,0,13,1,1,
3101011003,DKI JAKARTA,KAB.ADM.KEP.SERIBU,KEP. SERIBU UTARA,PULAU HARAPAN,59,0,0,0,59,0,0,0,0,0,0,0,56,2,54,0,0,0,1,0,0,0,1,
3101011002,DKI JAKARTA,KAB.ADM.KEP.SERIBU,KEP. SERIBU UTARA,PULAU KELAPA,43,0,0,1,42,0,0,0,0,0,0,0,137,0,137,1,0,1,1,0,1,0,0,
3101011001,DKI JAKARTA,KAB.ADM.KEP.SERIBU,KEP. SERIBU UTARA,PULAU PANGGANG,50,0,0,1,49,0,0,0,0,0,0,0,129,1,128,4,0,4,3,0,1,0,2,
3101021003,DKI JAKARTA,KAB.ADM.KEP.SERIBU,KEP. SERIBU SELATAN,PULAU PARI,6,0,0,0,6,0,0,0,0,0,0,0,155,0,155,1,0,1,2,0,0,0,2,
3101021002,DKI JAKARTA,KAB.ADM.KEP.SERIBU,KEP. SERIBU SELATAN,PULAU TIDUNG,29,0,0,0,29,0,0,0,0,0,0,0,327,0,327,1,0,1,25,0,21,0,4,
3101021001,DKI JAKARTA,KAB.ADM.KEP.SERIBU,KEP. SERIBU SELATAN,PULAU UNTUNG JAWA,15,0,0,0,15,0,0,0,0,0,0,0,95,0,95,0,0,0,2,0,0,0,2,
3174071007,DKI JAKARTA,JAKARTA SELATAN,KEBAYORAN BARU,PULO,25,0,0,1,24,0,0,0,0,1,0,1,85,1,84,0,0,0,8,0,8,0,0,
3175021001,DKI JAKARTA,JAKARTA TIMUR,PULO GADUNG,PULO GADUNG,101,6,2,2,91,0,0,0,0,8,0,8,281,27,254,16,0,16,39,0,26,3,10,
3175061005,DKI JAKARTA,JAKARTA TIMUR,CAKUNG,PULO GEBANG,117,4,4,2,107,0,0,0,0,4,0,4,380,51,329,45,0,45,63,3,47,3,10,
3174041004,DKI JAKARTA,JAKARTA SELATAN,PASAR MINGGU,RAGUNAN,174,5,0,2,167,1,0,0,1,1,0,1,204,88,116,8,0,8,14,0,9,2,3,
3175091005,DKI JAKARTA,JAKARTA TIMUR,CIRACAS,RAMBUTAN,88,4,1,1,82,1,0,0,1,1,0,1,266,26,240,25,0,25,29,1,21,0,7,
3172031006,DKI JAKARTA,JAKARTA UTARA,KOJA,RAWA BADAK SELATAN,217,5,3,2,207,0,0,0,0,2,0,2,213,18,195,37,0,37,54,4,43,3,4,
3172031004,DKI JAKARTA,JAKARTA UTARA,KOJA,RAWA BADAK UTARA,154,4,2,1,147,0,0,0,0,2,0,2,184,19,165,39,0,39,43,3,30,2,8,
3174071005,DKI JAKARTA,JAKARTA SELATAN,KEBAYORAN BARU,RAWA BARAT,26,0,0,2,24,0,0,0,0,0,0,0,52,0,52,0,0,0,7,0,6,1,0,
3173011003,DKI JAKARTA,JAKARTA BARAT,CENGKARENG,RAWA BUAYA,63,2,2,2,57,0,0,0,0,3,0,3,189,16,173,2,0,2,45,3,29,1,12,
3175031004,DKI JAKARTA,JAKARTA TIMUR,JATINEGARA,RAWA BUNGA,18,2,0,1,15,0,0,0,0,0,0,0,37,6,31,2,0,2,16,5,11,0,0,
3174081003,DKI JAKARTA,JAKARTA SELATAN,PANCORAN,RAWA JATI,94,5,0,0,89,0,0,0,0,9,0,9,178,17,161,4,0,4,12,2,8,0,2,
3175061002,DKI JAKARTA,JAKARTA TIMUR,CAKUNG,RAWA TERATE,25,0,1,0,24,0,0,0,0,2,0,2,122,6,116,0,0,0,10,0,6,0,4,
3175021005,DKI JAKARTA,JAKARTA TIMUR,PULO GADUNG,RAWAMANGUN,87,4,1,0,82,0,0,0,0,2,0,2,303,30,273,17,0,17,42,3,30,1,8,
3171051003,DKI JAKARTA,JAKARTA PUSAT,CEMPAKA PUTIH,RAWASARI,251,8,4,2,237,0,0,0,0,3,0,3,531,39,492,21,0,21,67,4,34,4,25,
3173041010,DKI JAKARTA,JAKARTA BARAT,TAMBORA,ROA MALAKA,9,0,2,0,7,0,0,0,0,0,0,0,14,0,14,0,0,0,2,2,0,0,0,
3172041006,DKI JAKARTA,JAKARTA UTARA,CILINCING,ROROTAN,83,3,4,2,74,0,0,0,0,1,0,1,187,33,154,57,0,57,27,4,17,1,5,
3174071004,DKI JAKARTA,JAKARTA SELATAN,KEBAYORAN BARU,SELONG,11,0,1,0,10,0,0,0,0,2,0,2,56,0,56,0,0,0,8,1,7,0,0,
3173061002,DKI JAKARTA,JAKARTA BARAT,KALI DERES,SEMANAN,141,2,9,3,127,0,0,0,0,2,1,1,413,30,383,6,0,6,28,1,19,1,7,
3172041007,DKI JAKARTA,JAKARTA UTARA,CILINCING,SEMPER BARAT,213,4,8,1,200,0,0,0,0,10,0,10,466,98,368,71,0,71,111,13,71,2,25,
3172041005,DKI JAKARTA,JAKARTA UTARA,CILINCING,SEMPER TIMUR,122,9,7,1,105,0,0,0,0,2,1,1,196,22,174,30,0,30,41,6,27,2,6,
3174071006,DKI JAKARTA,JAKARTA SELATAN,KEBAYORAN BARU,SENAYAN,22,0,0,0,22,0,0,0,0,9,0,9,120,17,103,0,0,0,17,1,16,0,0,
3171041001,DKI JAKARTA,JAKARTA PUSAT,SENEN,SENEN,89,3,18,0,68,0,0,0,0,5,3,2,489,181,308,24,0,24,57,3,37,1,16,
3171031004,DKI JAKARTA,JAKARTA PUSAT,KEMAYORAN,SERDANG,154,1,16,2,135,0,0,0,0,2,0,2,197,27,170,18,0,18,46,1,32,2,11,
3174021001,DKI JAKARTA,JAKARTA SELATAN,SETIA BUDI,SETIA BUDI,28,0,0,0,28,0,0,0,0,3,0,3,87,3,84,6,0,6,5,1,4,0,0,
3175101005,DKI JAKARTA,JAKARTA TIMUR,CIPAYUNG,SETU,73,2,2,0,69,0,0,0,0,1,0,1,69,11,58,11,0,11,9,1,6,0,2,
3173071002,DKI JAKARTA,JAKARTA BARAT,PALMERAH,SLIPI,177,5,7,2,163,0,0,0,0,2,0,2,223,25,198,33,0,33,35,3,23,1,8,
3173081004,DKI JAKARTA,JAKARTA BARAT,KEMBANGAN,SRENGSENG,130,2,6,3,119,0,0,0,0,5,0,5,360,52,308,17,0,17,67,1,41,3,22,
3174091002,DKI JAKARTA,JAKARTA SELATAN,JAGAKARSA,SRENGSENG SAWAH,153,8,4,0,141,1,0,0,1,5,0,5,206,22,184,11,0,11,48,1,29,3,15,
3173051003,DKI JAKARTA,JAKARTA BARAT,KEBON JERUK,SUKABUMI SELATAN,101,7,0,4,90,0,0,0,0,1,0,1,222,20,202,23,0,23,52,3,41,1,7,
3173051002,DKI JAKARTA,JAKARTA BARAT,KEBON JERUK,SUKABUMI UTARA,93,3,0,3,87,0,0,0,0,18,0,18,232,13,219,39,0,39,49,1,34,4,10,
3172041002,DKI JAKARTA,JAKARTA UTARA,CILINCING,SUKAPURA,213,1,10,2,200,0,0,0,0,5,0,5,404,66,338,63,0,63,80,7,66,2,5,
3171031007,DKI JAKARTA,JAKARTA PUSAT,KEMAYORAN,SUMUR BATU,121,6,1,1,113,0,0,0,0,4,0,4,139,19,120,10,0,10,32,2,25,1,4,
3172021004,DKI JAKARTA,JAKARTA UTARA,TANJUNG PRIOK,SUNGAI BAMBU,77,1,2,0,74,0,0,0,0,6,2,4,218,46,172,28,0,28,23,1,13,3,6,
3172021006,DKI JAKARTA,JAKARTA UTARA,TANJUNG PRIOK,SUNTER AGUNG,346,6,5,1,334,0,0,0,0,17,0,17,893,33,860,54,0,54,197,4,171,11,11,
3172021002,DKI JAKARTA,JAKARTA UTARA,TANJUNG PRIOK,SUNTER JAYA,292,12,12,6,262,0,0,0,0,4,0,4,618,63,555,138,0,138,167,10,122,10,25,
3175091004,DKI JAKARTA,JAKARTA TIMUR,CIRACAS,SUSUKAN,57,2,2,1,52,0,0,0,0,7,1,6,570,10,560,67,0,67,30,2,22,1,5,
3173031001,DKI JAKARTA,JAKARTA BARAT,TAMAN SARI,TAMAN SARI,87,4,2,0,81,0,0,0,0,0,0,0,149,7,142,10,0,10,25,1,11,1,12,
3173041001,DKI JAKARTA,JAKARTA BARAT,TAMBORA,TAMBORA,67,3,6,3,55,0,0,0,0,0,0,0,181,10,171,1,0,1,8,1,4,0,3,
3173041004,DKI JAKARTA,JAKARTA BARAT,TAMBORA,TANAH SEREAL,133,9,3,2,119,0,0,0,0,4,0,4,102,13,89,2,0,2,49,2,31,5,11,
3171081004,DKI JAKARTA,JAKARTA PUSAT,JOHAR BARU,TANAH TINGGI,181,10,9,3,159,1,0,0,1,1,0,1,293,21,272,30,0,30,105,6,69,8,22,
3173031004,DKI JAKARTA,JAKARTA BARAT,TAMAN SARI,TANGKI,87,3,4,1,79,0,0,0,0,2,1,1,144,18,126,2,0,2,12,0,11,1,0,
3174091005,DKI JAKARTA,JAKARTA SELATAN,JAGAKARSA,TANJUNG BARAT,145,9,0,1,135,0,0,0,0,1,0,1,118,5,113,8,0,8,39,1,33,2,3,
3173021005,DKI JAKARTA,JAKARTA BARAT,GROGOL PETAMBURAN,TANJUNG DUREN SELATAN,113,6,5,1,101,0,0,0,0,18,1,17,240,37,203,16,0,16,84,9,42,5,28,
3173021002,DKI JAKARTA,JAKARTA BARAT,GROGOL PETAMBURAN,TANJUNG DUREN UTARA,91,7,0,0,84,0,0,0,0,20,0,20,201,20,181,15,0,15,32,4,18,1,9,
3172021001,DKI JAKARTA,JAKARTA UTARA,TANJUNG PRIOK,TANJUNG PRIOK,139,6,4,6,123,0,0,0,0,9,1,8,240,24,216,39,0,39,86,5,56,6,19,
3174011002,DKI JAKARTA,JAKARTA SELATAN,TEBET,TEBET BARAT,118,3,4,0,111,0,0,0,0,7,0,7,283,25,258,18,0,18,68,2,36,3,27,
3174011001,DKI JAKARTA,JAKARTA SELATAN,TEBET,TEBET TIMUR,74,5,3,2,64,0,0,0,0,5,0,5,249,23,226,26,0,26,27,3,17,3,4,
3173061003,DKI JAKARTA,JAKARTA BARAT,KALI DERES,TEGAL ALUR,255,5,21,6,223,0,0,0,0,1,0,1,387,33,354,8,0,8,37,5,23,1,8,
3174031004,DKI JAKARTA,JAKARTA SELATAN,MAMPANG PRAPATAN,TEGAL PARANG,107,5,1,3,98,0,0,0,0,3,1,2,343,39,304,1,0,1,26,1,20,1,4,
3173021003,DKI JAKARTA,JAKARTA BARAT,GROGOL PETAMBURAN,TOMANG,142,11,3,2,126,0,0,0,0,10,0,10,262,22,240,70,0,70,112,2,88,2,20,
3172031005,DKI JAKARTA,JAKARTA UTARA,KOJA,TUGU SELATAN,178,4,2,1,171,0,0,0,0,1,1,0,154,12,142,53,0,53,40,1,28,2,9,
3172031002,DKI JAKARTA,JAKARTA UTARA,KOJA,TUGU UTARA,365,9,2,0,354,0,0,0,0,3,0,3,299,29,270,62,0,62,67,3,47,4,13,
3175061006,DKI JAKARTA,JAKARTA TIMUR,CAKUNG,UJUNG MENTENG,38,0,0,2,36,0,0,0,0,0,0,0,137,5,132,11,0,11,13,0,7,2,4,
3174101005,DKI JAKARTA,JAKARTA SELATAN,PESANGGRAHAN,ULUJAMI,206,1,28,2,175,0,0,0,0,0,0,0,545,138,407,24,0,24,56,1,27,3,25,
3175011006,DKI JAKARTA,JAKARTA TIMUR,MATRAMAN,UTAN KAYU SELATAN,186,5,0,8,173,0,0,0,0,1,0,1,290,10,280,76,0,76,72,1,55,4,12,
3175011002,DKI JAKARTA,JAKARTA TIMUR,MATRAMAN,UTAN KAYU UTARA,115,1,1,0,113,1,0,0,1,0,0,0,183,6,177,35,0,35,31,1,20,2,8,
3171031008,DKI JAKARTA,JAKARTA PUSAT,KEMAYORAN,UTAN PANJANG,149,5,9,2,133,0,0,0,0,2,1,1,145,30,115,17,0,17,37,5,23,2,7,
3172021007,DKI JAKARTA,JAKARTA UTARA,TANJUNG PRIOK,WARAKAS,110,2,5,2,101,0,0,0,0,7,3,4,256,34,222,40,0,40,63,5,46,2,10,
3173021007,DKI JAKARTA,JAKARTA BARAT,GROGOL PETAMBURAN,WIJAYA KUSUMA,164,1,37,2,124,0,0,0,0,4,3,1,440,171,269,11,0,11,66,8,19,2,37,
