id_kel,nama_provinsi,nama_kota,nama_kecamatan,nama_kelurahan,suspek,perawatan_rs,isolasi_di_rumah,suspek_meninggal,selesai_isolasi,probable,probable_meninggal,selesai_isolasi,pelaku_perjalanan,isolasi_di_rumah,selesai_isolasi,kontak_erat,isolasi_di_rumah,selesai_isolasi,discarded,meninggal,selesai_isolasi,positif,dirawat,sembuh,meninggal,self_isolation,keterangan
3172051003,DKI JAKARTA,JAKARTA UTARA,PADEMANGAN,ANCOL,163,8,45,0,110,0,0,0,7,2,5,308,37,271,4,0,4,44,4,37,0,3,
3173041007,DKI JAKARTA,JAKARTA BARAT,TAMBORA,ANGKE,200,4,7,2,187,0,0,0,0,0,0,293,14,279,22,0,22,49,6,35,2,6,
3175041005,DKI JAKARTA,JAKARTA TIMUR,KRAMAT JATI,BALE KAMBANG,74,10,8,1,55,0,0,0,3,1,2,167,72,95,22,0,22,31,3,21,1,6,
3175031003,DKI JAKARTA,JAKARTA TIMUR,JATINEGARA,BALI MESTER,34,0,0,1,33,0,0,0,0,0,0,32,1,31,0,0,0,7,1,4,1,1,
3175101006,DKI JAKARTA,JAKARTA TIMUR,CIPAYUNG,BAMBU APUS,111,0,1,1,109,0,0,0,2,0,2,145,29,116,14,0,14,42,3,19,0,20,
3174031002,DKI JAKARTA,JAKARTA SELATAN,MAMPANG PRAPATAN,BANGKA,91,1,0,2,88,0,0,0,18,0,18,373,7,366,6,0,6,30,5,23,2,0,
3175051002,DKI JAKARTA,JAKARTA TIMUR,PASAR REBO,BARU,63,1,0,1,61,0,0,0,2,0,2,74,13,61,7,0,7,16,1,13,0,2,
3175041004,DKI JAKARTA,JAKARTA TIMUR,KRAMAT JATI,BATU AMPAR,143,6,10,0,127,1,1,0,1,0,1,294,88,206,26,0,26,41,0,30,3,8,
BELUM DIKETAHUI,BELUM DIKETAHUI,BELUM DIKETAHUI,BELUM DIKETAHUI,BELUM DIKETAHUI,11126,0,0,1626,9500,559,558,1,116,0,116,6177,20,6157,87,1,86,4643,1118,1111,79,2335,
3171071002,DKI JAKARTA,JAKARTA PUSAT,TANAH ABANG,BENDUNGAN HILIR,182,13,17,0,152,0,0,0,2,0,2,228,10,218,4,0,4,34,1,28,2,3,
3175031002,DKI JAKARTA,JAKARTA TIMUR,JATINEGARA,BIDARA CINA,78,4,3,3,68,0,0,0,0,0,0,147,26,121,21,0,21,68,1,50,7,10,
3174101002,DKI JAKARTA,JAKARTA SELATAN,PESANGGRAHAN,BINTARO,356,5,45,2,304,1,0,1,7,0,7,644,72,572,17,0,17,71,5,55,6,5,
3174011005,DKI JAKARTA,JAKARTA SELATAN,TEBET,BUKIT DURI,92,1,2,3,86,1,0,1,13,0,13,207,17,190,8,0,8,39,2,25,6,6,
3171041006,DKI JAKARTA,JAKARTA PUSAT,SENEN,BUNGUR,85,2,8,2,73,0,0,0,13,0,13,272,23,249,8,0,8,24,2,18,2,2,
3175061007,DKI JAKARTA,JAKARTA TIMUR,CAKUNG,CAKUNG BARAT,86,0,4,1,81,0,0,0,0,0,0,220,20,200,33,0,33,35,4,17,1,13,
3175061004,DKI JAKARTA,JAKARTA TIMUR,CAKUNG,CAKUNG TIMUR,83,3,4,2,74,0,0,0,3,0,3,234,28,206,24,0,24,35,4,20,0,11,
3175041007,DKI JAKARTA,JAKARTA TIMUR,KRAMAT JATI,CAWANG,81,2,10,0,69,0,0,0,4,2,2,220,76,144,11,0,11,38,3,30,1,4,
3175101008,DKI JAKARTA,JAKARTA TIMUR,CIPAYUNG,CEGER,71,2,0,0,69,0,0,0,0,0,0,66,5,61,8,0,8,9,1,6,0,2,
3171031006,DKI JAKARTA,JAKARTA PUSAT,KEMAYORAN,CEMPAKA BARU,201,5,16,2,178,0,0,0,7,3,4,221,46,175,25,0,25,97,0,50,7,40,
3171051002,DKI JAKARTA,JAKARTA PUSAT,CEMPAKA PUTIH,CEMPAKA PUTIH BARAT,413,12,6,2,393,0,0,0,7,0,7,997,75,922,37,0,37,168,7,71,8,82,
3171051001,DKI JAKARTA,JAKARTA PUSAT,CEMPAKA PUTIH,CEMPAKA PUTIH TIMUR,246,10,6,1,229,0,0,0,7,0,7,772,38,734,40,0,40,118,4,86,1,27,
3173011001,DKI JAKARTA,JAKARTA BARAT,CENGKARENG,CENGKARENG BARAT,104,5,11,1,87,0,0,0,4,0,4,512,39,473,7,0,7,57,9,42,2,4,
3173011006,DKI JAKARTA,JAKARTA BARAT,CENGKARENG,CENGKARENG TIMUR,142,9,4,6,123,1,0,1,3,0,3,545,35,510,7,0,7,105,14,61,6,24,
3175091002,DKI JAKARTA,JAKARTA TIMUR,CIRACAS,CIBUBUR,202,5,5,4,188,0,0,0,18,5,13,921,85,836,74,0,74,48,2,32,2,12,
3171011002,DKI JAKARTA,JAKARTA PUSAT,GAMBIR,CIDENG,119,9,0,2,108,0,0,0,7,0,7,196,3,193,9,0,9,40,3,27,3,7,
3174091003,DKI JAKARTA,JAKARTA SELATAN,JAGAKARSA,CIGANJUR,301,10,152,1,138,0,0,0,9,0,9,145,6,139,6,0,6,37,1,20,3,13,
3175051003,DKI JAKARTA,JAKARTA TIMUR,PASAR REBO,CIJANTUNG,183,1,1,3,178,0,0,0,1,0,1,196,23,173,3,0,3,47,2,24,3,18,
3171061003,DKI JAKARTA,JAKARTA PUSAT,MENTENG,CIKINI,44,1,0,0,43,0,0,0,0,0,0,112,10,102,10,0,10,14,0,12,1,1,
3174081006,DKI JAKARTA,JAKARTA SELATAN,PANCORAN,CIKOKO,40,1,2,0,37,0,0,0,12,0,12,129,8,121,0,0,0,15,0,11,1,3,
3174061001,DKI JAKARTA,JAKARTA SELATAN,CILANDAK,CILANDAK BARAT,246,7,4,5,230,0,0,0,88,0,88,452,12,440,36,0,36,72,9,49,3,11,
3174041003,DKI JAKARTA,JAKARTA SELATAN,PASAR MINGGU,CILANDAK TIMUR,90,5,8,1,76,0,0,0,17,0,17,147,52,95,5,0,5,21,3,12,2,4,
3175101002,DKI JAKARTA,JAKARTA TIMUR,CIPAYUNG,CILANGKAP,111,2,5,1,103,0,0,0,1,0,1,125,21,104,17,0,17,31,6,19,0,6,
3175041006,DKI JAKARTA,JAKARTA TIMUR,KRAMAT JATI,CILILITAN,98,2,14,1,81,0,0,0,3,2,1,253,80,173,39,0,39,33,5,21,2,5,
3172041001,DKI JAKARTA,JAKARTA UTARA,CILINCING,CILINCING,163,6,14,1,142,0,0,0,4,0,4,543,62,481,58,0,58,75,7,49,1,18,
3175101001,DKI JAKARTA,JAKARTA TIMUR,CIPAYUNG,CIPAYUNG,148,4,11,2,131,0,0,0,2,0,2,149,15,134,7,0,7,35,3,25,1,6,
3174091006,DKI JAKARTA,JAKARTA SELATAN,JAGAKARSA,CIPEDAK,237,4,90,0,143,1,0,1,0,0,0,121,11,110,5,0,5,28,6,18,0,4,
3174061005,DKI JAKARTA,JAKARTA SELATAN,CILANDAK,CIPETE SELATAN,97,3,2,1,91,0,0,0,42,0,42,165,14,151,3,0,3,18,1,10,4,3,
3174071010,DKI JAKARTA,JAKARTA SELATAN,KEBAYORAN BARU,CIPETE UTARA,114,9,1,3,101,0,0,0,9,0,9,215,56,159,5,0,5,25,2,18,2,3,
3175021003,DKI JAKARTA,JAKARTA TIMUR,PULO GADUNG,CIPINANG,63,2,3,2,56,0,0,0,3,0,3,269,33,236,23,0,23,49,9,28,3,9,
3175031007,DKI JAKARTA,JAKARTA TIMUR,JATINEGARA,CIPINANG BESAR SELATAN,65,3,2,1,59,0,0,0,1,0,1,114,4,110,4,0,4,28,0,18,1,9,
3175031008,DKI JAKARTA,JAKARTA TIMUR,JATINEGARA,CIPINANG BESAR UTARA,57,4,3,0,50,0,0,0,3,0,3,266,17,249,11,0,11,53,1,43,2,7,
3175031005,DKI JAKARTA,JAKARTA TIMUR,JATINEGARA,CIPINANG CEMPEDAK,71,1,2,2,66,0,0,0,1,0,1,87,5,82,8,0,8,13,1,10,1,1,
3175081005,DKI JAKARTA,JAKARTA TIMUR,MAKASAR,CIPINANG MELAYU,76,2,4,2,68,0,0,0,2,0,2,202,22,180,11,0,11,49,4,26,4,15,
3175031006,DKI JAKARTA,JAKARTA TIMUR,JATINEGARA,CIPINANG MUARA,96,1,5,1,89,0,0,0,4,0,4,212,19,193,24,0,24,56,2,41,1,12,
3174051003,DKI JAKARTA,JAKARTA SELATAN,KEBAYORAN LAMA,CIPULIR,97,3,4,4,86,0,0,0,6,0,6,330,23,307,4,0,4,55,2,44,3,6,
3175091001,DKI JAKARTA,JAKARTA TIMUR,CIRACAS,CIRACAS,189,8,7,9,165,0,0,0,15,6,9,706,173,533,40,0,40,63,1,41,5,16,
3175041003,DKI JAKARTA,JAKARTA TIMUR,KRAMAT JATI,DUKUH,91,1,7,1,82,0,0,0,1,0,1,194,83,111,15,0,15,21,0,16,0,5,
3175071001,DKI JAKARTA,JAKARTA TIMUR,DUREN SAWIT,DUREN SAWIT,332,13,2,3,314,2,0,2,1,0,1,245,37,208,14,0,14,107,1,67,8,31,
3174081004,DKI JAKARTA,JAKARTA SELATAN,PANCORAN,DUREN TIGA,142,0,3,0,139,0,0,0,3,1,2,255,28,227,2,0,2,19,1,17,0,1,
3173051005,DKI JAKARTA,JAKARTA BARAT,KEBON JERUK,DURI KEPA,153,1,5,2,145,0,0,0,7,0,7,537,24,513,61,0,61,113,6,84,7,16,
3173011002,DKI JAKARTA,JAKARTA BARAT,CENGKARENG,DURI KOSAMBI,140,10,0,3,127,0,0,0,3,0,3,329,17,312,8,0,8,39,4,29,1,5,
3171011006,DKI JAKARTA,JAKARTA PUSAT,GAMBIR,DURI PULO,59,8,3,3,45,0,0,0,0,0,0,116,11,105,6,0,6,28,3,18,2,5,
3173041011,DKI JAKARTA,JAKARTA BARAT,TAMBORA,DURI SELATAN,39,7,1,1,30,0,0,0,1,0,1,57,11,46,3,0,3,18,2,13,1,2,
3173041003,DKI JAKARTA,JAKARTA BARAT,TAMBORA,DURI UTARA,79,2,3,2,72,0,0,0,1,0,1,93,20,73,1,0,1,28,3,16,3,6,
3171081003,DKI JAKARTA,JAKARTA PUSAT,JOHAR BARU,GALUR,48,5,0,0,43,0,0,0,2,0,2,169,12,157,42,0,42,43,3,22,5,13,
3171011001,DKI JAKARTA,JAKARTA PUSAT,GAMBIR,GAMBIR,28,0,0,0,28,0,0,0,17,0,17,113,15,98,6,0,6,11,1,10,0,0,
3174061004,DKI JAKARTA,JAKARTA SELATAN,CILANDAK,GANDARIA SELATAN,74,2,16,0,56,1,0,1,20,0,20,199,104,95,0,0,0,41,2,11,1,27,
3174071009,DKI JAKARTA,JAKARTA SELATAN,KEBAYORAN BARU,GANDARIA UTARA,102,4,1,1,96,0,0,0,2,1,1,290,48,242,0,0,0,32,1,22,2,7,
3175051001,DKI JAKARTA,JAKARTA TIMUR,PASAR REBO,GEDONG,261,11,0,0,250,0,0,0,0,0,0,120,19,101,17,0,17,60,8,44,0,8,
3171071001,DKI JAKARTA,JAKARTA PUSAT,TANAH ABANG,GELORA,31,0,0,1,30,0,0,0,5,0,5,55,1,54,0,0,0,13,0,12,1,0,
3173031007,DKI JAKARTA,JAKARTA BARAT,TAMAN SARI,GLODOK,35,1,2,0,32,0,0,0,0,0,0,57,8,49,0,0,0,6,0,2,1,3,
3171061004,DKI JAKARTA,JAKARTA PUSAT,MENTENG,GONDANGDIA,18,0,0,1,17,0,0,0,4,0,4,61,21,40,7,0,7,20,1,16,2,1,
3173021001,DKI JAKARTA,JAKARTA BARAT,GROGOL PETAMBURAN,GROGOL,117,7,2,4,104,0,0,0,39,0,39,390,21,369,30,0,30,51,2,35,0,14,
3174051005,DKI JAKARTA,JAKARTA SELATAN,KEBAYORAN LAMA,GROGOL SELATAN,96,3,3,4,86,1,1,0,11,0,11,346,24,322,3,0,3,48,4,38,5,1,
3174051004,DKI JAKARTA,JAKARTA SELATAN,KEBAYORAN LAMA,GROGOL UTARA,141,3,3,4,131,0,0,0,24,1,23,347,21,326,12,0,12,92,4,65,2,21,
3174021007,DKI JAKARTA,JAKARTA SELATAN,SETIA BUDI,GUNTUR,19,0,3,0,16,0,0,0,0,0,0,54,7,47,1,0,1,6,1,5,0,0,
3174071002,DKI JAKARTA,JAKARTA SELATAN,KEBAYORAN BARU,GUNUNG,44,1,0,3,40,0,0,0,7,0,7,166,38,128,0,0,0,14,1,10,1,2,
3171031005,DKI JAKARTA,JAKARTA PUSAT,KEMAYORAN,GUNUNG SAHARI SELATAN,120,4,1,1,114,0,0,0,2,0,2,162,8,154,1,0,1,21,1,14,2,4,
3171021004,DKI JAKARTA,JAKARTA PUSAT,SAWAH BESAR,GUNUNG SAHARI UTARA,98,6,0,1,91,0,0,0,3,2,1,141,4,137,4,0,4,32,2,25,4,1,
3175081004,DKI JAKARTA,JAKARTA TIMUR,MAKASAR,HALIM PERDANA KUSUMAH,54,1,2,2,49,0,0,0,2,0,2,127,38,89,7,0,7,51,8,31,3,9,
3171031003,DKI JAKARTA,JAKARTA PUSAT,KEMAYORAN,HARAPAN MULIA,139,7,4,3,125,0,0,0,5,1,4,172,18,154,25,0,25,71,4,41,5,21,
3174091001,DKI JAKARTA,JAKARTA SELATAN,JAGAKARSA,JAGAKARSA,302,3,28,2,269,1,0,1,5,0,5,279,27,252,9,0,9,57,4,45,1,7,
3175021007,DKI JAKARTA,JAKARTA TIMUR,PULO GADUNG,JATI,87,9,1,1,76,0,0,0,4,0,4,320,102,218,21,0,21,60,1,39,0,20,
3174041002,DKI JAKARTA,JAKARTA SELATAN,PASAR MINGGU,JATI PADANG,134,8,4,2,120,0,0,0,2,0,2,268,60,208,12,0,12,32,2,25,3,2,
3173071004,DKI JAKARTA,JAKARTA BARAT,PALMERAH,JATI PULO,184,8,9,4,163,0,0,0,3,1,2,328,23,305,58,0,58,86,1,73,2,10,
3175061001,DKI JAKARTA,JAKARTA TIMUR,CAKUNG,JATINEGARA,135,9,0,3,123,0,0,0,2,0,2,349,64,285,30,0,30,58,0,36,4,18,
3175021004,DKI JAKARTA,JAKARTA TIMUR,PULO GADUNG,JATINEGARA KAUM,19,0,2,0,17,0,0,0,3,0,3,97,16,81,4,0,4,9,2,5,0,2,
3173021004,DKI JAKARTA,JAKARTA BARAT,GROGOL PETAMBURAN,JELAMBAR,100,5,3,5,87,0,0,0,22,0,22,383,33,350,6,0,6,49,1,34,4,10,
3173021006,DKI JAKARTA,JAKARTA BARAT,GROGOL PETAMBURAN,JELAMBAR BARU,148,2,7,2,137,0,0,0,4,0,4,372,106,266,16,0,16,28,1,25,2,0,
3173041006,DKI JAKARTA,JAKARTA BARAT,TAMBORA,JEMBATAN BESI,285,12,37,1,235,0,0,0,3,3,0,307,81,226,7,0,7,109,0,84,5,20,
3173041008,DKI JAKARTA,JAKARTA BARAT,TAMBORA,JEMBATAN LIMA,72,2,3,0,67,0,0,0,0,0,0,92,3,89,1,0,1,16,3,10,0,3,
3173081005,DKI JAKARTA,JAKARTA BARAT,KEMBANGAN,JOGLO,94,2,3,4,85,0,0,0,4,1,3,193,14,179,12,0,12,40,2,35,1,2,
3171081001,DKI JAKARTA,JAKARTA PUSAT,JOHAR BARU,JOHAR BARU,214,5,1,3,205,0,0,0,3,0,3,660,31,629,90,0,90,120,4,85,6,25,
3173041002,DKI JAKARTA,JAKARTA BARAT,TAMBORA,KALI ANYAR,120,9,9,0,102,0,0,0,3,0,3,187,27,160,8,0,8,41,5,19,2,15,
3172041004,DKI JAKARTA,JAKARTA UTARA,CILINCING,KALI BARU,118,12,3,5,98,0,0,0,1,0,1,209,59,150,28,0,28,53,11,35,4,3,
3174081002,DKI JAKARTA,JAKARTA SELATAN,PANCORAN,KALIBATA,190,10,3,3,174,0,0,0,8,2,6,264,18,246,9,0,9,59,4,41,1,13,
3173061001,DKI JAKARTA,JAKARTA BARAT,KALI DERES,KALIDERES,386,6,37,4,339,0,0,0,5,0,5,1237,184,1053,25,0,25,80,4,57,4,15,
3175051004,DKI JAKARTA,JAKARTA TIMUR,PASAR REBO,KALISARI,181,2,7,0,172,0,0,0,1,0,1,132,26,106,7,0,7,46,3,31,2,10,
3173061004,DKI JAKARTA,JAKARTA BARAT,KALI DERES,KAMAL,147,2,15,3,127,0,0,0,0,0,0,291,30,261,1,0,1,10,2,4,2,2,
3172011002,DKI JAKARTA,JAKARTA UTARA,PENJARINGAN,KAMAL MUARA,14,0,0,0,14,0,0,0,4,0,4,45,17,28,0,0,0,17,1,15,1,0,
3171071007,DKI JAKARTA,JAKARTA PUSAT,TANAH ABANG,KAMPUNG BALI,75,4,10,2,59,0,0,0,2,1,1,99,0,99,0,0,0,19,0,15,1,3,
3175031001,DKI JAKARTA,JAKARTA TIMUR,JATINEGARA,KAMPUNG MELAYU,42,2,0,4,36,0,0,0,3,0,3,68,9,59,4,0,4,74,2,41,3,28,
3171081002,DKI JAKARTA,JAKARTA PUSAT,JOHAR BARU,KAMPUNG RAWA,114,10,1,0,103,1,0,1,0,0,0,281,8,273,61,0,61,92,3,66,9,14,
3175041002,DKI JAKARTA,JAKARTA TIMUR,KRAMAT JATI,KAMPUNG TENGAH,223,15,16,1,191,0,0,0,7,0,7,552,112,440,48,0,48,104,1,78,8,17,
3173011005,DKI JAKARTA,JAKARTA BARAT,CENGKARENG,KAPUK,162,7,8,16,131,0,0,0,5,1,4,485,125,360,10,0,10,61,6,33,6,16,
3172011003,DKI JAKARTA,JAKARTA UTARA,PENJARINGAN,KAPUK MUARA,56,2,1,0,53,0,0,0,9,2,7,146,43,103,16,0,16,34,10,17,3,4,
3171021002,DKI JAKARTA,JAKARTA PUSAT,SAWAH BESAR,KARANG ANYAR,229,16,5,4,204,1,1,0,3,0,3,411,15,396,8,0,8,55,2,42,5,6,
3174021004,DKI JAKARTA,JAKARTA SELATAN,SETIA BUDI,KARET,52,1,0,0,51,0,0,0,8,0,8,139,4,135,4,0,4,21,1,20,0,0,
3174021003,DKI JAKARTA,JAKARTA SELATAN,SETIA BUDI,KARET KUNINGAN,80,1,1,1,77,0,0,0,20,0,20,191,5,186,4,0,4,24,2,16,2,4,
3174021002,DKI JAKARTA,JAKARTA SELATAN,SETIA BUDI,KARET SEMANGGI,39,0,0,1,38,0,0,0,3,0,3,41,3,38,0,0,0,8,0,3,2,3,
3171071003,DKI JAKARTA,JAKARTA PUSAT,TANAH ABANG,KARET TENGSIN,105,5,22,0,78,0,0,0,7,0,7,132,6,126,0,0,0,18,1,13,1,3,
3171021003,DKI JAKARTA,JAKARTA PUSAT,SAWAH BESAR,KARTINI,167,8,1,1,157,0,0,0,0,0,0,277,12,265,14,0,14,55,2,45,1,7,
3175011003,DKI JAKARTA,JAKARTA TIMUR,MATRAMAN,KAYU MANIS,114,4,0,0,110,1,0,1,0,0,0,284,12,272,18,0,18,47,1,39,2,5,
3175021006,DKI JAKARTA,JAKARTA TIMUR,PULO GADUNG,KAYU PUTIH,168,11,1,4,152,0,0,0,10,0,10,438,96,342,21,0,21,88,6,56,5,21,
3173031006,DKI JAKARTA,JAKARTA BARAT,TAMAN SARI,KEAGUNGAN,77,1,24,0,52,0,0,0,2,2,0,139,30,109,7,0,7,19,3,6,0,10,
3174041007,DKI JAKARTA,JAKARTA SELATAN,PASAR MINGGU,KEBAGUSAN,133,7,6,1,119,0,0,0,0,0,0,187,41,146,10,0,10,42,7,28,0,7,
3174051006,DKI JAKARTA,JAKARTA SELATAN,KEBAYORAN LAMA,KEBAYORAN LAMA SELATAN,146,6,4,0,136,1,0,1,1,0,1,480,66,414,8,0,8,36,2,27,3,4,
3174051001,DKI JAKARTA,JAKARTA SELATAN,KEBAYORAN LAMA,KEBAYORAN LAMA UTARA,114,2,1,1,110,0,0,0,15,0,15,264,30,234,2,0,2,36,1,31,2,2,
3174011004,DKI JAKARTA,JAKARTA SELATAN,TEBET,KEBON BARU,88,2,4,2,80,0,0,0,15,0,15,280,18,262,13,0,13,38,1,35,0,2,
3172021005,DKI JAKARTA,JAKARTA UTARA,TANJUNG PRIOK,KEBON BAWANG,193,8,22,1,162,0,0,0,10,3,7,409,95,314,47,0,47,140,7,59,1,73,
3173051001,DKI JAKARTA,JAKARTA BARAT,KEBON JERUK,KEBON JERUK,208,4,3,5,196,0,0,0,9,0,9,719,35,684,49,0,49,93,4,75,9,5,
3171071006,DKI JAKARTA,JAKARTA PUSAT,TANAH ABANG,KEBON KACANG,284,6,14,1,263,0,0,0,0,0,0,275,7,268,3,0,3,120,2,98,9,11,
3171011005,DKI JAKARTA,JAKARTA PUSAT,GAMBIR,KEBON KELAPA,62,5,1,1,55,0,0,0,1,0,1,74,4,70,0,0,0,10,0,8,1,1,
3171031002,DKI JAKARTA,JAKARTA PUSAT,KEMAYORAN,KEBON KOSONG,153,7,12,5,129,0,0,0,7,0,7,189,37,152,24,0,24,61,0,44,5,12,
3175011005,DKI JAKARTA,JAKARTA TIMUR,MATRAMAN,KEBON MANGGIS,69,3,5,4,57,0,0,0,1,0,1,68,8,60,17,0,17,43,2,30,2,9,
3171071005,DKI JAKARTA,JAKARTA PUSAT,TANAH ABANG,KEBON MELATI,241,11,10,2,218,0,0,0,5,0,5,288,7,281,2,0,2,95,8,74,6,7,
3175081003,DKI JAKARTA,JAKARTA TIMUR,MAKASAR,KEBON PALA,63,1,2,1,59,0,0,0,2,0,2,345,92,253,11,0,11,45,3,28,0,14,
3171061005,DKI JAKARTA,JAKARTA PUSAT,MENTENG,KEBON SIRIH,64,0,3,2,59,0,0,0,2,0,2,179,16,163,11,0,11,36,0,33,2,1,
3173011004,DKI JAKARTA,JAKARTA BARAT,CENGKARENG,KEDAUNG KALI ANGKE,52,3,2,0,47,0,0,0,1,0,1,130,10,120,3,0,3,35,5,22,1,7,
3173051007,DKI JAKARTA,JAKARTA BARAT,KEBON JERUK,KEDOYA SELATAN,99,2,1,5,91,1,0,1,4,0,4,233,11,222,12,0,12,32,0,29,2,1,
3173051006,DKI JAKARTA,JAKARTA BARAT,KEBON JERUK,KEDOYA UTARA,87,4,1,2,80,0,0,0,15,0,15,333,17,316,19,0,19,39,3,33,0,3,
3173051004,DKI JAKARTA,JAKARTA BARAT,KEBON JERUK,KELAPA DUA,56,0,0,0,56,0,0,0,1,0,1,159,23,136,16,0,16,38,1,29,2,6,
3175091003,DKI JAKARTA,JAKARTA TIMUR,CIRACAS,KELAPA DUA WETAN,126,2,4,1,119,0,0,0,0,0,0,481,55,426,32,0,32,40,8,30,1,1,
3172061003,DKI JAKARTA,JAKARTA UTARA,KELAPA GADING,KELAPA GADING BARAT,325,2,15,2,306,0,0,0,38,3,35,575,48,527,30,0,30,87,8,67,5,7,
3172061001,DKI JAKARTA,JAKARTA UTARA,KELAPA GADING,KELAPA GADING TIMUR,309,3,10,2,294,0,0,0,15,5,10,590,38,552,25,0,25,69,6,43,8,12,
3173071005,DKI JAKARTA,JAKARTA BARAT,PALMERAH,KEMANGGISAN,140,5,6,6,123,0,0,0,4,2,2,326,40,286,44,0,44,59,7,37,3,12,
3171031001,DKI JAKARTA,JAKARTA PUSAT,KEMAYORAN,KEMAYORAN,162,5,5,3,149,0,0,0,0,0,0,254,11,243,19,0,19,84,6,51,2,25,
3173081006,DKI JAKARTA,JAKARTA BARAT,KEMBANGAN,KEMBANGAN SELATAN,65,3,1,1,60,0,0,0,5,0,5,249,15,234,51,0,51,35,0,30,1,4,
3173081001,DKI JAKARTA,JAKARTA BARAT,KEMBANGAN,KEMBANGAN UTARA,119,7,9,3,100,0,0,0,2,0,2,578,63,515,10,0,10,56,8,36,1,11,
3171041002,DKI JAKARTA,JAKARTA PUSAT,SENEN,KENARI,96,0,4,1,91,0,0,0,0,0,0,263,9,254,43,0,43,130,1,125,2,2,
3173041005,DKI JAKARTA,JAKARTA BARAT,TAMBORA,KERENDANG,110,9,3,2,96,0,0,0,0,0,0,108,9,99,1,0,1,49,1,31,5,12,
3175071003,DKI JAKARTA,JAKARTA TIMUR,DUREN SAWIT,KLENDER,261,3,4,2,252,0,0,0,2,0,2,248,24,224,10,0,10,88,4,53,9,22,
3172031001,DKI JAKARTA,JAKARTA UTARA,KOJA,KOJA,144,3,0,0,141,0,0,0,4,0,4,194,14,180,25,0,25,32,5,24,1,2,
3173071006,DKI JAKARTA,JAKARTA BARAT,PALMERAH,KOTA BAMBU SELATAN,208,4,21,5,178,0,0,0,0,0,0,528,54,474,70,0,70,114,8,74,3,29,
3173071003,DKI JAKARTA,JAKARTA BARAT,PALMERAH,KOTA BAMBU UTARA,178,9,11,11,147,0,0,0,0,0,0,322,48,274,49,0,49,105,5,70,4,26,
3171041004,DKI JAKARTA,JAKARTA PUSAT,SENEN,KRAMAT,174,8,17,5,144,0,0,0,3,0,3,537,52,485,30,0,30,150,4,115,8,23,
3175041001,DKI JAKARTA,JAKARTA TIMUR,KRAMAT JATI,KRAMAT JATI,115,4,9,1,101,0,0,0,5,1,4,242,36,206,19,0,19,29,2,17,2,8,
3174071003,DKI JAKARTA,JAKARTA SELATAN,KEBAYORAN BARU,KRAMAT PELA,31,2,0,0,29,0,0,0,0,0,0,325,123,202,3,0,3,18,2,14,0,2,
3173031002,DKI JAKARTA,JAKARTA BARAT,TAMAN SARI,KRUKUT,68,2,1,6,59,0,0,0,3,0,3,162,12,150,9,0,9,33,1,27,2,3,
3174031005,DKI JAKARTA,JAKARTA SELATAN,MAMPANG PRAPATAN,KUNINGAN BARAT,39,1,0,1,37,0,0,0,0,0,0,254,4,250,4,0,4,10,0,7,0,3,
3174021008,DKI JAKARTA,JAKARTA SELATAN,SETIA BUDI,KUNINGAN TIMUR,63,0,0,1,62,0,0,0,17,0,17,49,2,47,1,0,1,9,1,6,2,0,
3171041005,DKI JAKARTA,JAKARTA PUSAT,SENEN,KWITANG,144,0,29,0,115,1,0,1,2,0,2,274,19,255,7,0,7,39,3,29,3,4,
3172031003,DKI JAKARTA,JAKARTA UTARA,KOJA,LAGOA,255,2,2,1,250,0,0,0,4,0,4,203,26,177,35,0,35,163,5,94,5,59,
3174061002,DKI JAKARTA,JAKARTA SELATAN,CILANDAK,LEBAK BULUS,135,9,2,2,122,0,0,0,27,0,27,258,8,250,20,0,20,40,3,30,6,1,
3174091004,DKI JAKARTA,JAKARTA SELATAN,JAGAKARSA,LENTENG AGUNG,313,9,9,0,295,0,0,0,3,0,3,144,14,130,7,0,7,38,2,30,0,6,
LUAR DKI JAKARTA,LUAR DKI JAKARTA,LUAR DKI JAKARTA,LUAR DKI JAKARTA,LUAR DKI JAKARTA,11087,384,268,97,10338,11,1,10,305,34,271,13592,1362,12230,689,0,689,2886,142,2416,75,253,
3175101007,DKI JAKARTA,JAKARTA TIMUR,CIPAYUNG,LUBANG BUAYA,169,2,0,3,164,0,0,0,3,0,3,276,35,241,24,0,24,45,1,24,0,20,
3175081001,DKI JAKARTA,JAKARTA TIMUR,MAKASAR,MAKASAR,77,6,0,1,70,0,0,0,4,0,4,304,68,236,16,0,16,14,0,10,0,4,
3175071006,DKI JAKARTA,JAKARTA TIMUR,DUREN SAWIT,MALAKA JAYA,142,3,0,2,137,0,0,0,2,0,2,157,11,146,9,0,9,35,1,30,0,4,
3175071005,DKI JAKARTA,JAKARTA TIMUR,DUREN SAWIT,MALAKA SARI,132,1,0,1,130,0,0,0,0,0,0,101,14,87,6,0,6,40,0,31,2,7,
3174031001,DKI JAKARTA,JAKARTA SELATAN,MAMPANG PRAPATAN,MAMPANG PRAPATAN,80,6,0,2,72,0,0,0,0,0,0,391,86,305,8,0,8,32,3,21,3,5,
3173031005,DKI JAKARTA,JAKARTA BARAT,TAMAN SARI,MANGGA BESAR,40,1,2,1,36,0,0,0,0,0,0,78,14,64,3,0,3,5,0,4,0,1,
3171021005,DKI JAKARTA,JAKARTA PUSAT,SAWAH BESAR,MANGGA DUA SELATAN,106,11,1,1,93,0,0,0,1,0,1,188,15,173,8,0,8,26,0,23,0,3,
3174011007,DKI JAKARTA,JAKARTA SELATAN,TEBET,MANGGARAI,81,4,1,0,76,0,0,0,4,0,4,217,12,205,18,0,18,24,2,22,0,0,
3174011006,DKI JAKARTA,JAKARTA SELATAN,TEBET,MANGGARAI SELATAN,54,1,3,2,48,0,0,0,6,0,6,250,36,214,16,0,16,33,2,21,2,8,
3173031003,DKI JAKARTA,JAKARTA BARAT,TAMAN SARI,MAPHAR,88,4,1,1,82,0,0,0,5,0,5,147,14,133,35,0,35,90,1,76,0,13,
3172041003,DKI JAKARTA,JAKARTA UTARA,CILINCING,MARUNDA,106,3,37,0,66,0,0,0,0,0,0,117,20,97,8,0,8,23,6,12,1,4,
3174071001,DKI JAKARTA,JAKARTA SELATAN,KEBAYORAN BARU,MELAWAI,9,0,1,0,8,0,0,0,1,0,1,26,0,26,0,0,0,5,0,5,0,0,
3171061001,DKI JAKARTA,JAKARTA PUSAT,MENTENG,MENTENG,96,1,6,2,87,1,0,1,1,0,1,304,30,274,16,0,16,42,2,34,4,2,
3174021005,DKI JAKARTA,JAKARTA SELATAN,SETIA BUDI,MENTENG ATAS,133,0,9,3,121,0,0,0,40,7,33,618,107,511,31,0,31,66,1,30,2,33,
3174011003,DKI JAKARTA,JAKARTA SELATAN,TEBET,MENTENG DALAM,137,2,20,4,111,0,0,0,11,0,11,291,22,269,37,0,37,56,3,36,4,13,
3173081003,DKI JAKARTA,JAKARTA BARAT,KEMBANGAN,MERUYA SELATAN,82,6,3,1,72,0,0,0,2,0,2,212,82,130,14,0,14,31,2,26,2,1,
3173081002,DKI JAKARTA,JAKARTA BARAT,KEMBANGAN,MERUYA UTARA,94,5,4,6,79,0,0,0,3,0,3,216,42,174,7,0,7,37,2,33,0,2,
3175101004,DKI JAKARTA,JAKARTA TIMUR,CIPAYUNG,MUNJUL,75,1,6,0,68,0,0,0,2,0,2,82,22,60,21,0,21,27,1,16,0,10,
3172051002,DKI JAKARTA,JAKARTA UTARA,PADEMANGAN,PADEMANGAN BARAT,811,18,153,5,635,0,0,0,5,1,4,1453,109,1344,19,0,19,274,5,190,15,64,
3172051001,DKI JAKARTA,JAKARTA UTARA,PADEMANGAN,PADEMANGAN TIMUR,207,2,10,2,193,0,0,0,12,1,11,414,19,395,9,0,9,45,3,37,2,3,
3175011004,DKI JAKARTA,JAKARTA TIMUR,MATRAMAN,PAL MERIAM,111,5,0,2,104,1,0,1,1,0,1,326,10,316,56,0,56,79,3,52,5,19,
3173071001,DKI JAKARTA,JAKARTA BARAT,PALMERAH,PALMERAH,437,15,36,2,384,0,0,0,1,0,1,836,145,691,63,0,63,139,9,98,8,24,
3174081001,DKI JAKARTA,JAKARTA SELATAN,PANCORAN,PANCORAN,94,2,3,0,89,0,0,0,8,0,8,304,28,276,5,0,5,30,4,22,3,1,
3172021003,DKI JAKARTA,JAKARTA UTARA,TANJUNG PRIOK,PAPANGGO,132,0,20,0,112,0,0,0,5,1,4,327,79,248,43,0,43,37,2,16,2,17,
3171021001,DKI JAKARTA,JAKARTA PUSAT,SAWAH BESAR,PASAR BARU,85,6,1,2,76,0,0,0,4,0,4,177,7,170,3,0,3,26,4,20,0,2,
3174021006,DKI JAKARTA,JAKARTA SELATAN,SETIA BUDI,PASAR MANGGIS,85,2,2,3,78,0,0,0,15,0,15,356,6,350,14,0,14,37,1,28,2,6,
3174041001,DKI JAKARTA,JAKARTA SELATAN,PASAR MINGGU,PASAR MINGGU,120,7,5,1,107,0,0,0,3,1,2,239,18,221,3,0,3,41,2,28,2,9,
3171041003,DKI JAKARTA,JAKARTA PUSAT,SENEN,PASEBAN,202,4,6,1,191,0,0,0,3,0,3,351,46,305,59,0,59,97,5,85,5,2,
3173061005,DKI JAKARTA,JAKARTA BARAT,KALI DERES,PEGADUNGAN,303,4,36,7,256,0,0,0,6,0,6,691,83,608,16,0,16,70,6,54,3,7,
3171061002,DKI JAKARTA,JAKARTA PUSAT,MENTENG,PEGANGSAAN,120,16,5,2,97,0,0,0,0,0,0,452,26,426,46,0,46,127,2,115,2,8,
3172061002,DKI JAKARTA,JAKARTA UTARA,KELAPA GADING,PEGANGSAAN DUA,372,7,24,1,340,0,0,0,36,11,25,897,94,803,75,0,75,120,7,54,4,55,
3172011004,DKI JAKARTA,JAKARTA UTARA,PENJARINGAN,PEJAGALAN,105,5,4,2,94,0,0,0,5,0,5,350,31,319,24,0,24,48,7,33,3,5,
3174041006,DKI JAKARTA,JAKARTA SELATAN,PASAR MINGGU,PEJATEN BARAT,126,3,4,2,117,2,0,2,1,0,1,324,130,194,11,0,11,42,7,30,2,3,
3174041005,DKI JAKARTA,JAKARTA SELATAN,PASAR MINGGU,PEJATEN TIMUR,160,6,2,1,151,1,0,1,1,0,1,265,30,235,19,0,19,60,4,48,5,3,
3175051005,DKI JAKARTA,JAKARTA TIMUR,PASAR REBO,PEKAYON,257,2,2,1,252,0,0,0,2,0,2,82,8,74,8,0,8,23,3,12,2,6,
3173041009,DKI JAKARTA,JAKARTA BARAT,TAMBORA,PEKOJAN,127,2,3,2,120,0,0,0,2,0,2,128,3,125,16,0,16,25,0,24,1,0,
3174031003,DKI JAKARTA,JAKARTA SELATAN,MAMPANG PRAPATAN,PELA MAMPANG,146,7,0,2,137,0,0,0,13,1,12,522,30,492,4,0,4,37,2,20,4,11,
3174081005,DKI JAKARTA,JAKARTA SELATAN,PANCORAN,PENGADEGAN,66,2,3,2,59,0,0,0,7,0,7,153,11,142,6,0,6,20,1,16,0,3,
3175061003,DKI JAKARTA,JAKARTA TIMUR,CAKUNG,PENGGILINGAN,162,3,0,1,158,0,0,0,4,1,3,406,124,282,56,0,56,107,5,62,4,36,
3172011001,DKI JAKARTA,JAKARTA UTARA,PENJARINGAN,PENJARINGAN,328,11,4,4,309,1,0,1,21,1,20,1955,52,1903,111,0,111,200,10,178,6,6,
3174101001,DKI JAKARTA,JAKARTA SELATAN,PESANGGRAHAN,PESANGGRAHAN,164,4,14,4,142,0,0,0,0,0,0,204,12,192,16,0,16,20,0,13,3,4,
3171071004,DKI JAKARTA,JAKARTA PUSAT,TANAH ABANG,PETAMBURAN,334,7,9,7,311,0,0,0,7,0,7,239,21,218,3,0,3,150,3,134,9,4,
3174071008,DKI JAKARTA,JAKARTA SELATAN,KEBAYORAN BARU,PETOGOGAN,46,0,10,0,36,0,0,0,2,0,2,145,52,93,0,0,0,9,0,9,0,0,
3171011004,DKI JAKARTA,JAKARTA PUSAT,GAMBIR,PETOJO SELATAN,79,7,3,1,68,0,0,0,14,1,13,270,17,253,13,0,13,31,1,25,2,3,
3171011003,DKI JAKARTA,JAKARTA PUSAT,GAMBIR,PETOJO UTARA,78,10,4,3,61,0,0,0,10,0,10,187,11,176,25,0,25,41,2,33,2,4,
3174101004,DKI JAKARTA,JAKARTA SELATAN,PESANGGRAHAN,PETUKANGAN SELATAN,165,11,26,2,126,0,0,0,0,0,0,370,40,330,6,0,6,9,0,9,0,0,
3174101003,DKI JAKARTA,JAKARTA SELATAN,PESANGGRAHAN,PETUKANGAN UTARA,188,7,3,4,174,1,0,1,3,0,3,445,22,423,6,0,6,38,2,32,2,2,
3175081002,DKI JAKARTA,JAKARTA TIMUR,MAKASAR,PINANG RANTI,58,2,0,1,55,0,0,0,0,0,0,321,146,175,21,0,21,37,6,16,2,13,
3173031008,DKI JAKARTA,JAKARTA BARAT,TAMAN SARI,PINANGSIA,36,0,9,1,26,0,0,0,2,0,2,123,28,95,0,0,0,13,2,3,0,8,
3175011001,DKI JAKARTA,JAKARTA TIMUR,MATRAMAN,PISANGAN BARU,95,5,0,3,87,0,0,0,1,0,1,120,15,105,24,0,24,36,2,28,4,2,
3175021002,DKI JAKARTA,JAKARTA TIMUR,PULO GADUNG,PISANGAN TIMUR,127,3,4,4,116,0,0,0,10,0,10,281,24,257,20,0,20,41,3,23,3,12,
3172011005,DKI JAKARTA,JAKARTA UTARA,PENJARINGAN,PLUIT,116,3,6,4,103,0,0,0,11,1,10,493,55,438,8,0,8,65,6,47,6,6,
3175071002,DKI JAKARTA,JAKARTA TIMUR,DUREN SAWIT,PONDOK BAMBU,444,7,3,0,434,0,0,0,3,0,3,192,13,179,7,0,7,103,0,95,4,4,
3175071004,DKI JAKARTA,JAKARTA TIMUR,DUREN SAWIT,PONDOK KELAPA,209,4,4,0,201,0,0,0,6,1,5,329,28,301,9,0,9,88,3,70,4,11,
3175071007,DKI JAKARTA,JAKARTA TIMUR,DUREN SAWIT,PONDOK KOPI,125,0,1,1,123,0,0,0,1,0,1,99,8,91,5,0,5,32,0,27,5,0,
3174061003,DKI JAKARTA,JAKARTA SELATAN,CILANDAK,PONDOK LABU,144,2,2,1,139,2,0,2,71,0,71,407,10,397,34,0,34,41,2,37,1,1,
3174051002,DKI JAKARTA,JAKARTA SELATAN,KEBAYORAN LAMA,PONDOK PINANG,225,15,1,4,205,0,0,0,43,0,43,407,18,389,9,0,9,67,5,48,9,5,
3175101003,DKI JAKARTA,JAKARTA TIMUR,CIPAYUNG,PONDOK RANGGON,74,0,0,3,71,0,0,0,2,0,2,98,20,78,21,0,21,19,1,13,1,4,
3101011003,DKI JAKARTA,KAB.ADM.KEP.SERIBU,KEP. SERIBU UTARA,PULAU HARAPAN,59,0,0,0,59,0,0,0,0,0,0,56,1,55,0,0,0,1,0,0,0,1,
3101011002,DKI JAKARTA,KAB.ADM.KEP.SERIBU,KEP. SERIBU UTARA,PULAU KELAPA,43,0,0,1,42,0,0,0,0,0,0,137,0,137,1,0,1,1,0,1,0,0,
3101011001,DKI JAKARTA,KAB.ADM.KEP.SERIBU,KEP. SERIBU UTARA,PULAU PANGGANG,50,0,0,1,49,0,0,0,0,0,0,129,0,129,4,0,4,3,0,1,0,2,
3101021003,DKI JAKARTA,KAB.ADM.KEP.SERIBU,KEP. SERIBU SELATAN,PULAU PARI,6,0,0,0,6,0,0,0,0,0,0,155,0,155,1,0,1,3,0,2,0,1,
3101021002,DKI JAKARTA,KAB.ADM.KEP.SERIBU,KEP. SERIBU SELATAN,PULAU TIDUNG,29,0,0,0,29,0,0,0,0,0,0,327,0,327,1,0,1,27,0,24,0,3,
3101021001,DKI JAKARTA,KAB.ADM.KEP.SERIBU,KEP. SERIBU SELATAN,PULAU UNTUNG JAWA,15,0,0,0,15,0,0,0,0,0,0,95,0,95,0,0,0,2,0,2,0,0,
3174071007,DKI JAKARTA,JAKARTA SELATAN,KEBAYORAN BARU,PULO,25,0,0,1,24,0,0,0,1,0,1,87,2,85,0,0,0,8,0,8,0,0,
3175021001,DKI JAKARTA,JAKARTA TIMUR,PULO GADUNG,PULO GADUNG,105,8,2,2,93,0,0,0,8,0,8,299,39,260,16,0,16,41,0,27,3,11,
3175061005,DKI JAKARTA,JAKARTA TIMUR,CAKUNG,PULO GEBANG,124,4,5,2,113,0,0,0,4,0,4,395,55,340,45,0,45,66,4,51,3,8,
3174041004,DKI JAKARTA,JAKARTA SELATAN,PASAR MINGGU,RAGUNAN,183,7,3,2,171,1,0,1,1,0,1,285,98,187,8,0,8,15,0,11,3,1,
3175091005,DKI JAKARTA,JAKARTA TIMUR,CIRACAS,RAMBUTAN,91,2,2,1,86,1,0,1,9,8,1,391,125,266,25,0,25,33,1,23,0,9,
3172031006,DKI JAKARTA,JAKARTA UTARA,KOJA,RAWA BADAK SELATAN,235,8,2,2,223,0,0,0,2,0,2,224,17,207,37,0,37,55,4,44,3,4,
3172031004,DKI JAKARTA,JAKARTA UTARA,KOJA,RAWA BADAK UTARA,160,2,1,1,156,0,0,0,2,0,2,195,16,179,39,0,39,46,4,33,2,7,
3174071005,DKI JAKARTA,JAKARTA SELATAN,KEBAYORAN BARU,RAWA BARAT,27,0,0,2,25,0,0,0,0,0,0,54,2,52,0,0,0,7,0,6,1,0,
3173011003,DKI JAKARTA,JAKARTA BARAT,CENGKARENG,RAWA BUAYA,67,2,3,2,60,0,0,0,4,1,3,208,29,179,2,0,2,49,3,30,1,15,
3175031004,DKI JAKARTA,JAKARTA TIMUR,JATINEGARA,RAWA BUNGA,21,2,1,1,17,0,0,0,0,0,0,38,5,33,2,0,2,18,6,11,0,1,
3174081003,DKI JAKARTA,JAKARTA SELATAN,PANCORAN,RAWA JATI,96,4,1,0,91,0,0,0,10,0,10,219,17,202,4,0,4,13,2,8,0,3,
3175061002,DKI JAKARTA,JAKARTA TIMUR,CAKUNG,RAWA TERATE,25,0,1,0,24,0,0,0,2,0,2,125,8,117,0,0,0,10,0,7,0,3,
3175021005,DKI JAKARTA,JAKARTA TIMUR,PULO GADUNG,RAWAMANGUN,91,3,1,0,87,0,0,0,2,0,2,312,24,288,17,0,17,44,4,31,1,8,
3171051003,DKI JAKARTA,JAKARTA PUSAT,CEMPAKA PUTIH,RAWASARI,268,13,6,2,247,0,0,0,3,0,3,557,40,517,21,0,21,66,1,41,4,20,
3173041010,DKI JAKARTA,JAKARTA BARAT,TAMBORA,ROA MALAKA,9,0,2,0,7,0,0,0,0,0,0,15,1,14,0,0,0,2,0,0,0,2,
3172041006,DKI JAKARTA,JAKARTA UTARA,CILINCING,ROROTAN,86,3,4,2,77,0,0,0,1,0,1,204,46,158,57,0,57,30,5,21,1,3,
3174071004,DKI JAKARTA,JAKARTA SELATAN,KEBAYORAN BARU,SELONG,12,0,1,0,11,0,0,0,2,0,2,57,1,56,0,0,0,8,1,7,0,0,
3173061002,DKI JAKARTA,JAKARTA BARAT,KALI DERES,SEMANAN,149,2,14,3,130,0,0,0,2,1,1,434,41,393,6,0,6,32,3,21,1,7,
3172041007,DKI JAKARTA,JAKARTA UTARA,CILINCING,SEMPER BARAT,221,6,8,1,206,0,0,0,10,0,10,491,108,383,71,0,71,114,12,81,2,19,
3172041005,DKI JAKARTA,JAKARTA UTARA,CILINCING,SEMPER TIMUR,141,9,21,1,110,0,0,0,2,1,1,256,74,182,30,0,30,47,8,29,2,8,
3174071006,DKI JAKARTA,JAKARTA SELATAN,KEBAYORAN BARU,SENAYAN,22,0,0,0,22,0,0,0,9,0,9,137,15,122,0,0,0,17,1,16,0,0,
3171041001,DKI JAKARTA,JAKARTA PUSAT,SENEN,SENEN,92,2,19,0,71,0,0,0,5,1,4,491,71,420,24,0,24,57,3,37,1,16,
3171031004,DKI JAKARTA,JAKARTA PUSAT,KEMAYORAN,SERDANG,159,2,8,2,147,0,0,0,2,0,2,202,16,186,18,0,18,50,1,34,2,13,
3174021001,DKI JAKARTA,JAKARTA SELATAN,SETIA BUDI,SETIA BUDI,29,0,1,0,28,0,0,0,3,0,3,90,4,86,6,0,6,5,1,4,0,0,
3175101005,DKI JAKARTA,JAKARTA TIMUR,CIPAYUNG,SETU,79,5,2,0,72,0,0,0,1,0,1,72,10,62,11,0,11,14,2,6,0,6,
3173071002,DKI JAKARTA,JAKARTA BARAT,PALMERAH,SLIPI,179,2,9,2,166,0,0,0,2,0,2,244,35,209,33,0,33,38,4,26,1,7,
3173081004,DKI JAKARTA,JAKARTA BARAT,KEMBANGAN,SRENGSENG,133,2,5,3,123,0,0,0,5,0,5,396,61,335,17,0,17,75,2,46,3,24,
3174091002,DKI JAKARTA,JAKARTA SELATAN,JAGAKARSA,SRENGSENG SAWAH,271,7,43,0,221,1,0,1,5,0,5,214,22,192,11,0,11,49,1,31,3,14,
3173051003,DKI JAKARTA,JAKARTA BARAT,KEBON JERUK,SUKABUMI SELATAN,105,5,1,4,95,0,0,0,1,0,1,224,16,208,23,0,23,53,4,43,1,5,
3173051002,DKI JAKARTA,JAKARTA BARAT,KEBON JERUK,SUKABUMI UTARA,95,1,1,3,90,0,0,0,18,0,18,245,21,224,39,0,39,52,2,38,4,8,
3172041002,DKI JAKARTA,JAKARTA UTARA,CILINCING,SUKAPURA,217,1,14,2,200,0,0,0,5,0,5,461,111,350,63,0,63,83,9,69,3,2,
3171031007,DKI JAKARTA,JAKARTA PUSAT,KEMAYORAN,SUMUR BATU,131,12,3,1,115,0,0,0,4,0,4,147,20,127,10,0,10,34,2,26,1,5,
3172021004,DKI JAKARTA,JAKARTA UTARA,TANJUNG PRIOK,SUNGAI BAMBU,86,2,7,0,77,0,0,0,6,1,5,227,23,204,28,0,28,23,1,16,3,3,
3172021006,DKI JAKARTA,JAKARTA UTARA,TANJUNG PRIOK,SUNTER AGUNG,358,10,12,1,335,0,0,0,17,0,17,938,67,871,54,0,54,196,4,173,11,8,
3172021002,DKI JAKARTA,JAKARTA UTARA,TANJUNG PRIOK,SUNTER JAYA,309,15,16,6,272,0,0,0,4,0,4,666,99,567,138,0,138,171,8,134,11,18,
3175091004,DKI JAKARTA,JAKARTA TIMUR,CIRACAS,SUSUKAN,62,1,5,1,55,0,0,0,7,1,6,585,24,561,67,0,67,34,4,24,1,5,
3173031001,DKI JAKARTA,JAKARTA BARAT,TAMAN SARI,TAMAN SARI,88,5,2,0,81,0,0,0,0,0,0,160,16,144,10,0,10,25,2,10,1,12,
3173041001,DKI JAKARTA,JAKARTA BARAT,TAMBORA,TAMBORA,69,0,5,3,61,0,0,0,0,0,0,183,9,174,1,0,1,8,1,4,0,3,
3173041004,DKI JAKARTA,JAKARTA BARAT,TAMBORA,TANAH SEREAL,137,10,3,2,122,0,0,0,4,0,4,110,19,91,2,0,2,49,2,31,5,11,
3171081004,DKI JAKARTA,JAKARTA PUSAT,JOHAR BARU,TANAH TINGGI,184,9,5,3,167,1,0,1,1,0,1,295,9,286,30,0,30,131,7,78,10,36,
3173031004,DKI JAKARTA,JAKARTA BARAT,TAMAN SARI,TANGKI,89,5,4,1,79,0,0,0,2,1,1,157,27,130,2,0,2,14,0,11,1,2,
3174091005,DKI JAKARTA,JAKARTA SELATAN,JAGAKARSA,TANJUNG BARAT,243,8,5,1,229,0,0,0,1,0,1,123,8,115,8,0,8,43,2,35,2,4,
3173021005,DKI JAKARTA,JAKARTA BARAT,GROGOL PETAMBURAN,TANJUNG DUREN SELATAN,124,14,2,1,107,0,0,0,18,0,18,263,50,213,16,0,16,87,10,48,5,24,
3173021002,DKI JAKARTA,JAKARTA BARAT,GROGOL PETAMBURAN,TANJUNG DUREN UTARA,95,5,1,0,89,0,0,0,20,0,20,209,13,196,15,0,15,34,6,19,1,8,
3172021001,DKI JAKARTA,JAKARTA UTARA,TANJUNG PRIOK,TANJUNG PRIOK,149,4,10,6,129,0,0,0,9,1,8,260,39,221,39,0,39,89,5,59,6,19,
3174011002,DKI JAKARTA,JAKARTA SELATAN,TEBET,TEBET BARAT,120,0,5,0,115,0,0,0,7,0,7,291,18,273,18,0,18,66,2,37,3,24,
3174011001,DKI JAKARTA,JAKARTA SELATAN,TEBET,TEBET TIMUR,74,5,3,2,64,0,0,0,5,0,5,251,17,234,26,0,26,32,5,19,3,5,
3173061003,DKI JAKARTA,JAKARTA BARAT,KALI DERES,TEGAL ALUR,274,3,37,6,228,0,0,0,2,1,1,414,54,360,8,0,8,42,8,23,2,9,
3174031004,DKI JAKARTA,JAKARTA SELATAN,MAMPANG PRAPATAN,TEGAL PARANG,114,8,3,3,100,0,0,0,3,1,2,351,43,308,1,0,1,27,2,20,1,4,
3173021003,DKI JAKARTA,JAKARTA BARAT,GROGOL PETAMBURAN,TOMANG,149,10,4,2,133,0,0,0,10,0,10,275,17,258,70,0,70,115,3,95,2,15,
3172031005,DKI JAKARTA,JAKARTA UTARA,KOJA,TUGU SELATAN,194,6,1,1,186,0,0,0,1,1,0,163,9,154,53,0,53,40,1,29,2,8,
3172031002,DKI JAKARTA,JAKARTA UTARA,KOJA,TUGU UTARA,394,15,3,0,376,0,0,0,5,1,4,332,25,307,62,0,62,69,3,53,5,8,
3175061006,DKI JAKARTA,JAKARTA TIMUR,CAKUNG,UJUNG MENTENG,38,0,0,2,36,0,0,0,0,0,0,158,24,134,11,0,11,16,2,9,2,3,
3174101005,DKI JAKARTA,JAKARTA SELATAN,PESANGGRAHAN,ULUJAMI,232,3,37,2,190,0,0,0,0,0,0,619,189,430,24,0,24,67,1,30,3,33,
3175011006,DKI JAKARTA,JAKARTA TIMUR,MATRAMAN,UTAN KAYU SELATAN,198,13,0,8,177,0,0,0,1,0,1,301,19,282,76,0,76,75,1,54,4,16,
3175011002,DKI JAKARTA,JAKARTA TIMUR,MATRAMAN,UTAN KAYU UTARA,124,3,2,0,119,1,0,1,0,0,0,186,6,180,35,0,35,33,1,23,2,7,
3171031008,DKI JAKARTA,JAKARTA PUSAT,KEMAYORAN,UTAN PANJANG,155,7,12,2,134,0,0,0,2,0,2,145,27,118,17,0,17,39,5,24,2,8,
3172021007,DKI JAKARTA,JAKARTA UTARA,TANJUNG PRIOK,WARAKAS,116,2,6,2,106,0,0,0,7,3,4,266,31,235,40,0,40,66,6,50,2,8,
3173021007,DKI JAKARTA,JAKARTA BARAT,GROGOL PETAMBURAN,WIJAYA KUSUMA,171,2,42,2,125,0,0,0,5,4,1,456,184,272,11,0,11,73,10,19,2,42,
