id_kel,nama_provinsi,nama_kota,nama_kecamatan,nama_kelurahan,suspek,perawatan_rs,isolasi_di_rumah,suspek_meninggal,selesai_isolasi,probable,perawatan_rs,probable_meninggal,selesai_isolasi,pelaku_perjalanan,isolasi_di_rumah,selesai_isolasi,kontak_erat,isolasi_di_rumah,selesai_isolasi,discarded,positif,dirawat,sembuh,meninggal,self_isolation,keterangan
3172051003,DKI JAKARTA,JAKARTA UTARA,PADEMANGAN,ANCOL,104,4,0,0,100,0,0,0,0,5,0,5,249,4,245,4,39,2,33,0,4,
3173041007,DKI JAKARTA,JAKARTA BARAT,TAMBORA,ANGKE,180,0,0,1,179,0,0,0,0,0,0,0,272,6,266,22,45,4,29,2,10,
3175041005,DKI JAKARTA,JAKARTA TIMUR,KRAMAT JATI,BALE KAMBANG,55,4,0,0,51,0,0,0,0,2,0,2,87,3,84,22,22,1,16,1,4,
3175031003,DKI JAKARTA,JAKARTA TIMUR,JATINEGARA,BALI MESTER,33,0,0,1,32,0,0,0,0,0,0,0,25,0,25,0,6,0,5,1,0,
3175101006,DKI JAKARTA,JAKARTA TIMUR,CIPAYUNG,BAMBU APUS,104,0,1,1,102,0,0,0,0,2,0,2,106,4,102,14,22,3,15,0,4,
3174031002,DKI JAKARTA,JAKARTA SELATAN,MAMPANG PRAPATAN,BANGKA,86,1,0,2,83,0,0,0,0,18,0,18,353,13,340,6,25,0,20,2,3,
3175051002,DKI JAKARTA,JAKARTA TIMUR,PASAR REBO,BARU,49,3,0,1,45,0,0,0,0,2,0,2,54,2,52,6,14,0,8,0,6,
3175041004,DKI JAKARTA,JAKARTA TIMUR,KRAMAT JATI,BATU AMPAR,118,5,1,0,112,1,0,1,0,1,0,1,184,10,174,24,35,1,26,3,5,
BELUM DIKETAHUI,BELUM DIKETAHUI,BELUM DIKETAHUI,BELUM DIKETAHUI,BELUM DIKETAHUI,11211,0,0,1628,9583,1,0,0,1,124,0,124,6716,47,6669,82,2316,329,536,35,1416,
3171071002,DKI JAKARTA,JAKARTA PUSAT,TANAH ABANG,BENDUNGAN HILIR,124,6,17,0,101,0,0,0,0,2,0,2,209,2,207,4,29,0,25,1,3,
3175031002,DKI JAKARTA,JAKARTA TIMUR,JATINEGARA,BIDARA CINA,42,0,0,3,39,0,0,0,0,0,0,0,84,9,75,21,60,2,45,7,6,
3174101002,DKI JAKARTA,JAKARTA SELATAN,PESANGGRAHAN,BINTARO,296,9,2,2,283,1,0,0,1,7,0,7,550,93,457,17,62,1,41,6,14,
3174011005,DKI JAKARTA,JAKARTA SELATAN,TEBET,BUKIT DURI,88,1,2,3,82,1,0,0,1,13,0,13,182,6,176,8,36,0,22,5,9,
3171041006,DKI JAKARTA,JAKARTA PUSAT,SENEN,BUNGUR,71,0,2,2,67,0,0,0,0,13,0,13,248,1,247,8,20,0,18,1,1,
3175061007,DKI JAKARTA,JAKARTA TIMUR,CAKUNG,CAKUNG BARAT,78,1,1,1,75,0,0,0,0,0,0,0,198,19,179,33,24,2,14,1,7,
3175061004,DKI JAKARTA,JAKARTA TIMUR,CAKUNG,CAKUNG TIMUR,67,7,2,2,56,0,0,0,0,3,0,3,199,11,188,24,21,1,16,0,4,
3175041007,DKI JAKARTA,JAKARTA TIMUR,KRAMAT JATI,CAWANG,56,1,0,0,55,0,0,0,0,2,1,1,87,7,80,11,33,1,24,1,7,
3175101008,DKI JAKARTA,JAKARTA TIMUR,CIPAYUNG,CEGER,64,2,0,0,62,0,0,0,0,0,0,0,58,7,51,8,7,1,2,0,4,
3171031006,DKI JAKARTA,JAKARTA PUSAT,KEMAYORAN,CEMPAKA BARU,161,2,0,1,158,0,0,0,0,3,0,3,151,10,141,24,70,5,38,7,20,
3171051002,DKI JAKARTA,JAKARTA PUSAT,CEMPAKA PUTIH,CEMPAKA PUTIH BARAT,368,8,2,1,357,0,0,0,0,7,0,7,849,94,755,35,133,3,50,8,72,
3171051001,DKI JAKARTA,JAKARTA PUSAT,CEMPAKA PUTIH,CEMPAKA PUTIH TIMUR,221,8,0,1,212,0,0,0,0,7,0,7,710,56,654,39,105,3,68,1,33,
3173011001,DKI JAKARTA,JAKARTA BARAT,CENGKARENG,CENGKARENG BARAT,80,2,1,1,76,0,0,0,0,4,0,4,458,29,429,6,43,4,34,2,3,
3173011006,DKI JAKARTA,JAKARTA BARAT,CENGKARENG,CENGKARENG TIMUR,117,4,0,6,107,1,0,0,1,3,0,3,477,16,461,7,70,7,49,5,9,
3175091002,DKI JAKARTA,JAKARTA TIMUR,CIRACAS,CIBUBUR,175,5,4,4,162,0,0,0,0,13,7,6,681,70,611,73,36,4,21,2,9,
3171011002,DKI JAKARTA,JAKARTA PUSAT,GAMBIR,CIDENG,105,7,0,1,97,0,0,0,0,7,0,7,183,10,173,11,37,0,18,3,16,
3174091003,DKI JAKARTA,JAKARTA SELATAN,JAGAKARSA,CIGANJUR,135,2,0,1,132,0,0,0,0,9,0,9,134,4,130,6,29,5,11,1,12,
3175051003,DKI JAKARTA,JAKARTA TIMUR,PASAR REBO,CIJANTUNG,160,1,0,3,156,0,0,0,0,0,0,0,139,13,126,3,30,1,21,2,6,
3171061003,DKI JAKARTA,JAKARTA PUSAT,MENTENG,CIKINI,39,0,0,0,39,0,0,0,0,0,0,0,62,5,57,8,14,1,6,1,6,
3174081006,DKI JAKARTA,JAKARTA SELATAN,PANCORAN,CIKOKO,25,0,0,0,25,0,0,0,0,3,0,3,60,5,55,0,12,0,9,1,2,
3174061001,DKI JAKARTA,JAKARTA SELATAN,CILANDAK,CILANDAK BARAT,226,0,0,4,222,0,0,0,0,88,0,88,429,14,415,39,59,2,35,3,19,
3174041003,DKI JAKARTA,JAKARTA SELATAN,PASAR MINGGU,CILANDAK TIMUR,74,3,0,1,70,0,0,0,0,17,0,17,87,6,81,6,18,1,10,2,5,
3175101002,DKI JAKARTA,JAKARTA TIMUR,CIPAYUNG,CILANGKAP,101,1,1,1,98,0,0,0,0,0,0,0,103,3,100,17,21,0,16,0,5,
3175041006,DKI JAKARTA,JAKARTA TIMUR,KRAMAT JATI,CILILITAN,77,5,7,1,64,0,0,0,0,1,0,1,164,27,137,38,25,1,16,2,6,
3172041001,DKI JAKARTA,JAKARTA UTARA,CILINCING,CILINCING,132,0,5,1,126,0,0,0,0,3,1,2,363,25,338,58,61,0,40,1,20,
3175101001,DKI JAKARTA,JAKARTA TIMUR,CIPAYUNG,CIPAYUNG,127,1,0,2,124,0,0,0,0,2,0,2,127,10,117,7,26,0,20,1,5,
3174091006,DKI JAKARTA,JAKARTA SELATAN,JAGAKARSA,CIPEDAK,131,2,0,0,129,1,0,0,1,0,0,0,104,7,97,5,22,5,15,0,2,
3174061005,DKI JAKARTA,JAKARTA SELATAN,CILANDAK,CIPETE SELATAN,86,2,2,1,81,0,0,0,0,41,0,41,140,6,134,3,14,0,5,4,5,
3174071010,DKI JAKARTA,JAKARTA SELATAN,KEBAYORAN BARU,CIPETE UTARA,98,4,0,3,91,0,0,0,0,9,0,9,146,3,143,5,21,2,16,2,1,
3175021003,DKI JAKARTA,JAKARTA TIMUR,PULO GADUNG,CIPINANG,55,3,1,2,49,0,0,0,0,3,0,3,233,21,212,21,38,3,21,3,11,
3175031007,DKI JAKARTA,JAKARTA TIMUR,JATINEGARA,CIPINANG BESAR SELATAN,56,0,1,1,54,0,0,0,0,1,0,1,98,5,93,4,19,0,16,1,2,
3175031008,DKI JAKARTA,JAKARTA TIMUR,JATINEGARA,CIPINANG BESAR UTARA,42,0,0,0,42,0,0,0,0,3,0,3,220,9,211,12,46,0,39,2,5,
3175031005,DKI JAKARTA,JAKARTA TIMUR,JATINEGARA,CIPINANG CEMPEDAK,65,7,0,2,56,0,0,0,0,1,0,1,66,3,63,6,11,0,9,1,1,
3175081005,DKI JAKARTA,JAKARTA TIMUR,MAKASAR,CIPINANG MELAYU,64,2,1,2,59,0,0,0,0,2,0,2,165,21,144,11,32,1,21,4,6,
3175031006,DKI JAKARTA,JAKARTA TIMUR,JATINEGARA,CIPINANG MUARA,79,4,0,1,74,0,0,0,0,3,0,3,184,8,176,25,46,0,38,1,7,
3174051003,DKI JAKARTA,JAKARTA SELATAN,KEBAYORAN LAMA,CIPULIR,79,5,2,4,68,0,0,0,0,6,1,5,277,11,266,4,48,1,36,3,8,
3175091001,DKI JAKARTA,JAKARTA TIMUR,CIRACAS,CIRACAS,162,5,5,9,143,0,0,0,0,9,0,9,432,19,413,40,46,0,33,5,8,
3175041003,DKI JAKARTA,JAKARTA TIMUR,KRAMAT JATI,DUKUH,78,8,0,1,69,0,0,0,0,1,0,1,106,25,81,15,20,0,12,0,8,
3175071001,DKI JAKARTA,JAKARTA TIMUR,DUREN SAWIT,DUREN SAWIT,297,6,2,2,287,2,0,0,2,1,0,1,186,12,174,13,76,1,53,8,14,
3174081004,DKI JAKARTA,JAKARTA SELATAN,PANCORAN,DUREN TIGA,82,1,0,0,81,0,0,0,0,0,0,0,178,3,175,2,17,0,10,0,7,
3173051005,DKI JAKARTA,JAKARTA BARAT,KEBON JERUK,DURI KEPA,142,3,1,2,136,0,0,0,0,7,0,7,509,23,486,72,95,6,59,6,24,
3173011002,DKI JAKARTA,JAKARTA BARAT,CENGKARENG,DURI KOSAMBI,125,2,2,3,118,0,0,0,0,3,0,3,288,12,276,9,36,5,22,1,8,
3171011006,DKI JAKARTA,JAKARTA PUSAT,GAMBIR,DURI PULO,41,0,0,3,38,0,0,0,0,0,0,0,101,5,96,5,25,0,15,2,8,
3173041011,DKI JAKARTA,JAKARTA BARAT,TAMBORA,DURI SELATAN,29,3,0,1,25,0,0,0,0,1,0,1,45,1,44,3,17,3,8,0,6,
3173041003,DKI JAKARTA,JAKARTA BARAT,TAMBORA,DURI UTARA,68,0,1,2,65,0,0,0,0,1,0,1,68,7,61,1,20,0,14,3,3,
3171081003,DKI JAKARTA,JAKARTA PUSAT,JOHAR BARU,GALUR,42,5,0,0,37,0,0,0,0,2,0,2,141,12,129,45,33,1,6,4,22,
3171011001,DKI JAKARTA,JAKARTA PUSAT,GAMBIR,GAMBIR,27,1,0,0,26,0,0,0,0,16,0,16,96,0,96,6,10,0,8,0,2,
3174061004,DKI JAKARTA,JAKARTA SELATAN,CILANDAK,GANDARIA SELATAN,55,0,0,0,55,1,0,0,1,20,0,20,91,3,88,0,15,0,6,1,8,
3174071009,DKI JAKARTA,JAKARTA SELATAN,KEBAYORAN BARU,GANDARIA UTARA,93,3,0,1,89,0,0,0,0,1,0,1,224,5,219,1,26,0,17,1,8,
3175051001,DKI JAKARTA,JAKARTA TIMUR,PASAR REBO,GEDONG,226,8,0,0,218,0,0,0,0,0,0,0,94,7,87,17,54,3,39,0,12,
3171071001,DKI JAKARTA,JAKARTA PUSAT,TANAH ABANG,GELORA,30,0,1,1,28,0,0,0,0,5,0,5,50,0,50,0,18,0,11,1,6,
3173031007,DKI JAKARTA,JAKARTA BARAT,TAMAN SARI,GLODOK,31,1,1,0,29,0,0,0,0,0,0,0,47,16,31,0,4,0,2,1,1,
3171061004,DKI JAKARTA,JAKARTA PUSAT,MENTENG,GONDANGDIA,17,0,0,1,16,0,0,0,0,4,0,4,39,3,36,7,19,1,16,2,0,
3173021001,DKI JAKARTA,JAKARTA BARAT,GROGOL PETAMBURAN,GROGOL,106,1,0,3,102,0,0,0,0,38,0,38,361,8,353,37,46,1,32,0,13,
3174051005,DKI JAKARTA,JAKARTA SELATAN,KEBAYORAN LAMA,GROGOL SELATAN,87,2,0,3,82,1,0,1,0,11,2,9,290,47,243,3,44,3,29,4,8,
3174051004,DKI JAKARTA,JAKARTA SELATAN,KEBAYORAN LAMA,GROGOL UTARA,134,3,2,5,124,0,0,0,0,23,1,22,317,9,308,13,87,0,46,2,39,
3174021007,DKI JAKARTA,JAKARTA SELATAN,SETIA BUDI,GUNTUR,15,0,0,0,15,0,0,0,0,0,0,0,43,0,43,1,6,1,5,0,0,
3174071002,DKI JAKARTA,JAKARTA SELATAN,KEBAYORAN BARU,GUNUNG,39,0,1,3,35,0,0,0,0,7,0,7,119,1,118,0,12,0,9,1,2,
3171031005,DKI JAKARTA,JAKARTA PUSAT,KEMAYORAN,GUNUNG SAHARI SELATAN,110,1,0,1,108,0,0,0,0,2,0,2,149,2,147,1,17,0,13,2,2,
3171021004,DKI JAKARTA,JAKARTA PUSAT,SAWAH BESAR,GUNUNG SAHARI UTARA,88,2,0,1,85,0,0,0,0,1,0,1,131,15,116,4,28,0,14,4,10,
3175081004,DKI JAKARTA,JAKARTA TIMUR,MAKASAR,HALIM PERDANA KUSUMAH,46,1,1,2,42,0,0,0,0,2,0,2,79,14,65,8,37,1,24,3,9,
3171031003,DKI JAKARTA,JAKARTA PUSAT,KEMAYORAN,HARAPAN MULIA,110,2,0,2,106,0,0,0,0,3,0,3,145,10,135,25,58,2,31,3,22,
3174091001,DKI JAKARTA,JAKARTA SELATAN,JAGAKARSA,JAGAKARSA,260,9,1,1,249,1,0,0,1,5,0,5,240,12,228,8,52,4,32,2,14,
3175021007,DKI JAKARTA,JAKARTA TIMUR,PULO GADUNG,JATI,72,3,1,1,67,0,0,0,0,4,0,4,218,28,190,18,44,0,32,0,12,
3174041002,DKI JAKARTA,JAKARTA SELATAN,PASAR MINGGU,JATI PADANG,121,3,4,2,112,0,0,0,0,2,0,2,131,11,120,12,28,1,17,3,7,
3173071004,DKI JAKARTA,JAKARTA BARAT,PALMERAH,JATI PULO,163,4,0,4,155,0,0,0,0,2,0,2,301,83,218,62,78,1,54,2,21,
3175061001,DKI JAKARTA,JAKARTA TIMUR,CAKUNG,JATINEGARA,117,10,1,3,103,0,0,0,0,2,0,2,280,15,265,30,49,3,30,3,13,
3175021004,DKI JAKARTA,JAKARTA TIMUR,PULO GADUNG,JATINEGARA KAUM,15,1,0,0,14,0,0,0,0,3,0,3,82,5,77,3,6,1,3,0,2,
3173021004,DKI JAKARTA,JAKARTA BARAT,GROGOL PETAMBURAN,JELAMBAR,89,2,1,5,81,0,0,0,0,22,4,18,344,47,297,6,40,2,30,4,4,
3173021006,DKI JAKARTA,JAKARTA BARAT,GROGOL PETAMBURAN,JELAMBAR BARU,140,0,0,2,138,0,0,0,0,4,0,4,262,24,238,14,27,0,16,2,9,
3173041006,DKI JAKARTA,JAKARTA BARAT,TAMBORA,JEMBATAN BESI,209,3,20,1,185,0,0,0,0,0,0,0,164,13,151,7,94,4,68,4,18,
3173041008,DKI JAKARTA,JAKARTA BARAT,TAMBORA,JEMBATAN LIMA,59,1,0,0,58,0,0,0,0,0,0,0,83,6,77,1,10,0,7,0,3,
3173081005,DKI JAKARTA,JAKARTA BARAT,KEMBANGAN,JOGLO,86,0,0,3,83,0,0,0,0,3,0,3,119,14,105,13,36,2,32,1,1,
3171081001,DKI JAKARTA,JAKARTA PUSAT,JOHAR BARU,JOHAR BARU,185,3,1,3,178,0,0,0,0,3,0,3,592,11,581,94,102,5,43,4,50,
3173041002,DKI JAKARTA,JAKARTA BARAT,TAMBORA,KALI ANYAR,101,8,1,0,92,0,0,0,0,3,1,2,152,4,148,8,30,2,10,2,16,
3172041004,DKI JAKARTA,JAKARTA UTARA,CILINCING,KALI BARU,86,6,3,5,72,0,0,0,0,1,0,1,135,12,123,28,41,7,28,4,2,
3174081002,DKI JAKARTA,JAKARTA SELATAN,PANCORAN,KALIBATA,129,4,0,3,122,0,0,0,0,5,0,5,205,9,196,9,48,1,30,1,16,
3173061001,DKI JAKARTA,JAKARTA BARAT,KALI DERES,KALIDERES,335,3,7,4,321,0,0,0,0,5,1,4,1016,268,748,26,62,6,46,4,6,
3175051004,DKI JAKARTA,JAKARTA TIMUR,PASAR REBO,KALISARI,151,1,0,0,150,0,0,0,0,1,0,1,101,4,97,6,37,0,25,2,10,
3173061004,DKI JAKARTA,JAKARTA BARAT,KALI DERES,KAMAL,127,0,2,3,122,0,0,0,0,0,0,0,261,24,237,1,7,1,3,2,1,
3172011002,DKI JAKARTA,JAKARTA UTARA,PENJARINGAN,KAMAL MUARA,14,0,0,0,14,0,0,0,0,4,0,4,24,1,23,0,16,1,14,1,0,
3171071007,DKI JAKARTA,JAKARTA PUSAT,TANAH ABANG,KAMPUNG BALI,56,0,0,2,54,0,0,0,0,1,0,1,98,0,98,0,18,0,15,1,2,
3175031001,DKI JAKARTA,JAKARTA TIMUR,JATINEGARA,KAMPUNG MELAYU,34,0,0,4,30,0,0,0,0,3,0,3,57,2,55,3,54,1,33,1,19,
3171081002,DKI JAKARTA,JAKARTA PUSAT,JOHAR BARU,KAMPUNG RAWA,91,4,0,0,87,1,0,0,1,0,0,0,251,5,246,61,80,3,44,7,26,
3175041002,DKI JAKARTA,JAKARTA TIMUR,KRAMAT JATI,KAMPUNG TENGAH,189,8,2,1,178,0,0,0,0,7,0,7,435,43,392,48,96,4,72,8,12,
3173011005,DKI JAKARTA,JAKARTA BARAT,CENGKARENG,KAPUK,133,1,8,16,108,0,0,0,0,3,1,2,311,16,295,8,43,3,29,6,5,
3172011003,DKI JAKARTA,JAKARTA UTARA,PENJARINGAN,KAPUK MUARA,49,1,0,0,48,0,0,0,0,7,0,7,84,5,79,16,22,3,15,3,1,
3171021002,DKI JAKARTA,JAKARTA PUSAT,SAWAH BESAR,KARANG ANYAR,199,8,1,4,186,1,0,1,0,3,1,2,384,15,369,10,50,4,27,5,14,
3174021004,DKI JAKARTA,JAKARTA SELATAN,SETIA BUDI,KARET,50,1,0,0,49,0,0,0,0,8,0,8,131,3,128,4,20,0,18,0,2,
3174021003,DKI JAKARTA,JAKARTA SELATAN,SETIA BUDI,KARET KUNINGAN,68,4,0,1,63,0,0,0,0,16,0,16,129,6,123,4,22,0,14,2,6,
3174021002,DKI JAKARTA,JAKARTA SELATAN,SETIA BUDI,KARET SEMANGGI,39,0,0,1,38,0,0,0,0,3,0,3,33,0,33,0,7,0,3,2,2,
3171071003,DKI JAKARTA,JAKARTA PUSAT,TANAH ABANG,KARET TENGSIN,65,3,1,0,61,0,0,0,0,7,0,7,124,6,118,0,14,0,12,1,1,
3171021003,DKI JAKARTA,JAKARTA PUSAT,SAWAH BESAR,KARTINI,152,5,3,1,143,0,0,0,0,0,0,0,248,56,192,14,49,2,33,1,13,
3175011003,DKI JAKARTA,JAKARTA TIMUR,MATRAMAN,KAYU MANIS,101,0,1,0,100,1,0,0,1,0,0,0,267,7,260,17,45,1,30,2,12,
3175021006,DKI JAKARTA,JAKARTA TIMUR,PULO GADUNG,KAYU PUTIH,151,4,0,4,143,0,0,0,0,10,0,10,331,34,297,21,68,0,48,5,15,
3173031006,DKI JAKARTA,JAKARTA BARAT,TAMAN SARI,KEAGUNGAN,44,1,1,0,42,0,0,0,0,0,0,0,103,8,95,6,7,1,4,0,2,
3174041007,DKI JAKARTA,JAKARTA SELATAN,PASAR MINGGU,KEBAGUSAN,111,4,0,1,106,0,0,0,0,0,0,0,124,5,119,9,30,2,23,0,5,
3174051006,DKI JAKARTA,JAKARTA SELATAN,KEBAYORAN LAMA,KEBAYORAN LAMA SELATAN,135,10,1,0,124,1,0,0,1,1,0,1,387,20,367,8,33,4,13,3,13,
3174051001,DKI JAKARTA,JAKARTA SELATAN,KEBAYORAN LAMA,KEBAYORAN LAMA UTARA,106,10,2,1,93,0,0,0,0,15,0,15,214,9,205,2,35,2,24,2,7,
3174011004,DKI JAKARTA,JAKARTA SELATAN,TEBET,KEBON BARU,79,2,0,2,75,0,0,0,0,15,0,15,249,3,246,12,36,1,32,0,3,
3172021005,DKI JAKARTA,JAKARTA UTARA,TANJUNG PRIOK,KEBON BAWANG,141,5,4,1,131,0,0,0,0,3,0,3,293,25,268,50,66,2,45,1,18,
3173051001,DKI JAKARTA,JAKARTA BARAT,KEBON JERUK,KEBON JERUK,199,3,3,4,189,0,0,0,0,9,2,7,666,30,636,47,92,3,54,8,27,
3171071006,DKI JAKARTA,JAKARTA PUSAT,TANAH ABANG,KEBON KACANG,217,2,7,1,207,0,0,0,0,0,0,0,264,8,256,3,107,2,88,8,9,
3171011005,DKI JAKARTA,JAKARTA PUSAT,GAMBIR,KEBON KELAPA,55,2,0,1,52,0,0,0,0,1,0,1,59,3,56,0,9,0,8,1,0,
3171031002,DKI JAKARTA,JAKARTA PUSAT,KEMAYORAN,KEBON KOSONG,128,0,0,5,123,0,0,0,0,7,0,7,125,4,121,24,55,1,38,5,11,
3175011005,DKI JAKARTA,JAKARTA TIMUR,MATRAMAN,KEBON MANGGIS,58,3,0,3,52,0,0,0,0,1,0,1,54,4,50,17,36,3,11,2,20,
3171071005,DKI JAKARTA,JAKARTA PUSAT,TANAH ABANG,KEBON MELATI,209,2,2,2,203,0,0,0,0,5,0,5,274,5,269,2,81,2,72,6,1,
3175081003,DKI JAKARTA,JAKARTA TIMUR,MAKASAR,KEBON PALA,57,2,0,1,54,0,0,0,0,2,0,2,240,11,229,11,33,4,20,0,9,
3171061005,DKI JAKARTA,JAKARTA PUSAT,MENTENG,KEBON SIRIH,63,0,1,2,60,0,0,0,0,2,0,2,162,33,129,11,36,1,29,2,4,
3173011004,DKI JAKARTA,JAKARTA BARAT,CENGKARENG,KEDAUNG KALI ANGKE,46,2,0,0,44,0,0,0,0,1,0,1,108,10,98,3,20,2,15,0,3,
3173051007,DKI JAKARTA,JAKARTA BARAT,KEBON JERUK,KEDOYA SELATAN,94,1,0,5,88,1,0,0,1,4,0,4,208,7,201,12,31,3,25,1,2,
3173051006,DKI JAKARTA,JAKARTA BARAT,KEBON JERUK,KEDOYA UTARA,81,2,0,2,77,0,0,0,0,15,0,15,304,9,295,19,34,1,25,0,8,
3173051004,DKI JAKARTA,JAKARTA BARAT,KEBON JERUK,KELAPA DUA,56,1,0,0,55,0,0,0,0,1,1,0,129,15,114,17,31,2,23,1,5,
3175091003,DKI JAKARTA,JAKARTA TIMUR,CIRACAS,KELAPA DUA WETAN,111,4,0,1,106,0,0,0,0,0,0,0,410,41,369,31,36,5,23,1,7,
3172061003,DKI JAKARTA,JAKARTA UTARA,KELAPA GADING,KELAPA GADING BARAT,297,8,9,2,278,0,0,0,0,35,0,35,510,19,491,29,72,5,46,5,16,
3172061001,DKI JAKARTA,JAKARTA UTARA,KELAPA GADING,KELAPA GADING TIMUR,289,4,0,2,283,0,0,0,0,10,0,10,546,18,528,21,55,2,40,8,5,
3173071005,DKI JAKARTA,JAKARTA BARAT,PALMERAH,KEMANGGISAN,126,2,0,5,119,0,0,0,0,2,0,2,276,29,247,45,45,2,29,2,12,
3171031001,DKI JAKARTA,JAKARTA PUSAT,KEMAYORAN,KEMAYORAN,144,3,0,3,138,0,0,0,0,0,0,0,214,14,200,17,57,0,39,1,17,
3173081006,DKI JAKARTA,JAKARTA BARAT,KEMBANGAN,KEMBANGAN SELATAN,59,1,2,1,55,0,0,0,0,5,0,5,90,7,83,50,34,4,23,1,6,
3173081001,DKI JAKARTA,JAKARTA BARAT,KEMBANGAN,KEMBANGAN UTARA,95,2,2,3,88,0,0,0,0,2,0,2,129,7,122,10,39,1,32,1,5,
3171041002,DKI JAKARTA,JAKARTA PUSAT,SENEN,KENARI,89,0,0,1,88,0,0,0,0,0,0,0,242,4,238,43,135,1,125,2,7,
3173041005,DKI JAKARTA,JAKARTA BARAT,TAMBORA,KERENDANG,87,1,0,2,84,0,0,0,0,0,0,0,97,2,95,1,44,1,29,5,9,
3175071003,DKI JAKARTA,JAKARTA TIMUR,DUREN SAWIT,KLENDER,248,4,0,2,242,0,0,0,0,2,0,2,207,4,203,10,61,0,48,8,5,
3172031001,DKI JAKARTA,JAKARTA UTARA,KOJA,KOJA,126,6,4,0,116,0,0,0,0,4,0,4,149,2,147,22,21,0,15,0,6,
3173071006,DKI JAKARTA,JAKARTA BARAT,PALMERAH,KOTA BAMBU SELATAN,181,3,0,4,174,0,0,0,0,0,0,0,479,93,386,80,78,7,40,3,28,
3173071003,DKI JAKARTA,JAKARTA BARAT,PALMERAH,KOTA BAMBU UTARA,165,6,3,9,147,0,0,0,0,0,0,0,271,42,229,50,77,1,55,4,17,
3171041004,DKI JAKARTA,JAKARTA PUSAT,SENEN,KRAMAT,159,0,1,4,154,0,0,0,0,3,0,3,487,59,428,31,129,3,67,7,52,
3175041001,DKI JAKARTA,JAKARTA TIMUR,KRAMAT JATI,KRAMAT JATI,97,3,2,1,91,0,0,0,0,4,0,4,182,22,160,18,24,1,14,2,7,
3174071003,DKI JAKARTA,JAKARTA SELATAN,KEBAYORAN BARU,KRAMAT PELA,27,2,0,0,25,0,0,0,0,0,0,0,105,3,102,3,12,1,6,0,5,
3173031002,DKI JAKARTA,JAKARTA BARAT,TAMAN SARI,KRUKUT,64,2,2,6,54,0,0,0,0,3,0,3,149,13,136,9,32,2,18,2,10,
3174031005,DKI JAKARTA,JAKARTA SELATAN,MAMPANG PRAPATAN,KUNINGAN BARAT,36,0,0,1,35,0,0,0,0,0,0,0,244,47,197,4,9,0,6,0,3,
3174021008,DKI JAKARTA,JAKARTA SELATAN,SETIA BUDI,KUNINGAN TIMUR,37,3,0,1,33,0,0,0,0,17,0,17,43,2,41,1,8,0,5,2,1,
3171041005,DKI JAKARTA,JAKARTA PUSAT,SENEN,KWITANG,112,1,0,0,111,1,0,0,1,2,0,2,249,11,238,8,35,2,22,3,8,
3172031003,DKI JAKARTA,JAKARTA UTARA,KOJA,LAGOA,225,15,2,1,207,0,0,0,0,3,0,3,166,6,160,28,119,2,65,5,47,
3174061002,DKI JAKARTA,JAKARTA SELATAN,CILANDAK,LEBAK BULUS,119,2,0,2,115,0,0,0,0,27,0,27,241,7,234,20,36,2,24,6,4,
3174091004,DKI JAKARTA,JAKARTA SELATAN,JAGAKARSA,LENTENG AGUNG,200,3,1,0,196,0,0,0,0,3,0,3,126,7,119,7,33,1,23,0,9,
LUAR DKI JAKARTA,LUAR DKI JAKARTA,LUAR DKI JAKARTA,LUAR DKI JAKARTA,LUAR DKI JAKARTA,10033,243,116,93,9581,11,0,1,10,261,7,254,10965,598,10367,645,2666,78,2157,81,350,
3175101007,DKI JAKARTA,JAKARTA TIMUR,CIPAYUNG,LUBANG BUAYA,161,1,1,3,156,0,0,0,0,3,0,3,224,13,211,23,30,1,15,0,14,
3175081001,DKI JAKARTA,JAKARTA TIMUR,MAKASAR,MAKASAR,63,0,0,1,62,0,0,0,0,4,0,4,194,22,172,17,14,0,8,0,6,
3175071006,DKI JAKARTA,JAKARTA TIMUR,DUREN SAWIT,MALAKA JAYA,138,7,2,2,127,0,0,0,0,2,0,2,141,4,137,7,32,0,28,0,4,
3175071005,DKI JAKARTA,JAKARTA TIMUR,DUREN SAWIT,MALAKA SARI,106,4,2,1,99,0,0,0,0,0,0,0,69,3,66,6,37,1,29,2,5,
3174031001,DKI JAKARTA,JAKARTA SELATAN,MAMPANG PRAPATAN,MAMPANG PRAPATAN,67,3,0,2,62,0,0,0,0,0,0,0,301,25,276,8,23,4,10,2,7,
3173031005,DKI JAKARTA,JAKARTA BARAT,TAMAN SARI,MANGGA BESAR,28,0,0,1,27,0,0,0,0,0,0,0,63,7,56,3,4,1,3,0,0,
3171021005,DKI JAKARTA,JAKARTA PUSAT,SAWAH BESAR,MANGGA DUA SELATAN,83,4,3,1,75,0,0,0,0,1,0,1,160,21,139,8,27,2,20,0,5,
3174011007,DKI JAKARTA,JAKARTA SELATAN,TEBET,MANGGARAI,69,1,0,0,68,0,0,0,0,4,0,4,182,3,179,18,21,1,16,0,4,
3174011006,DKI JAKARTA,JAKARTA SELATAN,TEBET,MANGGARAI SELATAN,43,0,0,2,41,0,0,0,0,6,0,6,203,7,196,16,23,1,15,2,5,
3173031003,DKI JAKARTA,JAKARTA BARAT,TAMAN SARI,MAPHAR,81,2,0,1,78,0,0,0,0,5,0,5,140,6,134,27,78,1,66,0,11,
3172041003,DKI JAKARTA,JAKARTA UTARA,CILINCING,MARUNDA,64,5,4,0,55,0,0,0,0,0,0,0,77,3,74,8,14,1,9,1,3,
3174071001,DKI JAKARTA,JAKARTA SELATAN,KEBAYORAN BARU,MELAWAI,8,1,0,0,7,0,0,0,0,1,0,1,13,0,13,0,5,0,5,0,0,
3171061001,DKI JAKARTA,JAKARTA PUSAT,MENTENG,MENTENG,89,0,1,2,86,1,0,0,1,1,0,1,267,23,244,12,39,2,33,4,0,
3174021005,DKI JAKARTA,JAKARTA SELATAN,SETIA BUDI,MENTENG ATAS,109,1,3,3,102,0,0,0,0,31,0,31,422,17,405,31,32,0,27,2,3,
3174011003,DKI JAKARTA,JAKARTA SELATAN,TEBET,MENTENG DALAM,110,4,1,4,101,0,0,0,0,11,0,11,253,8,245,37,45,1,30,4,10,
3173081003,DKI JAKARTA,JAKARTA BARAT,KEMBANGAN,MERUYA SELATAN,71,0,1,1,69,0,0,0,0,2,0,2,89,3,86,17,28,1,24,2,1,
3173081002,DKI JAKARTA,JAKARTA BARAT,KEMBANGAN,MERUYA UTARA,83,2,0,6,75,0,0,0,0,3,0,3,122,11,111,9,33,1,28,0,4,
3175101004,DKI JAKARTA,JAKARTA TIMUR,CIPAYUNG,MUNJUL,63,0,0,0,63,0,0,0,0,2,0,2,47,2,45,21,17,0,11,0,6,
3172051002,DKI JAKARTA,JAKARTA UTARA,PADEMANGAN,PADEMANGAN BARAT,581,9,3,4,565,0,0,0,0,4,0,4,1291,47,1244,19,208,4,160,14,30,
3172051001,DKI JAKARTA,JAKARTA UTARA,PADEMANGAN,PADEMANGAN TIMUR,171,3,0,2,166,0,0,0,0,11,0,11,365,12,353,8,39,1,31,2,5,
3175011004,DKI JAKARTA,JAKARTA TIMUR,MATRAMAN,PAL MERIAM,101,0,0,2,99,1,0,0,1,1,0,1,314,12,302,56,59,1,41,4,13,
3173071001,DKI JAKARTA,JAKARTA BARAT,PALMERAH,PALMERAH,377,11,4,2,360,0,0,0,0,1,0,1,687,57,630,64,111,4,75,8,24,
3174081001,DKI JAKARTA,JAKARTA SELATAN,PANCORAN,PANCORAN,67,4,0,0,63,0,0,0,0,3,0,3,238,5,233,5,26,2,15,3,6,
3172021003,DKI JAKARTA,JAKARTA UTARA,TANJUNG PRIOK,PAPANGGO,106,6,4,0,96,0,0,0,0,4,0,4,219,100,119,42,19,2,11,1,5,
3171021001,DKI JAKARTA,JAKARTA PUSAT,SAWAH BESAR,PASAR BARU,74,6,2,2,64,0,0,0,0,4,0,4,150,16,134,3,20,1,18,0,1,
3174021006,DKI JAKARTA,JAKARTA SELATAN,SETIA BUDI,PASAR MANGGIS,74,0,0,2,72,0,0,0,0,14,0,14,328,13,315,16,33,1,25,2,5,
3174041001,DKI JAKARTA,JAKARTA SELATAN,PASAR MINGGU,PASAR MINGGU,105,1,0,1,103,0,0,0,0,2,0,2,209,6,203,3,35,0,21,2,12,
3171041003,DKI JAKARTA,JAKARTA PUSAT,SENEN,PASEBAN,176,5,2,1,168,0,0,0,0,1,0,1,300,12,288,57,92,3,77,5,7,
3173061005,DKI JAKARTA,JAKARTA BARAT,KALI DERES,PEGADUNGAN,255,6,10,7,232,0,0,0,0,6,0,6,604,97,507,13,60,8,46,3,3,
3171061002,DKI JAKARTA,JAKARTA PUSAT,MENTENG,PEGANGSAAN,97,2,2,2,91,0,0,0,0,0,0,0,425,56,369,34,124,2,88,2,32,
3172061002,DKI JAKARTA,JAKARTA UTARA,KELAPA GADING,PEGANGSAAN DUA,333,0,1,1,331,0,0,0,0,25,0,25,784,33,751,72,79,8,33,4,34,
3172011004,DKI JAKARTA,JAKARTA UTARA,PENJARINGAN,PEJAGALAN,89,4,3,2,80,0,0,0,0,5,0,5,241,28,213,22,38,1,30,3,4,
3174041006,DKI JAKARTA,JAKARTA SELATAN,PASAR MINGGU,PEJATEN BARAT,111,5,0,2,104,2,1,0,1,1,0,1,185,5,180,11,36,7,24,2,3,
3174041005,DKI JAKARTA,JAKARTA SELATAN,PASAR MINGGU,PEJATEN TIMUR,142,2,1,1,138,1,0,0,1,1,0,1,216,12,204,18,54,3,40,5,6,
3175051005,DKI JAKARTA,JAKARTA TIMUR,PASAR REBO,PEKAYON,207,1,1,1,204,0,0,0,0,0,0,0,71,8,63,7,13,1,8,1,3,
3173041009,DKI JAKARTA,JAKARTA BARAT,TAMBORA,PEKOJAN,119,2,1,2,114,0,0,0,0,2,0,2,125,5,120,16,25,0,23,0,2,
3174031003,DKI JAKARTA,JAKARTA SELATAN,MAMPANG PRAPATAN,PELA MAMPANG,132,3,0,2,127,0,0,0,0,12,0,12,450,47,403,3,24,1,10,4,9,
3174081005,DKI JAKARTA,JAKARTA SELATAN,PANCORAN,PENGADEGAN,44,2,0,1,41,0,0,0,0,2,0,2,99,3,96,6,18,1,14,0,3,
3175061003,DKI JAKARTA,JAKARTA TIMUR,CAKUNG,PENGGILINGAN,145,6,3,1,135,0,0,0,0,3,0,3,257,18,239,56,70,3,51,3,13,
3172011001,DKI JAKARTA,JAKARTA UTARA,PENJARINGAN,PENJARINGAN,293,4,2,4,283,1,0,0,1,19,0,19,1699,91,1608,115,193,3,134,6,50,
3174101001,DKI JAKARTA,JAKARTA SELATAN,PESANGGRAHAN,PESANGGRAHAN,142,13,1,4,124,0,0,0,0,0,0,0,186,8,178,16,18,0,11,3,4,
3171071004,DKI JAKARTA,JAKARTA PUSAT,TANAH ABANG,PETAMBURAN,294,6,3,5,280,0,0,0,0,7,0,7,215,10,205,3,146,0,128,9,9,
3174071008,DKI JAKARTA,JAKARTA SELATAN,KEBAYORAN BARU,PETOGOGAN,35,2,0,0,33,0,0,0,0,2,0,2,81,5,76,0,7,0,6,0,1,
3171011004,DKI JAKARTA,JAKARTA PUSAT,GAMBIR,PETOJO SELATAN,63,2,0,1,60,0,0,0,0,13,2,11,244,21,223,13,29,1,19,2,7,
3171011003,DKI JAKARTA,JAKARTA PUSAT,GAMBIR,PETOJO UTARA,65,3,3,3,56,0,0,0,0,10,2,8,171,3,168,25,37,2,25,2,8,
3174101004,DKI JAKARTA,JAKARTA SELATAN,PESANGGRAHAN,PETUKANGAN SELATAN,124,1,0,2,121,0,0,0,0,0,0,0,314,13,301,6,9,0,7,0,2,
3174101003,DKI JAKARTA,JAKARTA SELATAN,PESANGGRAHAN,PETUKANGAN UTARA,177,4,1,3,169,1,0,0,1,3,0,3,410,12,398,6,36,2,26,2,6,
3175081002,DKI JAKARTA,JAKARTA TIMUR,MAKASAR,PINANG RANTI,53,0,0,1,52,0,0,0,0,0,0,0,157,11,146,21,18,0,16,2,0,
3173031008,DKI JAKARTA,JAKARTA BARAT,TAMAN SARI,PINANGSIA,26,1,0,1,24,0,0,0,0,2,0,2,81,3,78,0,4,1,2,0,1,
3175011001,DKI JAKARTA,JAKARTA TIMUR,MATRAMAN,PISANGAN BARU,83,0,0,3,80,0,0,0,0,1,0,1,103,0,103,26,33,0,24,4,5,
3175021002,DKI JAKARTA,JAKARTA TIMUR,PULO GADUNG,PISANGAN TIMUR,116,1,0,4,111,0,0,0,0,10,0,10,251,11,240,20,34,2,14,2,16,
3172011005,DKI JAKARTA,JAKARTA UTARA,PENJARINGAN,PLUIT,103,0,1,4,98,0,0,0,0,10,0,10,228,23,205,8,56,3,43,6,4,
3175071002,DKI JAKARTA,JAKARTA TIMUR,DUREN SAWIT,PONDOK BAMBU,410,2,1,0,407,0,0,0,0,3,0,3,162,8,154,5,101,1,77,4,19,
3175071004,DKI JAKARTA,JAKARTA TIMUR,DUREN SAWIT,PONDOK KELAPA,194,4,2,0,188,0,0,0,0,5,0,5,251,8,243,8,77,1,65,4,7,
3175071007,DKI JAKARTA,JAKARTA TIMUR,DUREN SAWIT,PONDOK KOPI,121,1,0,1,119,0,0,0,0,1,0,1,80,5,75,4,31,0,24,4,3,
3174061003,DKI JAKARTA,JAKARTA SELATAN,CILANDAK,PONDOK LABU,136,4,2,1,129,2,0,0,2,71,0,71,393,12,381,33,39,1,32,1,5,
3174051002,DKI JAKARTA,JAKARTA SELATAN,KEBAYORAN LAMA,PONDOK PINANG,207,5,3,4,195,0,0,0,0,43,1,42,370,9,361,10,59,4,36,9,10,
3175101003,DKI JAKARTA,JAKARTA TIMUR,CIPAYUNG,PONDOK RANGGON,69,0,0,3,66,0,0,0,0,2,0,2,66,2,64,21,13,0,10,1,2,
3101011003,DKI JAKARTA,KAB.ADM.KEP.SERIBU,KEP. SERIBU UTARA,PULAU HARAPAN,59,0,0,0,59,0,0,0,0,0,0,0,51,0,51,0,0,0,0,0,0,
3101011002,DKI JAKARTA,KAB.ADM.KEP.SERIBU,KEP. SERIBU UTARA,PULAU KELAPA,43,0,0,1,42,0,0,0,0,0,0,0,137,19,118,1,1,0,1,0,0,
3101011001,DKI JAKARTA,KAB.ADM.KEP.SERIBU,KEP. SERIBU UTARA,PULAU PANGGANG,50,3,0,1,46,0,0,0,0,0,0,0,127,0,127,4,3,1,0,0,2,
3101021003,DKI JAKARTA,KAB.ADM.KEP.SERIBU,KEP. SERIBU SELATAN,PULAU PARI,6,0,0,0,6,0,0,0,0,0,0,0,156,10,146,1,2,0,0,0,2,
3101021002,DKI JAKARTA,KAB.ADM.KEP.SERIBU,KEP. SERIBU SELATAN,PULAU TIDUNG,29,0,0,0,29,0,0,0,0,0,0,0,327,1,326,1,24,0,11,0,13,
3101021001,DKI JAKARTA,KAB.ADM.KEP.SERIBU,KEP. SERIBU SELATAN,PULAU UNTUNG JAWA,15,0,0,0,15,0,0,0,0,0,0,0,95,1,94,0,2,0,0,0,2,
3174071007,DKI JAKARTA,JAKARTA SELATAN,KEBAYORAN BARU,PULO,23,0,0,1,22,0,0,0,0,1,0,1,71,0,71,0,8,0,6,0,2,
3175021001,DKI JAKARTA,JAKARTA TIMUR,PULO GADUNG,PULO GADUNG,89,0,0,2,87,0,0,0,0,8,0,8,249,16,233,14,32,0,20,3,9,
3175061005,DKI JAKARTA,JAKARTA TIMUR,CAKUNG,PULO GEBANG,103,0,1,2,100,0,0,0,0,4,0,4,327,15,312,43,55,0,42,3,10,
3174041004,DKI JAKARTA,JAKARTA SELATAN,PASAR MINGGU,RAGUNAN,166,4,0,2,160,1,0,0,1,1,0,1,111,8,103,8,13,2,7,2,2,
3175091005,DKI JAKARTA,JAKARTA TIMUR,CIRACAS,RAMBUTAN,83,2,0,1,80,1,0,0,1,1,0,1,236,4,232,25,23,0,18,0,5,
3172031006,DKI JAKARTA,JAKARTA UTARA,KOJA,RAWA BADAK SELATAN,192,5,2,2,183,0,0,0,0,1,0,1,187,15,172,32,48,4,35,2,7,
3172031004,DKI JAKARTA,JAKARTA UTARA,KOJA,RAWA BADAK UTARA,137,4,2,1,130,0,0,0,0,2,0,2,158,9,149,36,35,2,23,2,8,
3174071005,DKI JAKARTA,JAKARTA SELATAN,KEBAYORAN BARU,RAWA BARAT,28,0,0,2,26,0,0,0,0,0,0,0,20,0,20,0,7,0,6,1,0,
3173011003,DKI JAKARTA,JAKARTA BARAT,CENGKARENG,RAWA BUAYA,58,3,0,2,53,0,0,0,0,3,0,3,160,14,146,2,30,2,19,1,8,
3175031004,DKI JAKARTA,JAKARTA TIMUR,JATINEGARA,RAWA BUNGA,15,0,0,1,14,0,0,0,0,0,0,0,29,2,27,2,11,0,10,0,1,
3174081003,DKI JAKARTA,JAKARTA SELATAN,PANCORAN,RAWA JATI,66,0,0,0,66,0,0,0,0,1,0,1,113,4,109,4,8,0,8,0,0,
3175061002,DKI JAKARTA,JAKARTA TIMUR,CAKUNG,RAWA TERATE,22,0,0,0,22,0,0,0,0,2,0,2,118,6,112,0,7,0,5,0,2,
3175021005,DKI JAKARTA,JAKARTA TIMUR,PULO GADUNG,RAWAMANGUN,72,2,0,0,70,0,0,0,0,3,0,3,268,13,255,16,37,1,25,1,10,
3171051003,DKI JAKARTA,JAKARTA PUSAT,CEMPAKA PUTIH,RAWASARI,226,7,1,2,216,0,0,0,0,3,0,3,477,26,451,19,59,7,16,4,32,
3173041010,DKI JAKARTA,JAKARTA BARAT,TAMBORA,ROA MALAKA,7,0,0,0,7,0,0,0,0,0,0,0,9,0,9,0,0,0,0,0,0,
3172041006,DKI JAKARTA,JAKARTA UTARA,CILINCING,ROROTAN,68,3,6,2,57,0,0,0,0,1,0,1,132,16,116,55,19,1,8,1,9,
3174071004,DKI JAKARTA,JAKARTA SELATAN,KEBAYORAN BARU,SELONG,13,0,2,0,11,0,0,0,0,2,0,2,56,1,55,0,8,2,6,0,0,
3173061002,DKI JAKARTA,JAKARTA BARAT,KALI DERES,SEMANAN,134,0,10,3,121,0,0,0,0,1,0,1,384,79,305,6,22,1,17,1,3,
3172041007,DKI JAKARTA,JAKARTA UTARA,CILINCING,SEMPER BARAT,201,8,6,1,186,0,0,0,0,10,0,10,330,27,303,70,89,9,54,2,24,
3172041005,DKI JAKARTA,JAKARTA UTARA,CILINCING,SEMPER TIMUR,101,4,7,1,89,0,0,0,0,1,0,1,145,4,141,28,34,3,23,2,6,
3174071006,DKI JAKARTA,JAKARTA SELATAN,KEBAYORAN BARU,SENAYAN,22,0,0,0,22,0,0,0,0,9,0,9,65,0,65,0,16,0,16,0,0,
3171041001,DKI JAKARTA,JAKARTA PUSAT,SENEN,SENEN,65,1,3,0,61,0,0,0,0,4,2,2,402,112,290,21,38,0,35,1,2,
3171031004,DKI JAKARTA,JAKARTA PUSAT,KEMAYORAN,SERDANG,134,1,1,2,130,0,0,0,0,2,0,2,164,9,155,18,40,0,29,2,9,
3174021001,DKI JAKARTA,JAKARTA SELATAN,SETIA BUDI,SETIA BUDI,27,3,0,0,24,0,0,0,0,3,0,3,85,3,82,6,4,0,4,0,0,
3175101005,DKI JAKARTA,JAKARTA TIMUR,CIPAYUNG,SETU,69,2,0,0,67,0,0,0,0,1,0,1,57,5,52,11,8,1,5,0,2,
3173071002,DKI JAKARTA,JAKARTA BARAT,PALMERAH,SLIPI,167,0,1,1,165,0,0,0,0,2,0,2,200,39,161,33,29,1,21,1,6,
3173081004,DKI JAKARTA,JAKARTA BARAT,KEMBANGAN,SRENGSENG,120,2,2,3,113,0,0,0,0,5,0,5,149,11,138,19,50,0,38,3,9,
3174091002,DKI JAKARTA,JAKARTA SELATAN,JAGAKARSA,SRENGSENG SAWAH,136,4,0,0,132,1,0,0,1,5,0,5,183,7,176,10,44,1,25,3,15,
3173051003,DKI JAKARTA,JAKARTA BARAT,KEBON JERUK,SUKABUMI SELATAN,92,2,10,4,76,0,0,0,0,1,0,1,203,21,182,24,42,2,30,1,9,
3173051002,DKI JAKARTA,JAKARTA BARAT,KEBON JERUK,SUKABUMI UTARA,88,1,3,2,82,0,0,0,0,19,0,19,217,17,200,39,43,1,22,4,16,
3172041002,DKI JAKARTA,JAKARTA UTARA,CILINCING,SUKAPURA,186,5,4,2,175,0,0,0,0,5,0,5,276,62,214,61,70,1,35,1,33,
3171031007,DKI JAKARTA,JAKARTA PUSAT,KEMAYORAN,SUMUR BATU,113,4,5,1,103,0,0,0,0,4,0,4,116,12,104,9,27,1,20,1,5,
3172021004,DKI JAKARTA,JAKARTA UTARA,TANJUNG PRIOK,SUNGAI BAMBU,75,1,3,0,71,0,0,0,0,5,1,4,188,92,96,30,22,0,11,3,8,
3172021006,DKI JAKARTA,JAKARTA UTARA,TANJUNG PRIOK,SUNTER AGUNG,332,2,2,1,327,0,0,0,0,17,0,17,841,12,829,54,186,7,160,11,8,
3172021002,DKI JAKARTA,JAKARTA UTARA,TANJUNG PRIOK,SUNTER JAYA,272,5,7,6,254,0,0,0,0,4,0,4,540,30,510,140,149,7,103,10,29,
3175091004,DKI JAKARTA,JAKARTA TIMUR,CIRACAS,SUSUKAN,53,1,0,1,51,0,0,0,0,6,0,6,588,92,496,67,29,3,18,1,7,
3173031001,DKI JAKARTA,JAKARTA BARAT,TAMAN SARI,TAMAN SARI,82,2,0,0,80,0,0,0,0,0,0,0,138,4,134,13,13,0,5,1,7,
3173041001,DKI JAKARTA,JAKARTA BARAT,TAMBORA,TAMBORA,57,3,1,3,50,0,0,0,0,0,0,0,172,4,168,1,7,0,4,0,3,
3173041004,DKI JAKARTA,JAKARTA BARAT,TAMBORA,TANAH SEREAL,106,3,1,2,100,0,0,0,0,4,0,4,93,3,90,1,43,3,27,5,8,
3171081004,DKI JAKARTA,JAKARTA PUSAT,JOHAR BARU,TANAH TINGGI,141,4,0,3,134,1,0,0,1,1,0,1,266,24,242,31,93,3,58,8,24,
3173031004,DKI JAKARTA,JAKARTA BARAT,TAMAN SARI,TANGKI,80,3,0,1,76,0,0,0,0,1,0,1,128,5,123,2,12,0,11,1,0,
3174091005,DKI JAKARTA,JAKARTA SELATAN,JAGAKARSA,TANJUNG BARAT,136,1,2,1,132,0,0,0,0,1,0,1,114,2,112,7,36,0,27,2,7,
3173021005,DKI JAKARTA,JAKARTA BARAT,GROGOL PETAMBURAN,TANJUNG DUREN SELATAN,103,2,7,1,93,0,0,0,0,18,1,17,208,27,181,18,49,0,37,5,7,
3173021002,DKI JAKARTA,JAKARTA BARAT,GROGOL PETAMBURAN,TANJUNG DUREN UTARA,86,2,3,0,81,0,0,0,0,20,1,19,183,8,175,15,23,2,15,1,5,
3172021001,DKI JAKARTA,JAKARTA UTARA,TANJUNG PRIOK,TANJUNG PRIOK,126,7,4,6,109,0,0,0,0,7,0,7,205,17,188,40,86,1,46,6,33,
3174011002,DKI JAKARTA,JAKARTA SELATAN,TEBET,TEBET BARAT,106,0,0,0,106,0,0,0,0,7,0,7,255,3,252,18,44,2,33,3,6,
3174011001,DKI JAKARTA,JAKARTA SELATAN,TEBET,TEBET TIMUR,62,2,0,1,59,0,0,0,0,5,0,5,224,5,219,26,24,3,15,3,3,
3173061003,DKI JAKARTA,JAKARTA BARAT,KALI DERES,TEGAL ALUR,229,9,9,5,206,0,0,0,0,1,0,1,355,26,329,7,29,4,20,1,4,
3174031004,DKI JAKARTA,JAKARTA SELATAN,MAMPANG PRAPATAN,TEGAL PARANG,98,3,1,2,92,0,0,0,0,2,0,2,302,13,289,1,24,1,20,1,2,
3173021003,DKI JAKARTA,JAKARTA BARAT,GROGOL PETAMBURAN,TOMANG,128,1,0,2,125,0,0,0,0,10,0,10,238,10,228,71,102,0,88,2,12,
3172031005,DKI JAKARTA,JAKARTA UTARA,KOJA,TUGU SELATAN,166,13,3,1,149,0,0,0,0,0,0,0,145,8,137,45,29,2,21,1,5,
3172031002,DKI JAKARTA,JAKARTA UTARA,KOJA,TUGU UTARA,317,16,7,0,294,0,0,0,0,3,0,3,251,4,247,49,56,1,40,4,11,
3175061006,DKI JAKARTA,JAKARTA TIMUR,CAKUNG,UJUNG MENTENG,37,2,1,2,32,0,0,0,0,0,0,0,130,14,116,11,10,0,5,2,3,
3174101005,DKI JAKARTA,JAKARTA SELATAN,PESANGGRAHAN,ULUJAMI,184,0,11,1,172,0,0,0,0,0,0,0,405,83,322,22,38,2,19,3,14,
3175011006,DKI JAKARTA,JAKARTA TIMUR,MATRAMAN,UTAN KAYU SELATAN,174,0,1,8,165,0,0,0,0,1,0,1,277,5,272,76,60,1,48,3,8,
3175011002,DKI JAKARTA,JAKARTA TIMUR,MATRAMAN,UTAN KAYU UTARA,105,4,0,0,101,1,0,0,1,0,0,0,174,2,172,34,28,1,14,2,11,
3171031008,DKI JAKARTA,JAKARTA PUSAT,KEMAYORAN,UTAN PANJANG,121,3,1,2,115,0,0,0,0,1,0,1,117,5,112,17,31,1,14,2,14,
3172021007,DKI JAKARTA,JAKARTA UTARA,TANJUNG PRIOK,WARAKAS,104,3,5,2,94,0,0,0,0,4,0,4,214,24,190,45,56,1,39,1,15,
3173021007,DKI JAKARTA,JAKARTA BARAT,GROGOL PETAMBURAN,WIJAYA KUSUMA,124,3,0,2,119,0,0,0,0,1,0,1,264,7,257,11,23,1,19,2,1,
