id_kel,nama_provinsi,nama_kota,nama_kecamatan,nama_kelurahan,suspek,perawatan rs,isolasi di rumah,suspek meninggal,selesai isolasi,probable,perawatan rs,probable meninggal,selesai isolasi,pelaku perjalanan,isolasi di rumah,selesai isolasi,kontak erat,isolasi di rumah,selesai isolasi,discarded,positif,dirawat,sembuh,meninggal,self isolation,keterangan
3172051003,DKI JAKARTA,JAKARTA UTARA,PADEMANGAN,ANCOL,143,7,35,0,101,0,0,0,0,6,1,5,291,39,252,4,43,4,34,0,5,
3173041007,DKI JAKARTA,JAKARTA BARAT,TAMBORA,ANGKE,190,2,6,1,181,0,0,0,0,0,0,0,286,13,273,21,46,3,35,2,6,
3175041005,DKI JAKARTA,JAKARTA TIMUR,KRAMAT JATI,BALE KAMBANG,64,5,5,0,54,0,0,0,0,2,0,2,126,38,88,22,27,3,18,1,5,
3175031003,DKI JAKARTA,JAKARTA TIMUR,JATINEGARA,BALI MESTER,32,0,1,1,30,0,0,0,0,0,0,0,31,3,28,0,7,1,4,1,1,
3175101006,DKI JAKARTA,JAKARTA TIMUR,CIPAYUNG,BAMBU APUS,111,4,1,1,105,0,0,0,0,2,0,2,130,21,109,14,32,3,19,0,10,
3174031002,DKI JAKARTA,JAKARTA SELATAN,MAMPANG PRAPATAN,BANGKA,90,2,0,2,86,0,0,0,0,18,0,18,371,16,355,6,28,3,21,2,2,
3175051002,DKI JAKARTA,JAKARTA TIMUR,PASAR REBO,BARU,61,10,0,1,50,0,0,0,0,2,0,2,65,9,56,6,16,1,11,0,4,
3175041004,DKI JAKARTA,JAKARTA TIMUR,KRAMAT JATI,BATU AMPAR,131,12,4,0,115,1,0,1,0,1,0,1,223,39,184,24,38,1,29,3,5,
BELUM DIKETAHUI,BELUM DIKETAHUI,BELUM DIKETAHUI,BELUM DIKETAHUI,BELUM DIKETAHUI,11174,11,8,1627,9528,1,0,0,1,122,0,122,6614,94,6520,82,3659,722,854,51,2032,
3171071002,DKI JAKARTA,JAKARTA PUSAT,TANAH ABANG,BENDUNGAN HILIR,165,18,39,0,108,0,0,0,0,2,0,2,222,11,211,4,32,0,27,2,3,
3175031002,DKI JAKARTA,JAKARTA TIMUR,JATINEGARA,BIDARA CINA,71,15,10,3,43,0,0,0,0,0,0,0,139,43,96,21,69,1,49,7,12,
3174101002,DKI JAKARTA,JAKARTA SELATAN,PESANGGRAHAN,BINTARO,332,8,31,2,291,1,0,0,1,7,0,7,630,116,514,17,67,3,45,6,13,
3174011005,DKI JAKARTA,JAKARTA SELATAN,TEBET,BUKIT DURI,88,1,3,3,81,1,0,0,1,13,0,13,202,22,180,8,37,1,25,5,6,
3171041006,DKI JAKARTA,JAKARTA PUSAT,SENEN,BUNGUR,79,3,6,2,68,0,0,0,0,13,0,13,254,5,249,8,22,1,17,2,2,
3175061007,DKI JAKARTA,JAKARTA TIMUR,CAKUNG,CAKUNG BARAT,85,1,4,1,79,0,0,0,0,0,0,0,209,14,195,33,28,4,14,1,9,
3175061004,DKI JAKARTA,JAKARTA TIMUR,CAKUNG,CAKUNG TIMUR,80,10,5,2,63,0,0,0,0,3,0,3,225,25,200,23,32,3,18,0,11,
3175041007,DKI JAKARTA,JAKARTA TIMUR,KRAMAT JATI,CAWANG,79,4,21,0,54,0,0,0,0,4,3,1,211,123,88,11,36,3,26,1,6,
3175101008,DKI JAKARTA,JAKARTA TIMUR,CIPAYUNG,CEGER,68,5,0,0,63,0,0,0,0,0,0,0,63,7,56,8,8,1,5,0,2,
3171031006,DKI JAKARTA,JAKARTA PUSAT,KEMAYORAN,CEMPAKA BARU,197,6,32,1,158,0,0,0,0,7,4,3,217,65,152,24,75,1,42,7,25,
3171051002,DKI JAKARTA,JAKARTA PUSAT,CEMPAKA PUTIH,CEMPAKA PUTIH BARAT,392,20,8,1,363,0,0,0,0,7,0,7,941,94,847,35,160,4,65,8,83,
3171051001,DKI JAKARTA,JAKARTA PUSAT,CEMPAKA PUTIH,CEMPAKA PUTIH TIMUR,230,8,3,1,218,0,0,0,0,7,0,7,748,38,710,38,113,0,80,1,32,
3173011001,DKI JAKARTA,JAKARTA BARAT,CENGKARENG,CENGKARENG BARAT,93,6,7,1,79,0,0,0,0,4,0,4,486,34,452,6,54,10,40,2,2,
3173011006,DKI JAKARTA,JAKARTA BARAT,CENGKARENG,CENGKARENG TIMUR,129,7,6,6,110,1,0,0,1,3,0,3,512,27,485,7,88,8,60,6,14,
3175091002,DKI JAKARTA,JAKARTA TIMUR,CIRACAS,CIBUBUR,189,10,2,4,173,0,0,0,0,17,6,11,841,86,755,74,39,1,31,2,5,
3171011002,DKI JAKARTA,JAKARTA PUSAT,GAMBIR,CIDENG,115,12,0,1,102,0,0,0,0,7,0,7,192,8,184,9,38,1,22,3,12,
3174091003,DKI JAKARTA,JAKARTA SELATAN,JAGAKARSA,CIGANJUR,144,6,1,1,136,0,0,0,0,9,0,9,142,7,135,6,32,0,17,1,14,
3175051003,DKI JAKARTA,JAKARTA TIMUR,PASAR REBO,CIJANTUNG,180,12,1,3,164,0,0,0,0,0,0,0,184,16,168,3,42,1,23,2,16,
3171061003,DKI JAKARTA,JAKARTA PUSAT,MENTENG,CIKINI,42,2,1,0,39,0,0,0,0,0,0,0,113,50,63,8,14,1,11,1,1,
3174081006,DKI JAKARTA,JAKARTA SELATAN,PANCORAN,CIKOKO,30,0,1,0,29,0,0,0,0,11,0,11,118,8,110,0,14,0,9,1,4,
3174061001,DKI JAKARTA,JAKARTA SELATAN,CILANDAK,CILANDAK BARAT,240,6,2,4,228,0,0,0,0,88,0,88,441,14,427,34,70,6,42,3,19,
3174041003,DKI JAKARTA,JAKARTA SELATAN,PASAR MINGGU,CILANDAK TIMUR,87,7,7,1,72,0,0,0,0,17,0,17,142,53,89,5,20,2,11,2,5,
3175101002,DKI JAKARTA,JAKARTA TIMUR,CIPAYUNG,CILANGKAP,108,4,3,1,100,0,0,0,0,1,0,1,119,18,101,17,24,2,18,0,4,
3175041006,DKI JAKARTA,JAKARTA TIMUR,KRAMAT JATI,CILILITAN,95,7,20,1,67,0,0,0,0,3,2,1,245,104,141,37,30,4,18,2,6,
3172041001,DKI JAKARTA,JAKARTA UTARA,CILINCING,CILINCING,147,7,15,1,124,0,0,0,0,3,0,3,435,58,377,56,75,1,50,1,23,
3175101001,DKI JAKARTA,JAKARTA TIMUR,CIPAYUNG,CIPAYUNG,142,4,10,2,126,0,0,0,0,2,0,2,138,14,124,7,31,3,22,1,5,
3174091006,DKI JAKARTA,JAKARTA SELATAN,JAGAKARSA,CIPEDAK,134,3,0,0,131,1,0,0,1,0,0,0,113,8,105,5,25,6,17,0,2,
3174061005,DKI JAKARTA,JAKARTA SELATAN,CILANDAK,CIPETE SELATAN,94,3,3,1,87,0,0,0,0,42,0,42,159,15,144,3,16,1,6,4,5,
3174071010,DKI JAKARTA,JAKARTA SELATAN,KEBAYORAN BARU,CIPETE UTARA,109,9,0,3,97,0,0,0,0,9,0,9,188,37,151,5,23,2,16,2,3,
3175021003,DKI JAKARTA,JAKARTA TIMUR,PULO GADUNG,CIPINANG,59,4,1,2,52,0,0,0,0,3,0,3,259,34,225,22,38,3,23,3,9,
3175031007,DKI JAKARTA,JAKARTA TIMUR,JATINEGARA,CIPINANG BESAR SELATAN,60,1,3,1,55,0,0,0,0,1,0,1,108,7,101,4,26,0,17,1,8,
3175031008,DKI JAKARTA,JAKARTA TIMUR,JATINEGARA,CIPINANG BESAR UTARA,53,5,3,0,45,0,0,0,0,3,0,3,256,23,233,11,50,1,41,2,6,
3175031005,DKI JAKARTA,JAKARTA TIMUR,JATINEGARA,CIPINANG CEMPEDAK,70,4,1,2,63,0,0,0,0,1,0,1,82,8,74,6,13,1,10,1,1,
3175081005,DKI JAKARTA,JAKARTA TIMUR,MAKASAR,CIPINANG MELAYU,70,5,3,2,60,0,0,0,0,2,0,2,184,31,153,11,37,4,26,4,3,
3175031006,DKI JAKARTA,JAKARTA TIMUR,JATINEGARA,CIPINANG MUARA,89,6,1,1,81,0,0,0,0,3,0,3,199,14,185,24,52,0,39,1,12,
3174051003,DKI JAKARTA,JAKARTA SELATAN,KEBAYORAN LAMA,CIPULIR,88,6,1,4,77,0,0,0,0,6,1,5,313,26,287,4,53,1,42,3,7,
3175091001,DKI JAKARTA,JAKARTA TIMUR,CIRACAS,CIRACAS,181,12,7,9,153,0,0,0,0,13,4,9,590,89,501,40,50,1,37,5,7,
3175041003,DKI JAKARTA,JAKARTA TIMUR,KRAMAT JATI,DUKUH,89,9,6,1,73,0,0,0,0,1,0,1,180,72,108,15,20,0,16,0,4,
3175071001,DKI JAKARTA,JAKARTA TIMUR,DUREN SAWIT,DUREN SAWIT,317,15,7,2,293,2,0,0,2,1,0,1,225,31,194,13,87,1,60,8,18,
3174081004,DKI JAKARTA,JAKARTA SELATAN,PANCORAN,DUREN TIGA,109,0,5,0,104,0,0,0,0,3,1,2,232,20,212,2,18,1,13,0,4,
3173051005,DKI JAKARTA,JAKARTA BARAT,KEBON JERUK,DURI KEPA,149,10,5,2,132,0,0,0,0,7,0,7,522,21,501,61,107,7,81,6,13,
3173011002,DKI JAKARTA,JAKARTA BARAT,CENGKARENG,DURI KOSAMBI,133,7,2,3,121,0,0,0,0,3,0,3,320,16,304,8,47,3,27,1,16,
3171011006,DKI JAKARTA,JAKARTA PUSAT,GAMBIR,DURI PULO,50,6,2,3,39,0,0,0,0,0,0,0,107,5,102,5,26,1,17,2,6,
3173041011,DKI JAKARTA,JAKARTA BARAT,TAMBORA,DURI SELATAN,36,7,0,1,28,0,0,0,0,1,0,1,46,1,45,3,15,2,10,0,3,
3173041003,DKI JAKARTA,JAKARTA BARAT,TAMBORA,DURI UTARA,77,3,6,2,66,0,0,0,0,1,0,1,76,5,71,1,21,0,16,3,2,
3171081003,DKI JAKARTA,JAKARTA PUSAT,JOHAR BARU,GALUR,44,4,1,0,39,0,0,0,0,2,0,2,165,19,146,42,41,2,13,5,21,
3171011001,DKI JAKARTA,JAKARTA PUSAT,GAMBIR,GAMBIR,28,0,0,0,28,0,0,0,0,17,0,17,100,5,95,6,11,1,9,0,1,
3174061004,DKI JAKARTA,JAKARTA SELATAN,CILANDAK,GANDARIA SELATAN,67,3,11,0,53,1,0,0,1,20,0,20,145,54,91,0,16,0,8,1,7,
3174071009,DKI JAKARTA,JAKARTA SELATAN,KEBAYORAN BARU,GANDARIA UTARA,101,8,1,1,91,0,0,0,0,1,0,1,271,41,230,0,29,2,18,1,8,
3175051001,DKI JAKARTA,JAKARTA TIMUR,PASAR REBO,GEDONG,257,34,0,0,223,0,0,0,0,0,0,0,106,11,95,17,59,7,44,0,8,
3171071001,DKI JAKARTA,JAKARTA PUSAT,TANAH ABANG,GELORA,30,0,0,1,29,0,0,0,0,5,0,5,51,1,50,0,13,0,12,1,0,
3173031007,DKI JAKARTA,JAKARTA BARAT,TAMAN SARI,GLODOK,33,0,3,0,30,0,0,0,0,0,0,0,50,2,48,0,4,0,2,1,1,
3171061004,DKI JAKARTA,JAKARTA PUSAT,MENTENG,GONDANGDIA,18,0,0,1,17,0,0,0,0,4,0,4,59,20,39,7,20,1,16,2,1,
3173021001,DKI JAKARTA,JAKARTA BARAT,GROGOL PETAMBURAN,GROGOL,111,4,1,3,103,0,0,0,0,39,0,39,372,12,360,30,48,1,34,0,13,
3174051005,DKI JAKARTA,JAKARTA SELATAN,KEBAYORAN LAMA,GROGOL SELATAN,91,4,1,3,83,1,0,1,0,11,0,11,318,28,290,3,46,2,33,5,6,
3174051004,DKI JAKARTA,JAKARTA SELATAN,KEBAYORAN LAMA,GROGOL UTARA,136,6,1,4,125,0,0,0,0,23,0,23,333,16,317,12,92,3,60,2,27,
3174021007,DKI JAKARTA,JAKARTA SELATAN,SETIA BUDI,GUNTUR,17,1,1,0,15,0,0,0,0,0,0,0,50,7,43,1,6,1,5,0,0,
3174071002,DKI JAKARTA,JAKARTA SELATAN,KEBAYORAN BARU,GUNUNG,42,0,0,3,39,0,0,0,0,7,0,7,160,38,122,0,13,1,10,1,1,
3171031005,DKI JAKARTA,JAKARTA PUSAT,KEMAYORAN,GUNUNG SAHARI SELATAN,118,6,2,1,109,0,0,0,0,2,0,2,159,12,147,1,18,0,13,2,3,
3171021004,DKI JAKARTA,JAKARTA PUSAT,SAWAH BESAR,GUNUNG SAHARI UTARA,94,5,1,1,87,0,0,0,0,2,1,1,137,12,125,4,31,1,20,4,6,
3175081004,DKI JAKARTA,JAKARTA TIMUR,MAKASAR,HALIM PERDANA KUSUMAH,54,6,4,2,42,0,0,0,0,2,0,2,105,29,76,7,43,3,30,3,7,
3171031003,DKI JAKARTA,JAKARTA PUSAT,KEMAYORAN,HARAPAN MULIA,137,12,14,2,109,0,0,0,0,5,2,3,168,26,142,25,67,2,33,5,27,
3174091001,DKI JAKARTA,JAKARTA SELATAN,JAGAKARSA,JAGAKARSA,265,7,2,1,255,1,0,0,1,5,0,5,264,25,239,8,58,5,39,2,12,
3175021007,DKI JAKARTA,JAKARTA TIMUR,PULO GADUNG,JATI,85,11,2,1,71,0,0,0,0,4,0,4,242,23,219,18,56,0,35,0,21,
3174041002,DKI JAKARTA,JAKARTA SELATAN,PASAR MINGGU,JATI PADANG,126,7,1,2,116,0,0,0,0,2,0,2,261,113,148,12,32,3,23,3,3,
3173071004,DKI JAKARTA,JAKARTA BARAT,PALMERAH,JATI PULO,177,11,4,4,158,0,0,0,0,2,0,2,317,26,291,57,83,1,69,2,11,
3175061001,DKI JAKARTA,JAKARTA TIMUR,CAKUNG,JATINEGARA,130,8,1,3,118,0,0,0,0,2,0,2,327,50,277,30,51,1,34,3,13,
3175021004,DKI JAKARTA,JAKARTA TIMUR,PULO GADUNG,JATINEGARA KAUM,18,1,2,0,15,0,0,0,0,3,0,3,94,13,81,3,9,2,5,0,2,
3173021004,DKI JAKARTA,JAKARTA BARAT,GROGOL PETAMBURAN,JELAMBAR,96,6,3,4,83,0,0,0,0,22,4,18,377,72,305,6,43,2,30,4,7,
3173021006,DKI JAKARTA,JAKARTA BARAT,GROGOL PETAMBURAN,JELAMBAR BARU,143,1,1,2,139,0,0,0,0,4,0,4,362,106,256,14,28,1,20,2,5,
3173041006,DKI JAKARTA,JAKARTA BARAT,TAMBORA,JEMBATAN BESI,260,12,44,1,203,0,0,0,0,3,3,0,295,96,199,7,100,1,82,5,12,
3173041008,DKI JAKARTA,JAKARTA BARAT,TAMBORA,JEMBATAN LIMA,61,2,0,0,59,0,0,0,0,0,0,0,89,4,85,1,13,2,8,0,3,
3173081005,DKI JAKARTA,JAKARTA BARAT,KEMBANGAN,JOGLO,88,2,0,4,82,0,0,0,0,4,1,3,174,12,162,12,36,0,35,1,0,
3171081001,DKI JAKARTA,JAKARTA PUSAT,JOHAR BARU,JOHAR BARU,204,10,4,3,187,0,0,0,0,3,0,3,651,57,594,90,114,6,57,5,46,
3173041002,DKI JAKARTA,JAKARTA BARAT,TAMBORA,KALI ANYAR,110,11,2,0,97,0,0,0,0,3,0,3,178,21,157,8,36,2,17,2,15,
3172041004,DKI JAKARTA,JAKARTA UTARA,CILINCING,KALI BARU,100,11,4,5,80,0,0,0,0,1,0,1,192,57,135,28,50,11,31,4,4,
3174081002,DKI JAKARTA,JAKARTA SELATAN,PANCORAN,KALIBATA,171,12,4,3,152,0,0,0,0,8,2,6,233,13,220,9,59,4,33,1,21,
3173061001,DKI JAKARTA,JAKARTA BARAT,KALI DERES,KALIDERES,375,10,37,4,324,0,0,0,0,5,0,5,1145,132,1013,25,69,5,54,4,6,
3175051004,DKI JAKARTA,JAKARTA TIMUR,PASAR REBO,KALISARI,172,13,4,0,155,0,0,0,0,1,0,1,119,20,99,6,42,0,29,2,11,
3173061004,DKI JAKARTA,JAKARTA BARAT,KALI DERES,KAMAL,138,2,10,3,123,0,0,0,0,0,0,0,282,30,252,1,8,1,3,2,2,
3172011002,DKI JAKARTA,JAKARTA UTARA,PENJARINGAN,KAMAL MUARA,14,0,0,0,14,0,0,0,0,4,0,4,42,16,26,0,17,1,15,1,0,
3171071007,DKI JAKARTA,JAKARTA PUSAT,TANAH ABANG,KAMPUNG BALI,69,6,5,2,56,0,0,0,0,2,1,1,99,1,98,0,19,0,15,1,3,
3175031001,DKI JAKARTA,JAKARTA TIMUR,JATINEGARA,KAMPUNG MELAYU,39,5,0,4,30,0,0,0,0,3,0,3,66,8,58,3,69,3,41,1,24,
3171081002,DKI JAKARTA,JAKARTA PUSAT,JOHAR BARU,KAMPUNG RAWA,105,7,1,0,97,1,0,0,1,0,0,0,273,20,253,60,88,1,53,7,27,
3175041002,DKI JAKARTA,JAKARTA TIMUR,KRAMAT JATI,KAMPUNG TENGAH,198,9,4,1,184,0,0,0,0,7,0,7,458,59,399,48,101,1,75,8,17,
3173011005,DKI JAKARTA,JAKARTA BARAT,CENGKARENG,KAPUK,152,10,11,16,115,0,0,0,0,4,1,3,401,76,325,8,49,2,32,6,9,
3172011003,DKI JAKARTA,JAKARTA UTARA,PENJARINGAN,KAPUK MUARA,53,4,0,0,49,0,0,0,0,7,0,7,118,30,88,16,26,3,16,3,4,
3171021002,DKI JAKARTA,JAKARTA PUSAT,SAWAH BESAR,KARANG ANYAR,217,20,3,4,190,1,0,1,0,3,1,2,406,30,376,8,53,2,41,5,5,
3174021004,DKI JAKARTA,JAKARTA SELATAN,SETIA BUDI,KARET,52,3,0,0,49,0,0,0,0,8,0,8,137,7,130,4,21,1,19,0,1,
3174021003,DKI JAKARTA,JAKARTA SELATAN,SETIA BUDI,KARET KUNINGAN,79,3,2,1,73,0,0,0,0,20,4,16,188,60,128,4,23,1,14,2,6,
3174021002,DKI JAKARTA,JAKARTA SELATAN,SETIA BUDI,KARET SEMANGGI,39,0,0,1,38,0,0,0,0,3,0,3,40,6,34,0,8,0,3,2,3,
3171071003,DKI JAKARTA,JAKARTA PUSAT,TANAH ABANG,KARET TENGSIN,92,6,21,0,65,0,0,0,0,7,0,7,129,3,126,0,18,1,13,1,3,
3171021003,DKI JAKARTA,JAKARTA PUSAT,SAWAH BESAR,KARTINI,164,11,1,1,151,0,0,0,0,0,0,0,271,31,240,14,52,2,41,1,8,
3175011003,DKI JAKARTA,JAKARTA TIMUR,MATRAMAN,KAYU MANIS,104,2,2,0,100,1,0,0,1,0,0,0,279,19,260,17,46,1,34,2,9,
3175021006,DKI JAKARTA,JAKARTA TIMUR,PULO GADUNG,KAYU PUTIH,160,10,0,4,146,0,0,0,0,10,0,10,400,72,328,21,75,2,50,5,18,
3173031006,DKI JAKARTA,JAKARTA BARAT,TAMAN SARI,KEAGUNGAN,57,3,11,0,43,0,0,0,0,0,0,0,119,20,99,6,12,2,5,0,5,
3174041007,DKI JAKARTA,JAKARTA SELATAN,PASAR MINGGU,KEBAGUSAN,124,11,2,1,110,0,0,0,0,0,0,0,154,27,127,10,36,5,25,0,6,
3174051006,DKI JAKARTA,JAKARTA SELATAN,KEBAYORAN LAMA,KEBAYORAN LAMA SELATAN,141,5,4,0,132,1,0,0,1,1,0,1,421,23,398,8,33,1,20,3,9,
3174051001,DKI JAKARTA,JAKARTA SELATAN,KEBAYORAN LAMA,KEBAYORAN LAMA UTARA,108,4,0,1,103,0,0,0,0,15,0,15,241,23,218,2,35,1,29,2,3,
3174011004,DKI JAKARTA,JAKARTA SELATAN,TEBET,KEBON BARU,86,4,4,2,76,0,0,0,0,15,0,15,273,19,254,11,38,1,35,0,2,
3172021005,DKI JAKARTA,JAKARTA UTARA,TANJUNG PRIOK,KEBON BAWANG,171,15,16,1,139,0,0,0,0,10,3,7,345,48,297,46,75,4,53,1,17,
3173051001,DKI JAKARTA,JAKARTA BARAT,KEBON JERUK,KEBON JERUK,206,5,4,4,193,0,0,0,0,9,0,9,697,27,670,45,92,3,72,9,8,
3171071006,DKI JAKARTA,JAKARTA PUSAT,TANAH ABANG,KEBON KACANG,259,3,34,1,221,0,0,0,0,0,0,0,270,7,263,3,119,2,95,9,13,
3171011005,DKI JAKARTA,JAKARTA PUSAT,GAMBIR,KEBON KELAPA,62,6,1,1,54,0,0,0,0,1,0,1,71,6,65,0,10,0,8,1,1,
3171031002,DKI JAKARTA,JAKARTA PUSAT,KEMAYORAN,KEBON KOSONG,147,7,12,5,123,0,0,0,0,7,0,7,176,38,138,24,58,0,41,5,12,
3175011005,DKI JAKARTA,JAKARTA TIMUR,MATRAMAN,KEBON MANGGIS,62,6,0,3,53,0,0,0,0,1,0,1,61,6,55,17,40,3,23,2,12,
3171071005,DKI JAKARTA,JAKARTA PUSAT,TANAH ABANG,KEBON MELATI,220,8,3,2,207,0,0,0,0,5,0,5,285,9,276,2,90,6,73,6,5,
3175081003,DKI JAKARTA,JAKARTA TIMUR,MAKASAR,KEBON PALA,59,3,0,1,55,0,0,0,0,2,0,2,297,58,239,11,38,3,24,0,11,
3171061005,DKI JAKARTA,JAKARTA PUSAT,MENTENG,KEBON SIRIH,64,0,4,2,58,0,0,0,0,2,0,2,171,40,131,11,36,0,33,2,1,
3173011004,DKI JAKARTA,JAKARTA BARAT,CENGKARENG,KEDAUNG KALI ANGKE,49,3,0,0,46,0,0,0,0,1,0,1,121,14,107,3,26,4,22,0,0,
3173051007,DKI JAKARTA,JAKARTA BARAT,KEBON JERUK,KEDOYA SELATAN,97,2,2,5,88,1,0,0,1,4,0,4,228,9,219,12,32,0,30,1,1,
3173051006,DKI JAKARTA,JAKARTA BARAT,KEBON JERUK,KEDOYA UTARA,86,3,1,2,80,0,0,0,0,15,0,15,317,10,307,19,35,1,30,0,4,
3173051004,DKI JAKARTA,JAKARTA BARAT,KEBON JERUK,KELAPA DUA,56,2,0,0,54,0,0,0,0,1,0,1,142,12,130,16,38,1,27,1,9,
3175091003,DKI JAKARTA,JAKARTA TIMUR,CIRACAS,KELAPA DUA WETAN,121,5,5,1,110,0,0,0,0,0,0,0,447,33,414,31,38,6,26,1,5,
3172061003,DKI JAKARTA,JAKARTA UTARA,KELAPA GADING,KELAPA GADING BARAT,316,7,18,2,289,0,0,0,0,38,3,35,561,42,519,29,80,6,63,5,6,
3172061001,DKI JAKARTA,JAKARTA UTARA,KELAPA GADING,KELAPA GADING TIMUR,305,4,12,2,287,0,0,0,0,11,1,10,580,34,546,22,61,5,41,8,7,
3173071005,DKI JAKARTA,JAKARTA BARAT,PALMERAH,KEMANGGISAN,131,7,2,6,116,0,0,0,0,4,2,2,302,31,271,44,50,2,34,3,11,
3171031001,DKI JAKARTA,JAKARTA PUSAT,KEMAYORAN,KEMAYORAN,158,7,8,3,140,0,0,0,0,0,0,0,240,25,215,17,78,1,48,1,28,
3173081006,DKI JAKARTA,JAKARTA BARAT,KEMBANGAN,KEMBANGAN SELATAN,62,3,2,1,56,0,0,0,0,5,0,5,234,15,219,50,36,1,27,1,7,
3173081001,DKI JAKARTA,JAKARTA BARAT,KEMBANGAN,KEMBANGAN UTARA,110,9,8,3,90,0,0,0,0,2,0,2,468,31,437,10,48,5,35,1,7,
3171041002,DKI JAKARTA,JAKARTA PUSAT,SENEN,KENARI,95,0,5,1,89,0,0,0,0,0,0,0,257,6,251,43,130,1,125,2,2,
3173041005,DKI JAKARTA,JAKARTA BARAT,TAMBORA,KERENDANG,106,7,3,2,94,0,0,0,0,0,0,0,103,8,95,1,49,1,31,5,12,
3175071003,DKI JAKARTA,JAKARTA TIMUR,DUREN SAWIT,KLENDER,256,9,3,2,242,0,0,0,0,2,0,2,231,16,215,10,83,3,51,8,21,
3172031001,DKI JAKARTA,JAKARTA UTARA,KOJA,KOJA,140,7,5,0,128,0,0,0,0,4,0,4,189,11,178,22,24,1,19,1,3,
3173071006,DKI JAKARTA,JAKARTA BARAT,PALMERAH,KOTA BAMBU SELATAN,193,9,9,4,171,0,0,0,0,0,0,0,505,116,389,69,107,7,57,3,40,
3173071003,DKI JAKARTA,JAKARTA BARAT,PALMERAH,KOTA BAMBU UTARA,169,8,9,9,143,0,0,0,0,0,0,0,299,58,241,49,92,4,60,4,24,
3171041004,DKI JAKARTA,JAKARTA PUSAT,SENEN,KRAMAT,156,6,6,4,140,0,0,0,0,3,0,3,499,62,437,29,142,5,69,8,60,
3175041001,DKI JAKARTA,JAKARTA TIMUR,KRAMAT JATI,KRAMAT JATI,110,5,6,1,98,0,0,0,0,5,1,4,225,56,169,18,28,1,17,2,8,
3174071003,DKI JAKARTA,JAKARTA SELATAN,KEBAYORAN BARU,KRAMAT PELA,29,2,0,0,27,0,0,0,0,0,0,0,198,81,117,3,15,3,10,0,2,
3173031002,DKI JAKARTA,JAKARTA BARAT,TAMAN SARI,KRUKUT,66,1,2,6,57,0,0,0,0,3,0,3,158,10,148,9,31,1,23,2,5,
3174031005,DKI JAKARTA,JAKARTA SELATAN,MAMPANG PRAPATAN,KUNINGAN BARAT,39,1,0,1,37,0,0,0,0,0,0,0,253,15,238,4,9,0,7,0,2,
3174021008,DKI JAKARTA,JAKARTA SELATAN,SETIA BUDI,KUNINGAN TIMUR,63,1,0,1,61,0,0,0,0,17,0,17,46,4,42,1,8,0,5,2,1,
3171041005,DKI JAKARTA,JAKARTA PUSAT,SENEN,KWITANG,135,2,20,0,113,1,0,0,1,2,0,2,256,5,251,7,37,2,26,3,6,
3172031003,DKI JAKARTA,JAKARTA UTARA,KOJA,LAGOA,237,10,3,1,223,0,0,0,0,4,0,4,189,17,172,28,158,5,82,6,65,
3174061002,DKI JAKARTA,JAKARTA SELATAN,CILANDAK,LEBAK BULUS,131,8,2,2,119,0,0,0,0,27,0,27,254,8,246,19,37,0,29,6,2,
3174091004,DKI JAKARTA,JAKARTA SELATAN,JAGAKARSA,LENTENG AGUNG,211,8,2,0,201,0,0,0,0,3,0,3,133,8,125,7,34,2,25,0,7,
LUAR DKI JAKARTA,LUAR DKI JAKARTA,LUAR DKI JAKARTA,LUAR DKI JAKARTA,LUAR DKI JAKARTA,10603,444,198,93,9868,11,0,1,10,281,18,263,12473,1177,11296,637,2855,104,2441,82,228,
3175101007,DKI JAKARTA,JAKARTA TIMUR,CIPAYUNG,LUBANG BUAYA,165,4,1,3,157,0,0,0,0,3,0,3,266,38,228,23,31,1,17,0,13,
3175081001,DKI JAKARTA,JAKARTA TIMUR,MAKASAR,MAKASAR,74,8,1,1,64,0,0,0,0,4,0,4,256,60,196,16,10,0,10,0,0,
3175071006,DKI JAKARTA,JAKARTA TIMUR,DUREN SAWIT,MALAKA JAYA,140,7,2,2,129,0,0,0,0,2,0,2,154,10,144,7,34,0,29,0,5,
3175071005,DKI JAKARTA,JAKARTA TIMUR,DUREN SAWIT,MALAKA SARI,131,3,9,1,118,0,0,0,0,0,0,0,90,13,77,6,39,1,30,2,6,
3174031001,DKI JAKARTA,JAKARTA SELATAN,MAMPANG PRAPATAN,MAMPANG PRAPATAN,75,5,0,2,68,0,0,0,0,0,0,0,342,53,289,8,31,3,16,3,9,
3173031005,DKI JAKARTA,JAKARTA BARAT,TAMAN SARI,MANGGA BESAR,38,1,8,1,28,0,0,0,0,0,0,0,66,7,59,3,4,0,4,0,0,
3171021005,DKI JAKARTA,JAKARTA PUSAT,SAWAH BESAR,MANGGA DUA SELATAN,99,17,1,1,80,0,0,0,0,1,0,1,183,24,159,8,25,1,21,0,3,
3174011007,DKI JAKARTA,JAKARTA SELATAN,TEBET,MANGGARAI,75,6,0,0,69,0,0,0,0,4,0,4,210,28,182,18,22,1,18,0,3,
3174011006,DKI JAKARTA,JAKARTA SELATAN,TEBET,MANGGARAI SELATAN,52,1,5,2,44,0,0,0,0,6,0,6,239,37,202,16,24,1,18,2,3,
3173031003,DKI JAKARTA,JAKARTA BARAT,TAMAN SARI,MAPHAR,86,3,1,1,81,0,0,0,0,5,0,5,139,11,128,35,86,1,67,0,18,
3172041003,DKI JAKARTA,JAKARTA UTARA,CILINCING,MARUNDA,98,5,33,0,60,0,0,0,0,0,0,0,99,21,78,8,17,3,11,1,2,
3174071001,DKI JAKARTA,JAKARTA SELATAN,KEBAYORAN BARU,MELAWAI,8,0,0,0,8,0,0,0,0,1,0,1,21,7,14,0,5,0,5,0,0,
3171061001,DKI JAKARTA,JAKARTA PUSAT,MENTENG,MENTENG,90,3,1,2,84,1,0,0,1,1,0,1,289,33,256,13,42,2,34,4,2,
3174021005,DKI JAKARTA,JAKARTA SELATAN,SETIA BUDI,MENTENG ATAS,129,7,15,3,104,0,0,0,0,33,2,31,548,129,419,31,64,1,27,2,34,
3174011003,DKI JAKARTA,JAKARTA SELATAN,TEBET,MENTENG DALAM,121,9,6,4,102,0,0,0,0,11,0,11,285,33,252,37,48,2,31,4,11,
3173081003,DKI JAKARTA,JAKARTA BARAT,KEMBANGAN,MERUYA SELATAN,80,5,4,1,70,0,0,0,0,2,0,2,183,62,121,14,28,1,24,2,1,
3173081002,DKI JAKARTA,JAKARTA BARAT,KEMBANGAN,MERUYA UTARA,90,3,4,6,77,0,0,0,0,3,0,3,187,36,151,7,36,3,32,0,1,
3175101004,DKI JAKARTA,JAKARTA TIMUR,CIPAYUNG,MUNJUL,75,3,6,0,66,0,0,0,0,2,0,2,70,10,60,21,19,0,13,0,6,
3172051002,DKI JAKARTA,JAKARTA UTARA,PADEMANGAN,PADEMANGAN BARAT,663,19,62,5,577,0,0,0,0,5,1,4,1360,62,1298,19,243,4,172,14,53,
3172051001,DKI JAKARTA,JAKARTA UTARA,PADEMANGAN,PADEMANGAN TIMUR,193,4,19,2,168,0,0,0,0,11,0,11,395,18,377,8,42,2,35,2,3,
3175011004,DKI JAKARTA,JAKARTA TIMUR,MATRAMAN,PAL MERIAM,104,3,0,2,99,1,0,0,1,1,0,1,319,8,311,55,74,2,47,5,20,
3173071001,DKI JAKARTA,JAKARTA BARAT,PALMERAH,PALMERAH,414,26,22,2,364,0,0,0,0,1,0,1,786,107,679,61,127,6,90,8,23,
3174081001,DKI JAKARTA,JAKARTA SELATAN,PANCORAN,PANCORAN,87,6,3,0,78,0,0,0,0,6,0,6,270,17,253,5,30,4,17,3,6,
3172021003,DKI JAKARTA,JAKARTA UTARA,TANJUNG PRIOK,PAPANGGO,126,3,21,0,102,0,0,0,0,4,0,4,288,89,199,42,25,2,15,1,7,
3171021001,DKI JAKARTA,JAKARTA PUSAT,SAWAH BESAR,PASAR BARU,83,10,3,2,68,0,0,0,0,4,0,4,175,26,149,3,23,2,19,0,2,
3174021006,DKI JAKARTA,JAKARTA SELATAN,SETIA BUDI,PASAR MANGGIS,81,5,1,2,73,0,0,0,0,15,1,14,353,24,329,14,35,1,28,2,4,
3174041001,DKI JAKARTA,JAKARTA SELATAN,PASAR MINGGU,PASAR MINGGU,113,7,1,1,104,0,0,0,0,3,1,2,230,19,211,3,41,1,24,2,14,
3171041003,DKI JAKARTA,JAKARTA PUSAT,SENEN,PASEBAN,193,5,4,1,183,0,0,0,0,3,0,3,332,36,296,58,96,5,81,5,5,
3173061005,DKI JAKARTA,JAKARTA BARAT,KALI DERES,PEGADUNGAN,284,7,28,7,242,0,0,0,0,6,0,6,675,104,571,13,68,7,52,3,6,
3171061002,DKI JAKARTA,JAKARTA PUSAT,MENTENG,PEGANGSAAN,110,13,3,2,92,0,0,0,0,0,0,0,434,53,381,40,126,2,112,2,10,
3172061002,DKI JAKARTA,JAKARTA UTARA,KELAPA GADING,PEGANGSAAN DUA,352,4,14,1,333,0,0,0,0,33,8,25,855,70,785,70,95,5,48,4,38,
3172011004,DKI JAKARTA,JAKARTA UTARA,PENJARINGAN,PEJAGALAN,96,10,0,2,84,0,0,0,0,5,0,5,322,68,254,22,45,4,30,3,8,
3174041006,DKI JAKARTA,JAKARTA SELATAN,PASAR MINGGU,PEJATEN BARAT,118,6,2,2,108,2,0,0,2,1,0,1,276,89,187,11,40,8,27,2,3,
3174041005,DKI JAKARTA,JAKARTA SELATAN,PASAR MINGGU,PEJATEN TIMUR,150,7,1,1,141,1,0,0,1,1,0,1,242,28,214,18,59,3,44,5,7,
3175051005,DKI JAKARTA,JAKARTA TIMUR,PASAR REBO,PEKAYON,240,19,4,1,216,0,0,0,0,1,0,1,79,8,71,7,20,1,10,2,7,
3173041009,DKI JAKARTA,JAKARTA BARAT,TAMBORA,PEKOJAN,124,1,4,2,117,0,0,0,0,2,0,2,127,4,123,16,25,0,25,0,0,
3174031003,DKI JAKARTA,JAKARTA SELATAN,MAMPANG PRAPATAN,PELA MAMPANG,143,12,0,2,129,0,0,0,0,12,0,12,512,95,417,4,34,1,15,4,14,
3174081005,DKI JAKARTA,JAKARTA SELATAN,PANCORAN,PENGADEGAN,58,4,4,1,49,0,0,0,0,4,0,4,144,16,128,6,19,1,16,0,2,
3175061003,DKI JAKARTA,JAKARTA TIMUR,CAKUNG,PENGGILINGAN,158,12,1,1,144,0,0,0,0,3,0,3,340,87,253,56,90,2,57,3,28,
3172011001,DKI JAKARTA,JAKARTA UTARA,PENJARINGAN,PENJARINGAN,304,10,2,4,288,1,0,0,1,21,1,20,1832,227,1605,111,198,8,150,6,34,
3174101001,DKI JAKARTA,JAKARTA SELATAN,PESANGGRAHAN,PESANGGRAHAN,157,9,13,4,131,0,0,0,0,0,0,0,196,11,185,16,18,0,12,3,3,
3171071004,DKI JAKARTA,JAKARTA PUSAT,TANAH ABANG,PETAMBURAN,321,8,12,5,296,0,0,0,0,7,0,7,228,14,214,3,148,2,133,9,4,
3174071008,DKI JAKARTA,JAKARTA SELATAN,KEBAYORAN BARU,PETOGOGAN,36,1,0,0,35,0,0,0,0,2,0,2,95,5,90,0,7,0,6,0,1,
3171011004,DKI JAKARTA,JAKARTA PUSAT,GAMBIR,PETOJO SELATAN,70,6,2,1,61,0,0,0,0,13,0,13,248,6,242,13,31,1,25,2,3,
3171011003,DKI JAKARTA,JAKARTA PUSAT,GAMBIR,PETOJO UTARA,73,11,2,3,57,0,0,0,0,10,0,10,177,5,172,25,41,2,31,2,6,
3174101004,DKI JAKARTA,JAKARTA SELATAN,PESANGGRAHAN,PETUKANGAN SELATAN,136,10,2,2,122,0,0,0,0,0,0,0,337,22,315,6,9,0,9,0,0,
3174101003,DKI JAKARTA,JAKARTA SELATAN,PESANGGRAHAN,PETUKANGAN UTARA,179,4,2,3,170,1,0,0,1,3,0,3,428,15,413,5,36,1,30,2,3,
3175081002,DKI JAKARTA,JAKARTA TIMUR,MAKASAR,PINANG RANTI,58,2,0,1,55,0,0,0,0,0,0,0,245,86,159,21,27,5,16,2,4,
3173031008,DKI JAKARTA,JAKARTA BARAT,TAMAN SARI,PINANGSIA,34,2,7,1,24,0,0,0,0,2,0,2,105,19,86,0,7,2,3,0,2,
3175011001,DKI JAKARTA,JAKARTA TIMUR,MATRAMAN,PISANGAN BARU,87,2,0,3,82,0,0,0,0,1,0,1,112,9,103,24,33,0,27,4,2,
3175021002,DKI JAKARTA,JAKARTA TIMUR,PULO GADUNG,PISANGAN TIMUR,120,4,3,4,109,0,0,0,0,9,0,9,264,17,247,20,35,4,18,2,11,
3172011005,DKI JAKARTA,JAKARTA UTARA,PENJARINGAN,PLUIT,111,2,7,4,98,0,0,0,0,11,1,10,456,208,248,8,63,5,46,6,6,
3175071002,DKI JAKARTA,JAKARTA TIMUR,DUREN SAWIT,PONDOK BAMBU,444,8,24,0,412,0,0,0,0,3,0,3,186,15,171,6,101,0,79,4,18,
3175071004,DKI JAKARTA,JAKARTA TIMUR,DUREN SAWIT,PONDOK KELAPA,203,7,6,0,190,0,0,0,0,6,1,5,320,22,298,8,83,3,69,4,7,
3175071007,DKI JAKARTA,JAKARTA TIMUR,DUREN SAWIT,PONDOK KOPI,124,2,1,1,120,0,0,0,0,1,0,1,94,7,87,4,32,0,25,5,2,
3174061003,DKI JAKARTA,JAKARTA SELATAN,CILANDAK,PONDOK LABU,140,5,2,1,132,2,0,0,2,71,0,71,404,12,392,33,39,1,37,1,0,
3174051002,DKI JAKARTA,JAKARTA SELATAN,KEBAYORAN LAMA,PONDOK PINANG,218,13,2,4,199,0,0,0,0,43,0,43,396,13,383,9,64,3,45,9,7,
3175101003,DKI JAKARTA,JAKARTA TIMUR,CIPAYUNG,PONDOK RANGGON,74,3,2,3,66,0,0,0,0,2,0,2,88,22,66,21,15,0,13,1,1,
3101011003,DKI JAKARTA,KAB.ADM.KEP.SERIBU,KEP. SERIBU UTARA,PULAU HARAPAN,59,0,0,0,59,0,0,0,0,0,0,0,56,2,54,0,1,0,0,0,1,
3101011002,DKI JAKARTA,KAB.ADM.KEP.SERIBU,KEP. SERIBU UTARA,PULAU KELAPA,43,0,0,1,42,0,0,0,0,0,0,0,137,0,137,1,1,0,1,0,0,
3101011001,DKI JAKARTA,KAB.ADM.KEP.SERIBU,KEP. SERIBU UTARA,PULAU PANGGANG,50,0,0,1,49,0,0,0,0,0,0,0,129,1,128,4,3,0,1,0,2,
3101021003,DKI JAKARTA,KAB.ADM.KEP.SERIBU,KEP. SERIBU SELATAN,PULAU PARI,6,0,0,0,6,0,0,0,0,0,0,0,155,0,155,1,2,0,0,0,2,
3101021002,DKI JAKARTA,KAB.ADM.KEP.SERIBU,KEP. SERIBU SELATAN,PULAU TIDUNG,29,0,0,0,29,0,0,0,0,0,0,0,327,0,327,1,25,0,15,0,10,
3101021001,DKI JAKARTA,KAB.ADM.KEP.SERIBU,KEP. SERIBU SELATAN,PULAU UNTUNG JAWA,15,0,0,0,15,0,0,0,0,0,0,0,95,0,95,0,3,0,0,0,3,
3174071007,DKI JAKARTA,JAKARTA SELATAN,KEBAYORAN BARU,PULO,25,0,0,1,24,0,0,0,0,1,0,1,85,1,84,0,8,0,7,0,1,
3175021001,DKI JAKARTA,JAKARTA TIMUR,PULO GADUNG,PULO GADUNG,99,5,2,2,90,0,0,0,0,8,0,8,281,28,253,14,35,0,24,3,8,
3175061005,DKI JAKARTA,JAKARTA TIMUR,CAKUNG,PULO GEBANG,115,5,3,2,105,0,0,0,0,4,0,4,379,53,326,44,62,2,47,3,10,
3174041004,DKI JAKARTA,JAKARTA SELATAN,PASAR MINGGU,RAGUNAN,174,9,0,2,163,1,0,0,1,1,0,1,203,90,113,8,14,0,9,2,3,
3175091005,DKI JAKARTA,JAKARTA TIMUR,CIRACAS,RAMBUTAN,88,4,1,1,82,1,0,0,1,1,0,1,255,22,233,25,25,1,21,0,3,
3172031006,DKI JAKARTA,JAKARTA UTARA,KOJA,RAWA BADAK SELATAN,218,10,5,2,201,0,0,0,0,2,0,2,215,22,193,31,54,4,42,3,5,
3172031004,DKI JAKARTA,JAKARTA UTARA,KOJA,RAWA BADAK UTARA,153,9,4,1,139,0,0,0,0,2,0,2,185,21,164,36,40,3,28,2,7,
3174071005,DKI JAKARTA,JAKARTA SELATAN,KEBAYORAN BARU,RAWA BARAT,26,0,1,2,23,0,0,0,0,0,0,0,52,0,52,0,7,0,6,1,0,
3173011003,DKI JAKARTA,JAKARTA BARAT,CENGKARENG,RAWA BUAYA,63,2,2,2,57,0,0,0,0,3,0,3,185,18,167,2,45,4,28,1,12,
3175031004,DKI JAKARTA,JAKARTA TIMUR,JATINEGARA,RAWA BUNGA,17,1,0,1,15,0,0,0,0,0,0,0,33,3,30,2,15,4,11,0,0,
3174081003,DKI JAKARTA,JAKARTA SELATAN,PANCORAN,RAWA JATI,87,1,5,0,81,0,0,0,0,9,0,9,169,20,149,4,11,2,8,0,1,
3175061002,DKI JAKARTA,JAKARTA TIMUR,CAKUNG,RAWA TERATE,25,1,1,0,23,0,0,0,0,2,0,2,119,3,116,0,9,0,6,0,3,
3175021005,DKI JAKARTA,JAKARTA TIMUR,PULO GADUNG,RAWAMANGUN,87,8,2,0,77,0,0,0,0,2,0,2,302,35,267,17,40,2,28,1,9,
3171051003,DKI JAKARTA,JAKARTA PUSAT,CEMPAKA PUTIH,RAWASARI,247,18,4,2,223,0,0,0,0,3,0,3,530,39,491,19,67,5,33,4,25,
3173041010,DKI JAKARTA,JAKARTA BARAT,TAMBORA,ROA MALAKA,8,0,1,0,7,0,0,0,0,0,0,0,10,0,10,0,2,2,0,0,0,
3172041006,DKI JAKARTA,JAKARTA UTARA,CILINCING,ROROTAN,79,5,10,2,62,0,0,0,0,1,0,1,169,33,136,55,20,2,12,1,5,
3174071004,DKI JAKARTA,JAKARTA SELATAN,KEBAYORAN BARU,SELONG,11,0,2,0,9,0,0,0,0,2,0,2,56,0,56,0,8,1,7,0,0,
3173061002,DKI JAKARTA,JAKARTA BARAT,KALI DERES,SEMANAN,138,1,10,3,124,0,0,0,0,2,1,1,411,32,379,6,26,1,19,1,5,
3172041007,DKI JAKARTA,JAKARTA UTARA,CILINCING,SEMPER BARAT,208,8,12,1,187,0,0,0,0,10,0,10,436,100,336,67,103,14,67,2,20,
3172041005,DKI JAKARTA,JAKARTA UTARA,CILINCING,SEMPER TIMUR,116,8,11,1,96,0,0,0,0,2,1,1,178,23,155,28,39,5,27,2,5,
3174071006,DKI JAKARTA,JAKARTA SELATAN,KEBAYORAN BARU,SENAYAN,22,0,0,0,22,0,0,0,0,9,0,9,120,18,102,0,17,1,16,0,0,
3171041001,DKI JAKARTA,JAKARTA PUSAT,SENEN,SENEN,89,7,21,0,61,0,0,0,0,5,3,2,491,184,307,21,57,3,37,1,16,
3171031004,DKI JAKARTA,JAKARTA PUSAT,KEMAYORAN,SERDANG,154,2,19,2,131,0,0,0,0,2,0,2,196,31,165,18,45,0,32,2,11,
3174021001,DKI JAKARTA,JAKARTA SELATAN,SETIA BUDI,SETIA BUDI,28,1,0,0,27,0,0,0,0,3,0,3,87,3,84,6,5,1,4,0,0,
3175101005,DKI JAKARTA,JAKARTA TIMUR,CIPAYUNG,SETU,73,2,2,0,69,0,0,0,0,1,0,1,69,12,57,11,8,1,6,0,1,
3173071002,DKI JAKARTA,JAKARTA BARAT,PALMERAH,SLIPI,175,7,5,1,162,0,0,0,0,2,0,2,222,28,194,32,30,2,22,1,5,
3173081004,DKI JAKARTA,JAKARTA BARAT,KEMBANGAN,SRENGSENG,128,3,7,3,115,0,0,0,0,5,0,5,359,54,305,17,66,1,41,3,21,
3174091002,DKI JAKARTA,JAKARTA SELATAN,JAGAKARSA,SRENGSENG SAWAH,147,10,0,0,137,1,0,0,1,5,0,5,204,19,185,10,48,1,29,3,15,
3173051003,DKI JAKARTA,JAKARTA BARAT,KEBON JERUK,SUKABUMI SELATAN,101,9,8,4,80,0,0,0,0,1,0,1,221,23,198,23,51,3,40,1,7,
3173051002,DKI JAKARTA,JAKARTA BARAT,KEBON JERUK,SUKABUMI UTARA,93,5,0,2,86,0,0,0,0,18,0,18,233,16,217,38,46,1,34,4,7,
3172041002,DKI JAKARTA,JAKARTA UTARA,CILINCING,SUKAPURA,201,2,14,2,183,0,0,0,0,5,0,5,350,69,281,59,79,7,63,2,7,
3171031007,DKI JAKARTA,JAKARTA PUSAT,KEMAYORAN,SUMUR BATU,119,6,3,1,109,0,0,0,0,4,0,4,137,19,118,9,31,2,24,1,4,
3172021004,DKI JAKARTA,JAKARTA UTARA,TANJUNG PRIOK,SUNGAI BAMBU,77,1,2,0,74,0,0,0,0,6,2,4,217,51,166,28,21,0,12,3,6,
3172021006,DKI JAKARTA,JAKARTA UTARA,TANJUNG PRIOK,SUNTER AGUNG,345,6,8,1,330,0,0,0,0,17,0,17,887,31,856,53,194,5,168,11,10,
3172021002,DKI JAKARTA,JAKARTA UTARA,TANJUNG PRIOK,SUNTER JAYA,291,11,16,6,258,0,0,0,0,4,0,4,616,74,542,134,157,9,116,10,22,
3175091004,DKI JAKARTA,JAKARTA TIMUR,CIRACAS,SUSUKAN,55,3,1,1,50,0,0,0,0,7,1,6,565,11,554,67,30,2,22,1,5,
3173031001,DKI JAKARTA,JAKARTA BARAT,TAMAN SARI,TAMAN SARI,85,2,2,0,81,0,0,0,0,0,0,0,146,8,138,9,24,0,10,1,13,
3173041001,DKI JAKARTA,JAKARTA BARAT,TAMBORA,TAMBORA,67,4,7,3,53,0,0,0,0,0,0,0,180,10,170,1,8,1,4,0,3,
3173041004,DKI JAKARTA,JAKARTA BARAT,TAMBORA,TANAH SEREAL,128,11,4,2,111,0,0,0,0,4,0,4,102,13,89,2,48,2,31,5,10,
3171081004,DKI JAKARTA,JAKARTA PUSAT,JOHAR BARU,TANAH TINGGI,178,20,14,3,141,1,0,0,1,1,0,1,291,29,262,30,104,6,69,8,21,
3173031004,DKI JAKARTA,JAKARTA BARAT,TAMAN SARI,TANGKI,86,4,3,1,78,0,0,0,0,2,1,1,143,17,126,2,12,0,11,1,0,
3174091005,DKI JAKARTA,JAKARTA SELATAN,JAGAKARSA,TANJUNG BARAT,143,8,2,1,132,0,0,0,0,1,0,1,118,4,114,7,39,1,33,2,3,
3173021005,DKI JAKARTA,JAKARTA BARAT,GROGOL PETAMBURAN,TANJUNG DUREN SELATAN,110,6,10,1,93,0,0,0,0,18,1,17,239,39,200,16,82,8,41,5,28,
3173021002,DKI JAKARTA,JAKARTA BARAT,GROGOL PETAMBURAN,TANJUNG DUREN UTARA,90,6,1,0,83,0,0,0,0,20,0,20,197,20,177,15,31,4,18,1,8,
3172021001,DKI JAKARTA,JAKARTA UTARA,TANJUNG PRIOK,TANJUNG PRIOK,137,8,5,6,118,0,0,0,0,9,1,8,234,18,216,37,94,3,55,6,30,
3174011002,DKI JAKARTA,JAKARTA SELATAN,TEBET,TEBET BARAT,116,5,2,0,109,0,0,0,0,7,0,7,281,24,257,18,63,2,35,3,23,
3174011001,DKI JAKARTA,JAKARTA SELATAN,TEBET,TEBET TIMUR,73,8,3,1,61,0,0,0,0,5,0,5,245,20,225,26,26,3,16,3,4,
3173061003,DKI JAKARTA,JAKARTA BARAT,KALI DERES,TEGAL ALUR,253,8,28,5,212,0,0,0,0,1,0,1,384,31,353,7,35,5,22,1,7,
3174031004,DKI JAKARTA,JAKARTA SELATAN,MAMPANG PRAPATAN,TEGAL PARANG,107,9,2,2,94,0,0,0,0,3,1,2,343,42,301,1,26,1,20,1,4,
3173021003,DKI JAKARTA,JAKARTA BARAT,GROGOL PETAMBURAN,TOMANG,141,12,4,2,123,0,0,0,0,10,0,10,261,24,237,70,112,2,88,2,20,
3172031005,DKI JAKARTA,JAKARTA UTARA,KOJA,TUGU SELATAN,177,9,2,1,165,0,0,0,0,1,1,0,162,13,149,45,35,1,24,1,9,
3172031002,DKI JAKARTA,JAKARTA UTARA,KOJA,TUGU UTARA,363,25,7,0,331,0,0,0,0,3,0,3,308,28,280,49,62,3,45,4,10,
3175061006,DKI JAKARTA,JAKARTA TIMUR,CAKUNG,UJUNG MENTENG,37,1,1,2,33,0,0,0,0,0,0,0,136,6,130,11,12,0,6,2,4,
3174101005,DKI JAKARTA,JAKARTA SELATAN,PESANGGRAHAN,ULUJAMI,206,2,30,1,173,0,0,0,0,0,0,0,546,139,407,22,40,1,26,3,10,
3175011006,DKI JAKARTA,JAKARTA TIMUR,MATRAMAN,UTAN KAYU SELATAN,185,7,1,8,169,0,0,0,0,1,0,1,290,11,279,76,71,1,54,3,13,
3175011002,DKI JAKARTA,JAKARTA TIMUR,MATRAMAN,UTAN KAYU UTARA,111,3,0,0,108,1,0,0,1,0,0,0,179,5,174,34,29,1,17,2,9,
3171031008,DKI JAKARTA,JAKARTA PUSAT,KEMAYORAN,UTAN PANJANG,149,11,16,2,120,0,0,0,0,2,1,1,144,30,114,17,37,5,21,2,9,
3172021007,DKI JAKARTA,JAKARTA UTARA,TANJUNG PRIOK,WARAKAS,109,2,5,2,100,0,0,0,0,7,3,4,252,35,217,40,60,5,44,1,10,
3173021007,DKI JAKARTA,JAKARTA BARAT,GROGOL PETAMBURAN,WIJAYA KUSUMA,164,4,37,2,121,0,0,0,0,4,3,1,439,171,268,11,62,7,19,2,34,
