id_kel,nama_provinsi,nama_kota,nama_kecamatan,nama_kelurahan,suspek,perawatan_rs,isolasi_di_rumah,suspek_meninggal,selesai_isolasi,probable,probable_meninggal,selesai_isolasi,pelaku_perjalanan,isolasi_di_rumah,selesai_isolasi,kontak_erat,isolasi_di_rumah,selesai_isolasi,discarded,meninggal,selesai_isolasi,positif,dirawat,sembuh,meninggal,self_isolation,keterangan
3172051003,DKI JAKARTA,JAKARTA UTARA,PADEMANGAN,ANCOL,152,6,38,0,108,0,0,0,6,1,5,292,35,257,4,0,4,43,4,37,0,2,
3173041007,DKI JAKARTA,JAKARTA BARAT,TAMBORA,ANGKE,191,2,7,2,180,0,0,0,0,0,0,288,11,277,22,0,22,49,6,35,2,6,
3175041005,DKI JAKARTA,JAKARTA TIMUR,KRAMAT JATI,BALE KAMBANG,72,9,8,1,54,0,0,0,3,1,2,158,67,91,22,0,22,30,3,19,1,7,
3175031003,DKI JAKARTA,JAKARTA TIMUR,JATINEGARA,BALI MESTER,32,0,0,1,31,0,0,0,0,0,0,32,4,28,0,0,0,7,1,4,1,1,
3175101006,DKI JAKARTA,JAKARTA TIMUR,CIPAYUNG,BAMBU APUS,111,3,1,1,106,0,0,0,2,0,2,136,23,113,14,0,14,41,3,19,0,19,
3174031002,DKI JAKARTA,JAKARTA SELATAN,MAMPANG PRAPATAN,BANGKA,91,3,0,2,86,0,0,0,18,0,18,373,17,356,6,0,6,30,5,23,2,0,
3175051002,DKI JAKARTA,JAKARTA TIMUR,PASAR REBO,BARU,61,9,0,1,51,0,0,0,2,0,2,68,10,58,7,0,7,16,1,11,0,4,
3175041004,DKI JAKARTA,JAKARTA TIMUR,KRAMAT JATI,BATU AMPAR,135,6,6,0,123,1,1,0,1,0,1,236,44,192,26,0,26,40,0,30,3,7,
BELUM DIKETAHUI,BELUM DIKETAHUI,BELUM DIKETAHUI,BELUM DIKETAHUI,BELUM DIKETAHUI,11127,10,8,1626,9483,273,272,1,116,0,116,6195,97,6098,87,1,86,4120,1033,992,60,2035,
3171071002,DKI JAKARTA,JAKARTA PUSAT,TANAH ABANG,BENDUNGAN HILIR,169,15,7,0,147,0,0,0,2,0,2,224,12,212,4,0,4,34,1,27,2,4,
3175031002,DKI JAKARTA,JAKARTA TIMUR,JATINEGARA,BIDARA CINA,73,15,4,3,51,0,0,0,0,0,0,142,37,105,21,0,21,68,1,50,7,10,
3174101002,DKI JAKARTA,JAKARTA SELATAN,PESANGGRAHAN,BINTARO,351,6,47,2,296,1,0,1,7,0,7,633,118,515,17,0,17,71,5,49,6,11,
3174011005,DKI JAKARTA,JAKARTA SELATAN,TEBET,BUKIT DURI,90,1,4,3,82,1,0,1,13,0,13,204,19,185,8,0,8,37,1,24,6,6,
3171041006,DKI JAKARTA,JAKARTA PUSAT,SENEN,BUNGUR,81,3,4,2,72,0,0,0,13,0,13,255,6,249,8,0,8,24,2,17,2,3,
3175061007,DKI JAKARTA,JAKARTA TIMUR,CAKUNG,CAKUNG BARAT,86,0,4,1,81,0,0,0,0,0,0,211,15,196,33,0,33,32,4,16,1,11,
3175061004,DKI JAKARTA,JAKARTA TIMUR,CAKUNG,CAKUNG TIMUR,80,4,4,2,70,0,0,0,3,0,3,230,25,205,24,0,24,33,3,19,0,11,
3175041007,DKI JAKARTA,JAKARTA TIMUR,KRAMAT JATI,CAWANG,80,2,21,0,57,0,0,0,4,2,2,215,124,91,11,0,11,38,3,28,1,6,
3175101008,DKI JAKARTA,JAKARTA TIMUR,CIPAYUNG,CEGER,69,3,0,0,66,0,0,0,0,0,0,64,6,58,8,0,8,9,1,5,0,3,
3171031006,DKI JAKARTA,JAKARTA PUSAT,KEMAYORAN,CEMPAKA BARU,198,4,24,2,168,0,0,0,7,4,3,220,59,161,25,0,25,94,0,45,7,42,
3171051002,DKI JAKARTA,JAKARTA PUSAT,CEMPAKA PUTIH,CEMPAKA PUTIH BARAT,394,11,5,2,376,0,0,0,7,0,7,972,121,851,37,0,37,166,6,70,8,82,
3171051001,DKI JAKARTA,JAKARTA PUSAT,CEMPAKA PUTIH,CEMPAKA PUTIH TIMUR,238,9,6,1,222,0,0,0,7,0,7,765,53,712,40,0,40,117,4,84,1,28,
3173011001,DKI JAKARTA,JAKARTA BARAT,CENGKARENG,CENGKARENG BARAT,97,5,5,1,86,0,0,0,4,0,4,489,21,468,7,0,7,54,9,41,2,2,
3173011006,DKI JAKARTA,JAKARTA BARAT,CENGKARENG,CENGKARENG TIMUR,134,6,5,6,117,1,0,1,3,0,3,539,36,503,7,0,7,94,12,60,6,16,
3175091002,DKI JAKARTA,JAKARTA TIMUR,CIRACAS,CIBUBUR,193,8,3,4,178,0,0,0,18,7,11,895,85,810,74,0,74,47,1,32,2,12,
3171011002,DKI JAKARTA,JAKARTA PUSAT,GAMBIR,CIDENG,118,10,0,2,106,0,0,0,7,0,7,195,5,190,9,0,9,38,1,24,3,10,
3174091003,DKI JAKARTA,JAKARTA SELATAN,JAGAKARSA,CIGANJUR,243,9,96,1,137,0,0,0,9,0,9,142,6,136,6,0,6,34,0,19,2,13,
3175051003,DKI JAKARTA,JAKARTA TIMUR,PASAR REBO,CIJANTUNG,180,4,1,3,172,0,0,0,1,0,1,188,17,171,3,0,3,47,2,24,3,18,
3171061003,DKI JAKARTA,JAKARTA PUSAT,MENTENG,CIKINI,43,2,1,0,40,0,0,0,0,0,0,112,49,63,10,0,10,14,0,12,1,1,
3174081006,DKI JAKARTA,JAKARTA SELATAN,PANCORAN,CIKOKO,39,1,1,0,37,0,0,0,12,0,12,128,8,120,0,0,0,14,0,11,1,2,
3174061001,DKI JAKARTA,JAKARTA SELATAN,CILANDAK,CILANDAK BARAT,245,6,5,5,229,0,0,0,88,0,88,443,10,433,36,0,36,72,6,44,3,19,
3174041003,DKI JAKARTA,JAKARTA SELATAN,PASAR MINGGU,CILANDAK TIMUR,88,6,6,1,75,0,0,0,17,0,17,145,52,93,5,0,5,21,3,12,2,4,
3175101002,DKI JAKARTA,JAKARTA TIMUR,CIPAYUNG,CILANGKAP,110,5,4,1,100,0,0,0,1,0,1,121,20,101,17,0,17,30,6,18,0,6,
3175041006,DKI JAKARTA,JAKARTA TIMUR,KRAMAT JATI,CILILITAN,97,3,15,1,78,0,0,0,3,2,1,248,103,145,39,0,39,31,4,19,2,6,
3172041001,DKI JAKARTA,JAKARTA UTARA,CILINCING,CILINCING,159,7,12,1,139,0,0,0,4,0,4,528,53,475,58,0,58,73,5,47,1,20,
3175101001,DKI JAKARTA,JAKARTA TIMUR,CIPAYUNG,CIPAYUNG,146,5,12,2,127,0,0,0,2,0,2,144,15,129,7,0,7,34,3,25,1,5,
3174091006,DKI JAKARTA,JAKARTA SELATAN,JAGAKARSA,CIPEDAK,207,4,68,0,135,1,0,1,0,0,0,117,9,108,5,0,5,25,6,17,0,2,
3174061005,DKI JAKARTA,JAKARTA SELATAN,CILANDAK,CIPETE SELATAN,97,3,2,1,91,0,0,0,42,0,42,161,14,147,3,0,3,17,1,8,4,4,
3174071010,DKI JAKARTA,JAKARTA SELATAN,KEBAYORAN BARU,CIPETE UTARA,112,11,0,3,98,0,0,0,9,0,9,197,41,156,5,0,5,22,0,17,2,3,
3175021003,DKI JAKARTA,JAKARTA TIMUR,PULO GADUNG,CIPINANG,61,2,1,2,56,0,0,0,3,0,3,262,30,232,23,0,23,41,4,24,3,10,
3175031007,DKI JAKARTA,JAKARTA TIMUR,JATINEGARA,CIPINANG BESAR SELATAN,63,1,4,1,57,0,0,0,1,0,1,110,6,104,4,0,4,28,0,17,1,10,
3175031008,DKI JAKARTA,JAKARTA TIMUR,JATINEGARA,CIPINANG BESAR UTARA,54,4,2,0,48,0,0,0,3,0,3,262,23,239,11,0,11,53,1,42,2,8,
3175031005,DKI JAKARTA,JAKARTA TIMUR,JATINEGARA,CIPINANG CEMPEDAK,70,3,1,2,64,0,0,0,1,0,1,86,10,76,8,0,8,13,1,10,1,1,
3175081005,DKI JAKARTA,JAKARTA TIMUR,MAKASAR,CIPINANG MELAYU,74,4,4,2,64,0,0,0,2,0,2,194,19,175,11,0,11,38,4,26,4,4,
3175031006,DKI JAKARTA,JAKARTA TIMUR,JATINEGARA,CIPINANG MUARA,91,5,1,1,84,0,0,0,3,0,3,200,11,189,24,0,24,55,1,41,1,12,
3174051003,DKI JAKARTA,JAKARTA SELATAN,KEBAYORAN LAMA,CIPULIR,89,2,1,4,82,0,0,0,6,0,6,322,25,297,4,0,4,54,2,42,3,7,
3175091001,DKI JAKARTA,JAKARTA TIMUR,CIRACAS,CIRACAS,184,12,6,9,157,0,0,0,13,4,9,650,125,525,40,0,40,61,1,38,5,17,
3175041003,DKI JAKARTA,JAKARTA TIMUR,KRAMAT JATI,DUKUH,89,3,6,1,79,0,0,0,1,0,1,185,77,108,15,0,15,21,0,16,0,5,
3175071001,DKI JAKARTA,JAKARTA TIMUR,DUREN SAWIT,DUREN SAWIT,326,11,2,3,310,2,0,2,1,0,1,239,34,205,14,0,14,87,1,63,8,15,
3174081004,DKI JAKARTA,JAKARTA SELATAN,PANCORAN,DUREN TIGA,140,0,6,0,134,0,0,0,3,1,2,245,21,224,2,0,2,18,0,16,0,2,
3173051005,DKI JAKARTA,JAKARTA BARAT,KEBON JERUK,DURI KEPA,150,4,4,2,140,0,0,0,7,0,7,527,21,506,61,0,61,107,6,82,7,12,
3173011002,DKI JAKARTA,JAKARTA BARAT,CENGKARENG,DURI KOSAMBI,133,3,0,3,127,0,0,0,3,0,3,325,15,310,8,0,8,48,3,27,1,17,
3171011006,DKI JAKARTA,JAKARTA PUSAT,GAMBIR,DURI PULO,56,9,3,3,41,0,0,0,0,0,0,109,6,103,6,0,6,26,1,17,2,6,
3173041011,DKI JAKARTA,JAKARTA BARAT,TAMBORA,DURI SELATAN,37,6,0,1,30,0,0,0,1,0,1,49,3,46,3,0,3,15,2,11,0,2,
3173041003,DKI JAKARTA,JAKARTA BARAT,TAMBORA,DURI UTARA,77,2,5,2,68,0,0,0,1,0,1,77,5,72,1,0,1,25,0,16,3,6,
3171081003,DKI JAKARTA,JAKARTA PUSAT,JOHAR BARU,GALUR,46,4,0,0,42,0,0,0,2,0,2,168,16,152,42,0,42,42,3,22,5,12,
3171011001,DKI JAKARTA,JAKARTA PUSAT,GAMBIR,GAMBIR,28,0,0,0,28,0,0,0,17,0,17,104,6,98,6,0,6,11,1,9,0,1,
3174061004,DKI JAKARTA,JAKARTA SELATAN,CILANDAK,GANDARIA SELATAN,69,2,12,0,55,1,0,1,20,0,20,146,53,93,0,0,0,40,0,10,1,29,
3174071009,DKI JAKARTA,JAKARTA SELATAN,KEBAYORAN BARU,GANDARIA UTARA,102,7,1,1,93,0,0,0,1,0,1,278,44,234,0,0,0,28,1,20,1,6,
3175051001,DKI JAKARTA,JAKARTA TIMUR,PASAR REBO,GEDONG,260,11,0,0,249,0,0,0,0,0,0,108,12,96,17,0,17,60,8,44,0,8,
3171071001,DKI JAKARTA,JAKARTA PUSAT,TANAH ABANG,GELORA,31,0,0,1,30,0,0,0,5,0,5,55,1,54,0,0,0,13,0,12,1,0,
3173031007,DKI JAKARTA,JAKARTA BARAT,TAMAN SARI,GLODOK,35,1,4,0,30,0,0,0,0,0,0,56,7,49,0,0,0,5,0,2,1,2,
3171061004,DKI JAKARTA,JAKARTA PUSAT,MENTENG,GONDANGDIA,18,0,0,1,17,0,0,0,4,0,4,60,20,40,7,0,7,20,1,16,2,1,
3173021001,DKI JAKARTA,JAKARTA BARAT,GROGOL PETAMBURAN,GROGOL,113,5,1,4,103,0,0,0,39,0,39,380,15,365,30,0,30,50,1,35,0,14,
3174051005,DKI JAKARTA,JAKARTA SELATAN,KEBAYORAN LAMA,GROGOL SELATAN,91,3,1,4,83,1,1,0,11,0,11,336,33,303,3,0,3,46,2,33,5,6,
3174051004,DKI JAKARTA,JAKARTA SELATAN,KEBAYORAN LAMA,GROGOL UTARA,139,3,1,4,131,0,0,0,23,0,23,340,17,323,12,0,12,94,4,60,2,28,
3174021007,DKI JAKARTA,JAKARTA SELATAN,SETIA BUDI,GUNTUR,18,0,2,0,16,0,0,0,0,0,0,53,10,43,1,0,1,6,1,5,0,0,
3174071002,DKI JAKARTA,JAKARTA SELATAN,KEBAYORAN BARU,GUNUNG,43,1,0,3,39,0,0,0,7,0,7,163,37,126,0,0,0,14,1,10,1,2,
3171031005,DKI JAKARTA,JAKARTA PUSAT,KEMAYORAN,GUNUNG SAHARI SELATAN,119,5,1,1,112,0,0,0,2,0,2,159,11,148,1,0,1,19,0,14,2,3,
3171021004,DKI JAKARTA,JAKARTA PUSAT,SAWAH BESAR,GUNUNG SAHARI UTARA,96,5,1,1,89,0,0,0,2,1,1,139,8,131,4,0,4,32,2,22,4,4,
3175081004,DKI JAKARTA,JAKARTA TIMUR,MAKASAR,HALIM PERDANA KUSUMAH,54,5,2,2,45,0,0,0,2,0,2,112,31,81,7,0,7,47,7,30,3,7,
3171031003,DKI JAKARTA,JAKARTA PUSAT,KEMAYORAN,HARAPAN MULIA,137,7,6,3,121,0,0,0,5,2,3,170,27,143,25,0,25,69,4,40,5,20,
3174091001,DKI JAKARTA,JAKARTA SELATAN,JAGAKARSA,JAGAKARSA,281,5,14,2,260,1,0,1,5,0,5,272,31,241,9,0,9,59,4,46,2,7,
3175021007,DKI JAKARTA,JAKARTA TIMUR,PULO GADUNG,JATI,86,11,1,1,73,0,0,0,4,0,4,248,30,218,21,0,21,57,0,36,0,21,
3174041002,DKI JAKARTA,JAKARTA SELATAN,PASAR MINGGU,JATI PADANG,128,6,2,2,118,0,0,0,2,0,2,263,58,205,12,0,12,32,3,23,3,3,
3173071004,DKI JAKARTA,JAKARTA BARAT,PALMERAH,JATI PULO,180,7,6,4,163,0,0,0,2,0,2,319,21,298,58,0,58,85,1,72,2,10,
3175061001,DKI JAKARTA,JAKARTA TIMUR,CAKUNG,JATINEGARA,131,6,1,3,121,0,0,0,2,0,2,339,57,282,30,0,30,52,0,35,4,13,
3175021004,DKI JAKARTA,JAKARTA TIMUR,PULO GADUNG,JATINEGARA KAUM,19,0,2,0,17,0,0,0,3,0,3,96,15,81,4,0,4,9,2,5,0,2,
3173021004,DKI JAKARTA,JAKARTA BARAT,GROGOL PETAMBURAN,JELAMBAR,97,4,3,5,85,0,0,0,22,4,18,378,68,310,6,0,6,48,1,31,4,12,
3173021006,DKI JAKARTA,JAKARTA BARAT,GROGOL PETAMBURAN,JELAMBAR BARU,141,1,1,2,137,0,0,0,4,0,4,367,102,265,16,0,16,28,1,23,2,2,
3173041006,DKI JAKARTA,JAKARTA BARAT,TAMBORA,JEMBATAN BESI,282,10,42,1,229,0,0,0,3,3,0,306,95,211,7,0,7,102,0,83,5,14,
3173041008,DKI JAKARTA,JAKARTA BARAT,TAMBORA,JEMBATAN LIMA,62,1,1,0,60,0,0,0,0,0,0,91,4,87,1,0,1,15,2,10,0,3,
3173081005,DKI JAKARTA,JAKARTA BARAT,KEMBANGAN,JOGLO,91,0,2,4,85,0,0,0,4,1,3,188,16,172,12,0,12,38,0,35,1,2,
3171081001,DKI JAKARTA,JAKARTA PUSAT,JOHAR BARU,JOHAR BARU,211,7,3,3,198,0,0,0,3,0,3,658,38,620,90,0,90,119,4,77,6,32,
3173041002,DKI JAKARTA,JAKARTA BARAT,TAMBORA,KALI ANYAR,113,6,5,0,102,0,0,0,3,0,3,182,22,160,8,0,8,38,3,19,2,14,
3172041004,DKI JAKARTA,JAKARTA UTARA,CILINCING,KALI BARU,116,13,2,5,96,0,0,0,1,0,1,198,56,142,28,0,28,52,10,35,4,3,
3174081002,DKI JAKARTA,JAKARTA SELATAN,PANCORAN,KALIBATA,188,12,4,3,169,0,0,0,8,2,6,257,18,239,9,0,9,59,4,40,1,14,
3173061001,DKI JAKARTA,JAKARTA BARAT,KALI DERES,KALIDERES,381,7,35,4,335,0,0,0,5,0,5,1226,175,1051,25,0,25,74,5,55,4,10,
3175051004,DKI JAKARTA,JAKARTA TIMUR,PASAR REBO,KALISARI,174,9,4,0,161,0,0,0,1,0,1,125,22,103,7,0,7,43,0,30,2,11,
3173061004,DKI JAKARTA,JAKARTA BARAT,KALI DERES,KAMAL,139,1,9,3,126,0,0,0,0,0,0,284,28,256,1,0,1,9,1,3,2,3,
3172011002,DKI JAKARTA,JAKARTA UTARA,PENJARINGAN,KAMAL MUARA,14,0,0,0,14,0,0,0,4,0,4,45,17,28,0,0,0,17,1,15,1,0,
3171071007,DKI JAKARTA,JAKARTA PUSAT,TANAH ABANG,KAMPUNG BALI,69,6,5,2,56,0,0,0,2,1,1,99,1,98,0,0,0,19,0,15,1,3,
3175031001,DKI JAKARTA,JAKARTA TIMUR,JATINEGARA,KAMPUNG MELAYU,40,1,0,4,35,0,0,0,3,0,3,66,7,59,4,0,4,74,3,41,2,28,
3171081002,DKI JAKARTA,JAKARTA PUSAT,JOHAR BARU,KAMPUNG RAWA,109,7,2,0,100,1,0,1,0,0,0,274,13,261,61,0,61,90,3,62,8,17,
3175041002,DKI JAKARTA,JAKARTA TIMUR,KRAMAT JATI,KAMPUNG TENGAH,211,10,11,1,189,0,0,0,7,0,7,500,68,432,48,0,48,104,1,78,8,17,
3173011005,DKI JAKARTA,JAKARTA BARAT,CENGKARENG,KAPUK,159,6,9,16,128,0,0,0,5,1,4,480,127,353,10,0,10,57,5,33,6,13,
3172011003,DKI JAKARTA,JAKARTA UTARA,PENJARINGAN,KAPUK MUARA,55,2,0,0,53,0,0,0,9,2,7,137,35,102,16,0,16,34,10,16,3,5,
3171021002,DKI JAKARTA,JAKARTA PUSAT,SAWAH BESAR,KARANG ANYAR,223,18,5,4,196,1,1,0,3,1,2,408,25,383,8,0,8,54,2,41,5,6,
3174021004,DKI JAKARTA,JAKARTA SELATAN,SETIA BUDI,KARET,52,1,0,0,51,0,0,0,8,0,8,137,5,132,4,0,4,21,1,20,0,0,
3174021003,DKI JAKARTA,JAKARTA SELATAN,SETIA BUDI,KARET KUNINGAN,80,1,3,1,75,0,0,0,20,4,16,190,54,136,4,0,4,24,2,16,2,4,
3174021002,DKI JAKARTA,JAKARTA SELATAN,SETIA BUDI,KARET SEMANGGI,39,0,0,1,38,0,0,0,3,0,3,41,7,34,0,0,0,8,0,3,2,3,
3171071003,DKI JAKARTA,JAKARTA PUSAT,TANAH ABANG,KARET TENGSIN,96,2,21,0,73,0,0,0,7,0,7,131,5,126,0,0,0,18,1,13,1,3,
3171021003,DKI JAKARTA,JAKARTA PUSAT,SAWAH BESAR,KARTINI,164,8,1,1,154,0,0,0,0,0,0,271,16,255,14,0,14,55,2,43,1,9,
3175011003,DKI JAKARTA,JAKARTA TIMUR,MATRAMAN,KAYU MANIS,113,5,0,0,108,1,0,1,0,0,0,282,19,263,18,0,18,46,1,35,2,8,
3175021006,DKI JAKARTA,JAKARTA TIMUR,PULO GADUNG,KAYU PUTIH,166,9,1,4,152,0,0,0,10,0,10,424,89,335,21,0,21,85,5,53,5,22,
3173031006,DKI JAKARTA,JAKARTA BARAT,TAMAN SARI,KEAGUNGAN,74,0,26,0,48,0,0,0,2,2,0,131,26,105,7,0,7,16,3,5,0,8,
3174041007,DKI JAKARTA,JAKARTA SELATAN,PASAR MINGGU,KEBAGUSAN,128,7,3,1,117,0,0,0,0,0,0,159,26,133,10,0,10,42,7,27,0,8,
3174051006,DKI JAKARTA,JAKARTA SELATAN,KEBAYORAN LAMA,KEBAYORAN LAMA SELATAN,146,6,6,0,134,1,0,1,1,0,1,430,26,404,8,0,8,34,2,24,3,5,
3174051001,DKI JAKARTA,JAKARTA SELATAN,KEBAYORAN LAMA,KEBAYORAN LAMA UTARA,110,2,1,1,106,0,0,0,15,0,15,252,22,230,2,0,2,34,1,28,2,3,
3174011004,DKI JAKARTA,JAKARTA SELATAN,TEBET,KEBON BARU,86,3,4,2,77,0,0,0,15,0,15,277,21,256,13,0,13,38,1,35,0,2,
3172021005,DKI JAKARTA,JAKARTA UTARA,TANJUNG PRIOK,KEBON BAWANG,181,12,12,1,156,0,0,0,10,3,7,380,71,309,47,0,47,136,5,57,1,73,
3173051001,DKI JAKARTA,JAKARTA BARAT,KEBON JERUK,KEBON JERUK,207,3,3,5,196,0,0,0,9,0,9,701,23,678,49,0,49,94,4,74,9,7,
3171071006,DKI JAKARTA,JAKARTA PUSAT,TANAH ABANG,KEBON KACANG,269,4,17,1,247,0,0,0,0,0,0,270,3,267,3,0,3,120,2,98,9,11,
3171011005,DKI JAKARTA,JAKARTA PUSAT,GAMBIR,KEBON KELAPA,62,5,1,1,55,0,0,0,1,0,1,72,4,68,0,0,0,10,0,8,1,1,
3171031002,DKI JAKARTA,JAKARTA PUSAT,KEMAYORAN,KEBON KOSONG,149,7,11,5,126,0,0,0,7,0,7,181,42,139,24,0,24,61,0,43,5,13,
3175011005,DKI JAKARTA,JAKARTA TIMUR,MATRAMAN,KEBON MANGGIS,68,3,4,4,57,0,0,0,1,0,1,65,6,59,17,0,17,40,2,29,2,7,
3171071005,DKI JAKARTA,JAKARTA PUSAT,TANAH ABANG,KEBON MELATI,227,9,1,2,215,0,0,0,5,0,5,287,8,279,2,0,2,92,6,73,6,7,
3175081003,DKI JAKARTA,JAKARTA TIMUR,MAKASAR,KEBON PALA,62,2,1,1,58,0,0,0,2,0,2,303,57,246,11,0,11,38,3,26,0,9,
3171061005,DKI JAKARTA,JAKARTA PUSAT,MENTENG,KEBON SIRIH,64,0,3,2,59,0,0,0,2,0,2,173,15,158,11,0,11,36,0,33,2,1,
3173011004,DKI JAKARTA,JAKARTA BARAT,CENGKARENG,KEDAUNG KALI ANGKE,50,3,0,0,47,0,0,0,1,0,1,125,8,117,3,0,3,28,5,22,1,0,
3173051007,DKI JAKARTA,JAKARTA BARAT,KEBON JERUK,KEDOYA SELATAN,98,2,1,5,90,1,0,1,4,0,4,229,8,221,12,0,12,32,0,29,2,1,
3173051006,DKI JAKARTA,JAKARTA BARAT,KEBON JERUK,KEDOYA UTARA,86,3,1,2,80,0,0,0,15,0,15,324,13,311,19,0,19,37,1,31,0,5,
3173051004,DKI JAKARTA,JAKARTA BARAT,KEBON JERUK,KELAPA DUA,56,1,0,0,55,0,0,0,1,0,1,144,12,132,16,0,16,38,1,30,2,5,
3175091003,DKI JAKARTA,JAKARTA TIMUR,CIRACAS,KELAPA DUA WETAN,123,6,5,1,111,0,0,0,0,0,0,470,48,422,32,0,32,40,8,28,1,3,
3172061003,DKI JAKARTA,JAKARTA UTARA,KELAPA GADING,KELAPA GADING BARAT,319,2,14,2,301,0,0,0,38,3,35,566,43,523,30,0,30,83,7,65,5,6,
3172061001,DKI JAKARTA,JAKARTA UTARA,KELAPA GADING,KELAPA GADING TIMUR,306,3,8,2,293,0,0,0,11,1,10,584,33,551,25,0,25,68,5,43,8,12,
3173071005,DKI JAKARTA,JAKARTA BARAT,PALMERAH,KEMANGGISAN,135,4,3,6,122,0,0,0,4,2,2,314,35,279,44,0,44,57,5,35,3,14,
3171031001,DKI JAKARTA,JAKARTA PUSAT,KEMAYORAN,KEMAYORAN,159,4,7,3,145,0,0,0,0,0,0,243,24,219,19,0,19,83,6,51,1,25,
3173081006,DKI JAKARTA,JAKARTA BARAT,KEMBANGAN,KEMBANGAN SELATAN,64,3,2,1,58,0,0,0,5,0,5,244,18,226,51,0,51,36,1,28,1,6,
3173081001,DKI JAKARTA,JAKARTA BARAT,KEMBANGAN,KEMBANGAN UTARA,116,8,10,3,95,0,0,0,2,0,2,535,32,503,10,0,10,51,5,36,1,9,
3171041002,DKI JAKARTA,JAKARTA PUSAT,SENEN,KENARI,96,0,4,1,91,0,0,0,0,0,0,259,7,252,43,0,43,130,1,125,2,2,
3173041005,DKI JAKARTA,JAKARTA BARAT,TAMBORA,KERENDANG,108,8,3,2,95,0,0,0,0,0,0,105,6,99,1,0,1,49,1,31,5,12,
3175071003,DKI JAKARTA,JAKARTA TIMUR,DUREN SAWIT,KLENDER,257,4,2,2,249,0,0,0,2,0,2,246,24,222,10,0,10,85,5,52,8,20,
3172031001,DKI JAKARTA,JAKARTA UTARA,KOJA,KOJA,142,3,1,0,138,0,0,0,4,0,4,187,11,176,25,0,25,27,1,24,1,1,
3173071006,DKI JAKARTA,JAKARTA BARAT,PALMERAH,KOTA BAMBU SELATAN,204,5,20,5,174,0,0,0,0,0,0,519,90,429,70,0,70,109,8,70,3,28,
3173071003,DKI JAKARTA,JAKARTA BARAT,PALMERAH,KOTA BAMBU UTARA,175,9,9,11,146,0,0,0,0,0,0,315,47,268,49,0,49,100,5,62,4,29,
3171041004,DKI JAKARTA,JAKARTA PUSAT,SENEN,KRAMAT,160,8,5,5,142,0,0,0,3,0,3,509,36,473,30,0,30,145,4,108,8,25,
3175041001,DKI JAKARTA,JAKARTA TIMUR,KRAMAT JATI,KRAMAT JATI,112,4,7,1,100,0,0,0,5,1,4,232,44,188,19,0,19,28,1,17,2,8,
3174071003,DKI JAKARTA,JAKARTA SELATAN,KEBAYORAN BARU,KRAMAT PELA,31,2,0,0,29,0,0,0,0,0,0,288,90,198,3,0,3,16,3,10,0,3,
3173031002,DKI JAKARTA,JAKARTA BARAT,TAMAN SARI,KRUKUT,67,1,1,6,59,0,0,0,3,0,3,159,10,149,9,0,9,32,1,25,2,4,
3174031005,DKI JAKARTA,JAKARTA SELATAN,MAMPANG PRAPATAN,KUNINGAN BARAT,39,1,0,1,37,0,0,0,0,0,0,254,9,245,4,0,4,10,0,7,0,3,
3174021008,DKI JAKARTA,JAKARTA SELATAN,SETIA BUDI,KUNINGAN TIMUR,63,0,0,1,62,0,0,0,17,0,17,49,4,45,1,0,1,9,1,5,2,1,
3171041005,DKI JAKARTA,JAKARTA PUSAT,SENEN,KWITANG,135,1,20,0,114,1,0,1,2,0,2,257,6,251,7,0,7,38,2,28,3,5,
3172031003,DKI JAKARTA,JAKARTA UTARA,KOJA,LAGOA,245,5,1,1,238,0,0,0,4,0,4,186,17,169,35,0,35,146,5,90,4,47,
3174061002,DKI JAKARTA,JAKARTA SELATAN,CILANDAK,LEBAK BULUS,132,6,2,2,122,0,0,0,27,0,27,254,7,247,20,0,20,38,1,30,6,1,
3174091004,DKI JAKARTA,JAKARTA SELATAN,JAGAKARSA,LENTENG AGUNG,216,5,5,0,206,0,0,0,3,0,3,137,9,128,7,0,7,37,2,28,0,7,
LUAR DKI JAKARTA,LUAR DKI JAKARTA,LUAR DKI JAKARTA,LUAR DKI JAKARTA,LUAR DKI JAKARTA,10787,316,182,97,10192,11,1,10,289,20,269,13119,1180,11939,689,0,689,2953,126,2480,81,266,
3175101007,DKI JAKARTA,JAKARTA TIMUR,CIPAYUNG,LUBANG BUAYA,166,4,1,3,158,0,0,0,3,0,3,268,35,233,24,0,24,36,0,22,0,14,
3175081001,DKI JAKARTA,JAKARTA TIMUR,MAKASAR,MAKASAR,77,8,0,1,68,0,0,0,4,0,4,276,78,198,16,0,16,10,0,10,0,0,
3175071006,DKI JAKARTA,JAKARTA TIMUR,DUREN SAWIT,MALAKA JAYA,140,2,1,2,135,0,0,0,2,0,2,153,10,143,9,0,9,35,1,30,0,4,
3175071005,DKI JAKARTA,JAKARTA TIMUR,DUREN SAWIT,MALAKA SARI,132,3,0,1,128,0,0,0,0,0,0,95,12,83,6,0,6,41,1,31,2,7,
3174031001,DKI JAKARTA,JAKARTA SELATAN,MAMPANG PRAPATAN,MAMPANG PRAPATAN,77,4,0,2,71,0,0,0,0,0,0,368,70,298,8,0,8,32,4,19,3,6,
3173031005,DKI JAKARTA,JAKARTA BARAT,TAMAN SARI,MANGGA BESAR,39,0,9,1,29,0,0,0,0,0,0,69,7,62,3,0,3,5,0,4,0,1,
3171021005,DKI JAKARTA,JAKARTA PUSAT,SAWAH BESAR,MANGGA DUA SELATAN,103,12,1,1,89,0,0,0,1,0,1,184,21,163,8,0,8,26,0,22,0,4,
3174011007,DKI JAKARTA,JAKARTA SELATAN,TEBET,MANGGARAI,79,3,1,0,75,0,0,0,4,0,4,212,20,192,18,0,18,23,2,19,0,2,
3174011006,DKI JAKARTA,JAKARTA SELATAN,TEBET,MANGGARAI SELATAN,54,2,4,2,46,0,0,0,6,0,6,242,35,207,16,0,16,32,2,20,2,8,
3173031003,DKI JAKARTA,JAKARTA BARAT,TAMAN SARI,MAPHAR,87,4,1,1,81,0,0,0,5,0,5,143,13,130,35,0,35,87,1,73,0,13,
3172041003,DKI JAKARTA,JAKARTA UTARA,CILINCING,MARUNDA,103,4,35,0,64,0,0,0,0,0,0,113,20,93,8,0,8,22,6,11,1,4,
3174071001,DKI JAKARTA,JAKARTA SELATAN,KEBAYORAN BARU,MELAWAI,9,0,1,0,8,0,0,0,1,0,1,26,6,20,0,0,0,5,0,5,0,0,
3171061001,DKI JAKARTA,JAKARTA PUSAT,MENTENG,MENTENG,93,2,4,2,85,1,0,1,1,0,1,293,36,257,16,0,16,42,2,34,4,2,
3174021005,DKI JAKARTA,JAKARTA SELATAN,SETIA BUDI,MENTENG ATAS,131,1,13,3,114,0,0,0,34,3,31,565,113,452,31,0,31,66,1,30,2,33,
3174011003,DKI JAKARTA,JAKARTA SELATAN,TEBET,MENTENG DALAM,125,2,8,4,111,0,0,0,11,0,11,286,26,260,37,0,37,56,3,34,4,15,
3173081003,DKI JAKARTA,JAKARTA BARAT,KEMBANGAN,MERUYA SELATAN,80,4,3,1,72,0,0,0,2,0,2,190,62,128,14,0,14,29,1,24,2,2,
3173081002,DKI JAKARTA,JAKARTA BARAT,KEMBANGAN,MERUYA UTARA,92,3,5,6,78,0,0,0,3,0,3,203,34,169,7,0,7,37,2,33,0,2,
3175101004,DKI JAKARTA,JAKARTA TIMUR,CIPAYUNG,MUNJUL,75,1,6,0,68,0,0,0,2,0,2,74,14,60,21,0,21,26,1,14,0,11,
3172051002,DKI JAKARTA,JAKARTA UTARA,PADEMANGAN,PADEMANGAN BARAT,730,16,90,5,619,0,0,0,5,1,4,1396,75,1321,19,0,19,273,5,182,15,71,
3172051001,DKI JAKARTA,JAKARTA UTARA,PADEMANGAN,PADEMANGAN TIMUR,201,4,7,2,188,0,0,0,11,0,11,400,15,385,9,0,9,45,3,37,2,3,
3175011004,DKI JAKARTA,JAKARTA TIMUR,MATRAMAN,PAL MERIAM,108,2,0,2,104,1,0,1,1,0,1,323,9,314,56,0,56,76,3,49,5,19,
3173071001,DKI JAKARTA,JAKARTA BARAT,PALMERAH,PALMERAH,419,12,24,2,381,0,0,0,1,0,1,806,124,682,63,0,63,135,7,92,8,28,
3174081001,DKI JAKARTA,JAKARTA SELATAN,PANCORAN,PANCORAN,92,4,2,0,86,0,0,0,8,0,8,297,25,272,5,0,5,30,4,21,3,2,
3172021003,DKI JAKARTA,JAKARTA UTARA,TANJUNG PRIOK,PAPANGGO,127,2,15,0,110,0,0,0,4,0,4,300,62,238,43,0,43,37,2,16,1,18,
3171021001,DKI JAKARTA,JAKARTA PUSAT,SAWAH BESAR,PASAR BARU,85,8,2,2,73,0,0,0,4,0,4,176,26,150,3,0,3,25,4,20,0,1,
3174021006,DKI JAKARTA,JAKARTA SELATAN,SETIA BUDI,PASAR MANGGIS,84,5,2,3,74,0,0,0,15,1,14,355,20,335,14,0,14,37,1,28,2,6,
3174041001,DKI JAKARTA,JAKARTA SELATAN,PASAR MINGGU,PASAR MINGGU,115,6,2,1,106,0,0,0,3,1,2,231,15,216,3,0,3,41,1,27,2,11,
3171041003,DKI JAKARTA,JAKARTA PUSAT,SENEN,PASEBAN,197,2,6,1,188,0,0,0,3,0,3,345,45,300,59,0,59,96,5,85,5,1,
3173061005,DKI JAKARTA,JAKARTA BARAT,KALI DERES,PEGADUNGAN,290,5,27,7,251,0,0,0,6,0,6,680,90,590,16,0,16,69,6,53,3,7,
3171061002,DKI JAKARTA,JAKARTA PUSAT,MENTENG,PEGANGSAAN,118,15,4,2,97,0,0,0,0,0,0,447,27,420,46,0,46,126,2,112,2,10,
3172061002,DKI JAKARTA,JAKARTA UTARA,KELAPA GADING,PEGANGSAAN DUA,366,6,20,1,339,0,0,0,33,8,25,878,81,797,75,0,75,118,7,50,4,57,
3172011004,DKI JAKARTA,JAKARTA UTARA,PENJARINGAN,PEJAGALAN,95,5,0,2,88,0,0,0,5,0,5,338,21,317,24,0,24,47,6,30,3,8,
3174041006,DKI JAKARTA,JAKARTA SELATAN,PASAR MINGGU,PEJATEN BARAT,122,2,5,2,113,2,0,2,1,0,1,303,113,190,11,0,11,42,7,29,2,4,
3174041005,DKI JAKARTA,JAKARTA SELATAN,PASAR MINGGU,PEJATEN TIMUR,154,6,0,1,147,1,0,1,1,0,1,249,25,224,19,0,19,59,3,48,5,3,
3175051005,DKI JAKARTA,JAKARTA TIMUR,PASAR REBO,PEKAYON,246,11,3,1,231,0,0,0,1,0,1,79,6,73,8,0,8,22,2,12,2,6,
3173041009,DKI JAKARTA,JAKARTA BARAT,TAMBORA,PEKOJAN,125,1,3,2,119,0,0,0,2,0,2,128,3,125,16,0,16,25,0,24,1,0,
3174031003,DKI JAKARTA,JAKARTA SELATAN,MAMPANG PRAPATAN,PELA MAMPANG,146,9,0,2,135,0,0,0,12,0,12,514,92,422,4,0,4,35,0,18,4,13,
3174081005,DKI JAKARTA,JAKARTA SELATAN,PANCORAN,PENGADEGAN,65,3,2,2,58,0,0,0,7,0,7,151,15,136,6,0,6,19,1,16,0,2,
3175061003,DKI JAKARTA,JAKARTA TIMUR,CAKUNG,PENGGILINGAN,161,8,1,1,151,0,0,0,3,0,3,361,90,271,56,0,56,94,4,61,3,26,
3172011001,DKI JAKARTA,JAKARTA UTARA,PENJARINGAN,PENJARINGAN,315,8,2,4,301,1,0,1,21,1,20,1887,38,1849,111,0,111,198,10,157,6,25,
3174101001,DKI JAKARTA,JAKARTA SELATAN,PESANGGRAHAN,PESANGGRAHAN,162,5,12,4,141,0,0,0,0,0,0,199,10,189,16,0,16,20,0,12,3,5,
3171071004,DKI JAKARTA,JAKARTA PUSAT,TANAH ABANG,PETAMBURAN,326,4,7,7,308,0,0,0,7,0,7,231,14,217,3,0,3,148,2,134,9,3,
3174071008,DKI JAKARTA,JAKARTA SELATAN,KEBAYORAN BARU,PETOGOGAN,42,1,6,0,35,0,0,0,2,0,2,113,20,93,0,0,0,8,0,7,0,1,
3171011004,DKI JAKARTA,JAKARTA PUSAT,GAMBIR,PETOJO SELATAN,74,6,2,1,65,0,0,0,13,0,13,249,7,242,13,0,13,31,1,25,2,3,
3171011003,DKI JAKARTA,JAKARTA PUSAT,GAMBIR,PETOJO UTARA,73,10,0,3,60,0,0,0,10,0,10,180,5,175,25,0,25,41,2,32,2,5,
3174101004,DKI JAKARTA,JAKARTA SELATAN,PESANGGRAHAN,PETUKANGAN SELATAN,157,11,19,2,125,0,0,0,0,0,0,366,43,323,6,0,6,9,0,9,0,0,
3174101003,DKI JAKARTA,JAKARTA SELATAN,PESANGGRAHAN,PETUKANGAN UTARA,182,5,1,4,172,1,0,1,3,0,3,433,14,419,6,0,6,36,1,30,2,3,
3175081002,DKI JAKARTA,JAKARTA TIMUR,MAKASAR,PINANG RANTI,58,2,0,1,55,0,0,0,0,0,0,311,145,166,21,0,21,29,6,16,2,5,
3173031008,DKI JAKARTA,JAKARTA BARAT,TAMAN SARI,PINANGSIA,35,1,8,1,25,0,0,0,2,0,2,114,22,92,0,0,0,11,2,3,0,6,
3175011001,DKI JAKARTA,JAKARTA TIMUR,MATRAMAN,PISANGAN BARU,89,0,0,3,86,0,0,0,1,0,1,114,9,105,24,0,24,34,1,27,4,2,
3175021002,DKI JAKARTA,JAKARTA TIMUR,PULO GADUNG,PISANGAN TIMUR,124,4,3,4,113,0,0,0,10,0,10,272,20,252,20,0,20,40,3,20,3,14,
3172011005,DKI JAKARTA,JAKARTA UTARA,PENJARINGAN,PLUIT,111,2,5,4,100,0,0,0,11,1,10,484,51,433,8,0,8,65,6,47,6,6,
3175071002,DKI JAKARTA,JAKARTA TIMUR,DUREN SAWIT,PONDOK BAMBU,444,8,3,0,433,0,0,0,3,0,3,190,15,175,7,0,7,101,0,95,4,2,
3175071004,DKI JAKARTA,JAKARTA TIMUR,DUREN SAWIT,PONDOK KELAPA,207,5,4,0,198,0,0,0,6,1,5,324,24,300,9,0,9,83,3,70,4,6,
3175071007,DKI JAKARTA,JAKARTA TIMUR,DUREN SAWIT,PONDOK KOPI,125,0,1,1,123,0,0,0,1,0,1,95,6,89,5,0,5,32,0,27,5,0,
3174061003,DKI JAKARTA,JAKARTA SELATAN,CILANDAK,PONDOK LABU,142,6,2,1,133,2,0,2,71,0,71,404,11,393,34,0,34,40,2,37,1,0,
3174051002,DKI JAKARTA,JAKARTA SELATAN,KEBAYORAN LAMA,PONDOK PINANG,221,12,0,4,205,0,0,0,43,0,43,403,16,387,9,0,9,67,5,47,9,6,
3175101003,DKI JAKARTA,JAKARTA TIMUR,CIPAYUNG,PONDOK RANGGON,74,2,1,3,68,0,0,0,2,0,2,94,19,75,21,0,21,18,1,13,1,3,
3101011003,DKI JAKARTA,KAB.ADM.KEP.SERIBU,KEP. SERIBU UTARA,PULAU HARAPAN,59,0,0,0,59,0,0,0,0,0,0,56,2,54,0,0,0,1,0,0,0,1,
3101011002,DKI JAKARTA,KAB.ADM.KEP.SERIBU,KEP. SERIBU UTARA,PULAU KELAPA,43,0,0,1,42,0,0,0,0,0,0,137,0,137,1,0,1,1,0,1,0,0,
3101011001,DKI JAKARTA,KAB.ADM.KEP.SERIBU,KEP. SERIBU UTARA,PULAU PANGGANG,50,0,0,1,49,0,0,0,0,0,0,129,0,129,4,0,4,3,0,1,0,2,
3101021003,DKI JAKARTA,KAB.ADM.KEP.SERIBU,KEP. SERIBU SELATAN,PULAU PARI,6,0,0,0,6,0,0,0,0,0,0,155,0,155,1,0,1,2,0,0,0,2,
3101021002,DKI JAKARTA,KAB.ADM.KEP.SERIBU,KEP. SERIBU SELATAN,PULAU TIDUNG,29,0,0,0,29,0,0,0,0,0,0,327,0,327,1,0,1,25,0,21,0,4,
3101021001,DKI JAKARTA,KAB.ADM.KEP.SERIBU,KEP. SERIBU SELATAN,PULAU UNTUNG JAWA,15,0,0,0,15,0,0,0,0,0,0,95,0,95,0,0,0,2,0,0,0,2,
3174071007,DKI JAKARTA,JAKARTA SELATAN,KEBAYORAN BARU,PULO,25,0,0,1,24,0,0,0,1,0,1,85,1,84,0,0,0,8,0,8,0,0,
3175021001,DKI JAKARTA,JAKARTA TIMUR,PULO GADUNG,PULO GADUNG,101,6,2,2,91,0,0,0,8,0,8,285,30,255,16,0,16,41,0,27,3,11,
3175061005,DKI JAKARTA,JAKARTA TIMUR,CAKUNG,PULO GEBANG,120,4,5,2,109,0,0,0,4,0,4,382,49,333,45,0,45,63,3,50,3,7,
3174041004,DKI JAKARTA,JAKARTA SELATAN,PASAR MINGGU,RAGUNAN,175,5,1,2,167,1,0,1,1,0,1,206,82,124,8,0,8,13,0,8,2,3,
3175091005,DKI JAKARTA,JAKARTA TIMUR,CIRACAS,RAMBUTAN,88,4,1,1,82,1,0,1,1,0,1,304,64,240,25,0,25,33,1,21,0,11,
3172031006,DKI JAKARTA,JAKARTA UTARA,KOJA,RAWA BADAK SELATAN,224,8,3,2,211,0,0,0,2,0,2,213,17,196,37,0,37,55,4,44,3,4,
3172031004,DKI JAKARTA,JAKARTA UTARA,KOJA,RAWA BADAK UTARA,156,5,3,1,147,0,0,0,2,0,2,185,20,165,39,0,39,44,3,30,2,9,
3174071005,DKI JAKARTA,JAKARTA SELATAN,KEBAYORAN BARU,RAWA BARAT,26,0,0,2,24,0,0,0,0,0,0,53,1,52,0,0,0,7,0,6,1,0,
3173011003,DKI JAKARTA,JAKARTA BARAT,CENGKARENG,RAWA BUAYA,64,2,2,2,58,0,0,0,3,0,3,193,17,176,2,0,2,45,3,29,1,12,
3175031004,DKI JAKARTA,JAKARTA TIMUR,JATINEGARA,RAWA BUNGA,19,2,1,1,15,0,0,0,0,0,0,37,6,31,2,0,2,16,5,11,0,0,
3174081003,DKI JAKARTA,JAKARTA SELATAN,PANCORAN,RAWA JATI,95,5,0,0,90,0,0,0,10,0,10,215,18,197,4,0,4,12,2,8,0,2,
3175061002,DKI JAKARTA,JAKARTA TIMUR,CAKUNG,RAWA TERATE,25,0,1,0,24,0,0,0,2,0,2,124,8,116,0,0,0,10,0,6,0,4,
3175021005,DKI JAKARTA,JAKARTA TIMUR,PULO GADUNG,RAWAMANGUN,89,5,1,0,83,0,0,0,2,0,2,305,29,276,17,0,17,43,4,30,1,8,
3171051003,DKI JAKARTA,JAKARTA PUSAT,CEMPAKA PUTIH,RAWASARI,258,12,5,2,239,0,0,0,3,0,3,542,49,493,21,0,21,65,3,37,4,21,
3173041010,DKI JAKARTA,JAKARTA BARAT,TAMBORA,ROA MALAKA,9,0,2,0,7,0,0,0,0,0,0,15,1,14,0,0,0,2,0,0,0,2,
3172041006,DKI JAKARTA,JAKARTA UTARA,CILINCING,ROROTAN,84,4,4,2,74,0,0,0,1,0,1,192,37,155,57,0,57,27,4,17,1,5,
3174071004,DKI JAKARTA,JAKARTA SELATAN,KEBAYORAN BARU,SELONG,11,0,1,0,10,0,0,0,2,0,2,57,1,56,0,0,0,8,1,7,0,0,
3173061002,DKI JAKARTA,JAKARTA BARAT,KALI DERES,SEMANAN,145,2,10,3,130,0,0,0,2,1,1,420,36,384,6,0,6,29,1,19,1,8,
3172041007,DKI JAKARTA,JAKARTA UTARA,CILINCING,SEMPER BARAT,219,8,8,1,202,0,0,0,10,0,10,468,98,370,71,0,71,113,12,75,2,24,
3172041005,DKI JAKARTA,JAKARTA UTARA,CILINCING,SEMPER TIMUR,123,10,4,1,108,0,0,0,2,1,1,197,22,175,30,0,30,42,6,28,2,6,
3174071006,DKI JAKARTA,JAKARTA SELATAN,KEBAYORAN BARU,SENAYAN,22,0,0,0,22,0,0,0,9,0,9,120,17,103,0,0,0,17,1,16,0,0,
3171041001,DKI JAKARTA,JAKARTA PUSAT,SENEN,SENEN,89,3,18,0,68,0,0,0,5,2,3,491,145,346,24,0,24,57,3,37,1,16,
3171031004,DKI JAKARTA,JAKARTA PUSAT,KEMAYORAN,SERDANG,156,1,12,2,141,0,0,0,2,0,2,197,25,172,18,0,18,46,1,33,2,10,
3174021001,DKI JAKARTA,JAKARTA SELATAN,SETIA BUDI,SETIA BUDI,28,0,0,0,28,0,0,0,3,0,3,89,5,84,6,0,6,5,1,4,0,0,
3175101005,DKI JAKARTA,JAKARTA TIMUR,CIPAYUNG,SETU,73,2,2,0,69,0,0,0,1,0,1,69,11,58,11,0,11,9,1,6,0,2,
3173071002,DKI JAKARTA,JAKARTA BARAT,PALMERAH,SLIPI,177,3,7,2,165,0,0,0,2,0,2,240,37,203,33,0,33,38,4,23,1,10,
3173081004,DKI JAKARTA,JAKARTA BARAT,KEMBANGAN,SRENGSENG,132,1,6,3,122,0,0,0,5,0,5,366,55,311,17,0,17,69,2,42,3,22,
3174091002,DKI JAKARTA,JAKARTA SELATAN,JAGAKARSA,SRENGSENG SAWAH,158,8,8,0,142,1,0,1,5,0,5,210,26,184,11,0,11,48,1,29,3,15,
3173051003,DKI JAKARTA,JAKARTA BARAT,KEBON JERUK,SUKABUMI SELATAN,101,5,0,4,92,0,0,0,1,0,1,223,19,204,23,0,23,53,4,42,1,6,
3173051002,DKI JAKARTA,JAKARTA BARAT,KEBON JERUK,SUKABUMI UTARA,93,0,0,3,90,0,0,0,18,0,18,235,16,219,39,0,39,50,1,34,4,11,
3172041002,DKI JAKARTA,JAKARTA UTARA,CILINCING,SUKAPURA,216,1,13,2,200,0,0,0,5,0,5,418,72,346,63,0,63,80,7,66,3,4,
3171031007,DKI JAKARTA,JAKARTA PUSAT,KEMAYORAN,SUMUR BATU,123,8,1,1,113,0,0,0,4,0,4,144,23,121,10,0,10,32,2,26,1,3,
3172021004,DKI JAKARTA,JAKARTA UTARA,TANJUNG PRIOK,SUNGAI BAMBU,79,1,3,0,75,0,0,0,6,2,4,219,44,175,28,0,28,23,1,13,3,6,
3172021006,DKI JAKARTA,JAKARTA UTARA,TANJUNG PRIOK,SUNTER AGUNG,348,6,7,1,334,0,0,0,17,0,17,915,54,861,54,0,54,196,4,172,11,9,
3172021002,DKI JAKARTA,JAKARTA UTARA,TANJUNG PRIOK,SUNTER JAYA,299,12,17,6,264,0,0,0,4,0,4,643,83,560,138,0,138,170,9,130,10,21,
3175091004,DKI JAKARTA,JAKARTA TIMUR,CIRACAS,SUSUKAN,59,2,4,1,52,0,0,0,7,1,6,576,15,561,67,0,67,33,3,22,1,7,
3173031001,DKI JAKARTA,JAKARTA BARAT,TAMAN SARI,TAMAN SARI,87,4,2,0,81,0,0,0,0,0,0,152,9,143,10,0,10,25,1,11,1,12,
3173041001,DKI JAKARTA,JAKARTA BARAT,TAMBORA,TAMBORA,69,2,7,3,57,0,0,0,0,0,0,181,9,172,1,0,1,8,1,4,0,3,
3173041004,DKI JAKARTA,JAKARTA BARAT,TAMBORA,TANAH SEREAL,134,8,3,2,121,0,0,0,4,0,4,103,13,90,2,0,2,48,2,30,5,11,
3171081004,DKI JAKARTA,JAKARTA PUSAT,JOHAR BARU,TANAH TINGGI,184,10,5,3,166,1,0,1,1,0,1,294,19,275,30,0,30,127,6,72,9,40,
3173031004,DKI JAKARTA,JAKARTA BARAT,TAMAN SARI,TANGKI,87,3,4,1,79,0,0,0,2,1,1,147,19,128,2,0,2,14,0,11,1,2,
3174091005,DKI JAKARTA,JAKARTA SELATAN,JAGAKARSA,TANJUNG BARAT,226,8,1,1,216,0,0,0,1,0,1,122,7,115,8,0,8,40,1,33,2,4,
3173021005,DKI JAKARTA,JAKARTA BARAT,GROGOL PETAMBURAN,TANJUNG DUREN SELATAN,117,9,2,1,105,0,0,0,18,1,17,248,43,205,16,0,16,85,10,48,5,22,
3173021002,DKI JAKARTA,JAKARTA BARAT,GROGOL PETAMBURAN,TANJUNG DUREN UTARA,91,4,0,0,87,0,0,0,20,0,20,208,18,190,15,0,15,33,5,18,1,9,
3172021001,DKI JAKARTA,JAKARTA UTARA,TANJUNG PRIOK,TANJUNG PRIOK,142,5,6,6,125,0,0,0,9,1,8,243,26,217,39,0,39,87,5,56,6,20,
3174011002,DKI JAKARTA,JAKARTA SELATAN,TEBET,TEBET BARAT,118,3,4,0,111,0,0,0,7,0,7,284,16,268,18,0,18,68,2,37,3,26,
3174011001,DKI JAKARTA,JAKARTA SELATAN,TEBET,TEBET TIMUR,74,5,3,2,64,0,0,0,5,0,5,249,20,229,26,0,26,32,5,17,3,7,
3173061003,DKI JAKARTA,JAKARTA BARAT,KALI DERES,TEGAL ALUR,265,4,29,6,226,0,0,0,2,1,1,398,42,356,8,0,8,38,5,23,1,9,
3174031004,DKI JAKARTA,JAKARTA SELATAN,MAMPANG PRAPATAN,TEGAL PARANG,110,5,3,3,99,0,0,0,3,1,2,346,41,305,1,0,1,27,2,20,1,4,
3173021003,DKI JAKARTA,JAKARTA BARAT,GROGOL PETAMBURAN,TOMANG,143,12,3,2,126,0,0,0,10,0,10,267,26,241,70,0,70,112,2,88,2,20,
3172031005,DKI JAKARTA,JAKARTA UTARA,KOJA,TUGU SELATAN,184,6,1,1,176,0,0,0,1,1,0,154,10,144,53,0,53,40,1,28,2,9,
3172031002,DKI JAKARTA,JAKARTA UTARA,KOJA,TUGU UTARA,372,14,3,0,355,0,0,0,3,0,3,301,26,275,62,0,62,68,3,47,5,13,
3175061006,DKI JAKARTA,JAKARTA TIMUR,CAKUNG,UJUNG MENTENG,38,0,0,2,36,0,0,0,0,0,0,138,6,132,11,0,11,14,0,7,2,5,
3174101005,DKI JAKARTA,JAKARTA SELATAN,PESANGGRAHAN,ULUJAMI,213,2,25,2,184,0,0,0,0,0,0,590,182,408,24,0,24,64,0,28,3,33,
3175011006,DKI JAKARTA,JAKARTA TIMUR,MATRAMAN,UTAN KAYU SELATAN,187,4,0,8,175,0,0,0,1,0,1,295,15,280,76,0,76,71,1,54,4,12,
3175011002,DKI JAKARTA,JAKARTA TIMUR,MATRAMAN,UTAN KAYU UTARA,120,3,2,0,115,1,0,1,0,0,0,184,7,177,35,0,35,32,2,21,2,7,
3171031008,DKI JAKARTA,JAKARTA PUSAT,KEMAYORAN,UTAN PANJANG,151,6,9,2,134,0,0,0,2,1,1,145,29,116,17,0,17,38,5,23,2,8,
3172021007,DKI JAKARTA,JAKARTA UTARA,TANJUNG PRIOK,WARAKAS,111,2,4,2,103,0,0,0,7,3,4,258,35,223,40,0,40,63,5,48,2,8,
3173021007,DKI JAKARTA,JAKARTA BARAT,GROGOL PETAMBURAN,WIJAYA KUSUMA,167,1,40,2,124,0,0,0,4,3,1,447,177,270,11,0,11,70,8,19,2,41,
