id_kel,nama_provinsi,nama_kota,nama_kecamatan,nama_kelurahan,suspek,perawatan_rs,isolasi_di_rumah,suspek_meninggal,selesai_isolasi,probable,probable_meninggal,selesai_isolasi,pelaku_perjalanan,isolasi_di_rumah,selesai_isolasi,kontak_erat,isolasi_di_rumah,selesai_isolasi,discarded,meninggal,selesai_isolasi,positif,dirawat,sembuh,meninggal,self_isolation,keterangan
3172051003,DKI JAKARTA,JAKARTA UTARA,PADEMANGAN,ANCOL,160,7,44,0,109,0,0,0,6,1,5,296,39,257,4,0,4,43,4,37,0,2,
3173041007,DKI JAKARTA,JAKARTA BARAT,TAMBORA,ANGKE,199,3,7,2,187,0,0,0,0,0,0,291,14,277,22,0,22,49,6,35,2,6,
3175041005,DKI JAKARTA,JAKARTA TIMUR,KRAMAT JATI,BALE KAMBANG,72,9,8,1,54,0,0,0,3,1,2,158,64,94,22,0,22,30,3,21,1,5,
3175031003,DKI JAKARTA,JAKARTA TIMUR,JATINEGARA,BALI MESTER,33,0,0,1,32,0,0,0,0,0,0,32,2,30,0,0,0,7,1,4,1,1,
3175101006,DKI JAKARTA,JAKARTA TIMUR,CIPAYUNG,BAMBU APUS,111,1,1,1,108,0,0,0,2,0,2,138,23,115,14,0,14,41,3,19,0,19,
3174031002,DKI JAKARTA,JAKARTA SELATAN,MAMPANG PRAPATAN,BANGKA,91,3,0,2,86,0,0,0,18,0,18,373,16,357,6,0,6,30,5,23,2,0,
3175051002,DKI JAKARTA,JAKARTA TIMUR,PASAR REBO,BARU,62,2,0,1,59,0,0,0,2,0,2,71,12,59,7,0,7,16,1,13,0,2,
3175041004,DKI JAKARTA,JAKARTA TIMUR,KRAMAT JATI,BATU AMPAR,139,6,7,0,126,1,1,0,1,0,1,246,42,204,26,0,26,41,0,30,3,8,
BELUM DIKETAHUI,BELUM DIKETAHUI,BELUM DIKETAHUI,BELUM DIKETAHUI,BELUM DIKETAHUI,11126,2,8,1626,9490,287,286,1,116,0,116,6177,48,6129,87,1,86,4536,1077,1045,74,2340,
3171071002,DKI JAKARTA,JAKARTA PUSAT,TANAH ABANG,BENDUNGAN HILIR,180,16,17,0,147,0,0,0,2,0,2,224,12,212,4,0,4,34,1,27,2,4,
3175031002,DKI JAKARTA,JAKARTA TIMUR,JATINEGARA,BIDARA CINA,74,12,2,3,57,0,0,0,0,0,0,142,34,108,21,0,21,68,1,50,7,10,
3174101002,DKI JAKARTA,JAKARTA SELATAN,PESANGGRAHAN,BINTARO,352,6,47,2,297,1,0,1,7,0,7,634,95,539,17,0,17,71,5,53,6,7,
3174011005,DKI JAKARTA,JAKARTA SELATAN,TEBET,BUKIT DURI,90,1,2,3,84,1,0,1,13,0,13,204,15,189,8,0,8,39,2,25,6,6,
3171041006,DKI JAKARTA,JAKARTA PUSAT,SENEN,BUNGUR,82,2,5,2,73,0,0,0,13,0,13,257,8,249,8,0,8,24,2,17,2,3,
3175061007,DKI JAKARTA,JAKARTA TIMUR,CAKUNG,CAKUNG BARAT,86,0,4,1,81,0,0,0,0,0,0,219,23,196,33,0,33,32,4,17,1,10,
3175061004,DKI JAKARTA,JAKARTA TIMUR,CAKUNG,CAKUNG TIMUR,81,3,3,2,73,0,0,0,3,0,3,233,28,205,24,0,24,33,3,20,0,10,
3175041007,DKI JAKARTA,JAKARTA TIMUR,KRAMAT JATI,CAWANG,81,2,21,0,58,0,0,0,4,2,2,218,118,100,11,0,11,38,3,28,1,6,
3175101008,DKI JAKARTA,JAKARTA TIMUR,CIPAYUNG,CEGER,71,3,0,0,68,0,0,0,0,0,0,65,4,61,8,0,8,9,1,6,0,2,
3171031006,DKI JAKARTA,JAKARTA PUSAT,KEMAYORAN,CEMPAKA BARU,199,3,18,2,176,0,0,0,7,3,4,220,47,173,25,0,25,94,0,49,7,38,
3171051002,DKI JAKARTA,JAKARTA PUSAT,CEMPAKA PUTIH,CEMPAKA PUTIH BARAT,404,16,10,2,376,0,0,0,7,0,7,981,124,857,37,0,37,167,6,70,8,83,
3171051001,DKI JAKARTA,JAKARTA PUSAT,CEMPAKA PUTIH,CEMPAKA PUTIH TIMUR,244,9,10,1,224,0,0,0,7,0,7,770,56,714,40,0,40,118,4,84,1,29,
3173011001,DKI JAKARTA,JAKARTA BARAT,CENGKARENG,CENGKARENG BARAT,97,5,4,1,87,0,0,0,4,0,4,490,22,468,7,0,7,54,9,41,2,2,
3173011006,DKI JAKARTA,JAKARTA BARAT,CENGKARENG,CENGKARENG TIMUR,140,11,5,6,118,1,0,1,3,0,3,543,38,505,7,0,7,96,14,60,6,16,
3175091002,DKI JAKARTA,JAKARTA TIMUR,CIRACAS,CIBUBUR,199,8,9,4,178,0,0,0,18,7,11,904,92,812,74,0,74,46,1,32,2,11,
3171011002,DKI JAKARTA,JAKARTA PUSAT,GAMBIR,CIDENG,119,10,0,2,107,0,0,0,7,0,7,196,6,190,9,0,9,38,1,24,3,10,
3174091003,DKI JAKARTA,JAKARTA SELATAN,JAGAKARSA,CIGANJUR,297,10,149,1,137,0,0,0,9,0,9,144,6,138,6,0,6,36,1,19,3,13,
3175051003,DKI JAKARTA,JAKARTA TIMUR,PASAR REBO,CIJANTUNG,182,3,1,3,175,0,0,0,1,0,1,192,21,171,3,0,3,47,2,24,3,18,
3171061003,DKI JAKARTA,JAKARTA PUSAT,MENTENG,CIKINI,43,2,1,0,40,0,0,0,0,0,0,112,49,63,10,0,10,14,0,12,1,1,
3174081006,DKI JAKARTA,JAKARTA SELATAN,PANCORAN,CIKOKO,39,1,1,0,37,0,0,0,12,0,12,129,9,120,0,0,0,15,0,11,1,3,
3174061001,DKI JAKARTA,JAKARTA SELATAN,CILANDAK,CILANDAK BARAT,246,7,5,5,229,0,0,0,88,0,88,447,10,437,36,0,36,69,7,47,3,12,
3174041003,DKI JAKARTA,JAKARTA SELATAN,PASAR MINGGU,CILANDAK TIMUR,90,6,8,1,75,0,0,0,17,0,17,146,52,94,5,0,5,21,3,12,2,4,
3175101002,DKI JAKARTA,JAKARTA TIMUR,CIPAYUNG,CILANGKAP,111,3,5,1,102,0,0,0,1,0,1,122,19,103,17,0,17,28,5,18,0,5,
3175041006,DKI JAKARTA,JAKARTA TIMUR,KRAMAT JATI,CILILITAN,98,3,15,1,79,0,0,0,3,2,1,252,82,170,39,0,39,31,4,19,2,6,
3172041001,DKI JAKARTA,JAKARTA UTARA,CILINCING,CILINCING,160,7,13,1,139,0,0,0,4,0,4,528,51,477,58,0,58,74,6,49,1,18,
3175101001,DKI JAKARTA,JAKARTA TIMUR,CIPAYUNG,CIPAYUNG,146,5,12,2,127,0,0,0,2,0,2,146,15,131,7,0,7,34,3,25,1,5,
3174091006,DKI JAKARTA,JAKARTA SELATAN,JAGAKARSA,CIPEDAK,211,3,68,0,140,1,0,1,0,0,0,118,8,110,5,0,5,26,6,18,0,2,
3174061005,DKI JAKARTA,JAKARTA SELATAN,CILANDAK,CIPETE SELATAN,97,3,2,1,91,0,0,0,42,0,42,162,13,149,3,0,3,18,1,8,4,5,
3174071010,DKI JAKARTA,JAKARTA SELATAN,KEBAYORAN BARU,CIPETE UTARA,114,12,1,3,98,0,0,0,9,0,9,199,42,157,5,0,5,24,1,18,2,3,
3175021003,DKI JAKARTA,JAKARTA TIMUR,PULO GADUNG,CIPINANG,62,2,2,2,56,0,0,0,3,0,3,267,33,234,23,0,23,43,5,27,3,8,
3175031007,DKI JAKARTA,JAKARTA TIMUR,JATINEGARA,CIPINANG BESAR SELATAN,65,3,2,1,59,0,0,0,1,0,1,113,5,108,4,0,4,28,0,18,1,9,
3175031008,DKI JAKARTA,JAKARTA TIMUR,JATINEGARA,CIPINANG BESAR UTARA,54,3,2,0,49,0,0,0,3,0,3,264,21,243,11,0,11,53,1,42,2,8,
3175031005,DKI JAKARTA,JAKARTA TIMUR,JATINEGARA,CIPINANG CEMPEDAK,70,3,1,2,64,0,0,0,1,0,1,86,6,80,8,0,8,13,1,10,1,1,
3175081005,DKI JAKARTA,JAKARTA TIMUR,MAKASAR,CIPINANG MELAYU,75,3,4,2,66,0,0,0,2,0,2,195,18,177,11,0,11,41,4,26,4,7,
3175031006,DKI JAKARTA,JAKARTA TIMUR,JATINEGARA,CIPINANG MUARA,93,3,2,1,87,0,0,0,3,0,3,201,12,189,24,0,24,55,1,41,1,12,
3174051003,DKI JAKARTA,JAKARTA SELATAN,KEBAYORAN LAMA,CIPULIR,93,3,1,4,85,0,0,0,6,0,6,328,25,303,4,0,4,54,2,43,3,6,
3175091001,DKI JAKARTA,JAKARTA TIMUR,CIRACAS,CIRACAS,188,10,9,9,160,0,0,0,13,4,9,656,127,529,40,0,40,61,1,40,5,15,
3175041003,DKI JAKARTA,JAKARTA TIMUR,KRAMAT JATI,DUKUH,90,3,7,1,79,0,0,0,1,0,1,187,78,109,15,0,15,21,0,16,0,5,
3175071001,DKI JAKARTA,JAKARTA TIMUR,DUREN SAWIT,DUREN SAWIT,326,9,1,3,313,2,0,2,1,0,1,243,38,205,14,0,14,87,1,65,8,13,
3174081004,DKI JAKARTA,JAKARTA SELATAN,PANCORAN,DUREN TIGA,140,0,3,0,137,0,0,0,3,1,2,250,24,226,2,0,2,18,0,16,0,2,
3173051005,DKI JAKARTA,JAKARTA BARAT,KEBON JERUK,DURI KEPA,151,2,5,2,142,0,0,0,7,0,7,532,21,511,61,0,61,107,6,83,7,11,
3173011002,DKI JAKARTA,JAKARTA BARAT,CENGKARENG,DURI KOSAMBI,135,5,0,3,127,0,0,0,3,0,3,326,16,310,8,0,8,48,3,28,1,16,
3171011006,DKI JAKARTA,JAKARTA PUSAT,GAMBIR,DURI PULO,56,8,3,3,42,0,0,0,0,0,0,109,4,105,6,0,6,28,3,18,2,5,
3173041011,DKI JAKARTA,JAKARTA BARAT,TAMBORA,DURI SELATAN,38,7,0,1,30,0,0,0,1,0,1,54,8,46,3,0,3,16,3,11,0,2,
3173041003,DKI JAKARTA,JAKARTA BARAT,TAMBORA,DURI UTARA,77,1,5,2,69,0,0,0,1,0,1,84,12,72,1,0,1,28,3,16,3,6,
3171081003,DKI JAKARTA,JAKARTA PUSAT,JOHAR BARU,GALUR,48,5,1,0,42,0,0,0,2,0,2,169,15,154,42,0,42,43,3,22,5,13,
3171011001,DKI JAKARTA,JAKARTA PUSAT,GAMBIR,GAMBIR,28,0,0,0,28,0,0,0,17,0,17,112,14,98,6,0,6,11,1,10,0,0,
3174061004,DKI JAKARTA,JAKARTA SELATAN,CILANDAK,GANDARIA SELATAN,69,2,11,0,56,1,0,1,20,0,20,146,52,94,0,0,0,39,0,11,1,27,
3174071009,DKI JAKARTA,JAKARTA SELATAN,KEBAYORAN BARU,GANDARIA UTARA,102,5,1,1,95,0,0,0,1,0,1,283,41,242,0,0,0,31,1,21,2,7,
3175051001,DKI JAKARTA,JAKARTA TIMUR,PASAR REBO,GEDONG,260,11,0,0,249,0,0,0,0,0,0,110,11,99,17,0,17,60,8,44,0,8,
3171071001,DKI JAKARTA,JAKARTA PUSAT,TANAH ABANG,GELORA,31,0,0,1,30,0,0,0,5,0,5,55,1,54,0,0,0,13,0,12,1,0,
3173031007,DKI JAKARTA,JAKARTA BARAT,TAMAN SARI,GLODOK,35,1,3,0,31,0,0,0,0,0,0,57,8,49,0,0,0,5,0,2,1,2,
3171061004,DKI JAKARTA,JAKARTA PUSAT,MENTENG,GONDANGDIA,18,0,0,1,17,0,0,0,4,0,4,60,20,40,7,0,7,20,1,16,2,1,
3173021001,DKI JAKARTA,JAKARTA BARAT,GROGOL PETAMBURAN,GROGOL,116,7,2,4,103,0,0,0,39,0,39,386,21,365,30,0,30,50,1,35,0,14,
3174051005,DKI JAKARTA,JAKARTA SELATAN,KEBAYORAN LAMA,GROGOL SELATAN,94,4,1,4,85,1,1,0,11,0,11,339,21,318,3,0,3,48,4,36,5,3,
3174051004,DKI JAKARTA,JAKARTA SELATAN,KEBAYORAN LAMA,GROGOL UTARA,141,3,3,4,131,0,0,0,24,1,23,342,18,324,12,0,12,92,4,61,2,25,
3174021007,DKI JAKARTA,JAKARTA SELATAN,SETIA BUDI,GUNTUR,19,0,3,0,16,0,0,0,0,0,0,54,11,43,1,0,1,6,1,5,0,0,
3174071002,DKI JAKARTA,JAKARTA SELATAN,KEBAYORAN BARU,GUNUNG,44,1,0,3,40,0,0,0,7,0,7,165,38,127,0,0,0,14,1,10,1,2,
3171031005,DKI JAKARTA,JAKARTA PUSAT,KEMAYORAN,GUNUNG SAHARI SELATAN,120,5,1,1,113,0,0,0,2,0,2,159,10,149,1,0,1,20,0,14,2,4,
3171021004,DKI JAKARTA,JAKARTA PUSAT,SAWAH BESAR,GUNUNG SAHARI UTARA,97,5,1,1,90,0,0,0,2,1,1,139,5,134,4,0,4,32,2,23,4,3,
3175081004,DKI JAKARTA,JAKARTA TIMUR,MAKASAR,HALIM PERDANA KUSUMAH,54,4,2,2,46,0,0,0,2,0,2,118,31,87,7,0,7,50,8,31,3,8,
3171031003,DKI JAKARTA,JAKARTA PUSAT,KEMAYORAN,HARAPAN MULIA,139,9,5,3,122,0,0,0,5,2,3,171,27,144,25,0,25,71,4,41,5,21,
3174091001,DKI JAKARTA,JAKARTA SELATAN,JAGAKARSA,JAGAKARSA,287,4,18,2,263,1,0,1,5,0,5,274,30,244,9,0,9,57,4,45,2,6,
3175021007,DKI JAKARTA,JAKARTA TIMUR,PULO GADUNG,JATI,86,8,1,1,76,0,0,0,4,0,4,319,101,218,21,0,21,59,1,38,0,20,
3174041002,DKI JAKARTA,JAKARTA SELATAN,PASAR MINGGU,JATI PADANG,133,8,4,2,119,0,0,0,2,0,2,263,56,207,12,0,12,32,3,24,3,2,
3173071004,DKI JAKARTA,JAKARTA BARAT,PALMERAH,JATI PULO,183,8,8,4,163,0,0,0,2,0,2,327,26,301,58,0,58,85,1,73,2,9,
3175061001,DKI JAKARTA,JAKARTA TIMUR,CAKUNG,JATINEGARA,134,9,0,3,122,0,0,0,2,0,2,345,62,283,30,0,30,52,0,36,4,12,
3175021004,DKI JAKARTA,JAKARTA TIMUR,PULO GADUNG,JATINEGARA KAUM,19,0,2,0,17,0,0,0,3,0,3,97,16,81,4,0,4,9,2,5,0,2,
3173021004,DKI JAKARTA,JAKARTA BARAT,GROGOL PETAMBURAN,JELAMBAR,100,6,3,5,86,0,0,0,22,4,18,381,71,310,6,0,6,48,1,33,4,10,
3173021006,DKI JAKARTA,JAKARTA BARAT,GROGOL PETAMBURAN,JELAMBAR BARU,142,2,1,2,137,0,0,0,4,0,4,369,104,265,16,0,16,28,1,23,2,2,
3173041006,DKI JAKARTA,JAKARTA BARAT,TAMBORA,JEMBATAN BESI,284,11,43,1,229,0,0,0,3,3,0,307,96,211,7,0,7,102,0,84,5,13,
3173041008,DKI JAKARTA,JAKARTA BARAT,TAMBORA,JEMBATAN LIMA,72,2,3,0,67,0,0,0,0,0,0,92,5,87,1,0,1,15,2,10,0,3,
3173081005,DKI JAKARTA,JAKARTA BARAT,KEMBANGAN,JOGLO,93,2,2,4,85,0,0,0,4,1,3,192,17,175,12,0,12,40,2,35,1,2,
3171081001,DKI JAKARTA,JAKARTA PUSAT,JOHAR BARU,JOHAR BARU,211,5,2,3,201,0,0,0,3,0,3,660,35,625,90,0,90,119,4,81,6,28,
3173041002,DKI JAKARTA,JAKARTA BARAT,TAMBORA,KALI ANYAR,116,8,6,0,102,0,0,0,3,0,3,183,23,160,8,0,8,40,5,19,2,14,
3172041004,DKI JAKARTA,JAKARTA UTARA,CILINCING,KALI BARU,116,12,2,5,97,0,0,0,1,0,1,201,56,145,28,0,28,52,10,35,4,3,
3174081002,DKI JAKARTA,JAKARTA SELATAN,PANCORAN,KALIBATA,188,11,3,3,171,0,0,0,8,2,6,260,16,244,9,0,9,59,4,40,1,14,
3173061001,DKI JAKARTA,JAKARTA BARAT,KALI DERES,KALIDERES,383,8,35,4,336,0,0,0,5,0,5,1232,180,1052,25,0,25,74,5,56,4,9,
3175051004,DKI JAKARTA,JAKARTA TIMUR,PASAR REBO,KALISARI,174,6,4,0,164,0,0,0,1,0,1,126,22,104,7,0,7,44,1,31,2,10,
3173061004,DKI JAKARTA,JAKARTA BARAT,KALI DERES,KAMAL,142,2,11,3,126,0,0,0,0,0,0,289,33,256,1,0,1,10,2,4,2,2,
3172011002,DKI JAKARTA,JAKARTA UTARA,PENJARINGAN,KAMAL MUARA,14,0,0,0,14,0,0,0,4,0,4,45,17,28,0,0,0,17,1,15,1,0,
3171071007,DKI JAKARTA,JAKARTA PUSAT,TANAH ABANG,KAMPUNG BALI,74,5,10,2,57,0,0,0,2,1,1,99,1,98,0,0,0,19,0,15,1,3,
3175031001,DKI JAKARTA,JAKARTA TIMUR,JATINEGARA,KAMPUNG MELAYU,40,0,0,4,36,0,0,0,3,0,3,67,8,59,4,0,4,74,2,41,3,28,
3171081002,DKI JAKARTA,JAKARTA PUSAT,JOHAR BARU,KAMPUNG RAWA,111,7,2,0,102,1,0,1,0,0,0,279,12,267,61,0,61,92,3,62,9,18,
3175041002,DKI JAKARTA,JAKARTA TIMUR,KRAMAT JATI,KAMPUNG TENGAH,218,11,15,1,191,0,0,0,7,0,7,536,98,438,48,0,48,104,1,78,8,17,
3173011005,DKI JAKARTA,JAKARTA BARAT,CENGKARENG,KAPUK,161,8,9,16,128,0,0,0,5,1,4,484,129,355,10,0,10,58,6,33,6,13,
3172011003,DKI JAKARTA,JAKARTA UTARA,PENJARINGAN,KAPUK MUARA,56,2,1,0,53,0,0,0,9,2,7,137,35,102,16,0,16,34,10,16,3,5,
3171021002,DKI JAKARTA,JAKARTA PUSAT,SAWAH BESAR,KARANG ANYAR,226,18,5,4,199,1,1,0,3,1,2,408,24,384,8,0,8,55,2,42,5,6,
3174021004,DKI JAKARTA,JAKARTA SELATAN,SETIA BUDI,KARET,52,1,0,0,51,0,0,0,8,0,8,137,5,132,4,0,4,21,1,20,0,0,
3174021003,DKI JAKARTA,JAKARTA SELATAN,SETIA BUDI,KARET KUNINGAN,80,1,3,1,75,0,0,0,20,4,16,190,53,137,4,0,4,24,2,16,2,4,
3174021002,DKI JAKARTA,JAKARTA SELATAN,SETIA BUDI,KARET SEMANGGI,39,0,0,1,38,0,0,0,3,0,3,41,7,34,0,0,0,8,0,3,2,3,
3171071003,DKI JAKARTA,JAKARTA PUSAT,TANAH ABANG,KARET TENGSIN,102,3,22,0,77,0,0,0,7,0,7,131,5,126,0,0,0,18,1,13,1,3,
3171021003,DKI JAKARTA,JAKARTA PUSAT,SAWAH BESAR,KARTINI,166,10,1,1,154,0,0,0,0,0,0,273,17,256,14,0,14,55,2,45,1,7,
3175011003,DKI JAKARTA,JAKARTA TIMUR,MATRAMAN,KAYU MANIS,113,3,0,0,110,1,0,1,0,0,0,283,20,263,18,0,18,47,1,37,2,7,
3175021006,DKI JAKARTA,JAKARTA TIMUR,PULO GADUNG,KAYU PUTIH,167,10,1,4,152,0,0,0,10,0,10,433,97,336,21,0,21,87,6,54,5,22,
3173031006,DKI JAKARTA,JAKARTA BARAT,TAMAN SARI,KEAGUNGAN,76,0,27,0,49,0,0,0,2,2,0,132,27,105,7,0,7,16,3,5,0,8,
3174041007,DKI JAKARTA,JAKARTA SELATAN,PASAR MINGGU,KEBAGUSAN,129,7,4,1,117,0,0,0,0,0,0,166,27,139,10,0,10,42,7,27,0,8,
3174051006,DKI JAKARTA,JAKARTA SELATAN,KEBAYORAN LAMA,KEBAYORAN LAMA SELATAN,146,6,5,0,135,1,0,1,1,0,1,430,21,409,8,0,8,35,3,24,3,5,
3174051001,DKI JAKARTA,JAKARTA SELATAN,KEBAYORAN LAMA,KEBAYORAN LAMA UTARA,114,2,1,1,110,0,0,0,15,0,15,252,19,233,2,0,2,36,1,28,2,5,
3174011004,DKI JAKARTA,JAKARTA SELATAN,TEBET,KEBON BARU,87,3,4,2,78,0,0,0,15,0,15,277,18,259,13,0,13,38,1,35,0,2,
3172021005,DKI JAKARTA,JAKARTA UTARA,TANJUNG PRIOK,KEBON BAWANG,186,10,15,1,160,0,0,0,10,3,7,392,83,309,47,0,47,137,6,58,1,72,
3173051001,DKI JAKARTA,JAKARTA BARAT,KEBON JERUK,KEBON JERUK,208,4,3,5,196,0,0,0,9,0,9,711,32,679,49,0,49,94,4,74,9,7,
3171071006,DKI JAKARTA,JAKARTA PUSAT,TANAH ABANG,KEBON KACANG,283,6,15,1,261,0,0,0,0,0,0,270,3,267,3,0,3,120,2,98,9,11,
3171011005,DKI JAKARTA,JAKARTA PUSAT,GAMBIR,KEBON KELAPA,62,5,1,1,55,0,0,0,1,0,1,72,4,68,0,0,0,10,0,8,1,1,
3171031002,DKI JAKARTA,JAKARTA PUSAT,KEMAYORAN,KEBON KOSONG,153,7,13,5,128,0,0,0,7,0,7,185,42,143,24,0,24,61,0,44,5,12,
3175011005,DKI JAKARTA,JAKARTA TIMUR,MATRAMAN,KEBON MANGGIS,68,3,4,4,57,0,0,0,1,0,1,65,5,60,17,0,17,42,2,30,2,8,
3171071005,DKI JAKARTA,JAKARTA PUSAT,TANAH ABANG,KEBON MELATI,236,9,8,2,217,0,0,0,5,0,5,287,7,280,2,0,2,94,8,73,6,7,
3175081003,DKI JAKARTA,JAKARTA TIMUR,MAKASAR,KEBON PALA,62,1,1,1,59,0,0,0,2,0,2,307,59,248,11,0,11,46,3,26,0,17,
3171061005,DKI JAKARTA,JAKARTA PUSAT,MENTENG,KEBON SIRIH,64,0,3,2,59,0,0,0,2,0,2,173,12,161,11,0,11,36,0,33,2,1,
3173011004,DKI JAKARTA,JAKARTA BARAT,CENGKARENG,KEDAUNG KALI ANGKE,51,3,1,0,47,0,0,0,1,0,1,130,12,118,3,0,3,28,5,22,1,0,
3173051007,DKI JAKARTA,JAKARTA BARAT,KEBON JERUK,KEDOYA SELATAN,99,3,1,5,90,1,0,1,4,0,4,231,9,222,12,0,12,32,0,29,2,1,
3173051006,DKI JAKARTA,JAKARTA BARAT,KEBON JERUK,KEDOYA UTARA,87,4,1,2,80,0,0,0,15,0,15,328,14,314,19,0,19,39,3,32,0,4,
3173051004,DKI JAKARTA,JAKARTA BARAT,KEBON JERUK,KELAPA DUA,56,1,0,0,55,0,0,0,1,0,1,152,18,134,16,0,16,38,1,31,2,4,
3175091003,DKI JAKARTA,JAKARTA TIMUR,CIRACAS,KELAPA DUA WETAN,125,6,7,1,111,0,0,0,0,0,0,474,51,423,32,0,32,40,8,30,1,1,
3172061003,DKI JAKARTA,JAKARTA UTARA,KELAPA GADING,KELAPA GADING BARAT,323,4,13,2,304,0,0,0,38,3,35,572,47,525,30,0,30,87,8,67,5,7,
3172061001,DKI JAKARTA,JAKARTA UTARA,KELAPA GADING,KELAPA GADING TIMUR,307,3,9,2,293,0,0,0,12,2,10,586,35,551,25,0,25,69,6,43,8,12,
3173071005,DKI JAKARTA,JAKARTA BARAT,PALMERAH,KEMANGGISAN,139,5,5,6,123,0,0,0,4,2,2,324,42,282,44,0,44,58,6,35,3,14,
3171031001,DKI JAKARTA,JAKARTA PUSAT,KEMAYORAN,KEMAYORAN,161,5,4,3,149,0,0,0,0,0,0,251,25,226,19,0,19,84,6,51,2,25,
3173081006,DKI JAKARTA,JAKARTA BARAT,KEMBANGAN,KEMBANGAN SELATAN,64,3,1,1,59,0,0,0,5,0,5,247,19,228,51,0,51,36,1,30,1,4,
3173081001,DKI JAKARTA,JAKARTA BARAT,KEMBANGAN,KEMBANGAN UTARA,117,8,8,3,98,0,0,0,2,0,2,546,33,513,10,0,10,52,6,36,1,9,
3171041002,DKI JAKARTA,JAKARTA PUSAT,SENEN,KENARI,96,0,4,1,91,0,0,0,0,0,0,260,8,252,43,0,43,130,1,125,2,2,
3173041005,DKI JAKARTA,JAKARTA BARAT,TAMBORA,KERENDANG,109,9,3,2,95,0,0,0,0,0,0,107,8,99,1,0,1,49,1,31,5,12,
3175071003,DKI JAKARTA,JAKARTA TIMUR,DUREN SAWIT,KLENDER,260,4,4,2,250,0,0,0,2,0,2,247,24,223,10,0,10,85,4,53,9,19,
3172031001,DKI JAKARTA,JAKARTA UTARA,KOJA,KOJA,143,3,0,0,140,0,0,0,4,0,4,189,10,179,25,0,25,31,5,24,1,1,
3173071006,DKI JAKARTA,JAKARTA BARAT,PALMERAH,KOTA BAMBU SELATAN,205,4,20,5,176,0,0,0,0,0,0,524,93,431,70,0,70,109,8,73,3,25,
3173071003,DKI JAKARTA,JAKARTA BARAT,PALMERAH,KOTA BAMBU UTARA,176,9,9,11,147,0,0,0,0,0,0,319,48,271,49,0,49,101,5,70,4,22,
3171041004,DKI JAKARTA,JAKARTA PUSAT,SENEN,KRAMAT,168,7,13,5,143,0,0,0,3,0,3,523,47,476,30,0,30,145,4,110,8,23,
3175041001,DKI JAKARTA,JAKARTA TIMUR,KRAMAT JATI,KRAMAT JATI,114,3,9,1,101,0,0,0,5,1,4,236,36,200,19,0,19,28,1,17,2,8,
3174071003,DKI JAKARTA,JAKARTA SELATAN,KEBAYORAN BARU,KRAMAT PELA,31,2,0,0,29,0,0,0,0,0,0,290,89,201,3,0,3,18,2,12,0,4,
3173031002,DKI JAKARTA,JAKARTA BARAT,TAMAN SARI,KRUKUT,68,2,1,6,59,0,0,0,3,0,3,160,11,149,9,0,9,32,1,25,2,4,
3174031005,DKI JAKARTA,JAKARTA SELATAN,MAMPANG PRAPATAN,KUNINGAN BARAT,39,1,0,1,37,0,0,0,0,0,0,254,4,250,4,0,4,10,0,7,0,3,
3174021008,DKI JAKARTA,JAKARTA SELATAN,SETIA BUDI,KUNINGAN TIMUR,63,0,0,1,62,0,0,0,17,0,17,49,4,45,1,0,1,9,1,5,2,1,
3171041005,DKI JAKARTA,JAKARTA PUSAT,SENEN,KWITANG,135,1,20,0,114,1,0,1,2,0,2,269,18,251,7,0,7,39,3,28,3,5,
3172031003,DKI JAKARTA,JAKARTA UTARA,KOJA,LAGOA,251,4,2,1,244,0,0,0,4,0,4,198,21,177,35,0,35,163,4,91,5,63,
3174061002,DKI JAKARTA,JAKARTA SELATAN,CILANDAK,LEBAK BULUS,135,9,2,2,122,0,0,0,27,0,27,255,7,248,20,0,20,40,3,30,6,1,
3174091004,DKI JAKARTA,JAKARTA SELATAN,JAGAKARSA,LENTENG AGUNG,241,5,6,0,230,0,0,0,3,0,3,142,14,128,7,0,7,37,2,29,0,6,
LUAR DKI JAKARTA,LUAR DKI JAKARTA,LUAR DKI JAKARTA,LUAR DKI JAKARTA,LUAR DKI JAKARTA,10905,348,208,97,10252,11,1,10,296,25,271,13333,1258,12075,689,0,689,2952,115,2494,82,261,
3175101007,DKI JAKARTA,JAKARTA TIMUR,CIPAYUNG,LUBANG BUAYA,167,3,0,3,161,0,0,0,3,0,3,270,32,238,24,0,24,36,0,23,0,13,
3175081001,DKI JAKARTA,JAKARTA TIMUR,MAKASAR,MAKASAR,77,7,0,1,69,0,0,0,4,0,4,287,89,198,16,0,16,13,0,10,0,3,
3175071006,DKI JAKARTA,JAKARTA TIMUR,DUREN SAWIT,MALAKA JAYA,140,1,1,2,136,0,0,0,2,0,2,157,11,146,9,0,9,35,1,30,0,4,
3175071005,DKI JAKARTA,JAKARTA TIMUR,DUREN SAWIT,MALAKA SARI,132,1,0,1,130,0,0,0,0,0,0,97,13,84,6,0,6,41,1,31,2,7,
3174031001,DKI JAKARTA,JAKARTA SELATAN,MAMPANG PRAPATAN,MAMPANG PRAPATAN,80,7,0,2,71,0,0,0,0,0,0,382,79,303,8,0,8,32,4,19,3,6,
3173031005,DKI JAKARTA,JAKARTA BARAT,TAMAN SARI,MANGGA BESAR,39,0,9,1,29,0,0,0,0,0,0,71,8,63,3,0,3,5,0,4,0,1,
3171021005,DKI JAKARTA,JAKARTA PUSAT,SAWAH BESAR,MANGGA DUA SELATAN,103,11,1,1,90,0,0,0,1,0,1,184,20,164,8,0,8,26,0,23,0,3,
3174011007,DKI JAKARTA,JAKARTA SELATAN,TEBET,MANGGARAI,79,3,1,0,75,0,0,0,4,0,4,213,10,203,18,0,18,24,2,20,0,2,
3174011006,DKI JAKARTA,JAKARTA SELATAN,TEBET,MANGGARAI SELATAN,54,2,4,2,46,0,0,0,6,0,6,244,32,212,16,0,16,33,2,21,2,8,
3173031003,DKI JAKARTA,JAKARTA BARAT,TAMAN SARI,MAPHAR,88,5,1,1,81,0,0,0,5,0,5,143,10,133,35,0,35,87,1,73,0,13,
3172041003,DKI JAKARTA,JAKARTA UTARA,CILINCING,MARUNDA,104,4,35,0,65,0,0,0,0,0,0,113,20,93,8,0,8,23,6,11,1,5,
3174071001,DKI JAKARTA,JAKARTA SELATAN,KEBAYORAN BARU,MELAWAI,9,0,1,0,8,0,0,0,1,0,1,26,6,20,0,0,0,5,0,5,0,0,
3171061001,DKI JAKARTA,JAKARTA PUSAT,MENTENG,MENTENG,93,2,4,2,85,1,0,1,1,0,1,297,32,265,16,0,16,42,2,34,4,2,
3174021005,DKI JAKARTA,JAKARTA SELATAN,SETIA BUDI,MENTENG ATAS,131,0,7,3,121,0,0,0,35,3,32,568,64,504,31,0,31,66,1,30,2,33,
3174011003,DKI JAKARTA,JAKARTA SELATAN,TEBET,MENTENG DALAM,135,2,18,4,111,0,0,0,11,0,11,287,24,263,37,0,37,56,3,35,4,14,
3173081003,DKI JAKARTA,JAKARTA BARAT,KEMBANGAN,MERUYA SELATAN,80,4,3,1,72,0,0,0,2,0,2,206,78,128,14,0,14,30,2,25,2,1,
3173081002,DKI JAKARTA,JAKARTA BARAT,KEMBANGAN,MERUYA UTARA,93,4,4,6,79,0,0,0,3,0,3,212,39,173,7,0,7,37,2,33,0,2,
3175101004,DKI JAKARTA,JAKARTA TIMUR,CIPAYUNG,MUNJUL,75,1,6,0,68,0,0,0,2,0,2,75,15,60,21,0,21,26,1,15,0,10,
3172051002,DKI JAKARTA,JAKARTA UTARA,PADEMANGAN,PADEMANGAN BARAT,770,16,122,5,627,0,0,0,5,1,4,1427,97,1330,19,0,19,273,5,186,15,67,
3172051001,DKI JAKARTA,JAKARTA UTARA,PADEMANGAN,PADEMANGAN TIMUR,206,4,10,2,190,0,0,0,12,1,11,408,19,389,9,0,9,45,3,37,2,3,
3175011004,DKI JAKARTA,JAKARTA TIMUR,MATRAMAN,PAL MERIAM,108,2,0,2,104,1,0,1,1,0,1,324,10,314,56,0,56,79,3,51,5,20,
3173071001,DKI JAKARTA,JAKARTA BARAT,PALMERAH,PALMERAH,430,18,29,2,381,0,0,0,1,0,1,824,140,684,63,0,63,136,8,92,8,28,
3174081001,DKI JAKARTA,JAKARTA SELATAN,PANCORAN,PANCORAN,94,5,3,0,86,0,0,0,8,0,8,301,26,275,5,0,5,30,4,21,3,2,
3172021003,DKI JAKARTA,JAKARTA UTARA,TANJUNG PRIOK,PAPANGGO,130,2,18,0,110,0,0,0,5,1,4,310,63,247,43,0,43,37,2,16,2,17,
3171021001,DKI JAKARTA,JAKARTA PUSAT,SAWAH BESAR,PASAR BARU,85,7,1,2,75,0,0,0,4,0,4,176,26,150,3,0,3,26,4,20,0,2,
3174021006,DKI JAKARTA,JAKARTA SELATAN,SETIA BUDI,PASAR MANGGIS,85,3,2,3,77,0,0,0,15,0,15,355,9,346,14,0,14,37,1,28,2,6,
3174041001,DKI JAKARTA,JAKARTA SELATAN,PASAR MINGGU,PASAR MINGGU,118,5,5,1,107,0,0,0,3,1,2,235,17,218,3,0,3,40,1,28,2,9,
3171041003,DKI JAKARTA,JAKARTA PUSAT,SENEN,PASEBAN,199,2,6,1,190,0,0,0,3,0,3,347,47,300,59,0,59,97,5,85,5,2,
3173061005,DKI JAKARTA,JAKARTA BARAT,KALI DERES,PEGADUNGAN,294,3,31,7,253,0,0,0,6,0,6,687,95,592,16,0,16,69,6,53,3,7,
3171061002,DKI JAKARTA,JAKARTA PUSAT,MENTENG,PEGANGSAAN,118,15,4,2,97,0,0,0,0,0,0,451,29,422,46,0,46,127,2,115,2,8,
3172061002,DKI JAKARTA,JAKARTA UTARA,KELAPA GADING,PEGANGSAAN DUA,368,6,22,1,339,0,0,0,33,8,25,882,84,798,75,0,75,120,7,53,4,56,
3172011004,DKI JAKARTA,JAKARTA UTARA,PENJARINGAN,PEJAGALAN,102,7,2,2,91,0,0,0,5,0,5,343,26,317,24,0,24,48,7,31,3,7,
3174041006,DKI JAKARTA,JAKARTA SELATAN,PASAR MINGGU,PEJATEN BARAT,123,2,5,2,114,2,0,2,1,0,1,315,123,192,11,0,11,42,7,29,2,4,
3174041005,DKI JAKARTA,JAKARTA SELATAN,PASAR MINGGU,PEJATEN TIMUR,155,5,0,1,149,1,0,1,1,0,1,257,29,228,19,0,19,59,3,48,5,3,
3175051005,DKI JAKARTA,JAKARTA TIMUR,PASAR REBO,PEKAYON,247,7,4,1,235,0,0,0,2,0,2,80,7,73,8,0,8,22,2,12,2,6,
3173041009,DKI JAKARTA,JAKARTA BARAT,TAMBORA,PEKOJAN,126,1,3,2,120,0,0,0,2,0,2,128,3,125,16,0,16,25,0,24,1,0,
3174031003,DKI JAKARTA,JAKARTA SELATAN,MAMPANG PRAPATAN,PELA MAMPANG,146,8,0,2,136,0,0,0,13,1,12,518,28,490,4,0,4,37,2,18,4,13,
3174081005,DKI JAKARTA,JAKARTA SELATAN,PANCORAN,PENGADEGAN,66,2,3,2,59,0,0,0,7,0,7,152,12,140,6,0,6,19,1,16,0,2,
3175061003,DKI JAKARTA,JAKARTA TIMUR,CAKUNG,PENGGILINGAN,161,6,0,1,154,0,0,0,3,0,3,400,124,276,56,0,56,94,4,62,4,24,
3172011001,DKI JAKARTA,JAKARTA UTARA,PENJARINGAN,PENJARINGAN,324,11,2,4,307,1,0,1,21,1,20,1938,42,1896,111,0,111,198,10,172,6,10,
3174101001,DKI JAKARTA,JAKARTA SELATAN,PESANGGRAHAN,PESANGGRAHAN,163,4,13,4,142,0,0,0,0,0,0,200,9,191,16,0,16,20,0,13,3,4,
3171071004,DKI JAKARTA,JAKARTA PUSAT,TANAH ABANG,PETAMBURAN,333,7,9,7,310,0,0,0,7,0,7,235,17,218,3,0,3,149,3,134,9,3,
3174071008,DKI JAKARTA,JAKARTA SELATAN,KEBAYORAN BARU,PETOGOGAN,46,0,10,0,36,0,0,0,2,0,2,142,49,93,0,0,0,9,0,8,0,1,
3171011004,DKI JAKARTA,JAKARTA PUSAT,GAMBIR,PETOJO SELATAN,76,7,3,1,65,0,0,0,14,1,13,252,7,245,13,0,13,31,1,25,2,3,
3171011003,DKI JAKARTA,JAKARTA PUSAT,GAMBIR,PETOJO UTARA,74,10,1,3,60,0,0,0,10,0,10,183,7,176,25,0,25,41,2,32,2,5,
3174101004,DKI JAKARTA,JAKARTA SELATAN,PESANGGRAHAN,PETUKANGAN SELATAN,163,11,25,2,125,0,0,0,0,0,0,369,41,328,6,0,6,9,0,9,0,0,
3174101003,DKI JAKARTA,JAKARTA SELATAN,PESANGGRAHAN,PETUKANGAN UTARA,184,7,1,4,172,1,0,1,3,0,3,437,17,420,6,0,6,37,1,32,2,2,
3175081002,DKI JAKARTA,JAKARTA TIMUR,MAKASAR,PINANG RANTI,58,2,0,1,55,0,0,0,0,0,0,313,146,167,21,0,21,33,6,16,2,9,
3173031008,DKI JAKARTA,JAKARTA BARAT,TAMAN SARI,PINANGSIA,35,1,8,1,25,0,0,0,2,0,2,115,23,92,0,0,0,11,2,3,0,6,
3175011001,DKI JAKARTA,JAKARTA TIMUR,MATRAMAN,PISANGAN BARU,89,0,0,3,86,0,0,0,1,0,1,117,12,105,24,0,24,36,2,27,4,3,
3175021002,DKI JAKARTA,JAKARTA TIMUR,PULO GADUNG,PISANGAN TIMUR,127,5,4,4,114,0,0,0,10,0,10,275,21,254,20,0,20,40,3,22,3,12,
3172011005,DKI JAKARTA,JAKARTA UTARA,PENJARINGAN,PLUIT,114,1,6,4,103,0,0,0,11,1,10,488,53,435,8,0,8,65,6,47,6,6,
3175071002,DKI JAKARTA,JAKARTA TIMUR,DUREN SAWIT,PONDOK BAMBU,444,8,3,0,433,0,0,0,3,0,3,190,15,175,7,0,7,101,0,95,4,2,
3175071004,DKI JAKARTA,JAKARTA TIMUR,DUREN SAWIT,PONDOK KELAPA,208,4,4,0,200,0,0,0,6,1,5,325,25,300,9,0,9,84,3,70,4,7,
3175071007,DKI JAKARTA,JAKARTA TIMUR,DUREN SAWIT,PONDOK KOPI,125,0,1,1,123,0,0,0,1,0,1,96,6,90,5,0,5,32,0,27,5,0,
3174061003,DKI JAKARTA,JAKARTA SELATAN,CILANDAK,PONDOK LABU,144,2,2,1,139,2,0,2,71,0,71,405,10,395,34,0,34,40,2,37,1,0,
3174051002,DKI JAKARTA,JAKARTA SELATAN,KEBAYORAN LAMA,PONDOK PINANG,222,13,0,4,205,0,0,0,43,0,43,404,15,389,9,0,9,67,5,47,9,6,
3175101003,DKI JAKARTA,JAKARTA TIMUR,CIPAYUNG,PONDOK RANGGON,74,0,1,3,70,0,0,0,2,0,2,95,20,75,21,0,21,18,1,13,1,3,
3101011003,DKI JAKARTA,KAB.ADM.KEP.SERIBU,KEP. SERIBU UTARA,PULAU HARAPAN,59,0,0,0,59,0,0,0,0,0,0,56,2,54,0,0,0,1,0,0,0,1,
3101011002,DKI JAKARTA,KAB.ADM.KEP.SERIBU,KEP. SERIBU UTARA,PULAU KELAPA,43,0,0,1,42,0,0,0,0,0,0,137,0,137,1,0,1,1,0,1,0,0,
3101011001,DKI JAKARTA,KAB.ADM.KEP.SERIBU,KEP. SERIBU UTARA,PULAU PANGGANG,50,0,0,1,49,0,0,0,0,0,0,129,0,129,4,0,4,3,0,1,0,2,
3101021003,DKI JAKARTA,KAB.ADM.KEP.SERIBU,KEP. SERIBU SELATAN,PULAU PARI,6,0,0,0,6,0,0,0,0,0,0,155,0,155,1,0,1,3,0,0,0,3,
3101021002,DKI JAKARTA,KAB.ADM.KEP.SERIBU,KEP. SERIBU SELATAN,PULAU TIDUNG,29,0,0,0,29,0,0,0,0,0,0,327,0,327,1,0,1,27,0,22,0,5,
3101021001,DKI JAKARTA,KAB.ADM.KEP.SERIBU,KEP. SERIBU SELATAN,PULAU UNTUNG JAWA,15,0,0,0,15,0,0,0,0,0,0,95,0,95,0,0,0,2,0,0,0,2,
3174071007,DKI JAKARTA,JAKARTA SELATAN,KEBAYORAN BARU,PULO,25,0,0,1,24,0,0,0,1,0,1,86,1,85,0,0,0,8,0,8,0,0,
3175021001,DKI JAKARTA,JAKARTA TIMUR,PULO GADUNG,PULO GADUNG,102,7,2,2,91,0,0,0,8,0,8,296,37,259,16,0,16,41,0,27,3,11,
3175061005,DKI JAKARTA,JAKARTA TIMUR,CAKUNG,PULO GEBANG,122,3,5,2,112,0,0,0,4,0,4,389,54,335,45,0,45,64,4,51,3,6,
3174041004,DKI JAKARTA,JAKARTA SELATAN,PASAR MINGGU,RAGUNAN,181,8,3,2,168,1,0,1,1,0,1,243,114,129,8,0,8,14,0,9,2,3,
3175091005,DKI JAKARTA,JAKARTA TIMUR,CIRACAS,RAMBUTAN,89,2,1,1,85,1,0,1,9,8,1,378,135,243,25,0,25,34,1,22,0,11,
3172031006,DKI JAKARTA,JAKARTA UTARA,KOJA,RAWA BADAK SELATAN,227,10,3,2,212,0,0,0,2,0,2,221,23,198,37,0,37,55,4,44,3,4,
3172031004,DKI JAKARTA,JAKARTA UTARA,KOJA,RAWA BADAK UTARA,160,6,2,1,151,0,0,0,2,0,2,192,21,171,39,0,39,46,4,33,2,7,
3174071005,DKI JAKARTA,JAKARTA SELATAN,KEBAYORAN BARU,RAWA BARAT,26,0,0,2,24,0,0,0,0,0,0,54,2,52,0,0,0,7,0,6,1,0,
3173011003,DKI JAKARTA,JAKARTA BARAT,CENGKARENG,RAWA BUAYA,66,3,3,2,58,0,0,0,3,0,3,196,20,176,2,0,2,45,3,29,1,12,
3175031004,DKI JAKARTA,JAKARTA TIMUR,JATINEGARA,RAWA BUNGA,19,1,1,1,16,0,0,0,0,0,0,37,4,33,2,0,2,17,5,11,0,1,
3174081003,DKI JAKARTA,JAKARTA SELATAN,PANCORAN,RAWA JATI,95,5,0,0,90,0,0,0,10,0,10,216,17,199,4,0,4,12,2,8,0,2,
3175061002,DKI JAKARTA,JAKARTA TIMUR,CAKUNG,RAWA TERATE,25,0,1,0,24,0,0,0,2,0,2,124,8,116,0,0,0,10,0,6,0,4,
3175021005,DKI JAKARTA,JAKARTA TIMUR,PULO GADUNG,RAWAMANGUN,90,3,1,0,86,0,0,0,2,0,2,309,33,276,17,0,17,43,4,31,1,7,
3171051003,DKI JAKARTA,JAKARTA PUSAT,CEMPAKA PUTIH,RAWASARI,262,12,7,2,241,0,0,0,3,0,3,554,51,503,21,0,21,66,3,37,4,22,
3173041010,DKI JAKARTA,JAKARTA BARAT,TAMBORA,ROA MALAKA,9,0,2,0,7,0,0,0,0,0,0,15,1,14,0,0,0,2,0,0,0,2,
3172041006,DKI JAKARTA,JAKARTA UTARA,CILINCING,ROROTAN,85,4,3,2,76,0,0,0,1,0,1,195,39,156,57,0,57,27,4,19,1,3,
3174071004,DKI JAKARTA,JAKARTA SELATAN,KEBAYORAN BARU,SELONG,12,0,2,0,10,0,0,0,2,0,2,57,1,56,0,0,0,8,1,7,0,0,
3173061002,DKI JAKARTA,JAKARTA BARAT,KALI DERES,SEMANAN,145,2,10,3,130,0,0,0,2,1,1,424,40,384,6,0,6,30,2,19,1,8,
3172041007,DKI JAKARTA,JAKARTA UTARA,CILINCING,SEMPER BARAT,219,6,7,1,205,0,0,0,10,0,10,476,101,375,71,0,71,114,12,78,2,22,
3172041005,DKI JAKARTA,JAKARTA UTARA,CILINCING,SEMPER TIMUR,123,8,4,1,110,0,0,0,2,1,1,201,24,177,30,0,30,44,6,29,2,7,
3174071006,DKI JAKARTA,JAKARTA SELATAN,KEBAYORAN BARU,SENAYAN,22,0,0,0,22,0,0,0,9,0,9,120,3,117,0,0,0,17,1,16,0,0,
3171041001,DKI JAKARTA,JAKARTA PUSAT,SENEN,SENEN,90,2,18,0,70,0,0,0,5,2,3,491,117,374,24,0,24,57,3,37,1,16,
3171031004,DKI JAKARTA,JAKARTA PUSAT,KEMAYORAN,SERDANG,156,1,7,2,146,0,0,0,2,0,2,199,21,178,18,0,18,46,1,33,2,10,
3174021001,DKI JAKARTA,JAKARTA SELATAN,SETIA BUDI,SETIA BUDI,29,0,1,0,28,0,0,0,3,0,3,89,4,85,6,0,6,5,1,4,0,0,
3175101005,DKI JAKARTA,JAKARTA TIMUR,CIPAYUNG,SETU,76,5,2,0,69,0,0,0,1,0,1,70,10,60,11,0,11,9,1,6,0,2,
3173071002,DKI JAKARTA,JAKARTA BARAT,PALMERAH,SLIPI,179,2,9,2,166,0,0,0,2,0,2,242,35,207,33,0,33,38,4,24,1,9,
3173081004,DKI JAKARTA,JAKARTA BARAT,KEMBANGAN,SRENGSENG,133,2,6,3,122,0,0,0,5,0,5,393,61,332,17,0,17,69,2,44,3,20,
3174091002,DKI JAKARTA,JAKARTA SELATAN,JAGAKARSA,SRENGSENG SAWAH,205,8,8,0,189,1,0,1,5,0,5,210,23,187,11,0,11,48,1,29,3,15,
3173051003,DKI JAKARTA,JAKARTA BARAT,KEBON JERUK,SUKABUMI SELATAN,103,5,0,4,94,0,0,0,1,0,1,223,18,205,23,0,23,53,4,43,1,5,
3173051002,DKI JAKARTA,JAKARTA BARAT,KEBON JERUK,SUKABUMI UTARA,94,1,0,3,90,0,0,0,18,0,18,244,25,219,39,0,39,51,2,37,4,8,
3172041002,DKI JAKARTA,JAKARTA UTARA,CILINCING,SUKAPURA,217,1,14,2,200,0,0,0,5,0,5,443,95,348,63,0,63,82,8,66,3,5,
3171031007,DKI JAKARTA,JAKARTA PUSAT,KEMAYORAN,SUMUR BATU,127,8,4,1,114,0,0,0,4,0,4,145,23,122,10,0,10,34,2,26,1,5,
3172021004,DKI JAKARTA,JAKARTA UTARA,TANJUNG PRIOK,SUNGAI BAMBU,84,1,6,0,77,0,0,0,6,2,4,222,47,175,28,0,28,23,1,15,3,4,
3172021006,DKI JAKARTA,JAKARTA UTARA,TANJUNG PRIOK,SUNTER AGUNG,351,7,9,1,334,0,0,0,17,0,17,936,71,865,54,0,54,196,4,173,11,8,
3172021002,DKI JAKARTA,JAKARTA UTARA,TANJUNG PRIOK,SUNTER JAYA,303,11,17,6,269,0,0,0,4,0,4,658,95,563,138,0,138,170,8,132,11,19,
3175091004,DKI JAKARTA,JAKARTA TIMUR,CIRACAS,SUSUKAN,61,2,6,1,52,0,0,0,7,1,6,580,19,561,67,0,67,34,4,24,1,5,
3173031001,DKI JAKARTA,JAKARTA BARAT,TAMAN SARI,TAMAN SARI,88,5,2,0,81,0,0,0,0,0,0,157,14,143,10,0,10,26,2,11,1,12,
3173041001,DKI JAKARTA,JAKARTA BARAT,TAMBORA,TAMBORA,69,0,6,3,60,0,0,0,0,0,0,181,9,172,1,0,1,8,1,4,0,3,
3173041004,DKI JAKARTA,JAKARTA BARAT,TAMBORA,TANAH SEREAL,135,8,3,2,122,0,0,0,4,0,4,108,18,90,2,0,2,48,2,30,5,11,
3171081004,DKI JAKARTA,JAKARTA PUSAT,JOHAR BARU,TANAH TINGGI,184,9,5,3,167,1,0,1,1,0,1,294,18,276,30,0,30,129,7,75,9,38,
3173031004,DKI JAKARTA,JAKARTA BARAT,TAMAN SARI,TANGKI,88,4,4,1,79,0,0,0,2,1,1,148,20,128,2,0,2,14,0,11,1,2,
3174091005,DKI JAKARTA,JAKARTA SELATAN,JAGAKARSA,TANJUNG BARAT,235,7,1,1,226,0,0,0,1,0,1,122,7,115,8,0,8,43,2,33,2,6,
3173021005,DKI JAKARTA,JAKARTA BARAT,GROGOL PETAMBURAN,TANJUNG DUREN SELATAN,120,12,2,1,105,0,0,0,18,0,18,251,45,206,16,0,16,86,10,48,5,23,
3173021002,DKI JAKARTA,JAKARTA BARAT,GROGOL PETAMBURAN,TANJUNG DUREN UTARA,94,4,1,0,89,0,0,0,20,0,20,209,15,194,15,0,15,34,6,19,1,8,
3172021001,DKI JAKARTA,JAKARTA UTARA,TANJUNG PRIOK,TANJUNG PRIOK,147,5,9,6,127,0,0,0,9,1,8,250,31,219,39,0,39,89,5,57,6,21,
3174011002,DKI JAKARTA,JAKARTA SELATAN,TEBET,TEBET BARAT,119,3,4,0,112,0,0,0,7,0,7,286,15,271,18,0,18,66,2,36,3,25,
3174011001,DKI JAKARTA,JAKARTA SELATAN,TEBET,TEBET TIMUR,74,5,3,2,64,0,0,0,5,0,5,250,17,233,26,0,26,32,5,18,3,6,
3173061003,DKI JAKARTA,JAKARTA BARAT,KALI DERES,TEGAL ALUR,270,4,33,6,227,0,0,0,2,1,1,401,45,356,8,0,8,40,7,23,1,9,
3174031004,DKI JAKARTA,JAKARTA SELATAN,MAMPANG PRAPATAN,TEGAL PARANG,114,9,3,3,99,0,0,0,3,1,2,347,40,307,1,0,1,27,2,20,1,4,
3173021003,DKI JAKARTA,JAKARTA BARAT,GROGOL PETAMBURAN,TOMANG,147,11,4,2,130,0,0,0,10,0,10,275,34,241,70,0,70,113,3,88,2,20,
3172031005,DKI JAKARTA,JAKARTA UTARA,KOJA,TUGU SELATAN,187,7,0,1,179,0,0,0,1,1,0,161,10,151,53,0,53,40,1,28,2,9,
3172031002,DKI JAKARTA,JAKARTA UTARA,KOJA,TUGU UTARA,378,16,1,0,361,0,0,0,4,1,3,330,33,297,62,0,62,69,4,47,5,13,
3175061006,DKI JAKARTA,JAKARTA TIMUR,CAKUNG,UJUNG MENTENG,38,0,0,2,36,0,0,0,0,0,0,145,11,134,11,0,11,16,2,8,2,4,
3174101005,DKI JAKARTA,JAKARTA SELATAN,PESANGGRAHAN,ULUJAMI,229,3,40,2,184,0,0,0,0,0,0,617,209,408,24,0,24,67,1,28,3,35,
3175011006,DKI JAKARTA,JAKARTA TIMUR,MATRAMAN,UTAN KAYU SELATAN,191,7,0,8,176,0,0,0,1,0,1,297,17,280,76,0,76,75,1,54,4,16,
3175011002,DKI JAKARTA,JAKARTA TIMUR,MATRAMAN,UTAN KAYU UTARA,120,2,2,0,116,1,0,1,0,0,0,185,6,179,35,0,35,33,1,22,2,8,
3171031008,DKI JAKARTA,JAKARTA PUSAT,KEMAYORAN,UTAN PANJANG,153,6,11,2,134,0,0,0,2,0,2,145,29,116,17,0,17,38,5,24,2,7,
3172021007,DKI JAKARTA,JAKARTA UTARA,TANJUNG PRIOK,WARAKAS,114,2,5,2,105,0,0,0,7,3,4,260,28,232,40,0,40,66,6,48,2,10,
3173021007,DKI JAKARTA,JAKARTA BARAT,GROGOL PETAMBURAN,WIJAYA KUSUMA,168,2,40,2,124,0,0,0,4,3,1,453,182,271,11,0,11,72,10,19,2,41,
