id_kel,nama_provinsi,nama_kota,nama_kecamatan,nama_kelurahan,suspek,perawatan_rs,isolasi_di_rumah,suspek_meninggal,selesai_isolasi,probable,perawatan_rs,isolasi_di_rumah,probable_meninggal,selesai_isolasi,pelaku_perjalanan,perawatan_rs,isolasi_di_rumah,selesai_isolasi,kontak_erat,isolasi_di_rumah,selesai_isolasi,discarded,meninggal,selesai_isolasi,positif,dirawat,sembuh,meninggal,self_isolation,keterangan
3172051003,DKI JAKARTA,JAKARTA UTARA,PADEMANGAN,ANCOL,385,1,16,0,368,4,0,0,0,4,9,0,0,9,556,22,534,7,0,7,223,1,186,3,33,
3173041007,DKI JAKARTA,JAKARTA BARAT,TAMBORA,ANGKE,360,3,22,2,333,1,0,0,1,0,0,0,0,0,444,16,428,25,0,25,135,8,112,2,13,
3175041005,DKI JAKARTA,JAKARTA TIMUR,KRAMAT JATI,BALE KAMBANG,231,5,21,1,204,1,0,0,0,1,5,0,0,5,436,30,406,23,0,23,123,4,100,3,16,
3175031003,DKI JAKARTA,JAKARTA TIMUR,JATINEGARA,BALI MESTER,84,0,1,1,82,0,0,0,0,0,0,0,0,0,101,11,90,4,0,4,31,1,23,1,6,
3175101006,DKI JAKARTA,JAKARTA TIMUR,CIPAYUNG,BAMBU APUS,299,8,28,1,262,0,0,0,0,0,4,0,1,3,470,56,414,17,0,17,125,3,98,2,22,
3174031002,DKI JAKARTA,JAKARTA SELATAN,MAMPANG PRAPATAN,BANGKA,206,5,18,2,181,4,0,0,1,3,18,0,0,18,577,38,539,8,0,8,128,2,108,2,16,
3175051002,DKI JAKARTA,JAKARTA TIMUR,PASAR REBO,BARU,279,3,41,1,234,0,0,0,0,0,4,0,0,4,350,34,316,17,0,17,132,3,87,0,42,
3175041004,DKI JAKARTA,JAKARTA TIMUR,KRAMAT JATI,BATU AMPAR,362,3,20,1,338,2,0,0,0,2,3,0,1,2,758,47,711,25,0,25,170,11,130,4,25,
3171071002,DKI JAKARTA,JAKARTA PUSAT,TANAH ABANG,BENDUNGAN HILIR,341,0,12,0,329,0,0,0,0,0,4,0,0,4,481,53,428,9,0,9,210,18,147,3,42,
3175031002,DKI JAKARTA,JAKARTA TIMUR,JATINEGARA,BIDARA CINA,297,3,36,3,255,0,0,0,0,0,5,0,1,4,350,49,301,31,0,31,226,4,184,9,29,
3174101002,DKI JAKARTA,JAKARTA SELATAN,PESANGGRAHAN,BINTARO,599,12,39,2,546,4,0,0,0,4,9,0,0,9,1234,103,1131,24,0,24,243,10,178,8,47,
3174011005,DKI JAKARTA,JAKARTA SELATAN,TEBET,BUKIT DURI,314,9,34,3,268,1,0,0,0,1,13,0,0,13,484,47,437,13,0,13,174,2,125,7,40,
3171041006,DKI JAKARTA,JAKARTA PUSAT,SENEN,BUNGUR,194,1,8,2,183,1,0,0,0,1,13,0,0,13,460,17,443,12,0,12,150,4,131,2,13,
3175061007,DKI JAKARTA,JAKARTA TIMUR,CAKUNG,CAKUNG BARAT,260,9,39,1,211,1,0,0,0,1,0,0,0,0,612,75,537,40,0,40,203,4,155,3,41,
3175061004,DKI JAKARTA,JAKARTA TIMUR,CAKUNG,CAKUNG TIMUR,319,17,26,2,274,2,0,0,1,1,5,0,0,5,669,86,583,35,0,35,205,10,164,2,29,
3175041007,DKI JAKARTA,JAKARTA TIMUR,KRAMAT JATI,CAWANG,249,8,19,0,222,1,0,0,0,1,5,0,0,5,621,116,505,15,0,15,191,10,137,4,40,
3175101008,DKI JAKARTA,JAKARTA TIMUR,CIPAYUNG,CEGER,197,8,18,0,171,0,0,0,0,0,1,0,1,0,292,52,240,8,0,8,91,5,61,2,23,
3171031006,DKI JAKARTA,JAKARTA PUSAT,KEMAYORAN,CEMPAKA BARU,513,7,41,2,463,1,0,0,0,1,7,0,0,7,763,105,658,33,0,33,310,12,237,13,48,
3171051002,DKI JAKARTA,JAKARTA PUSAT,CEMPAKA PUTIH,CEMPAKA PUTIH BARAT,774,7,18,2,747,2,0,0,0,2,14,0,2,12,1730,115,1615,48,0,48,601,20,500,10,71,
3171051001,DKI JAKARTA,JAKARTA PUSAT,CEMPAKA PUTIH,CEMPAKA PUTIH TIMUR,531,12,14,1,504,0,0,0,0,0,10,0,0,10,1231,66,1165,54,0,54,314,18,269,5,22,
3173011001,DKI JAKARTA,JAKARTA BARAT,CENGKARENG,CENGKARENG BARAT,496,11,68,1,416,0,0,0,0,0,6,0,0,6,1063,61,1002,12,0,12,292,8,237,4,43,
3173011006,DKI JAKARTA,JAKARTA BARAT,CENGKARENG,CENGKARENG TIMUR,671,7,67,7,590,1,0,0,0,1,4,0,0,4,1390,79,1311,17,0,17,489,16,381,13,79,
3175091002,DKI JAKARTA,JAKARTA TIMUR,CIRACAS,CIBUBUR,719,10,88,4,617,1,0,0,0,1,30,0,0,30,1653,53,1600,88,0,88,249,8,192,6,43,
3171011002,DKI JAKARTA,JAKARTA PUSAT,GAMBIR,CIDENG,244,3,15,2,224,0,0,0,0,0,10,0,2,8,512,54,458,13,0,13,169,4,144,6,15,
3174091003,DKI JAKARTA,JAKARTA SELATAN,JAGAKARSA,CIGANJUR,561,9,29,1,522,2,0,0,0,2,12,0,0,12,512,74,438,12,0,12,143,3,115,4,21,
3175051003,DKI JAKARTA,JAKARTA TIMUR,PASAR REBO,CIJANTUNG,593,7,89,3,494,0,0,0,0,0,2,0,0,2,458,36,422,9,0,9,203,4,156,7,36,
3171061003,DKI JAKARTA,JAKARTA PUSAT,MENTENG,CIKINI,128,5,8,0,115,0,0,0,0,0,0,0,0,0,179,10,169,11,0,11,41,3,32,2,4,
3174081006,DKI JAKARTA,JAKARTA SELATAN,PANCORAN,CIKOKO,155,4,4,0,147,1,0,0,0,1,10,0,0,10,249,19,230,0,0,0,52,1,47,1,3,
3174061001,DKI JAKARTA,JAKARTA SELATAN,CILANDAK,CILANDAK BARAT,715,14,64,5,632,1,0,0,0,1,97,0,1,96,1204,180,1024,37,0,37,263,9,198,7,49,
3174041003,DKI JAKARTA,JAKARTA SELATAN,PASAR MINGGU,CILANDAK TIMUR,371,9,39,1,322,4,0,0,0,4,17,0,0,17,363,42,321,86,0,86,216,2,195,7,12,
3175101002,DKI JAKARTA,JAKARTA TIMUR,CIPAYUNG,CILANGKAP,276,8,23,1,244,1,0,0,0,1,2,0,0,2,487,67,420,20,0,20,138,7,104,0,27,
3175041006,DKI JAKARTA,JAKARTA TIMUR,KRAMAT JATI,CILILITAN,261,9,21,1,230,0,0,0,0,0,6,0,1,5,651,57,594,45,0,45,203,7,156,3,37,
3172041001,DKI JAKARTA,JAKARTA UTARA,CILINCING,CILINCING,464,7,41,1,415,0,0,0,0,0,6,0,0,6,1066,37,1029,79,0,79,322,8,291,7,16,
3175101001,DKI JAKARTA,JAKARTA TIMUR,CIPAYUNG,CIPAYUNG,400,3,47,2,348,3,0,0,1,2,6,0,0,6,520,99,421,24,0,24,170,6,139,2,23,
3174091006,DKI JAKARTA,JAKARTA SELATAN,JAGAKARSA,CIPEDAK,477,7,22,0,448,2,0,0,0,2,1,0,0,1,607,227,380,6,0,6,218,1,102,2,113,
3174061005,DKI JAKARTA,JAKARTA SELATAN,CILANDAK,CIPETE SELATAN,216,7,19,1,189,2,0,0,0,2,45,0,0,45,415,84,331,6,0,6,97,8,59,7,23,
3174071010,DKI JAKARTA,JAKARTA SELATAN,KEBAYORAN BARU,CIPETE UTARA,453,6,55,3,389,0,0,0,0,0,9,0,0,9,455,86,369,5,0,5,109,1,84,3,21,
3175021003,DKI JAKARTA,JAKARTA TIMUR,PULO GADUNG,CIPINANG,255,7,17,2,229,1,0,0,0,1,3,0,0,3,765,67,698,37,0,37,265,12,216,9,28,
3175031007,DKI JAKARTA,JAKARTA TIMUR,JATINEGARA,CIPINANG BESAR SELATAN,204,4,16,2,182,2,0,0,0,2,1,0,0,1,386,49,337,15,0,15,136,2,107,2,25,
3175031008,DKI JAKARTA,JAKARTA TIMUR,JATINEGARA,CIPINANG BESAR UTARA,320,4,19,0,297,1,0,0,0,1,3,0,0,3,531,61,470,16,0,16,231,6,198,5,22,
3175031005,DKI JAKARTA,JAKARTA TIMUR,JATINEGARA,CIPINANG CEMPEDAK,214,5,18,2,189,0,0,0,0,0,2,0,0,2,374,46,328,15,0,15,126,0,91,3,32,
3175081005,DKI JAKARTA,JAKARTA TIMUR,MAKASAR,CIPINANG MELAYU,306,12,33,2,259,2,0,0,0,2,3,0,0,3,615,50,565,19,0,19,217,6,175,5,31,
3175031006,DKI JAKARTA,JAKARTA TIMUR,JATINEGARA,CIPINANG MUARA,338,8,30,1,299,5,0,0,0,5,6,0,0,6,691,69,622,25,0,25,243,11,196,4,32,
3174051003,DKI JAKARTA,JAKARTA SELATAN,KEBAYORAN LAMA,CIPULIR,264,3,24,4,233,6,0,0,0,6,6,0,0,6,473,18,455,8,0,8,169,7,133,4,25,
3175091001,DKI JAKARTA,JAKARTA TIMUR,CIRACAS,CIRACAS,712,14,76,9,613,3,0,0,0,3,22,0,0,22,1357,62,1295,44,0,44,349,12,269,10,58,
3175041003,DKI JAKARTA,JAKARTA TIMUR,KRAMAT JATI,DUKUH,217,8,24,1,184,0,0,0,0,0,1,0,0,1,543,92,451,13,0,13,112,2,92,2,16,
3175071001,DKI JAKARTA,JAKARTA TIMUR,DUREN SAWIT,DUREN SAWIT,762,7,37,3,715,15,0,0,0,15,2,0,0,2,901,83,818,29,0,29,456,10,381,12,53,
3174081004,DKI JAKARTA,JAKARTA SELATAN,PANCORAN,DUREN TIGA,332,5,25,0,302,2,0,0,0,2,6,0,2,4,512,50,462,3,0,3,144,6,105,0,33,
3173051005,DKI JAKARTA,JAKARTA BARAT,KEBON JERUK,DURI KEPA,405,7,17,2,379,3,0,0,0,3,12,0,0,12,1073,75,998,70,0,70,326,15,254,9,48,
3173011002,DKI JAKARTA,JAKARTA BARAT,CENGKARENG,DURI KOSAMBI,462,5,50,3,404,0,0,0,0,0,4,0,0,4,846,55,791,11,0,11,288,19,212,4,53,
3171011006,DKI JAKARTA,JAKARTA PUSAT,GAMBIR,DURI PULO,155,3,15,3,134,0,0,0,0,0,1,0,1,0,344,36,308,7,0,7,143,2,126,5,10,
3173041011,DKI JAKARTA,JAKARTA BARAT,TAMBORA,DURI SELATAN,126,0,16,1,109,0,0,0,0,0,2,0,0,2,133,7,126,4,0,4,62,0,52,3,7,
3173041003,DKI JAKARTA,JAKARTA BARAT,TAMBORA,DURI UTARA,168,0,21,2,145,1,0,0,0,1,2,0,0,2,198,10,188,3,0,3,112,2,88,4,18,
3171081003,DKI JAKARTA,JAKARTA PUSAT,JOHAR BARU,GALUR,188,2,10,0,176,3,1,0,0,2,3,0,0,3,438,40,398,45,0,45,202,1,181,9,11,
3171011001,DKI JAKARTA,JAKARTA PUSAT,GAMBIR,GAMBIR,77,3,4,0,70,1,0,0,0,1,17,0,0,17,284,16,268,6,0,6,158,0,145,0,13,
3174061004,DKI JAKARTA,JAKARTA SELATAN,CILANDAK,GANDARIA SELATAN,163,4,7,0,152,2,0,0,0,2,20,0,0,20,584,50,534,2,0,2,124,2,91,3,28,
3174071009,DKI JAKARTA,JAKARTA SELATAN,KEBAYORAN BARU,GANDARIA UTARA,469,8,79,2,380,0,0,0,0,0,3,0,0,3,527,53,474,5,0,5,167,6,119,3,39,
3175051001,DKI JAKARTA,JAKARTA TIMUR,PASAR REBO,GEDONG,624,6,40,0,578,0,0,0,0,0,4,0,0,4,331,45,286,24,0,24,180,5,141,2,32,
3171071001,DKI JAKARTA,JAKARTA PUSAT,TANAH ABANG,GELORA,53,1,2,1,49,0,0,0,0,0,5,0,0,5,149,26,123,0,0,0,115,2,90,2,21,
3173031007,DKI JAKARTA,JAKARTA BARAT,TAMAN SARI,GLODOK,99,0,16,0,83,0,0,0,0,0,1,0,0,1,158,38,120,0,0,0,30,1,18,1,10,
3171061004,DKI JAKARTA,JAKARTA PUSAT,MENTENG,GONDANGDIA,51,1,2,1,47,0,0,0,0,0,7,0,1,6,117,7,110,7,0,7,53,1,45,3,4,
3173021001,DKI JAKARTA,JAKARTA BARAT,GROGOL PETAMBURAN,GROGOL,377,6,33,4,334,1,0,0,0,1,43,0,3,40,766,78,688,36,0,36,188,9,137,1,41,
3174051005,DKI JAKARTA,JAKARTA SELATAN,KEBAYORAN LAMA,GROGOL SELATAN,295,4,30,5,256,0,0,0,0,0,12,0,0,12,545,35,510,11,0,11,191,6,144,7,34,
3174051004,DKI JAKARTA,JAKARTA SELATAN,KEBAYORAN LAMA,GROGOL UTARA,319,4,19,4,292,0,0,0,0,0,24,0,0,24,537,33,504,16,0,16,248,9,194,8,37,
3174021007,DKI JAKARTA,JAKARTA SELATAN,SETIA BUDI,GUNTUR,50,2,1,0,47,0,0,0,0,0,1,0,0,1,176,24,152,1,0,1,31,0,24,0,7,
3174071002,DKI JAKARTA,JAKARTA SELATAN,KEBAYORAN BARU,GUNUNG,221,0,21,3,197,0,0,0,0,0,7,0,0,7,315,23,292,0,0,0,68,3,55,2,8,
3171031005,DKI JAKARTA,JAKARTA PUSAT,KEMAYORAN,GUNUNG SAHARI SELATAN,249,2,9,1,237,0,0,0,0,0,4,0,2,2,409,43,366,1,0,1,136,3,106,5,22,
3171021004,DKI JAKARTA,JAKARTA PUSAT,SAWAH BESAR,GUNUNG SAHARI UTARA,248,2,8,1,237,0,0,0,0,0,6,0,0,6,467,29,438,8,0,8,152,4,129,9,10,
3175081004,DKI JAKARTA,JAKARTA TIMUR,MAKASAR,HALIM PERDANA KUSUMAH,210,5,33,2,170,0,0,0,0,0,5,0,0,5,463,48,415,9,0,9,335,3,254,4,74,
3171031003,DKI JAKARTA,JAKARTA PUSAT,KEMAYORAN,HARAPAN MULIA,307,2,22,3,280,0,0,0,0,0,6,0,0,6,473,63,410,30,0,30,220,2,167,8,43,
3174091001,DKI JAKARTA,JAKARTA SELATAN,JAGAKARSA,JAGAKARSA,769,5,48,2,714,8,0,0,0,8,8,0,0,8,938,154,784,18,0,18,324,12,248,5,59,
3175021007,DKI JAKARTA,JAKARTA TIMUR,PULO GADUNG,JATI,311,5,14,1,291,0,0,0,0,0,7,0,0,7,817,76,741,33,0,33,220,3,192,1,24,
3174041002,DKI JAKARTA,JAKARTA SELATAN,PASAR MINGGU,JATI PADANG,417,8,66,2,341,0,0,0,0,0,3,0,0,3,533,58,475,67,0,67,159,4,105,5,45,
3173071004,DKI JAKARTA,JAKARTA BARAT,PALMERAH,JATI PULO,440,0,42,4,394,1,0,0,0,1,3,0,0,3,670,54,616,62,0,62,258,5,205,6,42,
3175061001,DKI JAKARTA,JAKARTA TIMUR,CAKUNG,JATINEGARA,535,5,121,3,406,1,0,0,0,1,3,0,0,3,1143,167,976,42,0,42,396,19,284,6,87,
3175021004,DKI JAKARTA,JAKARTA TIMUR,PULO GADUNG,JATINEGARA KAUM,103,2,4,0,97,1,0,0,1,0,3,0,0,3,304,55,249,11,0,11,78,2,50,3,23,
3173021004,DKI JAKARTA,JAKARTA BARAT,GROGOL PETAMBURAN,JELAMBAR,337,2,17,5,313,2,0,0,0,2,25,0,1,24,659,51,608,12,0,12,187,13,130,6,38,
3173021006,DKI JAKARTA,JAKARTA BARAT,GROGOL PETAMBURAN,JELAMBAR BARU,319,1,18,2,298,2,0,0,0,2,4,0,0,4,550,60,490,18,0,18,127,2,92,4,29,
3173041006,DKI JAKARTA,JAKARTA BARAT,TAMBORA,JEMBATAN BESI,517,5,31,1,480,0,0,0,0,0,5,0,0,5,446,14,432,7,0,7,206,2,176,7,21,
3173041008,DKI JAKARTA,JAKARTA BARAT,TAMBORA,JEMBATAN LIMA,177,3,22,0,152,0,0,0,0,0,1,0,0,1,190,13,177,3,0,3,98,12,71,4,11,
3173081005,DKI JAKARTA,JAKARTA BARAT,KEMBANGAN,JOGLO,350,5,74,4,267,0,0,0,0,0,5,0,1,4,636,122,514,14,0,14,187,5,150,2,30,
3171081001,DKI JAKARTA,JAKARTA PUSAT,JOHAR BARU,JOHAR BARU,573,7,23,3,540,3,1,0,0,2,5,0,0,5,1572,111,1461,95,0,95,435,7,369,15,44,
3173041002,DKI JAKARTA,JAKARTA BARAT,TAMBORA,KALI ANYAR,340,7,25,0,308,1,0,0,0,1,3,0,0,3,334,11,323,14,0,14,162,1,140,5,16,
3172041004,DKI JAKARTA,JAKARTA UTARA,CILINCING,KALI BARU,401,10,30,5,356,0,0,0,0,0,4,0,0,4,606,22,584,41,0,41,290,0,247,7,36,
3174081002,DKI JAKARTA,JAKARTA SELATAN,PANCORAN,KALIBATA,461,9,38,4,410,7,0,0,0,7,11,0,0,11,715,63,652,12,0,12,244,3,212,5,24,
3173061001,DKI JAKARTA,JAKARTA BARAT,KALI DERES,KALIDERES,900,23,67,4,806,1,0,0,0,1,5,0,0,5,1963,148,1815,30,0,30,318,13,250,5,50,
3175051004,DKI JAKARTA,JAKARTA TIMUR,PASAR REBO,KALISARI,871,12,149,0,710,0,0,0,0,0,3,0,0,3,419,36,383,10,0,10,192,7,144,4,37,
3173061004,DKI JAKARTA,JAKARTA BARAT,KALI DERES,KAMAL,292,4,23,3,262,0,0,0,0,0,1,0,0,1,500,30,470,4,0,4,49,2,35,6,6,
3172011002,DKI JAKARTA,JAKARTA UTARA,PENJARINGAN,KAMAL MUARA,76,0,6,0,70,0,0,0,0,0,4,0,0,4,154,11,143,1,0,1,64,1,57,2,4,
3171071007,DKI JAKARTA,JAKARTA PUSAT,TANAH ABANG,KAMPUNG BALI,134,4,4,2,124,1,0,0,0,1,2,0,0,2,206,29,177,2,0,2,59,1,49,3,6,
3175031001,DKI JAKARTA,JAKARTA TIMUR,JATINEGARA,KAMPUNG MELAYU,172,4,2,5,161,2,0,0,0,2,5,0,0,5,231,43,188,4,0,4,177,4,140,3,30,
3171081002,DKI JAKARTA,JAKARTA PUSAT,JOHAR BARU,KAMPUNG RAWA,277,6,5,0,266,1,0,0,0,1,0,0,0,0,654,49,605,65,0,65,252,4,216,13,19,
3175041002,DKI JAKARTA,JAKARTA TIMUR,KRAMAT JATI,KAMPUNG TENGAH,463,12,35,1,415,1,0,0,0,1,9,0,0,9,996,78,918,49,0,49,240,5,206,11,18,
3173011005,DKI JAKARTA,JAKARTA BARAT,CENGKARENG,KAPUK,608,7,70,16,515,1,0,0,0,1,10,0,0,10,1241,104,1137,13,0,13,425,17,297,11,100,
3172011003,DKI JAKARTA,JAKARTA UTARA,PENJARINGAN,KAPUK MUARA,186,2,22,0,162,1,0,0,0,1,9,0,0,9,460,54,406,20,0,20,129,4,93,7,25,
3171021002,DKI JAKARTA,JAKARTA PUSAT,SAWAH BESAR,KARANG ANYAR,419,5,22,5,387,1,0,0,0,1,4,0,0,4,793,39,754,8,0,8,173,3,140,5,25,
3174021004,DKI JAKARTA,JAKARTA SELATAN,SETIA BUDI,KARET,116,3,11,0,102,0,0,0,0,0,11,0,1,10,355,37,318,4,0,4,102,2,57,0,43,
3174021003,DKI JAKARTA,JAKARTA SELATAN,SETIA BUDI,KARET KUNINGAN,193,6,15,1,171,0,0,0,0,0,21,0,0,21,324,29,295,4,0,4,136,18,66,2,50,
3174021002,DKI JAKARTA,JAKARTA SELATAN,SETIA BUDI,KARET SEMANGGI,49,0,0,1,48,0,0,0,0,0,3,0,0,3,75,5,70,2,0,2,24,0,19,2,3,
3171071003,DKI JAKARTA,JAKARTA PUSAT,TANAH ABANG,KARET TENGSIN,211,2,4,0,205,0,0,0,0,0,7,0,0,7,333,45,288,2,0,2,116,6,99,2,9,
3171021003,DKI JAKARTA,JAKARTA PUSAT,SAWAH BESAR,KARTINI,298,1,14,1,282,1,0,0,0,1,0,0,0,0,632,99,533,17,0,17,202,4,168,4,26,
3175011003,DKI JAKARTA,JAKARTA TIMUR,MATRAMAN,KAYU MANIS,315,6,25,0,284,3,0,0,0,3,1,0,0,1,613,38,575,28,0,28,165,5,128,4,28,
3175021006,DKI JAKARTA,JAKARTA TIMUR,PULO GADUNG,KAYU PUTIH,398,8,25,4,361,1,0,0,1,0,11,0,0,11,965,75,890,44,0,44,251,7,213,6,25,
3173031006,DKI JAKARTA,JAKARTA BARAT,TAMAN SARI,KEAGUNGAN,270,1,20,0,249,0,0,0,0,0,3,0,0,3,461,26,435,10,0,10,149,2,128,1,18,
3174041007,DKI JAKARTA,JAKARTA SELATAN,PASAR MINGGU,KEBAGUSAN,488,4,52,1,431,3,1,0,0,2,2,0,0,2,618,39,579,39,0,39,157,7,125,0,25,
3174051006,DKI JAKARTA,JAKARTA SELATAN,KEBAYORAN LAMA,KEBAYORAN LAMA SELATAN,433,8,31,0,394,4,0,0,0,4,2,0,0,2,707,28,679,14,0,14,234,12,174,5,43,
3174051001,DKI JAKARTA,JAKARTA SELATAN,KEBAYORAN LAMA,KEBAYORAN LAMA UTARA,311,6,19,1,285,1,0,0,0,1,15,0,0,15,441,29,412,4,0,4,152,12,115,4,21,
3174011004,DKI JAKARTA,JAKARTA SELATAN,TEBET,KEBON BARU,325,5,54,2,264,0,0,0,0,0,15,0,0,15,582,65,517,18,0,18,169,6,119,3,41,
3172021005,DKI JAKARTA,JAKARTA UTARA,TANJUNG PRIOK,KEBON BAWANG,602,17,59,1,525,0,0,0,0,0,15,0,0,15,1056,73,983,76,0,76,386,7,319,4,56,
3173051001,DKI JAKARTA,JAKARTA BARAT,KEBON JERUK,KEBON JERUK,567,9,59,6,493,2,0,0,0,2,13,0,0,13,1595,147,1448,58,0,58,536,15,298,14,209,
3171071006,DKI JAKARTA,JAKARTA PUSAT,TANAH ABANG,KEBON KACANG,404,3,6,1,394,1,0,0,0,1,0,0,0,0,405,26,379,6,0,6,268,5,241,11,11,
3171011005,DKI JAKARTA,JAKARTA PUSAT,GAMBIR,KEBON KELAPA,136,1,14,1,120,3,0,0,0,3,4,0,1,3,242,36,206,2,0,2,82,0,62,1,19,
3171031002,DKI JAKARTA,JAKARTA PUSAT,KEMAYORAN,KEBON KOSONG,322,5,16,5,296,0,0,0,0,0,8,0,0,8,392,36,356,30,0,30,218,5,177,7,29,
3175011005,DKI JAKARTA,JAKARTA TIMUR,MATRAMAN,KEBON MANGGIS,159,1,11,4,143,0,0,0,0,0,2,0,0,2,228,15,213,23,0,23,126,4,109,2,11,
3171071005,DKI JAKARTA,JAKARTA PUSAT,TANAH ABANG,KEBON MELATI,428,6,14,3,405,0,0,0,0,0,5,0,0,5,628,88,540,10,0,10,430,2,391,7,30,
3175081003,DKI JAKARTA,JAKARTA TIMUR,MAKASAR,KEBON PALA,289,7,66,1,215,1,0,0,0,1,5,0,1,4,834,62,772,15,0,15,253,5,215,4,29,
3171061005,DKI JAKARTA,JAKARTA PUSAT,MENTENG,KEBON SIRIH,140,0,8,2,130,0,0,0,0,0,2,0,0,2,276,13,263,14,0,14,125,1,112,2,10,
3173011004,DKI JAKARTA,JAKARTA BARAT,CENGKARENG,KEDAUNG KALI ANGKE,397,4,42,0,351,0,0,0,0,0,1,0,0,1,452,56,396,6,0,6,253,5,206,3,39,
3173051007,DKI JAKARTA,JAKARTA BARAT,KEBON JERUK,KEDOYA SELATAN,258,3,17,5,233,2,0,0,0,2,6,0,0,6,575,79,496,20,0,20,165,8,116,5,36,
3173051006,DKI JAKARTA,JAKARTA BARAT,KEBON JERUK,KEDOYA UTARA,291,5,44,2,240,1,0,0,0,1,15,0,0,15,744,91,653,20,0,20,228,5,171,4,48,
3173051004,DKI JAKARTA,JAKARTA BARAT,KEBON JERUK,KELAPA DUA,234,11,27,0,196,0,0,0,0,0,5,0,0,5,503,86,417,22,0,22,126,4,95,2,25,
3175091003,DKI JAKARTA,JAKARTA TIMUR,CIRACAS,KELAPA DUA WETAN,493,7,34,1,451,1,0,0,0,1,7,0,0,7,937,67,870,36,0,36,177,7,140,2,28,
3172061003,DKI JAKARTA,JAKARTA UTARA,KELAPA GADING,KELAPA GADING BARAT,762,10,31,3,718,2,0,0,0,2,47,0,1,46,1164,61,1103,109,0,109,331,11,292,5,23,
3172061001,DKI JAKARTA,JAKARTA UTARA,KELAPA GADING,KELAPA GADING TIMUR,641,15,31,2,593,1,0,0,0,1,22,0,1,21,1141,58,1083,75,0,75,236,3,166,9,58,
3173071005,DKI JAKARTA,JAKARTA BARAT,PALMERAH,KEMANGGISAN,514,9,47,6,452,0,0,0,0,0,8,0,0,8,809,71,738,50,0,50,262,13,187,8,54,
3171031001,DKI JAKARTA,JAKARTA PUSAT,KEMAYORAN,KEMAYORAN,334,4,24,3,303,0,0,0,0,0,1,0,1,0,500,34,466,20,0,20,294,6,227,10,51,
3173081006,DKI JAKARTA,JAKARTA BARAT,KEMBANGAN,KEMBANGAN SELATAN,217,3,29,1,184,0,0,0,0,0,6,0,0,6,503,44,459,52,0,52,158,7,125,4,22,
3173081001,DKI JAKARTA,JAKARTA BARAT,KEMBANGAN,KEMBANGAN UTARA,485,12,58,3,412,4,0,0,1,3,3,0,0,3,1372,111,1261,10,0,10,230,6,185,5,34,
3171041002,DKI JAKARTA,JAKARTA PUSAT,SENEN,KENARI,184,4,8,1,171,1,0,0,0,1,4,0,1,3,449,46,403,46,0,46,166,3,148,2,13,
3173041005,DKI JAKARTA,JAKARTA BARAT,TAMBORA,KERENDANG,245,4,28,2,211,1,0,0,0,1,0,0,0,0,188,23,165,3,0,3,121,0,95,7,19,
3175071003,DKI JAKARTA,JAKARTA TIMUR,DUREN SAWIT,KLENDER,573,7,38,2,526,3,0,0,0,3,4,0,0,4,838,84,754,27,0,27,326,4,252,10,60,
3172031001,DKI JAKARTA,JAKARTA UTARA,KOJA,KOJA,274,4,19,0,251,0,0,0,0,0,4,0,0,4,400,9,391,37,0,37,247,2,203,5,37,
3173071006,DKI JAKARTA,JAKARTA BARAT,PALMERAH,KOTA BAMBU SELATAN,428,8,26,5,389,0,0,0,0,0,1,0,0,1,775,44,731,71,0,71,222,2,192,5,23,
3173071003,DKI JAKARTA,JAKARTA BARAT,PALMERAH,KOTA BAMBU UTARA,354,2,25,11,316,0,0,0,0,0,3,0,0,3,523,28,495,54,0,54,207,3,185,6,13,
3171041004,DKI JAKARTA,JAKARTA PUSAT,SENEN,KRAMAT,362,12,13,6,331,0,0,0,0,0,7,0,0,7,838,42,796,33,0,33,241,2,209,10,20,
3175041001,DKI JAKARTA,JAKARTA TIMUR,KRAMAT JATI,KRAMAT JATI,333,4,35,1,293,0,0,0,0,0,10,0,0,10,750,141,609,22,0,22,277,14,190,6,67,
3174071003,DKI JAKARTA,JAKARTA SELATAN,KEBAYORAN BARU,KRAMAT PELA,211,3,65,0,143,0,0,0,0,0,0,0,0,0,483,29,454,6,0,6,124,4,100,0,20,
3173031002,DKI JAKARTA,JAKARTA BARAT,TAMAN SARI,KRUKUT,243,2,33,6,202,1,0,0,0,1,3,0,0,3,398,65,333,12,0,12,155,4,122,4,25,
3174031005,DKI JAKARTA,JAKARTA SELATAN,MAMPANG PRAPATAN,KUNINGAN BARAT,111,3,18,1,89,0,0,0,0,0,0,0,0,0,439,39,400,5,0,5,102,4,73,0,25,
3174021008,DKI JAKARTA,JAKARTA SELATAN,SETIA BUDI,KUNINGAN TIMUR,110,0,2,1,107,1,0,0,0,1,20,0,0,20,149,21,128,1,0,1,75,3,49,2,21,
3171041005,DKI JAKARTA,JAKARTA PUSAT,SENEN,KWITANG,216,1,15,0,200,2,0,0,0,2,6,0,0,6,408,21,387,10,0,10,108,1,95,5,7,
3172031003,DKI JAKARTA,JAKARTA UTARA,KOJA,LAGOA,538,11,20,1,506,0,0,0,0,0,5,0,0,5,625,38,587,62,0,62,547,4,489,10,44,
3174061002,DKI JAKARTA,JAKARTA SELATAN,CILANDAK,LEBAK BULUS,331,4,48,2,277,3,0,0,0,3,27,0,0,27,821,253,568,22,0,22,414,3,136,9,266,
3174091004,DKI JAKARTA,JAKARTA SELATAN,JAGAKARSA,LENTENG AGUNG,551,5,41,0,505,3,0,0,0,3,6,0,0,6,546,88,458,14,0,14,181,4,136,2,39,
LUAR DKI JAKARTA,LUAR DKI JAKARTA,LUAR DKI JAKARTA,LUAR DKI JAKARTA,LUAR DKI JAKARTA,28670,638,2871,98,25063,68,8,0,0,60,593,0,28,565,45025,7773,37252,1679,0,1679,6942,236,6068,114,524,
3175101007,DKI JAKARTA,JAKARTA TIMUR,CIPAYUNG,LUBANG BUAYA,644,30,100,3,511,1,0,0,0,1,7,0,0,7,646,62,584,29,0,29,283,19,202,2,60,
3175081001,DKI JAKARTA,JAKARTA TIMUR,MAKASAR,MAKASAR,271,8,56,1,206,0,0,0,0,0,8,0,0,8,971,81,890,23,0,23,224,8,180,0,36,
3175071006,DKI JAKARTA,JAKARTA TIMUR,DUREN SAWIT,MALAKA JAYA,300,10,17,2,271,1,0,0,0,1,2,0,0,2,503,36,467,14,0,14,184,0,159,1,24,
3175071005,DKI JAKARTA,JAKARTA TIMUR,DUREN SAWIT,MALAKA SARI,266,8,17,1,240,0,0,0,0,0,1,0,0,1,423,44,379,13,0,13,165,3,130,3,29,
3174031001,DKI JAKARTA,JAKARTA SELATAN,MAMPANG PRAPATAN,MAMPANG PRAPATAN,264,9,17,2,236,1,1,0,0,0,0,0,0,0,932,79,853,9,0,9,268,6,219,8,35,
3173031005,DKI JAKARTA,JAKARTA BARAT,TAMAN SARI,MANGGA BESAR,120,2,9,1,108,1,0,0,0,1,0,0,0,0,146,9,137,6,0,6,51,0,45,1,5,
3171021005,DKI JAKARTA,JAKARTA PUSAT,SAWAH BESAR,MANGGA DUA SELATAN,357,5,22,1,329,3,0,0,0,3,1,0,0,1,732,53,679,9,0,9,190,3,160,3,24,
3174011007,DKI JAKARTA,JAKARTA SELATAN,TEBET,MANGGARAI,345,8,26,0,311,4,0,0,0,4,4,0,0,4,471,36,435,22,0,22,177,2,135,1,39,
3174011006,DKI JAKARTA,JAKARTA SELATAN,TEBET,MANGGARAI SELATAN,232,9,36,2,185,0,0,0,0,0,6,0,0,6,425,26,399,21,0,21,97,5,73,2,17,
3173031003,DKI JAKARTA,JAKARTA BARAT,TAMAN SARI,MAPHAR,194,2,17,1,174,0,0,0,0,0,6,0,0,6,339,27,312,38,0,38,179,1,164,1,13,
3172041003,DKI JAKARTA,JAKARTA UTARA,CILINCING,MARUNDA,237,4,14,0,219,3,1,0,0,2,0,0,0,0,331,15,316,13,0,13,93,0,88,1,4,
3174071001,DKI JAKARTA,JAKARTA SELATAN,KEBAYORAN BARU,MELAWAI,48,0,2,0,46,0,0,0,0,0,1,0,0,1,67,11,56,0,0,0,15,0,11,1,3,
3171061001,DKI JAKARTA,JAKARTA PUSAT,MENTENG,MENTENG,351,3,27,2,319,2,0,0,0,2,2,0,1,1,668,52,616,26,0,26,252,8,203,9,32,
3174021005,DKI JAKARTA,JAKARTA SELATAN,SETIA BUDI,MENTENG ATAS,307,7,21,3,276,1,0,0,0,1,47,0,1,46,1184,126,1058,37,0,37,221,3,163,3,52,
3174011003,DKI JAKARTA,JAKARTA SELATAN,TEBET,MENTENG DALAM,506,4,32,4,466,3,0,0,0,3,13,0,0,13,670,38,632,39,0,39,183,1,147,6,29,
3173081003,DKI JAKARTA,JAKARTA BARAT,KEMBANGAN,MERUYA SELATAN,305,7,38,1,259,0,0,0,0,0,2,0,0,2,674,103,571,17,0,17,173,3,119,3,48,
3173081002,DKI JAKARTA,JAKARTA BARAT,KEMBANGAN,MERUYA UTARA,444,2,63,6,373,1,0,0,1,0,7,0,0,7,836,88,748,10,0,10,198,5,156,2,35,
3175101004,DKI JAKARTA,JAKARTA TIMUR,CIPAYUNG,MUNJUL,232,7,23,0,202,0,0,0,0,0,3,0,1,2,274,25,249,24,0,24,86,3,64,1,18,
3172051002,DKI JAKARTA,JAKARTA UTARA,PADEMANGAN,PADEMANGAN BARAT,1677,9,61,5,1602,5,1,0,0,4,14,0,1,13,2311,52,2259,34,0,34,646,9,588,20,29,
3172051001,DKI JAKARTA,JAKARTA UTARA,PADEMANGAN,PADEMANGAN TIMUR,536,2,34,3,497,2,0,0,0,2,13,0,0,13,802,53,749,15,0,15,237,3,181,4,49,
3175011004,DKI JAKARTA,JAKARTA TIMUR,MATRAMAN,PAL MERIAM,224,7,15,2,200,2,0,0,0,2,2,0,0,2,571,57,514,58,0,58,174,4,145,6,19,
3173071001,DKI JAKARTA,JAKARTA BARAT,PALMERAH,PALMERAH,984,8,124,2,850,0,0,0,0,0,2,0,0,2,1612,185,1427,77,0,77,423,17,314,16,76,
3174081001,DKI JAKARTA,JAKARTA SELATAN,PANCORAN,PANCORAN,322,15,19,0,288,1,0,0,0,1,9,0,0,9,542,41,501,6,0,6,208,5,170,4,29,
3172021003,DKI JAKARTA,JAKARTA UTARA,TANJUNG PRIOK,PAPANGGO,384,6,43,0,335,1,0,0,0,1,6,0,0,6,744,52,692,55,0,55,248,2,195,2,49,
3171021001,DKI JAKARTA,JAKARTA PUSAT,SAWAH BESAR,PASAR BARU,214,0,12,2,200,1,0,0,0,1,5,0,0,5,430,28,402,9,0,9,148,2,134,1,11,
3174021006,DKI JAKARTA,JAKARTA SELATAN,SETIA BUDI,PASAR MANGGIS,210,3,10,3,194,3,0,0,0,3,27,0,0,27,867,95,772,17,0,17,189,6,138,8,37,
3174041001,DKI JAKARTA,JAKARTA SELATAN,PASAR MINGGU,PASAR MINGGU,362,6,41,1,314,2,0,0,0,2,5,0,0,5,519,84,435,20,0,20,198,2,141,4,51,
3171041003,DKI JAKARTA,JAKARTA PUSAT,SENEN,PASEBAN,470,6,30,1,433,2,0,0,0,2,12,0,0,12,823,102,721,60,0,60,257,4,209,7,37,
3173061005,DKI JAKARTA,JAKARTA BARAT,KALI DERES,PEGADUNGAN,631,3,63,7,558,0,0,0,0,0,10,0,0,10,1311,87,1224,17,0,17,220,12,169,5,34,
3171061002,DKI JAKARTA,JAKARTA PUSAT,MENTENG,PEGANGSAAN,336,5,23,2,306,1,0,0,0,1,2,0,2,0,823,41,782,51,0,51,342,9,294,4,35,
3172061002,DKI JAKARTA,JAKARTA UTARA,KELAPA GADING,PEGANGSAAN DUA,716,10,32,1,673,1,0,0,0,1,41,0,0,41,1514,75,1439,138,0,138,350,5,280,8,57,
3172011004,DKI JAKARTA,JAKARTA UTARA,PENJARINGAN,PEJAGALAN,470,10,54,2,404,3,0,0,0,3,8,0,1,7,824,75,749,28,0,28,236,7,182,5,42,
3174041006,DKI JAKARTA,JAKARTA SELATAN,PASAR MINGGU,PEJATEN BARAT,392,15,38,2,337,8,1,0,0,7,2,0,1,1,615,57,558,73,0,73,199,9,151,2,37,
3174041005,DKI JAKARTA,JAKARTA SELATAN,PASAR MINGGU,PEJATEN TIMUR,426,7,43,1,375,4,0,0,0,4,3,0,0,3,560,52,508,40,0,40,191,9,149,8,25,
3175051005,DKI JAKARTA,JAKARTA TIMUR,PASAR REBO,PEKAYON,730,5,75,1,649,0,0,0,0,0,3,0,0,3,297,33,264,11,0,11,167,8,124,2,33,
3173041009,DKI JAKARTA,JAKARTA BARAT,TAMBORA,PEKOJAN,263,2,18,2,241,0,0,0,0,0,2,0,0,2,229,15,214,17,0,17,105,4,92,3,6,
3174031003,DKI JAKARTA,JAKARTA SELATAN,MAMPANG PRAPATAN,PELA MAMPANG,320,6,39,2,273,4,0,0,0,4,14,0,0,14,1312,157,1155,6,0,6,255,2,195,5,53,
3174081005,DKI JAKARTA,JAKARTA SELATAN,PANCORAN,PENGADEGAN,171,1,14,2,154,0,0,0,0,0,8,0,0,8,357,23,334,10,0,10,91,4,78,0,9,
3175061003,DKI JAKARTA,JAKARTA TIMUR,CAKUNG,PENGGILINGAN,524,14,54,1,455,1,0,0,0,1,7,0,0,7,1411,167,1244,76,0,76,457,27,363,10,57,
3172011001,DKI JAKARTA,JAKARTA UTARA,PENJARINGAN,PENJARINGAN,958,38,96,4,820,1,0,0,0,1,23,0,1,22,2740,116,2624,119,0,119,548,12,431,15,90,
3174101001,DKI JAKARTA,JAKARTA SELATAN,PESANGGRAHAN,PESANGGRAHAN,387,4,23,4,356,2,0,0,1,1,0,0,0,0,758,76,682,19,0,19,135,3,104,3,25,
3171071004,DKI JAKARTA,JAKARTA PUSAT,TANAH ABANG,PETAMBURAN,523,12,12,7,492,0,0,0,0,0,7,0,0,7,590,91,499,9,0,9,404,16,347,11,30,
3174071008,DKI JAKARTA,JAKARTA SELATAN,KEBAYORAN BARU,PETOGOGAN,129,1,15,0,113,0,0,0,0,0,3,0,0,3,225,21,204,0,0,0,58,2,49,0,7,
3171011004,DKI JAKARTA,JAKARTA PUSAT,GAMBIR,PETOJO SELATAN,213,6,11,1,195,0,0,0,0,0,25,0,1,24,687,107,580,15,0,15,248,4,196,8,40,
3171011003,DKI JAKARTA,JAKARTA PUSAT,GAMBIR,PETOJO UTARA,175,1,13,3,158,1,0,0,0,1,11,0,0,11,353,43,310,25,0,25,133,4,103,3,23,
3174101004,DKI JAKARTA,JAKARTA SELATAN,PESANGGRAHAN,PETUKANGAN SELATAN,382,7,38,2,335,0,0,0,0,0,2,0,0,2,762,82,680,8,0,8,145,7,85,4,49,
3174101003,DKI JAKARTA,JAKARTA SELATAN,PESANGGRAHAN,PETUKANGAN UTARA,482,6,76,4,396,2,0,0,0,2,5,0,0,5,1499,137,1362,9,0,9,266,8,172,2,84,
3175081002,DKI JAKARTA,JAKARTA TIMUR,MAKASAR,PINANG RANTI,208,4,44,1,159,0,0,0,0,0,0,0,0,0,581,29,552,25,0,25,124,3,101,4,16,
3173031008,DKI JAKARTA,JAKARTA BARAT,TAMAN SARI,PINANGSIA,121,0,10,1,110,0,0,0,0,0,2,0,0,2,210,20,190,2,0,2,83,5,70,0,8,
3175011001,DKI JAKARTA,JAKARTA TIMUR,MATRAMAN,PISANGAN BARU,310,9,18,3,280,1,0,0,0,1,3,0,0,3,417,65,352,31,0,31,166,2,134,7,23,
3175021002,DKI JAKARTA,JAKARTA TIMUR,PULO GADUNG,PISANGAN TIMUR,295,4,19,4,268,1,0,0,0,1,10,0,0,10,601,62,539,29,0,29,182,7,142,5,28,
3172011005,DKI JAKARTA,JAKARTA UTARA,PENJARINGAN,PLUIT,333,4,36,4,289,0,0,0,0,0,12,0,0,12,1122,88,1034,17,0,17,193,13,146,8,26,
3175071002,DKI JAKARTA,JAKARTA TIMUR,DUREN SAWIT,PONDOK BAMBU,893,9,29,1,854,5,0,0,0,5,3,0,0,3,910,105,805,26,0,26,345,3,279,6,57,
3175071004,DKI JAKARTA,JAKARTA TIMUR,DUREN SAWIT,PONDOK KELAPA,612,17,46,0,549,0,0,0,0,0,11,0,0,11,1019,105,914,19,0,19,323,7,249,10,57,
3175071007,DKI JAKARTA,JAKARTA TIMUR,DUREN SAWIT,PONDOK KOPI,383,2,41,1,339,0,0,0,0,0,2,0,0,2,378,25,353,12,0,12,208,3,162,8,35,
3174061003,DKI JAKARTA,JAKARTA SELATAN,CILANDAK,PONDOK LABU,399,14,51,1,333,6,0,0,0,6,73,0,0,73,942,114,828,37,0,37,162,3,122,1,36,
3174051002,DKI JAKARTA,JAKARTA SELATAN,KEBAYORAN LAMA,PONDOK PINANG,487,3,34,4,446,0,0,0,0,0,44,0,0,44,756,81,675,11,0,11,251,12,182,9,48,
3175101003,DKI JAKARTA,JAKARTA TIMUR,CIPAYUNG,PONDOK RANGGON,234,4,20,3,207,0,0,0,0,0,3,0,0,3,309,65,244,21,0,21,145,4,96,1,44,
PROSES UPDATE DATA,PROSES UPDATE DATA,PROSES UPDATE DATA,PROSES UPDATE DATA,PROSES UPDATE DATA,12858,100,604,1696,10458,2864,0,0,2862,2,104,0,0,104,12026,2212,9814,68,1,67,20861,439,18397,445,1580,
3101011003,DKI JAKARTA,KAB.ADM.KEP.SERIBU,KEP. SERIBU UTARA,PULAU HARAPAN,61,0,1,0,60,0,0,0,0,0,0,0,0,0,64,2,62,0,0,0,4,0,4,0,0,
3101011002,DKI JAKARTA,KAB.ADM.KEP.SERIBU,KEP. SERIBU UTARA,PULAU KELAPA,60,0,1,1,58,0,0,0,0,0,3,0,0,3,155,9,146,1,0,1,7,0,6,0,1,
3101011001,DKI JAKARTA,KAB.ADM.KEP.SERIBU,KEP. SERIBU UTARA,PULAU PANGGANG,119,0,27,1,91,0,0,0,0,0,0,0,0,0,168,8,160,4,0,4,22,0,19,0,3,
3101021003,DKI JAKARTA,KAB.ADM.KEP.SERIBU,KEP. SERIBU SELATAN,PULAU PARI,6,0,0,0,6,0,0,0,0,0,0,0,0,0,171,3,168,1,0,1,5,0,4,0,1,
3101021002,DKI JAKARTA,KAB.ADM.KEP.SERIBU,KEP. SERIBU SELATAN,PULAU TIDUNG,36,0,0,0,36,1,0,0,1,0,0,0,0,0,369,15,354,1,0,1,36,0,33,0,3,
3101021001,DKI JAKARTA,KAB.ADM.KEP.SERIBU,KEP. SERIBU SELATAN,PULAU UNTUNG JAWA,25,0,1,0,24,0,0,0,0,0,0,0,0,0,108,6,102,0,0,0,4,0,4,0,0,
3174071007,DKI JAKARTA,JAKARTA SELATAN,KEBAYORAN BARU,PULO,254,3,71,1,179,1,0,0,0,1,1,0,0,1,195,39,156,0,0,0,49,0,39,0,10,
3175021001,DKI JAKARTA,JAKARTA TIMUR,PULO GADUNG,PULO GADUNG,344,2,30,2,310,0,0,0,0,0,10,0,0,10,774,76,698,30,0,30,233,9,183,5,36,
3175061005,DKI JAKARTA,JAKARTA TIMUR,CAKUNG,PULO GEBANG,471,14,62,2,393,1,0,0,0,1,8,0,2,6,1195,117,1078,59,0,59,313,11,252,7,43,
3174041004,DKI JAKARTA,JAKARTA SELATAN,PASAR MINGGU,RAGUNAN,532,16,73,2,441,1,0,0,0,1,2,0,0,2,625,79,546,24,0,24,171,9,130,5,27,
3175091005,DKI JAKARTA,JAKARTA TIMUR,CIRACAS,RAMBUTAN,383,6,40,1,336,2,0,0,0,2,12,0,0,12,650,33,617,29,0,29,137,10,100,1,26,
3172031006,DKI JAKARTA,JAKARTA UTARA,KOJA,RAWA BADAK SELATAN,433,2,18,2,411,2,0,0,0,2,2,0,0,2,519,36,483,47,0,47,282,0,264,4,14,
3172031004,DKI JAKARTA,JAKARTA UTARA,KOJA,RAWA BADAK UTARA,388,6,20,1,361,0,0,0,0,0,2,0,0,2,457,29,428,71,0,71,221,1,203,4,13,
3174071005,DKI JAKARTA,JAKARTA SELATAN,KEBAYORAN BARU,RAWA BARAT,79,1,6,2,70,0,0,0,0,0,1,0,0,1,140,11,129,0,0,0,22,1,13,1,7,
3173011003,DKI JAKARTA,JAKARTA BARAT,CENGKARENG,RAWA BUAYA,304,2,46,2,254,0,0,0,0,0,4,0,0,4,665,75,590,5,0,5,254,12,179,9,54,
3175031004,DKI JAKARTA,JAKARTA TIMUR,JATINEGARA,RAWA BUNGA,134,3,10,1,120,0,0,0,0,0,1,0,0,1,188,17,171,11,0,11,106,1,84,2,19,
3174081003,DKI JAKARTA,JAKARTA SELATAN,PANCORAN,RAWA JATI,251,2,19,0,230,2,0,0,0,2,11,0,0,11,430,27,403,7,0,7,83,5,63,0,15,
3175061002,DKI JAKARTA,JAKARTA TIMUR,CAKUNG,RAWA TERATE,116,4,26,0,86,0,0,0,0,0,2,0,0,2,309,51,258,5,0,5,120,3,92,1,24,
3175021005,DKI JAKARTA,JAKARTA TIMUR,PULO GADUNG,RAWAMANGUN,301,7,15,0,279,0,0,0,0,0,7,0,0,7,757,80,677,30,0,30,237,14,175,4,44,
3171051003,DKI JAKARTA,JAKARTA PUSAT,CEMPAKA PUTIH,RAWASARI,628,4,19,2,603,3,0,0,1,2,7,0,0,7,1179,110,1069,32,0,32,386,19,320,4,43,
3173041010,DKI JAKARTA,JAKARTA BARAT,TAMBORA,ROA MALAKA,31,0,2,0,29,1,0,0,0,1,0,0,0,0,37,1,36,1,0,1,14,1,13,0,0,
3172041006,DKI JAKARTA,JAKARTA UTARA,CILINCING,ROROTAN,320,6,23,2,289,0,0,0,0,0,4,0,0,4,567,27,540,71,0,71,137,5,123,2,7,
3174071004,DKI JAKARTA,JAKARTA SELATAN,KEBAYORAN BARU,SELONG,57,0,13,0,44,0,0,0,0,0,3,0,0,3,109,15,94,2,0,2,22,0,20,1,1,
3173061002,DKI JAKARTA,JAKARTA BARAT,KALI DERES,SEMANAN,424,9,73,3,339,0,0,0,0,0,3,0,1,2,901,66,835,7,0,7,140,4,98,1,37,
3172041007,DKI JAKARTA,JAKARTA UTARA,CILINCING,SEMPER BARAT,618,10,59,1,548,3,1,0,0,2,12,0,0,12,1070,62,1008,96,0,96,408,6,338,6,58,
3172041005,DKI JAKARTA,JAKARTA UTARA,CILINCING,SEMPER TIMUR,365,8,29,1,327,1,0,0,0,1,4,0,0,4,632,32,600,47,0,47,199,4,168,3,24,
3174071006,DKI JAKARTA,JAKARTA SELATAN,KEBAYORAN BARU,SENAYAN,206,1,164,0,41,0,0,0,0,0,9,0,0,9,308,109,199,0,0,0,106,1,55,0,50,
3171041001,DKI JAKARTA,JAKARTA PUSAT,SENEN,SENEN,173,4,10,0,159,1,0,0,0,1,7,0,0,7,646,43,603,26,0,26,144,3,127,2,12,
3171031004,DKI JAKARTA,JAKARTA PUSAT,KEMAYORAN,SERDANG,394,5,29,2,358,0,0,0,0,0,5,0,0,5,613,80,533,28,0,28,229,3,165,6,55,
3174021001,DKI JAKARTA,JAKARTA SELATAN,SETIA BUDI,SETIA BUDI,75,2,5,0,68,0,0,0,0,0,4,0,0,4,305,14,291,6,0,6,29,2,24,0,3,
3175101005,DKI JAKARTA,JAKARTA TIMUR,CIPAYUNG,SETU,227,4,8,0,215,1,0,0,0,1,2,0,0,2,287,39,248,14,0,14,93,2,76,1,14,
3173071002,DKI JAKARTA,JAKARTA BARAT,PALMERAH,SLIPI,470,4,39,2,425,0,0,0,0,0,2,0,0,2,888,95,793,40,0,40,265,19,192,3,51,
3173081004,DKI JAKARTA,JAKARTA BARAT,KEMBANGAN,SRENGSENG,444,4,99,3,338,1,0,0,0,1,6,0,1,5,1074,162,912,22,0,22,239,6,192,4,37,
3174091002,DKI JAKARTA,JAKARTA SELATAN,JAGAKARSA,SRENGSENG SAWAH,638,11,78,0,549,8,0,0,0,8,11,0,1,10,732,122,610,26,0,26,198,8,147,7,36,
3173051003,DKI JAKARTA,JAKARTA BARAT,KEBON JERUK,SUKABUMI SELATAN,246,4,7,4,231,1,0,0,0,1,1,0,0,1,583,79,504,24,0,24,158,4,118,4,32,
3173051002,DKI JAKARTA,JAKARTA BARAT,KEBON JERUK,SUKABUMI UTARA,255,3,22,3,227,0,0,0,0,0,19,0,0,19,614,93,521,44,0,44,179,7,120,7,45,
3172041002,DKI JAKARTA,JAKARTA UTARA,CILINCING,SUKAPURA,520,10,36,2,472,0,0,0,0,0,6,0,0,6,836,41,795,88,0,88,298,3,270,5,20,
3171031007,DKI JAKARTA,JAKARTA PUSAT,KEMAYORAN,SUMUR BATU,359,8,16,1,334,1,0,0,0,1,5,0,0,5,480,51,429,27,0,27,195,4,164,2,25,
3172021004,DKI JAKARTA,JAKARTA UTARA,TANJUNG PRIOK,SUNGAI BAMBU,297,6,44,0,247,0,0,0,0,0,6,0,0,6,561,51,510,34,0,34,137,2,113,4,18,
3172021006,DKI JAKARTA,JAKARTA UTARA,TANJUNG PRIOK,SUNTER AGUNG,842,6,83,1,752,3,0,0,0,3,20,0,1,19,1736,100,1636,70,0,70,496,14,406,15,61,
3172021002,DKI JAKARTA,JAKARTA UTARA,TANJUNG PRIOK,SUNTER JAYA,742,13,69,6,654,0,0,0,0,0,9,0,0,9,1419,127,1292,159,0,159,472,10,361,17,84,
3175091004,DKI JAKARTA,JAKARTA TIMUR,CIRACAS,SUSUKAN,407,4,53,1,349,0,0,0,0,0,16,0,0,16,1073,35,1038,69,0,69,135,4,97,6,28,
3173031001,DKI JAKARTA,JAKARTA BARAT,TAMAN SARI,TAMAN SARI,251,1,20,0,230,2,0,0,0,2,0,0,0,0,353,50,303,15,0,15,155,4,125,4,22,
3173041001,DKI JAKARTA,JAKARTA BARAT,TAMBORA,TAMBORA,178,1,11,3,163,0,0,0,0,0,1,0,0,1,266,8,258,2,0,2,71,3,56,3,9,
3173041004,DKI JAKARTA,JAKARTA BARAT,TAMBORA,TANAH SEREAL,267,7,14,2,244,1,0,0,0,1,4,0,0,4,237,12,225,5,0,5,145,8,118,6,13,
3171081004,DKI JAKARTA,JAKARTA PUSAT,JOHAR BARU,TANAH TINGGI,402,6,14,3,379,2,0,0,0,2,2,0,0,2,890,92,798,34,0,34,361,4,317,17,23,
3173031004,DKI JAKARTA,JAKARTA BARAT,TAMAN SARI,TANGKI,221,1,17,1,202,1,0,0,0,1,3,0,0,3,267,22,245,2,0,2,92,2,76,1,13,
3174091005,DKI JAKARTA,JAKARTA SELATAN,JAGAKARSA,TANJUNG BARAT,486,12,32,1,441,1,0,0,0,1,2,0,0,2,457,64,393,11,0,11,208,3,152,5,48,
3173021005,DKI JAKARTA,JAKARTA BARAT,GROGOL PETAMBURAN,TANJUNG DUREN SELATAN,341,3,11,1,326,0,0,0,0,0,19,0,0,19,554,33,521,19,0,19,240,3,193,8,36,
3173021002,DKI JAKARTA,JAKARTA BARAT,GROGOL PETAMBURAN,TANJUNG DUREN UTARA,245,3,17,0,225,1,0,0,0,1,20,0,0,20,447,39,408,18,0,18,121,6,73,6,36,
3172021001,DKI JAKARTA,JAKARTA UTARA,TANJUNG PRIOK,TANJUNG PRIOK,439,6,39,6,388,0,0,0,0,0,10,0,0,10,663,40,623,64,0,64,312,3,259,9,41,
3174011002,DKI JAKARTA,JAKARTA SELATAN,TEBET,TEBET BARAT,391,5,31,0,355,1,0,0,0,1,8,0,0,8,575,58,517,22,0,22,271,1,220,5,45,
3174011001,DKI JAKARTA,JAKARTA SELATAN,TEBET,TEBET TIMUR,332,5,47,2,278,0,0,0,0,0,6,0,0,6,483,52,431,28,0,28,170,4,113,4,49,
3173061003,DKI JAKARTA,JAKARTA BARAT,KALI DERES,TEGAL ALUR,596,6,61,6,523,0,0,0,0,0,7,0,0,7,1088,102,986,10,0,10,165,3,124,3,35,
3174031004,DKI JAKARTA,JAKARTA SELATAN,MAMPANG PRAPATAN,TEGAL PARANG,288,7,29,3,249,5,0,0,1,4,4,0,0,4,869,103,766,10,0,10,246,3,211,5,27,
3173021003,DKI JAKARTA,JAKARTA BARAT,GROGOL PETAMBURAN,TOMANG,359,5,14,2,338,0,0,0,0,0,14,0,0,14,621,44,577,74,0,74,237,6,182,5,44,
3172031005,DKI JAKARTA,JAKARTA UTARA,KOJA,TUGU SELATAN,364,8,34,1,321,0,0,0,0,0,2,0,0,2,400,25,375,67,0,67,200,4,151,5,40,
3172031002,DKI JAKARTA,JAKARTA UTARA,KOJA,TUGU UTARA,771,17,37,0,717,3,0,0,0,3,7,0,0,7,764,49,715,82,0,82,350,3,276,10,61,
3175061006,DKI JAKARTA,JAKARTA TIMUR,CAKUNG,UJUNG MENTENG,138,1,18,2,117,1,0,0,0,1,0,0,0,0,391,39,352,18,0,18,108,4,85,3,16,
3174101005,DKI JAKARTA,JAKARTA SELATAN,PESANGGRAHAN,ULUJAMI,489,7,29,2,451,0,0,0,0,0,0,0,0,0,1040,65,975,26,0,26,196,6,155,5,30,
3175011006,DKI JAKARTA,JAKARTA TIMUR,MATRAMAN,UTAN KAYU SELATAN,432,5,25,8,394,2,0,0,0,2,2,0,0,2,731,60,671,84,0,84,228,3,188,8,29,
3175011002,DKI JAKARTA,JAKARTA TIMUR,MATRAMAN,UTAN KAYU UTARA,346,3,21,0,322,2,0,0,0,2,3,0,0,3,590,53,537,45,0,45,176,2,139,6,29,
3171031008,DKI JAKARTA,JAKARTA PUSAT,KEMAYORAN,UTAN PANJANG,334,8,15,2,309,0,0,0,0,0,3,0,1,2,436,76,360,25,0,25,241,6,157,8,70,
3172021007,DKI JAKARTA,JAKARTA UTARA,TANJUNG PRIOK,WARAKAS,414,10,53,2,349,0,0,0,0,0,10,0,0,10,795,53,742,50,0,50,221,4,192,5,20,
3173021007,DKI JAKARTA,JAKARTA BARAT,GROGOL PETAMBURAN,WIJAYA KUSUMA,324,1,27,2,294,1,0,0,0,1,7,0,0,7,717,71,646,23,0,23,203,7,138,6,52,
