id_kel,nama_provinsi,nama_kota,nama_kecamatan,nama_kelurahan,suspek,perawatan_rs,isolasi_di_rumah,suspek_meninggal,selesai_isolasi,probable,perawatan_rs,isolasi_di_rumah,probable_meninggal,selesai_isolasi,pelaku_perjalanan,perawatan_rs,isolasi_di_rumah,selesai_isolasi,kontak_erat,isolasi_di_rumah,selesai_isolasi,discarded,meninggal,selesai_isolasi,positif,dirawat,sembuh,meninggal,self_isolation,keterangan
3172051003,DKI JAKARTA,JAKARTA UTARA,PADEMANGAN,ANCOL,380,1,14,0,365,4,0,0,0,4,9,0,0,9,555,23,532,7,0,7,222,1,184,2,35,
3173041007,DKI JAKARTA,JAKARTA BARAT,TAMBORA,ANGKE,358,3,21,2,332,1,0,0,1,0,0,0,0,0,444,17,427,25,0,25,135,8,112,2,13,
3175041005,DKI JAKARTA,JAKARTA TIMUR,KRAMAT JATI,BALE KAMBANG,228,5,20,1,202,1,0,0,0,1,5,0,0,5,433,32,401,23,0,23,120,2,100,3,15,
3175031003,DKI JAKARTA,JAKARTA TIMUR,JATINEGARA,BALI MESTER,83,0,1,1,81,0,0,0,0,0,0,0,0,0,101,14,87,4,0,4,31,1,23,1,6,
3175101006,DKI JAKARTA,JAKARTA TIMUR,CIPAYUNG,BAMBU APUS,295,8,29,1,257,0,0,0,0,0,4,0,1,3,470,57,413,17,0,17,122,3,96,1,22,
3174031002,DKI JAKARTA,JAKARTA SELATAN,MAMPANG PRAPATAN,BANGKA,198,5,13,2,178,4,0,0,1,3,18,0,0,18,569,38,531,8,0,8,126,2,100,2,22,
3175051002,DKI JAKARTA,JAKARTA TIMUR,PASAR REBO,BARU,277,3,49,1,224,0,0,0,0,0,4,0,0,4,345,32,313,16,0,16,122,4,84,0,34,
3175041004,DKI JAKARTA,JAKARTA TIMUR,KRAMAT JATI,BATU AMPAR,357,3,19,1,334,2,0,0,0,2,3,0,1,2,753,57,696,25,0,25,165,9,128,4,24,
3171071002,DKI JAKARTA,JAKARTA PUSAT,TANAH ABANG,BENDUNGAN HILIR,341,0,15,0,326,0,0,0,0,0,4,0,0,4,468,53,415,9,0,9,211,17,148,3,43,
3175031002,DKI JAKARTA,JAKARTA TIMUR,JATINEGARA,BIDARA CINA,287,3,33,3,248,0,0,0,0,0,2,0,1,1,345,52,293,31,0,31,222,4,184,9,25,
3174101002,DKI JAKARTA,JAKARTA SELATAN,PESANGGRAHAN,BINTARO,592,10,38,2,542,4,0,0,0,4,9,0,0,9,1225,97,1128,23,0,23,240,9,173,7,51,
3174011005,DKI JAKARTA,JAKARTA SELATAN,TEBET,BUKIT DURI,307,9,29,3,266,1,0,0,0,1,13,0,0,13,477,46,431,13,0,13,172,2,124,7,39,
3171041006,DKI JAKARTA,JAKARTA PUSAT,SENEN,BUNGUR,191,1,7,2,181,1,0,0,0,1,13,0,0,13,458,16,442,10,0,10,149,4,131,2,12,
3175061007,DKI JAKARTA,JAKARTA TIMUR,CAKUNG,CAKUNG BARAT,249,8,35,1,205,0,0,0,0,0,0,0,0,0,610,78,532,39,0,39,201,4,146,3,48,
3175061004,DKI JAKARTA,JAKARTA TIMUR,CAKUNG,CAKUNG TIMUR,315,17,27,2,269,2,0,0,1,1,5,0,0,5,655,81,574,34,0,34,203,10,150,2,41,
3175041007,DKI JAKARTA,JAKARTA TIMUR,KRAMAT JATI,CAWANG,243,7,19,0,217,1,0,0,0,1,5,0,0,5,611,121,490,15,0,15,187,8,137,3,39,
3175101008,DKI JAKARTA,JAKARTA TIMUR,CIPAYUNG,CEGER,194,7,18,0,169,0,0,0,0,0,1,0,1,0,290,55,235,8,0,8,86,5,57,2,22,
3171031006,DKI JAKARTA,JAKARTA PUSAT,KEMAYORAN,CEMPAKA BARU,501,4,37,2,458,1,0,0,0,1,7,0,0,7,724,117,607,32,0,32,297,11,230,12,44,
3171051002,DKI JAKARTA,JAKARTA PUSAT,CEMPAKA PUTIH,CEMPAKA PUTIH BARAT,761,5,20,2,734,2,0,0,0,2,14,0,2,12,1714,122,1592,48,0,48,592,20,503,10,59,
3171051001,DKI JAKARTA,JAKARTA PUSAT,CEMPAKA PUTIH,CEMPAKA PUTIH TIMUR,523,10,14,1,498,0,0,0,0,0,10,0,0,10,1201,65,1136,53,0,53,324,18,274,5,27,
3173011001,DKI JAKARTA,JAKARTA BARAT,CENGKARENG,CENGKARENG BARAT,486,11,66,1,408,0,0,0,0,0,6,0,0,6,1059,66,993,12,0,12,285,8,222,4,51,
3173011006,DKI JAKARTA,JAKARTA BARAT,CENGKARENG,CENGKARENG TIMUR,664,7,73,7,577,1,0,0,0,1,4,0,0,4,1387,94,1293,14,0,14,472,16,367,13,76,
3175091002,DKI JAKARTA,JAKARTA TIMUR,CIRACAS,CIBUBUR,713,10,94,4,605,1,0,0,0,1,30,0,0,30,1636,53,1583,85,0,85,248,9,187,6,46,
3171011002,DKI JAKARTA,JAKARTA PUSAT,GAMBIR,CIDENG,237,3,10,2,222,0,0,0,0,0,9,0,1,8,507,55,452,13,0,13,171,4,143,6,18,
3174091003,DKI JAKARTA,JAKARTA SELATAN,JAGAKARSA,CIGANJUR,556,9,32,1,514,2,0,0,0,2,12,0,0,12,505,77,428,11,0,11,141,4,111,4,22,
3175051003,DKI JAKARTA,JAKARTA TIMUR,PASAR REBO,CIJANTUNG,589,7,90,3,489,0,0,0,0,0,2,0,0,2,456,36,420,8,0,8,196,3,153,7,33,
3171061003,DKI JAKARTA,JAKARTA PUSAT,MENTENG,CIKINI,126,5,7,0,114,0,0,0,0,0,0,0,0,0,177,8,169,11,0,11,46,3,38,2,3,
3174081006,DKI JAKARTA,JAKARTA SELATAN,PANCORAN,CIKOKO,154,4,3,0,147,1,0,0,0,1,10,0,0,10,246,16,230,0,0,0,51,1,47,1,2,
3174061001,DKI JAKARTA,JAKARTA SELATAN,CILANDAK,CILANDAK BARAT,706,14,57,5,630,1,0,0,0,1,97,0,1,96,1182,170,1012,37,0,37,257,14,190,7,46,
3174041003,DKI JAKARTA,JAKARTA SELATAN,PASAR MINGGU,CILANDAK TIMUR,363,9,35,1,318,4,0,0,0,4,17,0,0,17,361,42,319,86,0,86,216,2,193,7,14,
3175101002,DKI JAKARTA,JAKARTA TIMUR,CIPAYUNG,CILANGKAP,273,8,22,1,242,1,0,0,0,1,2,0,0,2,476,68,408,19,0,19,136,6,104,0,26,
3175041006,DKI JAKARTA,JAKARTA TIMUR,KRAMAT JATI,CILILITAN,255,8,19,1,227,0,0,0,0,0,6,0,1,5,646,56,590,45,0,45,200,7,151,3,39,
3172041001,DKI JAKARTA,JAKARTA UTARA,CILINCING,CILINCING,450,6,30,1,413,0,0,0,0,0,6,0,0,6,1060,32,1028,77,0,77,321,8,285,7,21,
3175101001,DKI JAKARTA,JAKARTA TIMUR,CIPAYUNG,CIPAYUNG,392,3,44,2,343,3,0,0,1,2,6,0,1,5,520,102,418,22,0,22,168,6,137,2,23,
3174091006,DKI JAKARTA,JAKARTA SELATAN,JAGAKARSA,CIPEDAK,474,7,22,0,445,2,0,0,0,2,1,0,0,1,583,219,364,6,0,6,214,1,99,2,112,
3174061005,DKI JAKARTA,JAKARTA SELATAN,CILANDAK,CIPETE SELATAN,211,7,14,1,189,2,0,0,0,2,45,0,0,45,403,84,319,6,0,6,94,6,53,7,28,
3174071010,DKI JAKARTA,JAKARTA SELATAN,KEBAYORAN BARU,CIPETE UTARA,420,5,26,3,386,0,0,0,0,0,9,0,0,9,454,89,365,5,0,5,103,0,84,3,16,
3175021003,DKI JAKARTA,JAKARTA TIMUR,PULO GADUNG,CIPINANG,249,6,15,2,226,1,0,0,0,1,3,0,0,3,754,63,691,35,0,35,261,13,212,7,29,
3175031007,DKI JAKARTA,JAKARTA TIMUR,JATINEGARA,CIPINANG BESAR SELATAN,202,4,15,2,181,2,0,0,0,2,1,0,0,1,383,54,329,14,0,14,136,2,103,2,29,
3175031008,DKI JAKARTA,JAKARTA TIMUR,JATINEGARA,CIPINANG BESAR UTARA,319,4,20,0,295,1,0,0,0,1,3,0,0,3,530,62,468,16,0,16,228,5,196,5,22,
3175031005,DKI JAKARTA,JAKARTA TIMUR,JATINEGARA,CIPINANG CEMPEDAK,213,5,18,2,188,0,0,0,0,0,2,0,0,2,368,48,320,12,0,12,123,3,86,3,31,
3175081005,DKI JAKARTA,JAKARTA TIMUR,MAKASAR,CIPINANG MELAYU,294,11,30,2,251,1,0,0,0,1,3,0,0,3,615,52,563,18,0,18,211,6,172,5,28,
3175031006,DKI JAKARTA,JAKARTA TIMUR,JATINEGARA,CIPINANG MUARA,331,8,25,1,297,4,0,0,0,4,6,0,0,6,685,69,616,24,0,24,241,10,192,3,36,
3174051003,DKI JAKARTA,JAKARTA SELATAN,KEBAYORAN LAMA,CIPULIR,261,3,28,4,226,6,0,0,0,6,6,0,0,6,473,19,454,8,0,8,169,7,131,4,27,
3175091001,DKI JAKARTA,JAKARTA TIMUR,CIRACAS,CIRACAS,707,14,80,9,604,3,0,0,0,3,22,0,0,22,1340,59,1281,44,0,44,340,8,259,10,63,
3175041003,DKI JAKARTA,JAKARTA TIMUR,KRAMAT JATI,DUKUH,210,8,21,1,180,0,0,0,0,0,1,0,0,1,524,85,439,13,0,13,110,2,92,2,14,
3175071001,DKI JAKARTA,JAKARTA TIMUR,DUREN SAWIT,DUREN SAWIT,751,7,37,3,704,14,0,0,0,14,2,0,0,2,897,93,804,25,0,25,452,13,371,12,56,
3174081004,DKI JAKARTA,JAKARTA SELATAN,PANCORAN,DUREN TIGA,326,5,26,0,295,2,0,0,0,2,4,0,1,3,507,48,459,3,0,3,140,4,101,0,35,
3173051005,DKI JAKARTA,JAKARTA BARAT,KEBON JERUK,DURI KEPA,396,6,16,2,372,3,0,0,0,3,12,0,0,12,1065,82,983,69,0,69,324,15,248,9,52,
3173011002,DKI JAKARTA,JAKARTA BARAT,CENGKARENG,DURI KOSAMBI,454,5,46,3,400,0,0,0,0,0,4,0,0,4,843,62,781,11,0,11,273,19,203,4,47,
3171011006,DKI JAKARTA,JAKARTA PUSAT,GAMBIR,DURI PULO,151,3,11,3,134,0,0,0,0,0,1,0,1,0,338,33,305,7,0,7,141,3,126,4,8,
3173041011,DKI JAKARTA,JAKARTA BARAT,TAMBORA,DURI SELATAN,125,0,18,1,106,0,0,0,0,0,2,0,0,2,133,7,126,4,0,4,62,0,52,3,7,
3173041003,DKI JAKARTA,JAKARTA BARAT,TAMBORA,DURI UTARA,164,0,18,2,144,1,0,0,0,1,2,0,0,2,198,10,188,3,0,3,112,2,87,4,19,
3171081003,DKI JAKARTA,JAKARTA PUSAT,JOHAR BARU,GALUR,178,1,8,0,169,3,1,0,0,2,3,0,0,3,434,41,393,45,0,45,203,1,181,9,12,
3171011001,DKI JAKARTA,JAKARTA PUSAT,GAMBIR,GAMBIR,76,3,3,0,70,1,0,0,0,1,17,0,0,17,284,17,267,6,0,6,163,0,145,0,18,
3174061004,DKI JAKARTA,JAKARTA SELATAN,CILANDAK,GANDARIA SELATAN,161,3,9,0,149,2,0,0,0,2,20,0,0,20,580,53,527,2,0,2,110,2,86,3,19,
3174071009,DKI JAKARTA,JAKARTA SELATAN,KEBAYORAN BARU,GANDARIA UTARA,449,7,69,2,371,0,0,0,0,0,3,0,0,3,526,52,474,5,0,5,162,5,115,3,39,
3175051001,DKI JAKARTA,JAKARTA TIMUR,PASAR REBO,GEDONG,621,5,44,0,572,0,0,0,0,0,4,0,0,4,331,50,281,24,0,24,176,6,139,2,29,
3171071001,DKI JAKARTA,JAKARTA PUSAT,TANAH ABANG,GELORA,51,1,1,1,48,0,0,0,0,0,5,0,0,5,140,26,114,0,0,0,122,2,99,2,19,
3173031007,DKI JAKARTA,JAKARTA BARAT,TAMAN SARI,GLODOK,98,0,17,0,81,0,0,0,0,0,1,0,0,1,155,35,120,0,0,0,30,1,18,1,10,
3171061004,DKI JAKARTA,JAKARTA PUSAT,MENTENG,GONDANGDIA,51,1,2,1,47,0,0,0,0,0,7,0,1,6,117,7,110,7,0,7,51,1,43,3,4,
3173021001,DKI JAKARTA,JAKARTA BARAT,GROGOL PETAMBURAN,GROGOL,364,6,27,4,327,1,0,0,0,1,43,0,4,39,757,77,680,34,0,34,184,9,130,1,44,
3174051005,DKI JAKARTA,JAKARTA SELATAN,KEBAYORAN LAMA,GROGOL SELATAN,294,4,34,5,251,0,0,0,0,0,12,0,0,12,541,36,505,10,0,10,186,6,142,7,31,
3174051004,DKI JAKARTA,JAKARTA SELATAN,KEBAYORAN LAMA,GROGOL UTARA,315,4,22,4,285,0,0,0,0,0,24,0,0,24,536,32,504,16,0,16,238,9,187,7,35,
3174021007,DKI JAKARTA,JAKARTA SELATAN,SETIA BUDI,GUNTUR,50,2,3,0,45,0,0,0,0,0,1,0,0,1,176,25,151,1,0,1,31,0,24,0,7,
3174071002,DKI JAKARTA,JAKARTA SELATAN,KEBAYORAN BARU,GUNUNG,212,0,12,3,197,0,0,0,0,0,7,0,0,7,315,23,292,0,0,0,66,3,55,2,6,
3171031005,DKI JAKARTA,JAKARTA PUSAT,KEMAYORAN,GUNUNG SAHARI SELATAN,245,1,9,1,234,0,0,0,0,0,4,0,2,2,399,63,336,1,0,1,132,3,106,5,18,
3171021004,DKI JAKARTA,JAKARTA PUSAT,SAWAH BESAR,GUNUNG SAHARI UTARA,247,2,13,1,231,0,0,0,0,0,6,0,0,6,462,30,432,8,0,8,157,4,128,9,16,
3175081004,DKI JAKARTA,JAKARTA TIMUR,MAKASAR,HALIM PERDANA KUSUMAH,206,5,32,2,167,0,0,0,0,0,5,0,0,5,455,50,405,9,0,9,335,3,252,4,76,
3171031003,DKI JAKARTA,JAKARTA PUSAT,KEMAYORAN,HARAPAN MULIA,301,2,19,3,277,0,0,0,0,0,6,0,0,6,450,54,396,28,0,28,203,3,165,8,27,
3174091001,DKI JAKARTA,JAKARTA SELATAN,JAGAKARSA,JAGAKARSA,765,5,55,2,703,7,0,0,0,7,8,0,0,8,901,142,759,18,0,18,318,10,245,4,59,
3175021007,DKI JAKARTA,JAKARTA TIMUR,PULO GADUNG,JATI,308,5,16,1,286,0,0,0,0,0,7,0,0,7,814,81,733,30,0,30,211,2,183,1,25,
3174041002,DKI JAKARTA,JAKARTA SELATAN,PASAR MINGGU,JATI PADANG,385,8,43,2,332,0,0,0,0,0,3,0,0,3,528,54,474,67,0,67,156,2,100,5,49,
3173071004,DKI JAKARTA,JAKARTA BARAT,PALMERAH,JATI PULO,433,0,40,4,389,1,0,0,0,1,3,0,0,3,664,66,598,62,0,62,255,5,203,4,43,
3175061001,DKI JAKARTA,JAKARTA TIMUR,CAKUNG,JATINEGARA,528,5,129,3,391,1,0,0,0,1,3,0,0,3,1110,152,958,42,0,42,383,20,263,6,94,
3175021004,DKI JAKARTA,JAKARTA TIMUR,PULO GADUNG,JATINEGARA KAUM,103,2,8,0,93,1,0,0,1,0,3,0,0,3,295,55,240,11,0,11,77,2,51,2,22,
3173021004,DKI JAKARTA,JAKARTA BARAT,GROGOL PETAMBURAN,JELAMBAR,327,2,17,5,303,2,0,0,0,2,25,0,1,24,655,47,608,11,0,11,184,12,129,6,37,
3173021006,DKI JAKARTA,JAKARTA BARAT,GROGOL PETAMBURAN,JELAMBAR BARU,318,1,18,2,297,2,0,0,0,2,4,0,0,4,549,61,488,18,0,18,127,2,90,4,31,
3173041006,DKI JAKARTA,JAKARTA BARAT,TAMBORA,JEMBATAN BESI,510,5,26,1,478,0,0,0,0,0,4,0,0,4,446,15,431,7,0,7,204,2,173,7,22,
3173041008,DKI JAKARTA,JAKARTA BARAT,TAMBORA,JEMBATAN LIMA,169,3,16,0,150,0,0,0,0,0,1,0,0,1,190,14,176,2,0,2,96,11,65,4,16,
3173081005,DKI JAKARTA,JAKARTA BARAT,KEMBANGAN,JOGLO,334,4,69,4,257,0,0,0,0,0,5,0,1,4,627,122,505,14,0,14,181,5,142,2,32,
3171081001,DKI JAKARTA,JAKARTA PUSAT,JOHAR BARU,JOHAR BARU,558,7,28,3,520,3,1,0,0,2,5,0,0,5,1554,123,1431,95,0,95,431,7,365,14,45,
3173041002,DKI JAKARTA,JAKARTA BARAT,TAMBORA,KALI ANYAR,338,7,31,0,300,1,0,0,0,1,3,0,0,3,334,14,320,12,0,12,160,1,134,5,20,
3172041004,DKI JAKARTA,JAKARTA UTARA,CILINCING,KALI BARU,386,9,18,5,354,0,0,0,0,0,4,0,0,4,602,19,583,39,0,39,283,0,244,7,32,
3174081002,DKI JAKARTA,JAKARTA SELATAN,PANCORAN,KALIBATA,445,8,32,4,401,7,0,0,0,7,11,0,0,11,707,71,636,12,0,12,244,4,209,5,26,
3173061001,DKI JAKARTA,JAKARTA BARAT,KALI DERES,KALIDERES,878,23,53,4,798,1,0,0,0,1,5,0,0,5,1945,150,1795,29,0,29,309,11,240,5,53,
3175051004,DKI JAKARTA,JAKARTA TIMUR,PASAR REBO,KALISARI,864,10,152,0,702,0,0,0,0,0,3,0,0,3,418,38,380,10,0,10,189,6,138,4,41,
3173061004,DKI JAKARTA,JAKARTA BARAT,KALI DERES,KAMAL,285,4,16,3,262,0,0,0,0,0,1,0,0,1,499,30,469,4,0,4,48,2,35,6,5,
3172011002,DKI JAKARTA,JAKARTA UTARA,PENJARINGAN,KAMAL MUARA,72,0,3,0,69,0,0,0,0,0,4,0,0,4,153,13,140,1,0,1,65,1,58,2,4,
3171071007,DKI JAKARTA,JAKARTA PUSAT,TANAH ABANG,KAMPUNG BALI,131,4,4,2,121,1,0,0,0,1,2,0,0,2,195,26,169,2,0,2,56,1,45,3,7,
3175031001,DKI JAKARTA,JAKARTA TIMUR,JATINEGARA,KAMPUNG MELAYU,172,4,2,5,161,2,0,0,0,2,5,0,0,5,231,46,185,4,0,4,174,3,140,3,28,
3171081002,DKI JAKARTA,JAKARTA PUSAT,JOHAR BARU,KAMPUNG RAWA,266,6,8,0,252,1,0,0,0,1,0,0,0,0,639,57,582,64,0,64,252,5,214,13,20,
3175041002,DKI JAKARTA,JAKARTA TIMUR,KRAMAT JATI,KAMPUNG TENGAH,453,8,31,1,413,1,0,0,0,1,9,0,0,9,983,67,916,49,0,49,240,5,206,11,18,
3173011005,DKI JAKARTA,JAKARTA BARAT,CENGKARENG,KAPUK,599,7,70,16,506,1,0,0,0,1,10,0,0,10,1238,111,1127,13,0,13,416,17,294,11,94,
3172011003,DKI JAKARTA,JAKARTA UTARA,PENJARINGAN,KAPUK MUARA,178,1,18,0,159,1,0,0,0,1,9,0,0,9,451,52,399,20,0,20,125,4,93,7,21,
3171021002,DKI JAKARTA,JAKARTA PUSAT,SAWAH BESAR,KARANG ANYAR,416,5,22,5,384,1,0,0,0,1,4,0,0,4,785,43,742,8,0,8,171,3,138,5,25,
3174021004,DKI JAKARTA,JAKARTA SELATAN,SETIA BUDI,KARET,113,3,10,0,100,0,0,0,0,0,11,0,1,10,352,39,313,4,0,4,101,2,57,0,42,
3174021003,DKI JAKARTA,JAKARTA SELATAN,SETIA BUDI,KARET KUNINGAN,190,6,15,1,168,0,0,0,0,0,21,0,0,21,323,31,292,4,0,4,127,9,66,2,50,
3174021002,DKI JAKARTA,JAKARTA SELATAN,SETIA BUDI,KARET SEMANGGI,49,0,0,1,48,0,0,0,0,0,3,0,0,3,75,5,70,2,0,2,24,0,18,2,4,
3171071003,DKI JAKARTA,JAKARTA PUSAT,TANAH ABANG,KARET TENGSIN,207,2,5,0,200,0,0,0,0,0,7,0,0,7,321,45,276,1,0,1,114,5,98,2,9,
3171021003,DKI JAKARTA,JAKARTA PUSAT,SAWAH BESAR,KARTINI,293,1,16,1,275,1,0,0,0,1,0,0,0,0,622,94,528,17,0,17,199,4,167,4,24,
3175011003,DKI JAKARTA,JAKARTA TIMUR,MATRAMAN,KAYU MANIS,302,6,13,0,283,3,0,0,0,3,1,0,1,0,599,27,572,28,0,28,162,5,127,4,26,
3175021006,DKI JAKARTA,JAKARTA TIMUR,PULO GADUNG,KAYU PUTIH,391,8,23,4,356,1,0,0,1,0,11,0,0,11,962,80,882,40,0,40,249,7,207,6,29,
3173031006,DKI JAKARTA,JAKARTA BARAT,TAMAN SARI,KEAGUNGAN,267,1,22,0,244,0,0,0,0,0,3,0,0,3,459,35,424,10,0,10,147,1,127,1,18,
3174041007,DKI JAKARTA,JAKARTA SELATAN,PASAR MINGGU,KEBAGUSAN,479,4,52,1,422,3,1,0,0,2,2,0,0,2,617,40,577,39,0,39,150,5,119,0,26,
3174051006,DKI JAKARTA,JAKARTA SELATAN,KEBAYORAN LAMA,KEBAYORAN LAMA SELATAN,430,8,31,0,391,4,0,0,0,4,2,0,0,2,707,31,676,14,0,14,230,13,166,5,46,
3174051001,DKI JAKARTA,JAKARTA SELATAN,KEBAYORAN LAMA,KEBAYORAN LAMA UTARA,308,6,20,1,281,1,0,0,0,1,15,0,0,15,438,27,411,4,0,4,149,10,113,4,22,
3174011004,DKI JAKARTA,JAKARTA SELATAN,TEBET,KEBON BARU,316,5,51,2,258,0,0,0,0,0,15,0,0,15,568,56,512,18,0,18,161,5,116,3,37,
3172021005,DKI JAKARTA,JAKARTA UTARA,TANJUNG PRIOK,KEBON BAWANG,590,17,56,1,516,0,0,0,0,0,15,0,1,14,1051,72,979,67,0,67,380,7,316,4,53,
3173051001,DKI JAKARTA,JAKARTA BARAT,KEBON JERUK,KEBON JERUK,547,8,54,6,479,2,0,0,0,2,13,0,0,13,1582,159,1423,58,0,58,535,15,295,14,211,
3171071006,DKI JAKARTA,JAKARTA PUSAT,TANAH ABANG,KEBON KACANG,400,1,5,1,393,1,0,0,0,1,0,0,0,0,398,29,369,6,0,6,266,5,237,11,13,
3171011005,DKI JAKARTA,JAKARTA PUSAT,GAMBIR,KEBON KELAPA,129,1,8,1,119,3,0,0,0,3,3,0,1,2,236,45,191,2,0,2,79,0,60,1,18,
3171031002,DKI JAKARTA,JAKARTA PUSAT,KEMAYORAN,KEBON KOSONG,313,5,9,5,294,0,0,0,0,0,8,0,1,7,391,39,352,30,0,30,213,6,172,7,28,
3175011005,DKI JAKARTA,JAKARTA TIMUR,MATRAMAN,KEBON MANGGIS,154,1,6,4,143,0,0,0,0,0,2,0,0,2,226,15,211,20,0,20,122,4,109,2,7,
3171071005,DKI JAKARTA,JAKARTA PUSAT,TANAH ABANG,KEBON MELATI,425,6,15,3,401,0,0,0,0,0,5,0,0,5,600,78,522,8,0,8,424,2,382,7,33,
3175081003,DKI JAKARTA,JAKARTA TIMUR,MAKASAR,KEBON PALA,276,7,75,1,193,1,0,0,0,1,5,0,1,4,832,62,770,15,0,15,252,4,210,4,34,
3171061005,DKI JAKARTA,JAKARTA PUSAT,MENTENG,KEBON SIRIH,139,0,9,2,128,0,0,0,0,0,2,0,0,2,274,12,262,14,0,14,123,1,112,2,8,
3173011004,DKI JAKARTA,JAKARTA BARAT,CENGKARENG,KEDAUNG KALI ANGKE,392,4,45,0,343,0,0,0,0,0,1,0,0,1,450,57,393,5,0,5,242,5,201,3,33,
3173051007,DKI JAKARTA,JAKARTA BARAT,KEBON JERUK,KEDOYA SELATAN,254,3,17,5,229,2,0,0,0,2,6,0,0,6,558,65,493,19,0,19,161,6,115,5,35,
3173051006,DKI JAKARTA,JAKARTA BARAT,KEBON JERUK,KEDOYA UTARA,277,4,39,2,232,1,0,0,0,1,15,0,0,15,740,96,644,20,0,20,225,5,166,4,50,
3173051004,DKI JAKARTA,JAKARTA BARAT,KEBON JERUK,KELAPA DUA,229,11,28,0,190,0,0,0,0,0,5,0,0,5,495,80,415,22,0,22,126,4,95,2,25,
3175091003,DKI JAKARTA,JAKARTA TIMUR,CIRACAS,KELAPA DUA WETAN,487,7,29,1,450,1,0,0,0,1,7,0,0,7,933,67,866,36,0,36,175,6,135,2,32,
3172061003,DKI JAKARTA,JAKARTA UTARA,KELAPA GADING,KELAPA GADING BARAT,756,10,32,3,711,2,0,0,0,2,47,0,1,46,1157,58,1099,100,0,100,324,10,291,5,18,
3172061001,DKI JAKARTA,JAKARTA UTARA,KELAPA GADING,KELAPA GADING TIMUR,638,15,34,2,587,1,0,0,0,1,22,0,1,21,1139,63,1076,66,0,66,234,3,163,9,59,
3173071005,DKI JAKARTA,JAKARTA BARAT,PALMERAH,KEMANGGISAN,501,9,39,6,447,0,0,0,0,0,8,0,0,8,800,70,730,49,0,49,257,13,185,8,51,
3171031001,DKI JAKARTA,JAKARTA PUSAT,KEMAYORAN,KEMAYORAN,327,3,18,3,303,0,0,0,0,0,1,0,1,0,496,44,452,20,0,20,289,5,221,11,52,
3173081006,DKI JAKARTA,JAKARTA BARAT,KEMBANGAN,KEMBANGAN SELATAN,210,3,28,1,178,0,0,0,0,0,6,0,0,6,499,53,446,52,0,52,152,8,119,3,22,
3173081001,DKI JAKARTA,JAKARTA BARAT,KEMBANGAN,KEMBANGAN UTARA,462,12,42,3,405,4,0,0,1,3,3,0,0,3,1355,111,1244,10,0,10,223,6,179,5,33,
3171041002,DKI JAKARTA,JAKARTA PUSAT,SENEN,KENARI,184,4,10,1,169,1,0,0,0,1,4,0,1,3,444,42,402,45,0,45,164,3,147,2,12,
3173041005,DKI JAKARTA,JAKARTA BARAT,TAMBORA,KERENDANG,244,4,30,2,208,1,0,0,0,1,0,0,0,0,187,25,162,3,0,3,121,0,92,7,22,
3175071003,DKI JAKARTA,JAKARTA TIMUR,DUREN SAWIT,KLENDER,568,6,36,2,524,2,0,0,0,2,4,0,0,4,832,85,747,25,0,25,321,4,245,9,63,
3172031001,DKI JAKARTA,JAKARTA UTARA,KOJA,KOJA,271,4,17,0,250,0,0,0,0,0,4,0,0,4,396,7,389,36,0,36,239,3,200,5,31,
3173071006,DKI JAKARTA,JAKARTA BARAT,PALMERAH,KOTA BAMBU SELATAN,422,8,26,5,383,0,0,0,0,0,1,0,0,1,768,39,729,71,0,71,221,2,190,5,24,
3173071003,DKI JAKARTA,JAKARTA BARAT,PALMERAH,KOTA BAMBU UTARA,347,2,21,11,313,0,0,0,0,0,3,0,0,3,512,26,486,54,0,54,207,3,184,6,14,
3171041004,DKI JAKARTA,JAKARTA PUSAT,SENEN,KRAMAT,357,10,15,6,326,0,0,0,0,0,7,0,0,7,831,42,789,33,0,33,235,2,209,10,14,
3175041001,DKI JAKARTA,JAKARTA TIMUR,KRAMAT JATI,KRAMAT JATI,327,3,35,1,288,0,0,0,0,0,10,0,0,10,713,115,598,21,0,21,273,12,187,6,68,
3174071003,DKI JAKARTA,JAKARTA SELATAN,KEBAYORAN BARU,KRAMAT PELA,205,3,63,0,139,0,0,0,0,0,0,0,0,0,480,29,451,6,0,6,118,4,98,0,16,
3173031002,DKI JAKARTA,JAKARTA BARAT,TAMAN SARI,KRUKUT,236,2,29,6,199,1,1,0,0,0,3,0,0,3,389,59,330,12,0,12,153,3,120,4,26,
3174031005,DKI JAKARTA,JAKARTA SELATAN,MAMPANG PRAPATAN,KUNINGAN BARAT,110,3,17,1,89,0,0,0,0,0,0,0,0,0,438,44,394,5,0,5,100,2,60,0,38,
3174021008,DKI JAKARTA,JAKARTA SELATAN,SETIA BUDI,KUNINGAN TIMUR,110,0,2,1,107,1,0,0,0,1,20,0,0,20,148,22,126,1,0,1,71,3,49,2,17,
3171041005,DKI JAKARTA,JAKARTA PUSAT,SENEN,KWITANG,211,1,11,0,199,2,0,0,0,2,6,0,1,5,407,22,385,10,0,10,107,1,95,4,7,
3172031003,DKI JAKARTA,JAKARTA UTARA,KOJA,LAGOA,521,10,23,1,487,0,0,0,0,0,5,0,0,5,620,42,578,60,0,60,542,6,485,10,41,
3174061002,DKI JAKARTA,JAKARTA SELATAN,CILANDAK,LEBAK BULUS,321,4,42,2,273,3,0,0,0,3,27,0,0,27,766,221,545,22,0,22,404,2,135,9,258,
3174091004,DKI JAKARTA,JAKARTA SELATAN,JAGAKARSA,LENTENG AGUNG,537,5,31,0,501,3,0,0,0,3,6,0,0,6,541,89,452,14,0,14,177,4,136,1,36,
LUAR DKI JAKARTA,LUAR DKI JAKARTA,LUAR DKI JAKARTA,LUAR DKI JAKARTA,LUAR DKI JAKARTA,28111,617,2916,98,24480,67,8,0,0,59,578,0,23,555,44724,8137,36587,1548,0,1548,6859,205,5978,114,562,
3175101007,DKI JAKARTA,JAKARTA TIMUR,CIPAYUNG,LUBANG BUAYA,635,25,100,3,507,1,0,0,0,1,7,0,1,6,644,67,577,28,0,28,277,17,200,2,58,
3175081001,DKI JAKARTA,JAKARTA TIMUR,MAKASAR,MAKASAR,261,6,52,1,202,0,0,0,0,0,8,0,0,8,970,83,887,23,0,23,221,9,175,0,37,
3175071006,DKI JAKARTA,JAKARTA TIMUR,DUREN SAWIT,MALAKA JAYA,297,9,19,2,267,1,0,0,0,1,2,0,0,2,501,41,460,12,0,12,184,0,158,1,25,
3175071005,DKI JAKARTA,JAKARTA TIMUR,DUREN SAWIT,MALAKA SARI,265,8,17,1,239,0,0,0,0,0,1,0,0,1,419,44,375,11,0,11,162,3,128,3,28,
3174031001,DKI JAKARTA,JAKARTA SELATAN,MAMPANG PRAPATAN,MAMPANG PRAPATAN,260,9,15,2,234,1,1,0,0,0,0,0,0,0,922,72,850,9,0,9,268,5,214,8,41,
3173031005,DKI JAKARTA,JAKARTA BARAT,TAMAN SARI,MANGGA BESAR,118,2,10,1,105,1,0,0,0,1,0,0,0,0,146,9,137,6,0,6,50,0,44,1,5,
3171021005,DKI JAKARTA,JAKARTA PUSAT,SAWAH BESAR,MANGGA DUA SELATAN,350,5,26,1,318,3,0,0,0,3,1,0,0,1,720,50,670,9,0,9,187,3,156,2,26,
3174011007,DKI JAKARTA,JAKARTA SELATAN,TEBET,MANGGARAI,337,8,21,0,308,4,0,0,0,4,4,0,0,4,466,41,425,21,0,21,171,2,133,1,35,
3174011006,DKI JAKARTA,JAKARTA SELATAN,TEBET,MANGGARAI SELATAN,224,8,41,2,173,0,0,0,0,0,6,0,0,6,419,24,395,20,0,20,96,5,72,2,17,
3173031003,DKI JAKARTA,JAKARTA BARAT,TAMAN SARI,MAPHAR,190,2,16,1,171,0,0,0,0,0,6,0,0,6,338,29,309,37,0,37,178,1,163,1,13,
3172041003,DKI JAKARTA,JAKARTA UTARA,CILINCING,MARUNDA,231,4,10,0,217,3,1,0,0,2,0,0,0,0,330,16,314,13,0,13,93,0,85,1,7,
3174071001,DKI JAKARTA,JAKARTA SELATAN,KEBAYORAN BARU,MELAWAI,48,0,2,0,46,0,0,0,0,0,1,0,0,1,67,12,55,0,0,0,15,0,11,1,3,
3171061001,DKI JAKARTA,JAKARTA PUSAT,MENTENG,MENTENG,346,3,28,2,313,2,0,0,0,2,2,0,1,1,660,50,610,26,0,26,260,8,205,9,38,
3174021005,DKI JAKARTA,JAKARTA SELATAN,SETIA BUDI,MENTENG ATAS,301,4,23,3,271,1,0,0,0,1,47,0,2,45,1162,123,1039,36,0,36,215,2,162,3,48,
3174011003,DKI JAKARTA,JAKARTA SELATAN,TEBET,MENTENG DALAM,499,4,28,4,463,3,0,0,0,3,13,0,0,13,666,39,627,39,0,39,181,1,145,6,29,
3173081003,DKI JAKARTA,JAKARTA BARAT,KEMBANGAN,MERUYA SELATAN,295,7,37,1,250,0,0,0,0,0,2,0,0,2,665,109,556,17,0,17,161,3,115,3,40,
3173081002,DKI JAKARTA,JAKARTA BARAT,KEMBANGAN,MERUYA UTARA,425,2,53,6,364,1,0,0,1,0,7,0,0,7,825,82,743,10,0,10,192,5,150,2,35,
3175101004,DKI JAKARTA,JAKARTA TIMUR,CIPAYUNG,MUNJUL,229,6,21,0,202,0,0,0,0,0,3,0,1,2,273,29,244,23,0,23,86,3,63,1,19,
3172051002,DKI JAKARTA,JAKARTA UTARA,PADEMANGAN,PADEMANGAN BARAT,1657,9,49,5,1594,5,1,0,0,4,14,0,1,13,2302,52,2250,30,0,30,644,8,585,20,31,
3172051001,DKI JAKARTA,JAKARTA UTARA,PADEMANGAN,PADEMANGAN TIMUR,523,2,26,3,492,2,0,0,0,2,13,0,0,13,794,70,724,15,0,15,232,3,180,4,45,
3175011004,DKI JAKARTA,JAKARTA TIMUR,MATRAMAN,PAL MERIAM,215,7,8,2,198,2,0,0,0,2,2,0,0,2,551,42,509,58,0,58,171,4,144,6,17,
3173071001,DKI JAKARTA,JAKARTA BARAT,PALMERAH,PALMERAH,964,7,116,2,839,0,0,0,0,0,2,0,0,2,1565,159,1406,73,0,73,418,17,311,16,74,
3174081001,DKI JAKARTA,JAKARTA SELATAN,PANCORAN,PANCORAN,317,15,17,0,285,1,0,0,0,1,9,0,0,9,534,48,486,6,0,6,205,3,165,4,33,
3172021003,DKI JAKARTA,JAKARTA UTARA,TANJUNG PRIOK,PAPANGGO,374,5,36,0,333,1,0,0,0,1,6,0,1,5,731,41,690,54,0,54,240,4,192,2,42,
3171021001,DKI JAKARTA,JAKARTA PUSAT,SAWAH BESAR,PASAR BARU,209,0,13,2,194,1,0,0,0,1,5,0,0,5,426,27,399,9,0,9,152,3,134,1,14,
3174021006,DKI JAKARTA,JAKARTA SELATAN,SETIA BUDI,PASAR MANGGIS,208,3,10,3,192,3,1,0,0,2,27,0,0,27,861,109,752,17,0,17,185,6,136,8,35,
3174041001,DKI JAKARTA,JAKARTA SELATAN,PASAR MINGGU,PASAR MINGGU,350,6,38,1,305,2,0,0,0,2,5,0,0,5,517,84,433,20,0,20,195,2,135,4,54,
3171041003,DKI JAKARTA,JAKARTA PUSAT,SENEN,PASEBAN,461,5,30,1,425,2,0,0,0,2,12,0,3,9,813,97,716,60,0,60,257,4,208,7,38,
3173061005,DKI JAKARTA,JAKARTA BARAT,KALI DERES,PEGADUNGAN,605,3,47,7,548,0,0,0,0,0,10,0,0,10,1302,96,1206,17,0,17,218,12,164,4,38,
3171061002,DKI JAKARTA,JAKARTA PUSAT,MENTENG,PEGANGSAAN,332,4,22,2,304,1,0,0,0,1,2,0,2,0,820,43,777,51,0,51,333,8,285,4,36,
3172061002,DKI JAKARTA,JAKARTA UTARA,KELAPA GADING,PEGANGSAAN DUA,713,10,32,1,670,1,0,0,0,1,41,0,0,41,1490,54,1436,130,0,130,342,5,279,8,50,
3172011004,DKI JAKARTA,JAKARTA UTARA,PENJARINGAN,PEJAGALAN,438,8,29,2,399,2,0,0,0,2,7,0,0,7,815,73,742,28,0,28,231,7,179,5,40,
3174041006,DKI JAKARTA,JAKARTA SELATAN,PASAR MINGGU,PEJATEN BARAT,384,15,36,2,331,8,1,0,0,7,2,0,1,1,610,54,556,73,0,73,191,7,147,2,35,
3174041005,DKI JAKARTA,JAKARTA SELATAN,PASAR MINGGU,PEJATEN TIMUR,419,7,41,1,370,4,0,0,0,4,3,0,0,3,558,54,504,40,0,40,185,6,146,8,25,
3175051005,DKI JAKARTA,JAKARTA TIMUR,PASAR REBO,PEKAYON,727,5,81,1,640,0,0,0,0,0,3,0,0,3,293,36,257,11,0,11,166,7,119,2,38,
3173041009,DKI JAKARTA,JAKARTA BARAT,TAMBORA,PEKOJAN,259,2,17,2,238,0,0,0,0,0,2,0,0,2,229,17,212,17,0,17,104,4,90,3,7,
3174031003,DKI JAKARTA,JAKARTA SELATAN,MAMPANG PRAPATAN,PELA MAMPANG,312,6,34,2,270,4,0,0,0,4,14,0,0,14,1303,174,1129,6,0,6,251,2,183,5,61,
3174081005,DKI JAKARTA,JAKARTA SELATAN,PANCORAN,PENGADEGAN,168,1,11,2,154,0,0,0,0,0,8,0,0,8,357,26,331,10,0,10,87,2,78,0,7,
3175061003,DKI JAKARTA,JAKARTA TIMUR,CAKUNG,PENGGILINGAN,503,14,46,1,442,1,0,0,0,1,7,0,0,7,1393,168,1225,76,0,76,454,27,348,10,69,
3172011001,DKI JAKARTA,JAKARTA UTARA,PENJARINGAN,PENJARINGAN,929,38,87,4,800,1,0,0,0,1,23,0,1,22,2726,112,2614,119,0,119,535,12,427,15,81,
3174101001,DKI JAKARTA,JAKARTA SELATAN,PESANGGRAHAN,PESANGGRAHAN,380,4,21,4,351,2,0,0,1,1,0,0,0,0,753,75,678,19,0,19,130,1,95,3,31,
3171071004,DKI JAKARTA,JAKARTA PUSAT,TANAH ABANG,PETAMBURAN,513,11,5,7,490,0,0,0,0,0,7,0,0,7,566,80,486,8,0,8,402,16,347,11,28,
3174071008,DKI JAKARTA,JAKARTA SELATAN,KEBAYORAN BARU,PETOGOGAN,124,1,10,0,113,0,0,0,0,0,3,0,0,3,225,21,204,0,0,0,57,2,46,0,9,
3171011004,DKI JAKARTA,JAKARTA PUSAT,GAMBIR,PETOJO SELATAN,208,5,11,1,191,0,0,0,0,0,25,0,1,24,663,101,562,15,0,15,246,4,193,8,41,
3171011003,DKI JAKARTA,JAKARTA PUSAT,GAMBIR,PETOJO UTARA,173,1,14,3,155,1,0,0,0,1,11,0,0,11,346,39,307,25,0,25,131,4,101,3,23,
3174101004,DKI JAKARTA,JAKARTA SELATAN,PESANGGRAHAN,PETUKANGAN SELATAN,375,5,37,2,331,0,0,0,0,0,2,0,0,2,755,103,652,8,0,8,139,5,73,4,57,
3174101003,DKI JAKARTA,JAKARTA SELATAN,PESANGGRAHAN,PETUKANGAN UTARA,464,6,64,4,390,2,0,0,0,2,5,0,0,5,1478,122,1356,9,0,9,248,8,164,2,74,
3175081002,DKI JAKARTA,JAKARTA TIMUR,MAKASAR,PINANG RANTI,200,4,43,1,152,0,0,0,0,0,0,0,0,0,581,30,551,25,0,25,124,3,101,4,16,
3173031008,DKI JAKARTA,JAKARTA BARAT,TAMAN SARI,PINANGSIA,119,0,10,1,108,0,0,0,0,0,2,0,0,2,208,23,185,2,0,2,83,5,67,0,11,
3175011001,DKI JAKARTA,JAKARTA TIMUR,MATRAMAN,PISANGAN BARU,302,9,11,3,279,1,0,0,0,1,3,0,1,2,400,54,346,30,0,30,161,2,131,7,21,
3175021002,DKI JAKARTA,JAKARTA TIMUR,PULO GADUNG,PISANGAN TIMUR,290,4,17,4,265,1,0,0,0,1,10,0,0,10,596,73,523,28,0,28,175,9,139,5,22,
3172011005,DKI JAKARTA,JAKARTA UTARA,PENJARINGAN,PLUIT,308,3,23,4,278,0,0,0,0,0,12,0,0,12,1112,86,1026,16,0,16,190,13,143,8,26,
3175071002,DKI JAKARTA,JAKARTA TIMUR,DUREN SAWIT,PONDOK BAMBU,885,9,43,1,832,3,0,0,0,3,3,0,0,3,905,118,787,24,0,24,344,3,275,6,60,
3175071004,DKI JAKARTA,JAKARTA TIMUR,DUREN SAWIT,PONDOK KELAPA,603,16,42,0,545,0,0,0,0,0,11,0,0,11,1013,115,898,18,0,18,318,6,247,10,55,
3175071007,DKI JAKARTA,JAKARTA TIMUR,DUREN SAWIT,PONDOK KOPI,381,1,46,1,333,0,0,0,0,0,2,0,1,1,361,28,333,12,0,12,207,3,158,8,38,
3174061003,DKI JAKARTA,JAKARTA SELATAN,CILANDAK,PONDOK LABU,381,14,41,1,325,6,0,0,0,6,73,0,0,73,933,125,808,37,0,37,154,5,118,1,30,
3174051002,DKI JAKARTA,JAKARTA SELATAN,KEBAYORAN LAMA,PONDOK PINANG,480,3,36,4,437,0,0,0,0,0,44,0,0,44,755,83,672,11,0,11,243,10,174,9,50,
3175101003,DKI JAKARTA,JAKARTA TIMUR,CIPAYUNG,PONDOK RANGGON,234,4,22,3,205,0,0,0,0,0,3,0,0,3,307,70,237,21,0,21,138,2,94,1,41,
PROSES UPDATE DATA,PROSES UPDATE DATA,PROSES UPDATE DATA,PROSES UPDATE DATA,PROSES UPDATE DATA,12882,110,656,1696,10420,2803,0,0,2801,2,104,0,0,104,12064,2382,9682,68,1,67,20851,430,18311,442,1668,
3101011003,DKI JAKARTA,KAB.ADM.KEP.SERIBU,KEP. SERIBU UTARA,PULAU HARAPAN,61,0,1,0,60,0,0,0,0,0,0,0,0,0,64,2,62,0,0,0,5,0,5,0,0,
3101011002,DKI JAKARTA,KAB.ADM.KEP.SERIBU,KEP. SERIBU UTARA,PULAU KELAPA,60,0,1,1,58,0,0,0,0,0,3,0,0,3,155,10,145,1,0,1,7,0,6,0,1,
3101011001,DKI JAKARTA,KAB.ADM.KEP.SERIBU,KEP. SERIBU UTARA,PULAU PANGGANG,118,0,27,1,90,0,0,0,0,0,0,0,0,0,167,8,159,4,0,4,22,0,19,0,3,
3101021003,DKI JAKARTA,KAB.ADM.KEP.SERIBU,KEP. SERIBU SELATAN,PULAU PARI,6,0,0,0,6,0,0,0,0,0,0,0,0,0,171,3,168,1,0,1,5,0,4,0,1,
3101021002,DKI JAKARTA,KAB.ADM.KEP.SERIBU,KEP. SERIBU SELATAN,PULAU TIDUNG,36,0,0,0,36,1,0,0,1,0,0,0,0,0,369,15,354,1,0,1,36,0,32,0,4,
3101021001,DKI JAKARTA,KAB.ADM.KEP.SERIBU,KEP. SERIBU SELATAN,PULAU UNTUNG JAWA,25,0,1,0,24,0,0,0,0,0,0,0,0,0,108,6,102,0,0,0,4,0,3,0,1,
3174071007,DKI JAKARTA,JAKARTA SELATAN,KEBAYORAN BARU,PULO,253,3,71,1,178,1,0,0,0,1,1,0,0,1,195,39,156,0,0,0,49,0,39,0,10,
3175021001,DKI JAKARTA,JAKARTA TIMUR,PULO GADUNG,PULO GADUNG,338,2,27,2,307,0,0,0,0,0,10,0,0,10,761,75,686,27,0,27,224,9,173,5,37,
3175061005,DKI JAKARTA,JAKARTA TIMUR,CAKUNG,PULO GEBANG,459,13,57,2,387,1,0,0,0,1,7,0,1,6,1173,111,1062,58,0,58,311,13,247,5,46,
3174041004,DKI JAKARTA,JAKARTA SELATAN,PASAR MINGGU,RAGUNAN,508,16,67,2,423,1,0,0,0,1,2,0,0,2,621,81,540,24,0,24,164,21,109,5,29,
3175091005,DKI JAKARTA,JAKARTA TIMUR,CIRACAS,RAMBUTAN,380,6,40,1,333,2,0,0,0,2,12,0,0,12,650,36,614,29,0,29,134,8,98,1,27,
3172031006,DKI JAKARTA,JAKARTA UTARA,KOJA,RAWA BADAK SELATAN,427,2,20,2,403,2,0,0,0,2,2,0,0,2,510,38,472,43,0,43,281,0,261,4,16,
3172031004,DKI JAKARTA,JAKARTA UTARA,KOJA,RAWA BADAK UTARA,380,6,20,1,353,0,0,0,0,0,2,0,0,2,450,28,422,71,0,71,221,1,200,4,16,
3174071005,DKI JAKARTA,JAKARTA SELATAN,KEBAYORAN BARU,RAWA BARAT,78,1,5,2,70,0,0,0,0,0,1,0,0,1,139,11,128,0,0,0,22,1,13,1,7,
3173011003,DKI JAKARTA,JAKARTA BARAT,CENGKARENG,RAWA BUAYA,297,2,51,2,242,0,0,0,0,0,4,0,0,4,657,73,584,5,0,5,250,12,168,9,61,
3175031004,DKI JAKARTA,JAKARTA TIMUR,JATINEGARA,RAWA BUNGA,129,3,8,1,117,0,0,0,0,0,1,0,0,1,185,20,165,11,0,11,104,1,83,2,18,
3174081003,DKI JAKARTA,JAKARTA SELATAN,PANCORAN,RAWA JATI,246,2,17,0,227,2,0,0,0,2,11,0,0,11,429,30,399,7,0,7,80,5,63,0,12,
3175061002,DKI JAKARTA,JAKARTA TIMUR,CAKUNG,RAWA TERATE,111,4,23,0,84,0,0,0,0,0,2,0,0,2,305,48,257,3,0,3,118,3,79,1,35,
3175021005,DKI JAKARTA,JAKARTA TIMUR,PULO GADUNG,RAWAMANGUN,298,7,16,0,275,0,0,0,0,0,7,0,0,7,746,74,672,29,0,29,223,13,172,4,34,
3171051003,DKI JAKARTA,JAKARTA PUSAT,CEMPAKA PUTIH,RAWASARI,618,4,24,2,588,3,0,0,1,2,6,0,0,6,1158,109,1049,30,0,30,382,18,315,4,45,
3173041010,DKI JAKARTA,JAKARTA BARAT,TAMBORA,ROA MALAKA,31,0,2,0,29,1,0,0,0,1,0,0,0,0,37,1,36,1,0,1,14,1,13,0,0,
3172041006,DKI JAKARTA,JAKARTA UTARA,CILINCING,ROROTAN,310,5,15,2,288,0,0,0,0,0,3,0,0,3,563,27,536,69,0,69,136,5,122,2,7,
3174071004,DKI JAKARTA,JAKARTA SELATAN,KEBAYORAN BARU,SELONG,57,0,13,0,44,0,0,0,0,0,3,0,0,3,109,16,93,1,0,1,22,0,20,1,1,
3173061002,DKI JAKARTA,JAKARTA BARAT,KALI DERES,SEMANAN,389,9,42,3,335,0,0,0,0,0,3,0,1,2,893,70,823,7,0,7,140,4,91,1,44,
3172041007,DKI JAKARTA,JAKARTA UTARA,CILINCING,SEMPER BARAT,591,10,36,1,544,3,1,0,0,2,12,0,0,12,1056,55,1001,92,0,92,401,6,336,5,54,
3172041005,DKI JAKARTA,JAKARTA UTARA,CILINCING,SEMPER TIMUR,353,8,17,1,327,1,0,0,0,1,4,0,0,4,627,28,599,42,0,42,193,4,164,3,22,
3174071006,DKI JAKARTA,JAKARTA SELATAN,KEBAYORAN BARU,SENAYAN,170,1,128,0,41,0,0,0,0,0,9,0,0,9,305,106,199,0,0,0,103,1,54,0,48,
3171041001,DKI JAKARTA,JAKARTA PUSAT,SENEN,SENEN,169,4,7,0,158,1,0,0,0,1,7,0,0,7,644,41,603,26,0,26,147,3,127,2,15,
3171031004,DKI JAKARTA,JAKARTA PUSAT,KEMAYORAN,SERDANG,386,5,27,2,352,0,0,0,0,0,5,0,0,5,590,97,493,28,0,28,227,5,161,5,56,
3174021001,DKI JAKARTA,JAKARTA SELATAN,SETIA BUDI,SETIA BUDI,71,0,3,0,68,0,0,0,0,0,4,0,0,4,304,14,290,6,0,6,28,2,23,0,3,
3175101005,DKI JAKARTA,JAKARTA TIMUR,CIPAYUNG,SETU,225,2,10,0,213,1,0,0,0,1,2,0,0,2,287,46,241,13,0,13,93,2,75,1,15,
3173071002,DKI JAKARTA,JAKARTA BARAT,PALMERAH,SLIPI,464,4,38,2,420,0,0,0,0,0,2,0,0,2,884,100,784,40,0,40,260,19,192,3,46,
3173081004,DKI JAKARTA,JAKARTA BARAT,KEMBANGAN,SRENGSENG,424,4,89,3,328,1,0,0,0,1,6,0,1,5,1053,161,892,22,0,22,232,6,185,4,37,
3174091002,DKI JAKARTA,JAKARTA SELATAN,JAGAKARSA,SRENGSENG SAWAH,615,11,60,0,544,8,0,0,0,8,11,0,1,10,703,101,602,26,0,26,191,6,146,7,32,
3173051003,DKI JAKARTA,JAKARTA BARAT,KEBON JERUK,SUKABUMI SELATAN,234,4,9,4,217,1,0,0,0,1,1,0,0,1,571,70,501,24,0,24,155,4,117,4,30,
3173051002,DKI JAKARTA,JAKARTA BARAT,KEBON JERUK,SUKABUMI UTARA,246,3,18,3,222,0,0,0,0,0,19,0,0,19,603,85,518,42,0,42,177,7,118,7,45,
3172041002,DKI JAKARTA,JAKARTA UTARA,CILINCING,SUKAPURA,514,10,34,2,468,0,0,0,0,0,6,0,0,6,830,37,793,82,0,82,298,4,267,5,22,
3171031007,DKI JAKARTA,JAKARTA PUSAT,KEMAYORAN,SUMUR BATU,352,6,24,1,321,1,0,0,0,1,5,0,0,5,467,50,417,26,0,26,186,6,159,2,19,
3172021004,DKI JAKARTA,JAKARTA UTARA,TANJUNG PRIOK,SUNGAI BAMBU,288,5,38,0,245,0,0,0,0,0,6,0,0,6,556,49,507,34,0,34,127,2,113,4,8,
3172021006,DKI JAKARTA,JAKARTA UTARA,TANJUNG PRIOK,SUNTER AGUNG,821,5,70,1,745,2,0,0,0,2,20,0,1,19,1716,86,1630,67,0,67,494,16,402,14,62,
3172021002,DKI JAKARTA,JAKARTA UTARA,TANJUNG PRIOK,SUNTER JAYA,731,10,72,6,643,0,0,0,0,0,9,0,1,8,1394,111,1283,156,0,156,453,7,359,17,70,
3175091004,DKI JAKARTA,JAKARTA TIMUR,CIRACAS,SUSUKAN,402,4,51,1,346,0,0,0,0,0,16,0,0,16,1047,38,1009,69,0,69,133,4,92,5,32,
3173031001,DKI JAKARTA,JAKARTA BARAT,TAMAN SARI,TAMAN SARI,249,1,22,0,226,2,0,0,0,2,0,0,0,0,348,46,302,12,0,12,153,4,122,4,23,
3173041001,DKI JAKARTA,JAKARTA BARAT,TAMBORA,TAMBORA,176,1,11,3,161,0,0,0,0,0,1,0,0,1,266,8,258,2,0,2,69,2,50,3,14,
3173041004,DKI JAKARTA,JAKARTA BARAT,TAMBORA,TANAH SEREAL,265,5,17,2,241,1,0,0,0,1,4,0,0,4,237,17,220,3,0,3,145,8,116,6,15,
3171081004,DKI JAKARTA,JAKARTA PUSAT,JOHAR BARU,TANAH TINGGI,394,6,15,3,370,2,0,0,0,2,2,0,0,2,868,100,768,34,0,34,358,4,316,17,21,
3173031004,DKI JAKARTA,JAKARTA BARAT,TAMAN SARI,TANGKI,213,1,13,1,198,1,0,0,0,1,3,0,0,3,267,22,245,2,0,2,90,2,75,1,12,
3174091005,DKI JAKARTA,JAKARTA SELATAN,JAGAKARSA,TANJUNG BARAT,478,11,27,1,439,1,0,0,0,1,2,0,0,2,451,64,387,11,0,11,201,1,149,5,46,
3173021005,DKI JAKARTA,JAKARTA BARAT,GROGOL PETAMBURAN,TANJUNG DUREN SELATAN,334,3,7,1,323,0,0,0,0,0,19,0,0,19,552,33,519,19,0,19,240,3,192,7,38,
3173021002,DKI JAKARTA,JAKARTA BARAT,GROGOL PETAMBURAN,TANJUNG DUREN UTARA,236,3,10,0,223,1,0,0,0,1,20,0,0,20,442,34,408,18,0,18,120,6,72,6,36,
3172021001,DKI JAKARTA,JAKARTA UTARA,TANJUNG PRIOK,TANJUNG PRIOK,427,5,37,6,379,0,0,0,0,0,10,0,0,10,657,40,617,63,0,63,312,3,255,9,45,
3174011002,DKI JAKARTA,JAKARTA SELATAN,TEBET,TEBET BARAT,386,5,34,0,347,1,0,0,0,1,8,0,0,8,563,50,513,22,0,22,265,1,217,5,42,
3174011001,DKI JAKARTA,JAKARTA SELATAN,TEBET,TEBET TIMUR,331,5,52,2,272,0,0,0,0,0,6,0,0,6,471,43,428,28,0,28,156,4,111,4,37,
3173061003,DKI JAKARTA,JAKARTA BARAT,KALI DERES,TEGAL ALUR,579,6,52,6,515,0,0,0,0,0,7,0,0,7,1084,110,974,9,0,9,162,3,119,3,37,
3174031004,DKI JAKARTA,JAKARTA SELATAN,MAMPANG PRAPATAN,TEGAL PARANG,282,6,26,3,247,5,0,0,1,4,4,0,0,4,862,104,758,10,0,10,244,3,205,5,31,
3173021003,DKI JAKARTA,JAKARTA BARAT,GROGOL PETAMBURAN,TOMANG,350,5,10,2,333,0,0,0,0,0,14,0,0,14,618,44,574,74,0,74,233,6,181,4,42,
3172031005,DKI JAKARTA,JAKARTA UTARA,KOJA,TUGU SELATAN,357,8,31,1,317,0,0,0,0,0,2,0,0,2,395,25,370,64,0,64,197,4,149,5,39,
3172031002,DKI JAKARTA,JAKARTA UTARA,KOJA,TUGU UTARA,753,16,40,0,697,3,0,0,0,3,7,0,0,7,757,49,708,80,0,80,344,3,274,9,58,
3175061006,DKI JAKARTA,JAKARTA TIMUR,CAKUNG,UJUNG MENTENG,132,1,17,2,112,1,0,0,0,1,0,0,0,0,388,39,349,18,0,18,105,4,80,3,18,
3174101005,DKI JAKARTA,JAKARTA SELATAN,PESANGGRAHAN,ULUJAMI,481,7,25,2,447,0,0,0,0,0,0,0,0,0,1029,60,969,26,0,26,191,7,150,5,29,
3175011006,DKI JAKARTA,JAKARTA TIMUR,MATRAMAN,UTAN KAYU SELATAN,420,5,17,8,390,2,0,0,0,2,2,0,0,2,717,48,669,83,0,83,227,6,184,7,30,
3175011002,DKI JAKARTA,JAKARTA TIMUR,MATRAMAN,UTAN KAYU UTARA,327,3,6,0,318,2,0,0,0,2,3,0,0,3,577,45,532,42,0,42,171,3,135,5,28,
3171031008,DKI JAKARTA,JAKARTA PUSAT,KEMAYORAN,UTAN PANJANG,330,7,15,2,306,0,0,0,0,0,2,0,0,2,414,73,341,25,0,25,244,6,153,8,77,
3172021007,DKI JAKARTA,JAKARTA UTARA,TANJUNG PRIOK,WARAKAS,401,10,48,2,341,0,0,0,0,0,10,0,0,10,781,49,732,50,0,50,220,4,191,5,20,
3173021007,DKI JAKARTA,JAKARTA BARAT,GROGOL PETAMBURAN,WIJAYA KUSUMA,303,1,9,2,291,0,0,0,0,0,7,0,0,7,717,79,638,22,0,22,203,7,138,6,52,
