id_kel,nama_provinsi,nama_kota,nama_kecamatan,nama_kelurahan,suspek,perawatan_rs,isolasi_di_rumah,suspek_meninggal,selesai_isolasi,probable,perawatan_rs,isolasi_di_rumah,probable_meninggal,selesai_isolasi,pelaku_perjalanan,perawatan_rs,isolasi_di_rumah,selesai_isolasi,kontak_erat,isolasi_di_rumah,selesai_isolasi,discarded,meninggal,selesai_isolasi,positif,dirawat,sembuh,meninggal,self_isolation,keterangan
3172051003,DKI JAKARTA,JAKARTA UTARA,PADEMANGAN,ANCOL,404,1,29,0,374,4,0,0,0,4,10,0,1,9,567,24,543,7,0,7,229,1,188,3,37,
3173041007,DKI JAKARTA,JAKARTA BARAT,TAMBORA,ANGKE,369,3,29,2,335,1,0,0,1,0,0,0,0,0,450,16,434,25,0,25,139,10,113,2,14,
3175041005,DKI JAKARTA,JAKARTA TIMUR,KRAMAT JATI,BALE KAMBANG,237,3,26,1,207,1,0,0,0,1,5,0,0,5,447,34,413,23,0,23,128,5,105,3,15,
3175031003,DKI JAKARTA,JAKARTA TIMUR,JATINEGARA,BALI MESTER,86,0,3,1,82,0,0,0,0,0,0,0,0,0,108,17,91,4,0,4,34,0,24,1,9,
3175101006,DKI JAKARTA,JAKARTA TIMUR,CIPAYUNG,BAMBU APUS,318,10,30,1,277,0,0,0,0,0,4,0,0,4,497,60,437,17,0,17,126,3,100,2,21,
3174031002,DKI JAKARTA,JAKARTA SELATAN,MAMPANG PRAPATAN,BANGKA,217,6,20,2,189,5,1,0,1,3,18,0,0,18,594,40,554,8,0,8,133,4,110,2,17,
3175051002,DKI JAKARTA,JAKARTA TIMUR,PASAR REBO,BARU,303,3,51,1,248,0,0,0,0,0,4,0,0,4,359,32,327,17,0,17,139,2,91,0,46,
3175041004,DKI JAKARTA,JAKARTA TIMUR,KRAMAT JATI,BATU AMPAR,385,1,38,1,345,2,0,0,0,2,3,0,1,2,788,61,727,25,0,25,175,15,136,4,20,
3171071002,DKI JAKARTA,JAKARTA PUSAT,TANAH ABANG,BENDUNGAN HILIR,347,0,12,0,335,0,0,0,0,0,4,0,0,4,587,59,528,9,0,9,215,16,155,3,41,
3175031002,DKI JAKARTA,JAKARTA TIMUR,JATINEGARA,BIDARA CINA,314,5,41,3,265,0,0,0,0,0,5,0,0,5,373,54,319,31,0,31,226,4,189,9,24,
3174101002,DKI JAKARTA,JAKARTA SELATAN,PESANGGRAHAN,BINTARO,610,12,37,2,559,4,0,0,0,4,9,0,0,9,1283,129,1154,24,0,24,249,12,187,8,42,
3174011005,DKI JAKARTA,JAKARTA SELATAN,TEBET,BUKIT DURI,325,5,41,3,276,1,0,0,0,1,13,0,0,13,501,56,445,13,0,13,181,7,128,7,39,
3171041006,DKI JAKARTA,JAKARTA PUSAT,SENEN,BUNGUR,198,1,10,2,185,1,0,0,0,1,13,0,0,13,475,26,449,12,0,12,154,3,135,2,14,
3175061007,DKI JAKARTA,JAKARTA TIMUR,CAKUNG,CAKUNG BARAT,274,9,34,1,230,1,0,0,0,1,0,0,0,0,622,75,547,41,0,41,213,6,158,4,45,
3175061004,DKI JAKARTA,JAKARTA TIMUR,CAKUNG,CAKUNG TIMUR,338,17,37,2,282,2,0,0,1,1,5,0,0,5,701,109,592,35,0,35,216,14,168,3,31,
3175041007,DKI JAKARTA,JAKARTA TIMUR,KRAMAT JATI,CAWANG,267,8,33,0,226,1,0,0,0,1,5,0,0,5,664,144,520,15,0,15,207,11,141,4,51,
3175101008,DKI JAKARTA,JAKARTA TIMUR,CIPAYUNG,CEGER,207,8,21,0,178,0,0,0,0,0,1,0,0,1,336,75,261,8,0,8,92,5,68,3,16,
3171031006,DKI JAKARTA,JAKARTA PUSAT,KEMAYORAN,CEMPAKA BARU,565,8,78,2,477,1,0,0,0,1,7,0,0,7,843,156,687,33,0,33,325,13,245,15,52,
3171051002,DKI JAKARTA,JAKARTA PUSAT,CEMPAKA PUTIH,CEMPAKA PUTIH BARAT,800,11,26,2,761,3,1,0,0,2,15,0,1,14,1771,124,1647,49,0,49,604,21,519,10,54,
3171051001,DKI JAKARTA,JAKARTA PUSAT,CEMPAKA PUTIH,CEMPAKA PUTIH TIMUR,551,7,25,1,518,1,1,0,0,0,10,0,0,10,1255,64,1191,54,0,54,322,18,272,5,27,
3173011001,DKI JAKARTA,JAKARTA BARAT,CENGKARENG,CENGKARENG BARAT,531,11,92,1,427,0,0,0,0,0,6,0,0,6,1106,84,1022,12,0,12,300,10,241,4,45,
3173011006,DKI JAKARTA,JAKARTA BARAT,CENGKARENG,CENGKARENG TIMUR,708,8,83,7,610,1,0,0,0,1,4,0,0,4,1485,159,1326,17,0,17,500,17,395,13,75,
3175091002,DKI JAKARTA,JAKARTA TIMUR,CIRACAS,CIBUBUR,747,6,94,4,643,1,0,0,0,1,30,0,0,30,1689,64,1625,88,0,88,262,11,200,6,45,
3171011002,DKI JAKARTA,JAKARTA PUSAT,GAMBIR,CIDENG,255,4,20,2,229,0,0,0,0,0,10,0,1,9,528,60,468,13,0,13,173,5,148,6,14,
3174091003,DKI JAKARTA,JAKARTA SELATAN,JAGAKARSA,CIGANJUR,573,7,35,1,530,2,0,0,0,2,12,0,0,12,536,84,452,13,0,13,149,2,122,4,21,
3175051003,DKI JAKARTA,JAKARTA TIMUR,PASAR REBO,CIJANTUNG,628,9,107,3,509,0,0,0,0,0,2,0,0,2,466,34,432,9,0,9,217,8,164,7,38,
3171061003,DKI JAKARTA,JAKARTA PUSAT,MENTENG,CIKINI,132,3,9,0,120,0,0,0,0,0,1,0,0,1,184,8,176,11,0,11,43,2,36,2,3,
3174081006,DKI JAKARTA,JAKARTA SELATAN,PANCORAN,CIKOKO,155,1,6,0,148,1,0,0,0,1,10,0,0,10,257,21,236,0,0,0,56,2,47,1,6,
3174061001,DKI JAKARTA,JAKARTA SELATAN,CILANDAK,CILANDAK BARAT,762,12,87,5,658,1,0,0,0,1,97,0,1,96,1242,181,1061,37,0,37,269,14,218,7,30,
3174041003,DKI JAKARTA,JAKARTA SELATAN,PASAR MINGGU,CILANDAK TIMUR,407,7,62,1,337,4,0,0,0,4,17,0,0,17,374,45,329,86,0,86,222,4,197,7,14,
3175101002,DKI JAKARTA,JAKARTA TIMUR,CIPAYUNG,CILANGKAP,285,6,27,1,251,1,0,0,0,1,2,0,0,2,513,68,445,20,0,20,140,8,105,0,27,
3175041006,DKI JAKARTA,JAKARTA TIMUR,KRAMAT JATI,CILILITAN,269,4,26,1,238,0,0,0,0,0,6,0,0,6,676,73,603,45,0,45,209,5,166,4,34,
3172041001,DKI JAKARTA,JAKARTA UTARA,CILINCING,CILINCING,497,16,52,1,428,0,0,0,0,0,6,0,0,6,1085,47,1038,79,0,79,324,9,294,7,14,
3175101001,DKI JAKARTA,JAKARTA TIMUR,CIPAYUNG,CIPAYUNG,421,6,39,2,374,3,0,0,1,2,7,0,0,7,541,96,445,24,0,24,176,8,146,2,20,
3174091006,DKI JAKARTA,JAKARTA SELATAN,JAGAKARSA,CIPEDAK,487,8,23,0,456,2,0,0,0,2,1,0,0,1,629,222,407,6,0,6,223,4,109,2,108,
3174061005,DKI JAKARTA,JAKARTA SELATAN,CILANDAK,CIPETE SELATAN,226,2,27,1,196,2,0,0,0,2,45,0,0,45,425,77,348,6,0,6,98,7,65,7,19,
3174071010,DKI JAKARTA,JAKARTA SELATAN,KEBAYORAN BARU,CIPETE UTARA,470,5,70,3,392,0,0,0,0,0,9,0,0,9,465,89,376,5,0,5,112,3,86,3,20,
3175021003,DKI JAKARTA,JAKARTA TIMUR,PULO GADUNG,CIPINANG,261,8,21,2,230,1,0,0,0,1,3,0,0,3,794,86,708,37,0,37,269,11,220,9,29,
3175031007,DKI JAKARTA,JAKARTA TIMUR,JATINEGARA,CIPINANG BESAR SELATAN,212,6,17,2,187,2,0,0,0,2,1,0,0,1,416,62,354,16,0,16,144,3,112,2,27,
3175031008,DKI JAKARTA,JAKARTA TIMUR,JATINEGARA,CIPINANG BESAR UTARA,340,4,29,0,307,1,0,0,0,1,3,0,0,3,567,80,487,17,0,17,244,8,207,5,24,
3175031005,DKI JAKARTA,JAKARTA TIMUR,JATINEGARA,CIPINANG CEMPEDAK,221,3,19,2,197,0,0,0,0,0,3,0,0,3,385,47,338,17,0,17,134,0,107,3,24,
3175081005,DKI JAKARTA,JAKARTA TIMUR,MAKASAR,CIPINANG MELAYU,319,7,37,2,273,3,1,0,0,2,3,0,0,3,635,57,578,20,0,20,228,10,183,5,30,
3175031006,DKI JAKARTA,JAKARTA TIMUR,JATINEGARA,CIPINANG MUARA,364,10,40,1,313,5,0,0,0,5,6,0,0,6,729,93,636,25,0,25,252,11,210,4,27,
3174051003,DKI JAKARTA,JAKARTA SELATAN,KEBAYORAN LAMA,CIPULIR,269,3,22,4,240,6,0,0,0,6,6,0,0,6,485,24,461,8,0,8,174,6,136,4,28,
3175091001,DKI JAKARTA,JAKARTA TIMUR,CIRACAS,CIRACAS,756,13,84,9,650,3,0,0,0,3,22,0,0,22,1406,68,1338,44,0,44,363,14,278,10,61,
3175041003,DKI JAKARTA,JAKARTA TIMUR,KRAMAT JATI,DUKUH,228,7,34,1,186,0,0,0,0,0,1,0,0,1,576,97,479,13,0,13,118,2,95,2,19,
3175071001,DKI JAKARTA,JAKARTA TIMUR,DUREN SAWIT,DUREN SAWIT,777,9,32,3,733,17,2,0,0,15,2,0,0,2,936,95,841,29,0,29,465,10,393,12,50,
3174081004,DKI JAKARTA,JAKARTA SELATAN,PANCORAN,DUREN TIGA,338,3,20,0,315,2,0,0,0,2,6,0,2,4,535,53,482,3,0,3,148,3,114,0,31,
3173051005,DKI JAKARTA,JAKARTA BARAT,KEBON JERUK,DURI KEPA,426,4,34,2,386,3,0,0,0,3,12,0,0,12,1126,88,1038,70,0,70,340,14,263,9,54,
3173011002,DKI JAKARTA,JAKARTA BARAT,CENGKARENG,DURI KOSAMBI,486,5,62,3,416,0,0,0,0,0,4,0,0,4,888,82,806,11,0,11,300,18,217,4,61,
3171011006,DKI JAKARTA,JAKARTA PUSAT,GAMBIR,DURI PULO,164,1,20,3,140,0,0,0,0,0,1,0,0,1,370,51,319,7,0,7,149,2,126,5,16,
3173041011,DKI JAKARTA,JAKARTA BARAT,TAMBORA,DURI SELATAN,131,4,15,1,111,0,0,0,0,0,2,0,0,2,137,11,126,4,0,4,63,0,53,3,7,
3173041003,DKI JAKARTA,JAKARTA BARAT,TAMBORA,DURI UTARA,175,1,19,2,153,1,0,0,0,1,2,0,0,2,202,12,190,3,0,3,112,2,91,4,15,
3171081003,DKI JAKARTA,JAKARTA PUSAT,JOHAR BARU,GALUR,193,0,12,0,181,3,0,0,0,3,3,0,0,3,472,56,416,46,0,46,205,2,180,9,14,
3171011001,DKI JAKARTA,JAKARTA PUSAT,GAMBIR,GAMBIR,79,4,5,0,70,1,0,0,0,1,17,0,0,17,342,12,330,6,0,6,163,0,152,0,11,
3174061004,DKI JAKARTA,JAKARTA SELATAN,CILANDAK,GANDARIA SELATAN,178,6,15,0,157,2,0,0,0,2,20,0,0,20,591,52,539,3,0,3,132,6,92,3,31,
3174071009,DKI JAKARTA,JAKARTA SELATAN,KEBAYORAN BARU,GANDARIA UTARA,488,4,78,2,404,0,0,0,0,0,3,0,0,3,536,54,482,5,0,5,171,6,120,3,42,
3175051001,DKI JAKARTA,JAKARTA TIMUR,PASAR REBO,GEDONG,650,9,44,0,597,0,0,0,0,0,4,0,0,4,347,54,293,24,0,24,191,7,148,2,34,
3171071001,DKI JAKARTA,JAKARTA PUSAT,TANAH ABANG,GELORA,55,1,2,1,51,0,0,0,0,0,5,0,0,5,171,28,143,0,0,0,116,2,94,2,18,
3173031007,DKI JAKARTA,JAKARTA BARAT,TAMAN SARI,GLODOK,102,0,17,0,85,0,0,0,0,0,1,0,0,1,159,16,143,0,0,0,32,1,19,1,11,
3171061004,DKI JAKARTA,JAKARTA PUSAT,MENTENG,GONDANGDIA,54,1,3,1,49,0,0,0,0,0,7,0,0,7,121,10,111,7,0,7,54,1,48,3,2,
3173021001,DKI JAKARTA,JAKARTA BARAT,GROGOL PETAMBURAN,GROGOL,428,4,67,4,353,1,0,0,0,1,43,0,0,43,816,109,707,36,0,36,196,9,158,1,28,
3174051005,DKI JAKARTA,JAKARTA SELATAN,KEBAYORAN LAMA,GROGOL SELATAN,310,3,33,5,269,0,0,0,0,0,12,0,0,12,559,43,516,11,0,11,195,5,146,7,37,
3174051004,DKI JAKARTA,JAKARTA SELATAN,KEBAYORAN LAMA,GROGOL UTARA,323,2,18,4,299,0,0,0,0,0,24,0,0,24,558,45,513,16,0,16,249,9,200,8,32,
3174021007,DKI JAKARTA,JAKARTA SELATAN,SETIA BUDI,GUNTUR,55,2,5,0,48,0,0,0,0,0,1,0,0,1,178,14,164,1,0,1,31,0,24,0,7,
3174071002,DKI JAKARTA,JAKARTA SELATAN,KEBAYORAN BARU,GUNUNG,228,0,18,3,207,0,0,0,0,0,7,0,0,7,321,20,301,0,0,0,69,2,59,2,6,
3171031005,DKI JAKARTA,JAKARTA PUSAT,KEMAYORAN,GUNUNG SAHARI SELATAN,261,2,14,1,244,0,0,0,0,0,4,0,0,4,417,36,381,1,0,1,138,2,111,5,20,
3171021004,DKI JAKARTA,JAKARTA PUSAT,SAWAH BESAR,GUNUNG SAHARI UTARA,257,1,12,1,243,0,0,0,0,0,6,0,0,6,481,35,446,8,0,8,147,3,127,9,8,
3175081004,DKI JAKARTA,JAKARTA TIMUR,MAKASAR,HALIM PERDANA KUSUMAH,222,5,37,2,178,0,0,0,0,0,5,0,0,5,479,54,425,9,0,9,346,5,281,4,56,
3171031003,DKI JAKARTA,JAKARTA PUSAT,KEMAYORAN,HARAPAN MULIA,313,1,23,3,286,0,0,0,0,0,6,0,0,6,489,61,428,30,0,30,219,2,170,8,39,
3174091001,DKI JAKARTA,JAKARTA SELATAN,JAGAKARSA,JAGAKARSA,804,7,55,2,740,8,0,0,0,8,8,0,0,8,971,147,824,18,0,18,336,12,260,5,59,
3175021007,DKI JAKARTA,JAKARTA TIMUR,PULO GADUNG,JATI,326,5,22,1,298,0,0,0,0,0,7,0,0,7,840,77,763,34,0,34,224,5,199,1,19,
3174041002,DKI JAKARTA,JAKARTA SELATAN,PASAR MINGGU,JATI PADANG,434,9,71,2,352,0,0,0,0,0,3,0,0,3,554,72,482,67,0,67,167,6,111,5,45,
3173071004,DKI JAKARTA,JAKARTA BARAT,PALMERAH,JATI PULO,463,3,43,4,413,1,0,0,0,1,3,0,0,3,693,50,643,62,0,62,261,6,212,6,37,
3175061001,DKI JAKARTA,JAKARTA TIMUR,CAKUNG,JATINEGARA,558,6,121,3,428,1,0,0,0,1,3,0,0,3,1243,227,1016,43,0,43,419,18,303,7,91,
3175021004,DKI JAKARTA,JAKARTA TIMUR,PULO GADUNG,JATINEGARA KAUM,107,2,6,0,99,1,0,0,1,0,3,0,0,3,317,56,261,11,0,11,79,2,58,3,16,
3173021004,DKI JAKARTA,JAKARTA BARAT,GROGOL PETAMBURAN,JELAMBAR,362,5,30,5,322,2,0,0,0,2,25,0,0,25,673,54,619,12,0,12,189,13,140,6,30,
3173021006,DKI JAKARTA,JAKARTA BARAT,GROGOL PETAMBURAN,JELAMBAR BARU,336,2,25,2,307,2,0,0,0,2,4,0,0,4,561,65,496,18,0,18,129,2,103,4,20,
3173041006,DKI JAKARTA,JAKARTA BARAT,TAMBORA,JEMBATAN BESI,526,0,31,1,494,0,0,0,0,0,5,0,0,5,449,6,443,7,0,7,208,2,179,7,20,
3173041008,DKI JAKARTA,JAKARTA BARAT,TAMBORA,JEMBATAN LIMA,181,1,25,0,155,0,0,0,0,0,1,0,0,1,192,15,177,4,0,4,102,12,73,4,13,
3173081005,DKI JAKARTA,JAKARTA BARAT,KEMBANGAN,JOGLO,377,3,76,4,294,0,0,0,0,0,5,0,0,5,668,92,576,14,0,14,197,7,152,2,36,
3171081001,DKI JAKARTA,JAKARTA PUSAT,JOHAR BARU,JOHAR BARU,592,4,27,3,558,3,1,0,0,2,6,0,0,6,1616,118,1498,95,0,95,440,6,378,16,40,
3173041002,DKI JAKARTA,JAKARTA BARAT,TAMBORA,KALI ANYAR,344,1,27,0,316,1,0,0,0,1,3,0,0,3,336,11,325,14,0,14,163,1,142,5,15,
3172041004,DKI JAKARTA,JAKARTA UTARA,CILINCING,KALI BARU,428,12,45,5,366,0,0,0,0,0,4,0,0,4,614,26,588,43,0,43,311,2,248,7,54,
3174081002,DKI JAKARTA,JAKARTA SELATAN,PANCORAN,KALIBATA,472,8,35,4,425,7,0,0,0,7,11,0,0,11,734,69,665,12,0,12,253,3,215,5,30,
3173061001,DKI JAKARTA,JAKARTA BARAT,KALI DERES,KALIDERES,955,27,99,4,825,1,0,0,0,1,6,0,1,5,2050,209,1841,30,0,30,333,17,258,5,53,
3175051004,DKI JAKARTA,JAKARTA TIMUR,PASAR REBO,KALISARI,927,14,144,0,769,0,0,0,0,0,3,0,0,3,429,33,396,10,0,10,201,7,146,4,44,
3173061004,DKI JAKARTA,JAKARTA BARAT,KALI DERES,KAMAL,302,6,28,3,265,0,0,0,0,0,1,0,0,1,510,33,477,4,0,4,49,2,37,6,4,
3172011002,DKI JAKARTA,JAKARTA UTARA,PENJARINGAN,KAMAL MUARA,76,0,6,0,70,0,0,0,0,0,4,0,0,4,165,17,148,1,0,1,64,1,59,2,2,
3171071007,DKI JAKARTA,JAKARTA PUSAT,TANAH ABANG,KAMPUNG BALI,137,2,6,2,127,1,0,0,0,1,2,0,0,2,241,39,202,2,0,2,62,1,49,3,9,
3175031001,DKI JAKARTA,JAKARTA TIMUR,JATINEGARA,KAMPUNG MELAYU,185,4,12,5,164,2,0,0,0,2,5,0,0,5,262,52,210,4,0,4,180,4,144,3,29,
3171081002,DKI JAKARTA,JAKARTA PUSAT,JOHAR BARU,KAMPUNG RAWA,279,3,8,0,268,1,0,0,0,1,0,0,0,0,685,68,617,65,0,65,255,5,223,13,14,
3175041002,DKI JAKARTA,JAKARTA TIMUR,KRAMAT JATI,KAMPUNG TENGAH,490,14,51,1,424,1,0,0,0,1,9,0,0,9,1031,98,933,50,0,50,247,7,207,11,22,
3173011005,DKI JAKARTA,JAKARTA BARAT,CENGKARENG,KAPUK,651,11,94,16,530,1,0,0,0,1,11,0,1,10,1313,152,1161,13,0,13,440,19,315,11,95,
3172011003,DKI JAKARTA,JAKARTA UTARA,PENJARINGAN,KAPUK MUARA,195,1,22,0,172,1,0,0,0,1,10,0,0,10,494,68,426,20,0,20,134,4,97,7,26,
3171021002,DKI JAKARTA,JAKARTA PUSAT,SAWAH BESAR,KARANG ANYAR,425,5,18,5,397,1,0,0,0,1,4,0,0,4,810,52,758,9,0,9,168,2,137,6,23,
3174021004,DKI JAKARTA,JAKARTA SELATAN,SETIA BUDI,KARET,119,3,11,0,105,0,0,0,0,0,11,0,0,11,368,35,333,4,0,4,103,2,85,0,16,
3174021003,DKI JAKARTA,JAKARTA SELATAN,SETIA BUDI,KARET KUNINGAN,202,1,23,1,177,0,0,0,0,0,21,0,0,21,354,48,306,4,0,4,144,19,78,2,45,
3174021002,DKI JAKARTA,JAKARTA SELATAN,SETIA BUDI,KARET SEMANGGI,49,0,0,1,48,0,0,0,0,0,3,0,0,3,77,4,73,2,0,2,24,0,19,2,3,
3171071003,DKI JAKARTA,JAKARTA PUSAT,TANAH ABANG,KARET TENGSIN,220,0,10,0,210,0,0,0,0,0,7,0,0,7,431,53,378,2,0,2,119,5,100,2,12,
3171021003,DKI JAKARTA,JAKARTA PUSAT,SAWAH BESAR,KARTINI,303,2,14,1,286,1,0,0,0,1,0,0,0,0,651,89,562,17,0,17,203,4,170,4,25,
3175011003,DKI JAKARTA,JAKARTA TIMUR,MATRAMAN,KAYU MANIS,323,5,22,0,296,3,0,0,0,3,1,0,0,1,627,38,589,29,0,29,176,7,131,4,34,
3175021006,DKI JAKARTA,JAKARTA TIMUR,PULO GADUNG,KAYU PUTIH,407,4,22,4,377,1,0,0,1,0,11,0,0,11,986,60,926,44,0,44,261,10,221,7,23,
3173031006,DKI JAKARTA,JAKARTA BARAT,TAMAN SARI,KEAGUNGAN,278,1,24,0,253,0,0,0,0,0,3,0,0,3,468,26,442,10,0,10,154,5,138,1,10,
3174041007,DKI JAKARTA,JAKARTA SELATAN,PASAR MINGGU,KEBAGUSAN,508,6,55,1,446,3,0,0,0,3,2,0,0,2,629,42,587,39,0,39,162,6,129,0,27,
3174051006,DKI JAKARTA,JAKARTA SELATAN,KEBAYORAN LAMA,KEBAYORAN LAMA SELATAN,466,15,41,0,410,5,1,0,0,4,2,0,0,2,715,32,683,14,0,14,239,12,174,5,48,
3174051001,DKI JAKARTA,JAKARTA SELATAN,KEBAYORAN LAMA,KEBAYORAN LAMA UTARA,327,7,25,1,294,1,0,0,0,1,15,0,0,15,448,30,418,4,0,4,159,14,118,4,23,
3174011004,DKI JAKARTA,JAKARTA SELATAN,TEBET,KEBON BARU,336,1,62,2,271,0,0,0,0,0,15,0,0,15,614,77,537,18,0,18,174,9,121,3,41,
3172021005,DKI JAKARTA,JAKARTA UTARA,TANJUNG PRIOK,KEBON BAWANG,618,14,55,1,548,0,0,0,0,0,15,0,0,15,1082,59,1023,77,0,77,391,8,323,4,56,
3173051001,DKI JAKARTA,JAKARTA BARAT,KEBON JERUK,KEBON JERUK,606,6,71,6,523,2,0,0,0,2,13,0,0,13,1658,166,1492,58,0,58,554,16,437,14,87,
3171071006,DKI JAKARTA,JAKARTA PUSAT,TANAH ABANG,KEBON KACANG,412,3,13,1,395,1,0,0,0,1,0,0,0,0,452,34,418,6,0,6,272,4,242,11,15,
3171011005,DKI JAKARTA,JAKARTA PUSAT,GAMBIR,KEBON KELAPA,139,0,16,1,122,3,0,0,0,3,4,0,0,4,252,38,214,2,0,2,82,0,67,1,14,
3171031002,DKI JAKARTA,JAKARTA PUSAT,KEMAYORAN,KEBON KOSONG,340,3,30,5,302,0,0,0,0,0,8,0,0,8,406,35,371,30,0,30,218,6,178,7,27,
3175011005,DKI JAKARTA,JAKARTA TIMUR,MATRAMAN,KEBON MANGGIS,167,2,11,4,150,0,0,0,0,0,2,0,0,2,232,16,216,23,0,23,128,3,111,2,12,
3171071005,DKI JAKARTA,JAKARTA PUSAT,TANAH ABANG,KEBON MELATI,442,4,19,3,416,1,1,0,0,0,5,0,0,5,723,107,616,10,0,10,435,3,401,7,24,
3175081003,DKI JAKARTA,JAKARTA TIMUR,MAKASAR,KEBON PALA,296,3,52,1,240,1,0,0,0,1,5,0,0,5,866,82,784,16,0,16,266,14,225,5,22,
3171061005,DKI JAKARTA,JAKARTA PUSAT,MENTENG,KEBON SIRIH,148,0,11,2,135,0,0,0,0,0,2,0,0,2,280,17,263,14,0,14,126,2,118,2,4,
3173011004,DKI JAKARTA,JAKARTA BARAT,CENGKARENG,KEDAUNG KALI ANGKE,416,6,52,0,358,0,0,0,0,0,1,0,0,1,486,63,423,6,0,6,256,5,211,3,37,
3173051007,DKI JAKARTA,JAKARTA BARAT,KEBON JERUK,KEDOYA SELATAN,286,4,35,5,242,2,0,0,0,2,6,0,0,6,599,91,508,20,0,20,174,8,120,5,41,
3173051006,DKI JAKARTA,JAKARTA BARAT,KEBON JERUK,KEDOYA UTARA,316,3,52,2,259,1,0,0,0,1,15,0,0,15,771,84,687,21,0,21,239,7,177,5,50,
3173051004,DKI JAKARTA,JAKARTA BARAT,KEBON JERUK,KELAPA DUA,243,6,31,0,206,0,0,0,0,0,5,0,0,5,529,85,444,22,0,22,132,3,100,2,27,
3175091003,DKI JAKARTA,JAKARTA TIMUR,CIRACAS,KELAPA DUA WETAN,511,3,43,1,464,1,0,0,0,1,7,0,0,7,995,78,917,36,0,36,183,8,146,2,27,
3172061003,DKI JAKARTA,JAKARTA UTARA,KELAPA GADING,KELAPA GADING BARAT,786,14,37,3,732,2,0,0,0,2,48,0,1,47,1192,73,1119,112,0,112,334,9,294,5,26,
3172061001,DKI JAKARTA,JAKARTA UTARA,KELAPA GADING,KELAPA GADING TIMUR,654,15,28,2,609,2,1,0,0,1,22,0,1,21,1181,68,1113,81,0,81,247,5,172,9,61,
3173071005,DKI JAKARTA,JAKARTA BARAT,PALMERAH,KEMANGGISAN,532,6,54,6,466,0,0,0,0,0,8,0,0,8,837,82,755,50,0,50,267,13,209,9,36,
3171031001,DKI JAKARTA,JAKARTA PUSAT,KEMAYORAN,KEMAYORAN,342,3,19,3,317,0,0,0,0,0,1,0,0,1,519,37,482,22,0,22,308,4,233,10,61,
3173081006,DKI JAKARTA,JAKARTA BARAT,KEMBANGAN,KEMBANGAN SELATAN,234,3,37,1,193,0,0,0,0,0,6,0,0,6,513,46,467,52,0,52,163,6,128,4,25,
3173081001,DKI JAKARTA,JAKARTA BARAT,KEMBANGAN,KEMBANGAN UTARA,513,12,73,3,425,4,0,0,1,3,3,0,0,3,1409,123,1286,10,0,10,255,9,187,5,54,
3171041002,DKI JAKARTA,JAKARTA PUSAT,SENEN,KENARI,191,4,12,1,174,1,0,0,0,1,4,0,0,4,461,41,420,46,0,46,167,2,152,2,11,
3173041005,DKI JAKARTA,JAKARTA BARAT,TAMBORA,KERENDANG,248,4,22,2,220,1,0,0,0,1,0,0,0,0,193,23,170,7,0,7,121,0,97,7,17,
3175071003,DKI JAKARTA,JAKARTA TIMUR,DUREN SAWIT,KLENDER,585,3,34,2,546,4,1,0,0,3,5,0,1,4,867,85,782,27,0,27,334,6,256,12,60,
3172031001,DKI JAKARTA,JAKARTA UTARA,KOJA,KOJA,280,1,17,0,262,0,0,0,0,0,4,0,0,4,409,17,392,38,0,38,265,3,206,5,51,
3173071006,DKI JAKARTA,JAKARTA BARAT,PALMERAH,KOTA BAMBU SELATAN,446,8,35,5,398,0,0,0,0,0,1,0,0,1,804,62,742,71,0,71,225,2,195,5,23,
3173071003,DKI JAKARTA,JAKARTA BARAT,PALMERAH,KOTA BAMBU UTARA,366,2,29,11,324,1,1,0,0,0,3,0,0,3,540,36,504,54,0,54,208,3,188,6,11,
3171041004,DKI JAKARTA,JAKARTA PUSAT,SENEN,KRAMAT,369,4,21,6,338,0,0,0,0,0,7,0,0,7,858,52,806,33,0,33,248,2,211,10,25,
3175041001,DKI JAKARTA,JAKARTA TIMUR,KRAMAT JATI,KRAMAT JATI,359,2,55,1,301,0,0,0,0,0,10,0,0,10,792,149,643,22,0,22,287,14,199,6,68,
3174071003,DKI JAKARTA,JAKARTA SELATAN,KEBAYORAN BARU,KRAMAT PELA,217,2,21,0,194,0,0,0,0,0,0,0,0,0,485,18,467,6,0,6,126,2,105,0,19,
3173031002,DKI JAKARTA,JAKARTA BARAT,TAMAN SARI,KRUKUT,252,3,37,6,206,1,0,0,0,1,3,0,0,3,411,64,347,12,0,12,160,4,130,4,22,
3174031005,DKI JAKARTA,JAKARTA SELATAN,MAMPANG PRAPATAN,KUNINGAN BARAT,113,3,19,1,90,0,0,0,0,0,0,0,0,0,451,37,414,5,0,5,103,5,75,0,23,
3174021008,DKI JAKARTA,JAKARTA SELATAN,SETIA BUDI,KUNINGAN TIMUR,113,0,2,1,110,1,0,0,0,1,20,0,0,20,153,23,130,1,0,1,76,3,63,2,8,
3171041005,DKI JAKARTA,JAKARTA PUSAT,SENEN,KWITANG,219,1,14,0,204,2,0,0,0,2,6,0,0,6,421,29,392,10,0,10,108,1,95,5,7,
3172031003,DKI JAKARTA,JAKARTA UTARA,KOJA,LAGOA,546,4,27,1,514,0,0,0,0,0,5,0,0,5,632,30,602,65,0,65,567,9,491,10,57,
3174061002,DKI JAKARTA,JAKARTA SELATAN,CILANDAK,LEBAK BULUS,348,1,61,2,284,3,0,0,0,3,27,0,0,27,837,256,581,22,0,22,417,3,141,9,264,
3174091004,DKI JAKARTA,JAKARTA SELATAN,JAGAKARSA,LENTENG AGUNG,562,7,40,0,515,3,0,0,0,3,6,0,0,6,577,77,500,14,0,14,184,4,141,2,37,
LUAR DKI JAKARTA,LUAR DKI JAKARTA,LUAR DKI JAKARTA,LUAR DKI JAKARTA,LUAR DKI JAKARTA,30605,561,3515,98,26431,74,12,0,0,62,598,0,11,587,48609,9444,39165,1763,0,1763,7059,274,6174,117,494,
3175101007,DKI JAKARTA,JAKARTA TIMUR,CIPAYUNG,LUBANG BUAYA,691,19,140,3,529,2,0,0,0,2,7,0,0,7,683,72,611,29,0,29,305,25,212,2,66,
3175081001,DKI JAKARTA,JAKARTA TIMUR,MAKASAR,MAKASAR,286,8,52,1,225,0,0,0,0,0,8,0,0,8,1014,108,906,23,0,23,230,11,189,0,30,
3175071006,DKI JAKARTA,JAKARTA TIMUR,DUREN SAWIT,MALAKA JAYA,303,7,17,2,277,1,0,0,0,1,2,0,0,2,521,44,477,15,0,15,199,3,159,1,36,
3175071005,DKI JAKARTA,JAKARTA TIMUR,DUREN SAWIT,MALAKA SARI,278,3,26,1,248,0,0,0,0,0,1,0,0,1,453,52,401,13,0,13,171,5,132,3,31,
3174031001,DKI JAKARTA,JAKARTA SELATAN,MAMPANG PRAPATAN,MAMPANG PRAPATAN,273,4,28,2,239,1,1,0,0,0,0,0,0,0,942,72,870,10,0,10,270,5,227,8,30,
3173031005,DKI JAKARTA,JAKARTA BARAT,TAMAN SARI,MANGGA BESAR,128,4,11,1,112,1,0,0,0,1,0,0,0,0,152,14,138,6,0,6,53,1,47,1,4,
3171021005,DKI JAKARTA,JAKARTA PUSAT,SAWAH BESAR,MANGGA DUA SELATAN,370,4,28,1,337,3,0,0,0,3,1,0,0,1,752,62,690,9,0,9,197,3,170,4,20,
3174011007,DKI JAKARTA,JAKARTA SELATAN,TEBET,MANGGARAI,360,9,33,0,318,4,0,0,0,4,4,0,0,4,483,39,444,23,0,23,178,3,138,1,36,
3174011006,DKI JAKARTA,JAKARTA SELATAN,TEBET,MANGGARAI SELATAN,241,9,40,2,190,0,0,0,0,0,6,0,0,6,440,37,403,21,0,21,100,6,74,2,18,
3173031003,DKI JAKARTA,JAKARTA BARAT,TAMAN SARI,MAPHAR,199,0,22,1,176,0,0,0,0,0,6,0,0,6,360,42,318,38,0,38,182,1,167,1,13,
3172041003,DKI JAKARTA,JAKARTA UTARA,CILINCING,MARUNDA,250,4,22,0,224,3,1,0,0,2,0,0,0,0,336,19,317,13,0,13,94,0,90,1,3,
3174071001,DKI JAKARTA,JAKARTA SELATAN,KEBAYORAN BARU,MELAWAI,52,0,4,0,48,0,0,0,0,0,1,0,0,1,71,11,60,0,0,0,16,1,11,1,3,
3171061001,DKI JAKARTA,JAKARTA PUSAT,MENTENG,MENTENG,368,2,36,2,328,2,0,0,0,2,2,0,0,2,680,55,625,27,0,27,248,6,210,10,22,
3174021005,DKI JAKARTA,JAKARTA SELATAN,SETIA BUDI,MENTENG ATAS,319,6,26,3,284,1,0,0,0,1,47,0,1,46,1214,141,1073,37,0,37,226,3,165,3,55,
3174011003,DKI JAKARTA,JAKARTA SELATAN,TEBET,MENTENG DALAM,519,4,31,4,480,3,0,0,0,3,13,0,0,13,677,37,640,39,0,39,189,4,152,6,27,
3173081003,DKI JAKARTA,JAKARTA BARAT,KEMBANGAN,MERUYA SELATAN,316,7,36,1,272,0,0,0,0,0,3,0,0,3,703,103,600,17,0,17,182,4,120,3,55,
3173081002,DKI JAKARTA,JAKARTA BARAT,KEMBANGAN,MERUYA UTARA,494,8,85,6,395,1,0,0,1,0,7,0,0,7,869,96,773,10,0,10,207,9,162,2,34,
3175101004,DKI JAKARTA,JAKARTA TIMUR,CIPAYUNG,MUNJUL,241,4,30,0,207,0,0,0,0,0,3,0,0,3,306,41,265,24,0,24,89,5,64,1,19,
3172051002,DKI JAKARTA,JAKARTA UTARA,PADEMANGAN,PADEMANGAN BARAT,1718,6,81,5,1626,5,1,0,0,4,15,0,1,14,2358,89,2269,34,0,34,658,9,592,21,36,
3172051001,DKI JAKARTA,JAKARTA UTARA,PADEMANGAN,PADEMANGAN TIMUR,554,2,39,3,510,2,0,0,0,2,13,0,0,13,815,51,764,16,0,16,252,3,185,4,60,
3175011004,DKI JAKARTA,JAKARTA TIMUR,MATRAMAN,PAL MERIAM,232,5,17,2,208,2,0,0,0,2,2,0,0,2,581,45,536,58,0,58,185,4,147,6,28,
3173071001,DKI JAKARTA,JAKARTA BARAT,PALMERAH,PALMERAH,1056,6,180,2,868,0,0,0,0,0,2,0,0,2,1687,208,1479,78,0,78,429,16,337,17,59,
3174081001,DKI JAKARTA,JAKARTA SELATAN,PANCORAN,PANCORAN,330,5,32,0,293,1,0,0,0,1,9,0,0,9,548,35,513,6,0,6,212,4,172,4,32,
3172021003,DKI JAKARTA,JAKARTA UTARA,TANJUNG PRIOK,PAPANGGO,401,5,53,0,343,1,0,0,0,1,7,0,0,7,783,85,698,56,0,56,257,3,195,2,57,
3171021001,DKI JAKARTA,JAKARTA PUSAT,SAWAH BESAR,PASAR BARU,219,0,10,2,207,1,0,0,0,1,5,0,0,5,436,23,413,9,0,9,152,2,140,1,9,
3174021006,DKI JAKARTA,JAKARTA SELATAN,SETIA BUDI,PASAR MANGGIS,214,2,10,3,199,4,1,0,0,3,27,0,0,27,892,79,813,17,0,17,195,4,143,8,40,
3174041001,DKI JAKARTA,JAKARTA SELATAN,PASAR MINGGU,PASAR MINGGU,373,2,42,1,328,2,0,0,0,2,5,0,0,5,543,103,440,20,0,20,204,3,172,4,25,
3171041003,DKI JAKARTA,JAKARTA PUSAT,SENEN,PASEBAN,486,4,34,1,447,2,0,0,0,2,12,0,0,12,857,102,755,61,0,61,262,6,212,8,36,
3173061005,DKI JAKARTA,JAKARTA BARAT,KALI DERES,PEGADUNGAN,653,6,65,7,575,0,0,0,0,0,10,0,0,10,1366,121,1245,17,0,17,235,16,176,6,37,
3171061002,DKI JAKARTA,JAKARTA PUSAT,MENTENG,PEGANGSAAN,343,2,29,2,310,1,0,0,0,1,2,0,0,2,831,37,794,51,0,51,347,12,304,4,27,
3172061002,DKI JAKARTA,JAKARTA UTARA,KELAPA GADING,PEGANGSAAN DUA,744,14,43,1,686,1,0,0,0,1,41,0,0,41,1545,93,1452,143,0,143,358,9,288,8,53,
3172011004,DKI JAKARTA,JAKARTA UTARA,PENJARINGAN,PEJAGALAN,489,9,57,2,421,3,0,0,0,3,8,0,1,7,852,86,766,28,0,28,240,7,189,5,39,
3174041006,DKI JAKARTA,JAKARTA SELATAN,PASAR MINGGU,PEJATEN BARAT,410,14,40,2,354,8,1,0,0,7,2,0,1,1,630,64,566,73,0,73,205,8,162,2,33,
3174041005,DKI JAKARTA,JAKARTA SELATAN,PASAR MINGGU,PEJATEN TIMUR,441,6,49,1,385,4,0,0,0,4,3,0,0,3,585,63,522,40,0,40,194,12,151,9,22,
3175051005,DKI JAKARTA,JAKARTA TIMUR,PASAR REBO,PEKAYON,762,6,85,1,670,1,1,0,0,0,3,0,0,3,307,36,271,12,0,12,174,7,131,2,34,
3173041009,DKI JAKARTA,JAKARTA BARAT,TAMBORA,PEKOJAN,271,2,17,2,250,0,0,0,0,0,2,0,0,2,235,14,221,17,0,17,109,5,94,3,7,
3174031003,DKI JAKARTA,JAKARTA SELATAN,MAMPANG PRAPATAN,PELA MAMPANG,327,5,40,2,280,4,0,0,0,4,14,0,0,14,1348,151,1197,6,0,6,265,6,200,5,54,
3174081005,DKI JAKARTA,JAKARTA SELATAN,PANCORAN,PENGADEGAN,181,2,19,2,158,0,0,0,0,0,8,0,0,8,366,27,339,10,0,10,96,7,78,1,10,
3175061003,DKI JAKARTA,JAKARTA TIMUR,CAKUNG,PENGGILINGAN,557,12,65,1,479,1,0,0,0,1,7,0,0,7,1497,198,1299,76,0,76,481,28,375,10,68,
3172011001,DKI JAKARTA,JAKARTA UTARA,PENJARINGAN,PENJARINGAN,1006,25,125,4,852,1,0,0,0,1,23,0,0,23,2791,135,2656,120,0,120,555,9,446,15,85,
3174101001,DKI JAKARTA,JAKARTA SELATAN,PESANGGRAHAN,PESANGGRAHAN,397,6,22,4,365,2,0,0,1,1,0,0,0,0,788,84,704,19,0,19,139,2,109,3,25,
3171071004,DKI JAKARTA,JAKARTA PUSAT,TANAH ABANG,PETAMBURAN,533,5,26,7,495,0,0,0,0,0,7,0,0,7,695,116,579,9,0,9,406,16,354,12,24,
3174071008,DKI JAKARTA,JAKARTA SELATAN,KEBAYORAN BARU,PETOGOGAN,178,0,60,0,118,0,0,0,0,0,3,0,0,3,235,27,208,0,0,0,58,2,49,0,7,
3171011004,DKI JAKARTA,JAKARTA PUSAT,GAMBIR,PETOJO SELATAN,215,2,15,1,197,0,0,0,0,0,25,0,1,24,703,96,607,15,0,15,248,4,208,8,28,
3171011003,DKI JAKARTA,JAKARTA PUSAT,GAMBIR,PETOJO UTARA,179,0,16,3,160,1,0,0,0,1,11,0,0,11,367,45,322,25,0,25,134,4,111,3,16,
3174101004,DKI JAKARTA,JAKARTA SELATAN,PESANGGRAHAN,PETUKANGAN SELATAN,393,7,21,2,363,0,0,0,0,0,2,0,0,2,786,67,719,8,0,8,150,8,101,4,37,
3174101003,DKI JAKARTA,JAKARTA SELATAN,PESANGGRAHAN,PETUKANGAN UTARA,495,7,69,4,415,2,0,0,0,2,5,0,0,5,1535,148,1387,9,0,9,273,11,190,2,70,
3175081002,DKI JAKARTA,JAKARTA TIMUR,MAKASAR,PINANG RANTI,218,5,38,1,174,0,0,0,0,0,0,0,0,0,605,51,554,28,0,28,136,7,103,4,22,
3173031008,DKI JAKARTA,JAKARTA BARAT,TAMAN SARI,PINANGSIA,131,2,16,1,112,0,0,0,0,0,2,0,0,2,217,14,203,2,0,2,84,5,73,0,6,
3175011001,DKI JAKARTA,JAKARTA TIMUR,MATRAMAN,PISANGAN BARU,323,8,22,3,290,1,0,0,0,1,3,0,0,3,425,44,381,31,0,31,166,2,135,7,22,
3175021002,DKI JAKARTA,JAKARTA TIMUR,PULO GADUNG,PISANGAN TIMUR,308,1,28,4,275,1,0,0,0,1,10,0,0,10,682,123,559,29,0,29,187,7,151,5,24,
3172011005,DKI JAKARTA,JAKARTA UTARA,PENJARINGAN,PLUIT,351,2,46,4,299,0,0,0,0,0,12,0,0,12,1160,104,1056,17,0,17,196,10,155,8,23,
3175071002,DKI JAKARTA,JAKARTA TIMUR,DUREN SAWIT,PONDOK BAMBU,911,5,39,1,866,5,0,0,0,5,3,0,0,3,947,112,835,29,0,29,357,4,291,6,56,
3175071004,DKI JAKARTA,JAKARTA TIMUR,DUREN SAWIT,PONDOK KELAPA,631,8,50,0,573,0,0,0,0,0,11,0,0,11,1052,102,950,22,0,22,335,12,264,10,49,
3175071007,DKI JAKARTA,JAKARTA TIMUR,DUREN SAWIT,PONDOK KOPI,397,0,47,1,349,0,0,0,0,0,2,0,0,2,436,28,408,13,0,13,226,4,164,8,50,
3174061003,DKI JAKARTA,JAKARTA SELATAN,CILANDAK,PONDOK LABU,428,15,66,1,346,6,0,0,0,6,73,0,0,73,974,119,855,37,0,37,167,3,124,1,39,
3174051002,DKI JAKARTA,JAKARTA SELATAN,KEBAYORAN LAMA,PONDOK PINANG,504,1,40,4,459,0,0,0,0,0,44,0,0,44,774,90,684,11,0,11,253,6,201,9,37,
3175101003,DKI JAKARTA,JAKARTA TIMUR,CIPAYUNG,PONDOK RANGGON,249,1,28,3,217,0,0,0,0,0,3,0,0,3,334,53,281,21,0,21,147,4,99,1,43,
PROSES UPDATE DATA,PROSES UPDATE DATA,PROSES UPDATE DATA,PROSES UPDATE DATA,PROSES UPDATE DATA,13091,73,642,1696,10680,2945,0,0,2943,2,104,0,0,104,13203,2723,10480,68,1,67,21536,551,18703,444,1838,
3101011003,DKI JAKARTA,KAB.ADM.KEP.SERIBU,KEP. SERIBU UTARA,PULAU HARAPAN,61,0,0,0,61,0,0,0,0,0,0,0,0,0,64,2,62,0,0,0,4,0,4,0,0,
3101011002,DKI JAKARTA,KAB.ADM.KEP.SERIBU,KEP. SERIBU UTARA,PULAU KELAPA,60,0,0,1,59,0,0,0,0,0,3,0,0,3,155,8,147,1,0,1,7,0,6,0,1,
3101011001,DKI JAKARTA,KAB.ADM.KEP.SERIBU,KEP. SERIBU UTARA,PULAU PANGGANG,123,0,30,1,92,0,0,0,0,0,0,0,0,0,170,7,163,4,0,4,23,0,19,0,4,
3101021003,DKI JAKARTA,KAB.ADM.KEP.SERIBU,KEP. SERIBU SELATAN,PULAU PARI,6,0,0,0,6,0,0,0,0,0,0,0,0,0,172,2,170,1,0,1,5,0,4,0,1,
3101021002,DKI JAKARTA,KAB.ADM.KEP.SERIBU,KEP. SERIBU SELATAN,PULAU TIDUNG,36,0,0,0,36,1,0,0,1,0,0,0,0,0,372,17,355,1,0,1,36,0,33,0,3,
3101021001,DKI JAKARTA,KAB.ADM.KEP.SERIBU,KEP. SERIBU SELATAN,PULAU UNTUNG JAWA,25,0,0,0,25,0,0,0,0,0,0,0,0,0,108,4,104,0,0,0,5,1,4,0,0,
3174071007,DKI JAKARTA,JAKARTA SELATAN,KEBAYORAN BARU,PULO,264,3,28,1,232,1,0,0,0,1,1,0,0,1,199,20,179,0,0,0,49,0,39,0,10,
3175021001,DKI JAKARTA,JAKARTA TIMUR,PULO GADUNG,PULO GADUNG,363,5,38,2,318,0,0,0,0,0,11,0,0,11,806,79,727,31,0,31,241,12,193,5,31,
3175061005,DKI JAKARTA,JAKARTA TIMUR,CAKUNG,PULO GEBANG,487,4,68,2,413,1,0,0,0,1,8,0,2,6,1240,133,1107,61,0,61,326,13,260,8,45,
3174041004,DKI JAKARTA,JAKARTA SELATAN,PASAR MINGGU,RAGUNAN,578,18,106,2,452,1,0,0,0,1,2,0,0,2,640,79,561,24,0,24,175,9,135,5,26,
3175091005,DKI JAKARTA,JAKARTA TIMUR,CIRACAS,RAMBUTAN,402,3,40,1,358,2,0,0,0,2,12,0,0,12,663,35,628,29,0,29,143,13,103,1,26,
3172031006,DKI JAKARTA,JAKARTA UTARA,KOJA,RAWA BADAK SELATAN,444,4,12,2,426,2,0,0,0,2,2,0,0,2,526,30,496,48,0,48,283,0,267,4,12,
3172031004,DKI JAKARTA,JAKARTA UTARA,KOJA,RAWA BADAK UTARA,394,5,17,1,371,0,0,0,0,0,2,0,0,2,470,29,441,72,0,72,222,2,204,4,12,
3174071005,DKI JAKARTA,JAKARTA SELATAN,KEBAYORAN BARU,RAWA BARAT,83,1,9,2,71,0,0,0,0,0,1,0,0,1,144,13,131,0,0,0,23,1,15,1,6,
3173011003,DKI JAKARTA,JAKARTA BARAT,CENGKARENG,RAWA BUAYA,328,5,54,2,267,1,1,0,0,0,4,0,0,4,719,114,605,5,0,5,256,8,187,10,51,
3175031004,DKI JAKARTA,JAKARTA TIMUR,JATINEGARA,RAWA BUNGA,145,3,17,1,124,0,0,0,0,0,1,0,0,1,211,33,178,12,0,12,113,1,86,2,24,
3174081003,DKI JAKARTA,JAKARTA SELATAN,PANCORAN,RAWA JATI,258,1,18,0,239,2,0,0,0,2,11,0,0,11,441,29,412,7,0,7,86,6,65,0,15,
3175061002,DKI JAKARTA,JAKARTA TIMUR,CAKUNG,RAWA TERATE,123,4,27,0,92,0,0,0,0,0,2,0,0,2,329,54,275,5,0,5,135,2,94,1,38,
3175021005,DKI JAKARTA,JAKARTA TIMUR,PULO GADUNG,RAWAMANGUN,308,2,20,0,286,0,0,0,0,0,7,0,0,7,790,98,692,30,0,30,247,13,188,5,41,
3171051003,DKI JAKARTA,JAKARTA PUSAT,CEMPAKA PUTIH,RAWASARI,649,3,29,2,615,3,0,0,1,2,7,0,0,7,1211,112,1099,32,0,32,395,18,340,5,32,
3173041010,DKI JAKARTA,JAKARTA BARAT,TAMBORA,ROA MALAKA,35,2,3,0,30,1,0,0,0,1,0,0,0,0,41,4,37,1,0,1,14,1,13,0,0,
3172041006,DKI JAKARTA,JAKARTA UTARA,CILINCING,ROROTAN,342,8,34,2,298,0,0,0,0,0,4,0,0,4,587,38,549,73,0,73,139,6,125,2,6,
3174071004,DKI JAKARTA,JAKARTA SELATAN,KEBAYORAN BARU,SELONG,63,0,16,0,47,0,0,0,0,0,3,0,0,3,111,14,97,2,0,2,26,0,20,1,5,
3173061002,DKI JAKARTA,JAKARTA BARAT,KALI DERES,SEMANAN,459,11,88,3,357,1,1,0,0,0,3,0,0,3,972,104,868,7,0,7,155,7,102,1,45,
3172041007,DKI JAKARTA,JAKARTA UTARA,CILINCING,SEMPER BARAT,645,7,71,1,566,3,1,0,0,2,12,0,0,12,1096,81,1015,100,0,100,413,6,340,6,61,
3172041005,DKI JAKARTA,JAKARTA UTARA,CILINCING,SEMPER TIMUR,387,5,47,1,334,1,0,0,0,1,4,0,0,4,645,35,610,47,0,47,200,4,171,3,22,
3174071006,DKI JAKARTA,JAKARTA SELATAN,KEBAYORAN BARU,SENAYAN,209,1,166,0,42,0,0,0,0,0,9,0,0,9,312,113,199,0,0,0,109,1,60,0,48,
3171041001,DKI JAKARTA,JAKARTA PUSAT,SENEN,SENEN,179,3,12,0,164,1,0,0,0,1,7,0,0,7,653,45,608,26,0,26,145,2,129,2,12,
3171031004,DKI JAKARTA,JAKARTA PUSAT,KEMAYORAN,SERDANG,405,4,28,2,371,0,0,0,0,0,5,0,0,5,644,85,559,29,0,29,236,2,183,6,45,
3174021001,DKI JAKARTA,JAKARTA SELATAN,SETIA BUDI,SETIA BUDI,76,1,5,0,70,0,0,0,0,0,4,0,0,4,316,16,300,6,0,6,29,2,25,0,2,
3175101005,DKI JAKARTA,JAKARTA TIMUR,CIPAYUNG,SETU,238,4,11,0,223,1,0,0,0,1,2,0,0,2,356,63,293,14,0,14,94,1,79,1,13,
3173071002,DKI JAKARTA,JAKARTA BARAT,PALMERAH,SLIPI,484,3,37,2,442,0,0,0,0,0,2,0,0,2,920,111,809,40,0,40,271,17,201,3,50,
3173081004,DKI JAKARTA,JAKARTA BARAT,KEMBANGAN,SRENGSENG,472,2,93,3,374,1,0,0,0,1,6,0,1,5,1129,185,944,22,0,22,257,8,192,4,53,
3174091002,DKI JAKARTA,JAKARTA SELATAN,JAGAKARSA,SRENGSENG SAWAH,657,11,74,0,572,8,0,0,0,8,11,0,0,11,763,124,639,26,0,26,203,9,151,7,36,
3173051003,DKI JAKARTA,JAKARTA BARAT,KEBON JERUK,SUKABUMI SELATAN,256,5,15,4,232,1,0,0,0,1,1,0,0,1,619,98,521,24,0,24,160,5,124,4,27,
3173051002,DKI JAKARTA,JAKARTA BARAT,KEBON JERUK,SUKABUMI UTARA,268,4,25,3,236,0,0,0,0,0,19,0,0,19,647,106,541,45,0,45,186,9,132,7,38,
3172041002,DKI JAKARTA,JAKARTA UTARA,CILINCING,SUKAPURA,531,8,38,2,483,0,0,0,0,0,6,0,0,6,847,39,808,89,0,89,306,9,273,5,19,
3171031007,DKI JAKARTA,JAKARTA PUSAT,KEMAYORAN,SUMUR BATU,375,5,25,1,344,1,0,0,0,1,5,0,0,5,500,57,443,28,0,28,195,5,167,2,21,
3172021004,DKI JAKARTA,JAKARTA UTARA,TANJUNG PRIOK,SUNGAI BAMBU,310,7,40,0,263,0,0,0,0,0,7,0,1,6,578,58,520,34,0,34,146,4,113,4,25,
3172021006,DKI JAKARTA,JAKARTA UTARA,TANJUNG PRIOK,SUNTER AGUNG,870,6,89,1,774,3,0,0,0,3,20,0,0,20,1793,135,1658,75,0,75,519,18,406,15,80,
3172021002,DKI JAKARTA,JAKARTA UTARA,TANJUNG PRIOK,SUNTER JAYA,778,11,94,6,667,1,1,0,0,0,9,0,0,9,1470,159,1311,161,0,161,487,12,379,17,79,
3175091004,DKI JAKARTA,JAKARTA TIMUR,CIRACAS,SUSUKAN,428,3,63,1,361,0,0,0,0,0,16,0,0,16,1093,38,1055,69,0,69,143,6,101,6,30,
3173031001,DKI JAKARTA,JAKARTA BARAT,TAMAN SARI,TAMAN SARI,258,3,20,0,235,2,0,0,0,2,0,0,0,0,362,49,313,15,0,15,159,4,133,4,18,
3173041001,DKI JAKARTA,JAKARTA BARAT,TAMBORA,TAMBORA,179,2,11,3,163,0,0,0,0,0,1,0,0,1,272,11,261,2,0,2,72,4,57,3,8,
3173041004,DKI JAKARTA,JAKARTA BARAT,TAMBORA,TANAH SEREAL,277,6,22,2,247,1,0,0,0,1,4,0,0,4,242,17,225,5,0,5,145,7,120,6,12,
3171081004,DKI JAKARTA,JAKARTA PUSAT,JOHAR BARU,TANAH TINGGI,412,7,14,3,388,2,0,0,0,2,2,0,0,2,936,102,834,35,0,35,363,4,320,17,22,
3173031004,DKI JAKARTA,JAKARTA BARAT,TAMAN SARI,TANGKI,230,2,21,1,206,1,0,0,0,1,3,0,0,3,278,29,249,2,0,2,96,3,82,1,10,
3174091005,DKI JAKARTA,JAKARTA SELATAN,JAGAKARSA,TANJUNG BARAT,508,13,49,1,445,1,0,0,0,1,2,0,0,2,483,68,415,11,0,11,214,7,161,5,41,
3173021005,DKI JAKARTA,JAKARTA BARAT,GROGOL PETAMBURAN,TANJUNG DUREN SELATAN,365,4,30,1,330,0,0,0,0,0,19,0,0,19,593,54,539,19,0,19,245,2,199,8,36,
3173021002,DKI JAKARTA,JAKARTA BARAT,GROGOL PETAMBURAN,TANJUNG DUREN UTARA,249,1,20,0,228,1,0,0,0,1,20,0,0,20,467,58,409,18,0,18,128,6,78,6,38,
3172021001,DKI JAKARTA,JAKARTA UTARA,TANJUNG PRIOK,TANJUNG PRIOK,455,6,39,6,404,0,0,0,0,0,10,0,0,10,698,67,631,64,0,64,315,4,263,9,39,
3174011002,DKI JAKARTA,JAKARTA SELATAN,TEBET,TEBET BARAT,410,8,34,0,368,1,0,0,0,1,8,0,0,8,581,52,529,23,0,23,274,1,231,5,37,
3174011001,DKI JAKARTA,JAKARTA SELATAN,TEBET,TEBET TIMUR,338,3,31,2,302,0,0,0,0,0,6,0,0,6,498,56,442,33,0,33,171,5,115,4,47,
3173061003,DKI JAKARTA,JAKARTA BARAT,KALI DERES,TEGAL ALUR,615,4,60,6,545,0,0,0,0,0,7,0,0,7,1124,108,1016,11,0,11,169,6,127,3,33,
3174031004,DKI JAKARTA,JAKARTA SELATAN,MAMPANG PRAPATAN,TEGAL PARANG,293,5,27,3,258,5,0,0,1,4,4,0,0,4,898,110,788,11,0,11,247,3,213,5,26,
3173021003,DKI JAKARTA,JAKARTA BARAT,GROGOL PETAMBURAN,TOMANG,389,4,38,2,345,0,0,0,0,0,15,0,1,14,645,53,592,74,0,74,241,6,201,6,28,
3172031005,DKI JAKARTA,JAKARTA UTARA,KOJA,TUGU SELATAN,374,10,25,1,338,0,0,0,0,0,2,0,0,2,409,23,386,68,0,68,210,4,156,5,45,
3172031002,DKI JAKARTA,JAKARTA UTARA,KOJA,TUGU UTARA,792,20,35,0,737,3,0,0,0,3,7,0,0,7,772,44,728,83,0,83,369,11,280,10,68,
3175061006,DKI JAKARTA,JAKARTA TIMUR,CAKUNG,UJUNG MENTENG,145,0,21,2,122,1,0,0,0,1,0,0,0,0,409,49,360,18,0,18,110,5,85,3,17,
3174101005,DKI JAKARTA,JAKARTA SELATAN,PESANGGRAHAN,ULUJAMI,501,4,32,2,463,0,0,0,0,0,0,0,0,0,1089,104,985,26,0,26,202,9,158,5,30,
3175011006,DKI JAKARTA,JAKARTA TIMUR,MATRAMAN,UTAN KAYU SELATAN,444,3,28,8,405,2,0,0,0,2,2,0,0,2,742,53,689,85,0,85,234,4,189,8,33,
3175011002,DKI JAKARTA,JAKARTA TIMUR,MATRAMAN,UTAN KAYU UTARA,362,5,24,0,333,2,0,0,0,2,3,0,0,3,593,44,549,45,0,45,181,4,142,7,28,
3171031008,DKI JAKARTA,JAKARTA PUSAT,KEMAYORAN,UTAN PANJANG,344,2,26,2,314,0,0,0,0,0,3,0,0,3,473,109,364,25,0,25,244,7,170,8,59,
3172021007,DKI JAKARTA,JAKARTA UTARA,TANJUNG PRIOK,WARAKAS,438,3,70,2,363,0,0,0,0,0,10,0,0,10,814,55,759,51,0,51,224,5,193,5,21,
3173021007,DKI JAKARTA,JAKARTA BARAT,GROGOL PETAMBURAN,WIJAYA KUSUMA,343,1,42,2,298,1,0,0,0,1,7,0,0,7,745,90,655,23,0,23,222,10,152,6,54,
