id_kel,nama_provinsi,nama_kota,nama_kecamatan,nama_kelurahan,suspek,perawatan_rs,isolasi_di_rumah,suspek_meninggal,selesai_isolasi,probable,perawatan_rs,isolasi_di_rumah,probable_meninggal,selesai_isolasi,pelaku_perjalanan,perawatan_rs,isolasi_di_rumah,selesai_isolasi,kontak_erat,isolasi_di_rumah,selesai_isolasi,discarded,meninggal,selesai_isolasi,positif,dirawat,sembuh,meninggal,self_isolation,keterangan
3172051003,DKI JAKARTA,JAKARTA UTARA,PADEMANGAN,ANCOL,377,0,19,0,358,4,0,0,0,4,9,0,0,9,549,32,517,7,0,7,206,1,169,2,34,
3173041007,DKI JAKARTA,JAKARTA BARAT,TAMBORA,ANGKE,350,2,17,2,329,1,0,0,1,0,0,0,0,0,439,20,419,25,0,25,126,4,109,2,11,
3175041005,DKI JAKARTA,JAKARTA TIMUR,KRAMAT JATI,BALE KAMBANG,223,5,23,1,194,1,0,0,0,1,5,0,0,5,423,31,392,23,0,23,117,4,92,2,19,
3175031003,DKI JAKARTA,JAKARTA TIMUR,JATINEGARA,BALI MESTER,83,0,2,1,80,0,0,0,0,0,0,0,0,0,97,13,84,4,0,4,26,1,22,1,2,
3175101006,DKI JAKARTA,JAKARTA TIMUR,CIPAYUNG,BAMBU APUS,286,2,33,1,250,0,0,0,0,0,4,0,1,3,446,49,397,17,0,17,116,5,86,1,24,
3174031002,DKI JAKARTA,JAKARTA SELATAN,MAMPANG PRAPATAN,BANGKA,192,5,15,2,170,4,0,0,1,3,18,0,0,18,563,38,525,8,0,8,119,1,98,2,18,
3175051002,DKI JAKARTA,JAKARTA TIMUR,PASAR REBO,BARU,256,2,33,1,220,0,0,0,0,0,4,0,0,4,341,31,310,16,0,16,109,5,81,0,23,
3175041004,DKI JAKARTA,JAKARTA TIMUR,KRAMAT JATI,BATU AMPAR,353,4,20,1,328,2,0,0,0,2,3,0,1,2,739,55,684,25,0,25,150,3,119,3,25,
3171071002,DKI JAKARTA,JAKARTA PUSAT,TANAH ABANG,BENDUNGAN HILIR,337,3,10,0,324,0,0,0,0,0,4,0,1,3,451,51,400,9,0,9,173,8,135,3,27,
3175031002,DKI JAKARTA,JAKARTA TIMUR,JATINEGARA,BIDARA CINA,279,2,33,3,241,0,0,0,0,0,2,0,1,1,335,45,290,31,0,31,213,2,171,9,31,
3174101002,DKI JAKARTA,JAKARTA SELATAN,PESANGGRAHAN,BINTARO,587,8,39,2,538,4,0,0,0,4,9,0,0,9,1203,90,1113,23,0,23,220,7,158,7,48,
3174011005,DKI JAKARTA,JAKARTA SELATAN,TEBET,BUKIT DURI,298,7,31,3,257,1,0,0,0,1,13,0,0,13,469,42,427,13,0,13,152,3,113,7,29,
3171041006,DKI JAKARTA,JAKARTA PUSAT,SENEN,BUNGUR,190,2,7,2,179,1,0,0,0,1,13,0,0,13,451,13,438,10,0,10,146,2,130,2,12,
3175061007,DKI JAKARTA,JAKARTA TIMUR,CAKUNG,CAKUNG BARAT,243,3,38,1,201,0,0,0,0,0,0,0,0,0,579,70,509,39,0,39,192,4,133,3,52,
3175061004,DKI JAKARTA,JAKARTA TIMUR,CAKUNG,CAKUNG TIMUR,302,4,34,2,262,2,0,0,1,1,5,0,0,5,640,85,555,34,0,34,196,10,141,2,43,
3175041007,DKI JAKARTA,JAKARTA TIMUR,KRAMAT JATI,CAWANG,236,3,22,0,211,1,0,0,0,1,5,0,0,5,585,103,482,15,0,15,166,6,126,3,31,
3175101008,DKI JAKARTA,JAKARTA TIMUR,CIPAYUNG,CEGER,187,3,36,0,148,0,0,0,0,0,1,0,1,0,275,62,213,8,0,8,78,3,50,2,23,
3171031006,DKI JAKARTA,JAKARTA PUSAT,KEMAYORAN,CEMPAKA BARU,489,6,33,2,448,1,0,0,0,1,7,0,0,7,681,94,587,32,0,32,272,9,226,12,25,
3171051002,DKI JAKARTA,JAKARTA PUSAT,CEMPAKA PUTIH,CEMPAKA PUTIH BARAT,754,3,21,2,728,2,0,0,0,2,14,0,2,12,1657,85,1572,48,0,48,565,10,477,10,68,
3171051001,DKI JAKARTA,JAKARTA PUSAT,CEMPAKA PUTIH,CEMPAKA PUTIH TIMUR,514,7,12,1,494,0,0,0,0,0,10,0,0,10,1176,59,1117,53,0,53,308,7,264,5,32,
3173011001,DKI JAKARTA,JAKARTA BARAT,CENGKARENG,CENGKARENG BARAT,453,3,47,1,402,0,0,0,0,0,6,0,0,6,1037,61,976,12,0,12,265,6,201,4,54,
3173011006,DKI JAKARTA,JAKARTA BARAT,CENGKARENG,CENGKARENG TIMUR,641,3,63,7,568,1,0,0,0,1,4,0,0,4,1352,95,1257,14,0,14,463,16,347,12,88,
3175091002,DKI JAKARTA,JAKARTA TIMUR,CIRACAS,CIBUBUR,683,8,80,4,591,1,0,0,0,1,30,0,0,30,1624,47,1577,85,0,85,237,9,181,6,41,
3171011002,DKI JAKARTA,JAKARTA PUSAT,GAMBIR,CIDENG,233,1,11,2,219,0,0,0,0,0,9,0,1,8,496,52,444,13,0,13,168,3,143,6,16,
3174091003,DKI JAKARTA,JAKARTA SELATAN,JAGAKARSA,CIGANJUR,544,6,26,1,511,2,0,0,0,2,12,0,1,11,484,67,417,11,0,11,136,7,99,4,26,
3175051003,DKI JAKARTA,JAKARTA TIMUR,PASAR REBO,CIJANTUNG,570,5,83,3,479,0,0,0,0,0,2,0,1,1,442,31,411,8,0,8,183,4,144,7,28,
3171061003,DKI JAKARTA,JAKARTA PUSAT,MENTENG,CIKINI,119,2,12,0,105,0,0,0,0,0,0,0,0,0,173,8,165,11,0,11,43,2,27,2,12,
3174081006,DKI JAKARTA,JAKARTA SELATAN,PANCORAN,CIKOKO,150,0,4,0,146,1,0,0,0,1,10,0,0,10,241,13,228,0,0,0,50,1,47,1,1,
3174061001,DKI JAKARTA,JAKARTA SELATAN,CILANDAK,CILANDAK BARAT,681,7,55,5,614,1,0,0,0,1,97,0,1,96,1127,149,978,37,0,37,248,10,170,7,61,
3174041003,DKI JAKARTA,JAKARTA SELATAN,PASAR MINGGU,CILANDAK TIMUR,354,2,41,1,310,4,0,0,0,4,17,0,0,17,351,37,314,86,0,86,209,2,180,7,20,
3175101002,DKI JAKARTA,JAKARTA TIMUR,CIPAYUNG,CILANGKAP,263,3,23,1,236,1,0,0,0,1,2,0,0,2,447,47,400,19,0,19,119,4,97,0,18,
3175041006,DKI JAKARTA,JAKARTA TIMUR,KRAMAT JATI,CILILITAN,250,5,24,1,220,0,0,0,0,0,6,0,1,5,631,54,577,45,0,45,189,6,140,3,40,
3172041001,DKI JAKARTA,JAKARTA UTARA,CILINCING,CILINCING,444,5,39,1,399,0,0,0,0,0,6,0,0,6,1054,39,1015,77,0,77,311,2,270,6,33,
3175101001,DKI JAKARTA,JAKARTA TIMUR,CIPAYUNG,CIPAYUNG,384,4,46,2,332,3,0,0,1,2,6,0,1,5,490,90,400,22,0,22,159,7,125,2,25,
3174091006,DKI JAKARTA,JAKARTA SELATAN,JAGAKARSA,CIPEDAK,458,4,22,0,432,2,0,0,0,2,1,0,1,0,548,203,345,6,0,6,208,1,90,2,115,
3174061005,DKI JAKARTA,JAKARTA SELATAN,CILANDAK,CIPETE SELATAN,205,2,18,1,184,2,0,0,0,2,45,0,1,44,381,85,296,6,0,6,85,5,47,6,27,
3174071010,DKI JAKARTA,JAKARTA SELATAN,KEBAYORAN BARU,CIPETE UTARA,416,2,32,3,379,0,0,0,0,0,9,0,0,9,411,50,361,5,0,5,100,0,83,3,14,
3175021003,DKI JAKARTA,JAKARTA TIMUR,PULO GADUNG,CIPINANG,240,0,16,2,222,1,1,0,0,0,3,0,0,3,716,38,678,35,0,35,252,15,199,7,31,
3175031007,DKI JAKARTA,JAKARTA TIMUR,JATINEGARA,CIPINANG BESAR SELATAN,197,2,13,2,180,2,0,0,0,2,1,0,0,1,374,53,321,14,0,14,133,2,93,2,36,
3175031008,DKI JAKARTA,JAKARTA TIMUR,JATINEGARA,CIPINANG BESAR UTARA,318,7,24,0,287,1,0,0,0,1,3,0,0,3,519,58,461,16,0,16,224,5,173,5,41,
3175031005,DKI JAKARTA,JAKARTA TIMUR,JATINEGARA,CIPINANG CEMPEDAK,208,3,19,2,184,0,0,0,0,0,2,0,0,2,359,51,308,12,0,12,116,4,73,2,37,
3175081005,DKI JAKARTA,JAKARTA TIMUR,MAKASAR,CIPINANG MELAYU,283,3,32,2,246,1,0,0,0,1,3,0,0,3,603,46,557,18,0,18,202,6,156,5,35,
3175031006,DKI JAKARTA,JAKARTA TIMUR,JATINEGARA,CIPINANG MUARA,319,4,30,1,284,4,0,0,0,4,6,0,0,6,662,56,606,24,0,24,231,7,175,3,46,
3174051003,DKI JAKARTA,JAKARTA SELATAN,KEBAYORAN LAMA,CIPULIR,250,1,28,4,217,6,2,0,0,4,6,0,0,6,465,17,448,8,0,8,162,6,125,4,27,
3175091001,DKI JAKARTA,JAKARTA TIMUR,CIRACAS,CIRACAS,685,8,94,9,574,3,0,0,0,3,22,0,0,22,1321,55,1266,44,0,44,322,9,250,10,53,
3175041003,DKI JAKARTA,JAKARTA TIMUR,KRAMAT JATI,DUKUH,203,4,23,1,175,0,0,0,0,0,1,0,0,1,508,85,423,13,0,13,106,1,88,2,15,
3175071001,DKI JAKARTA,JAKARTA TIMUR,DUREN SAWIT,DUREN SAWIT,737,5,35,3,694,14,0,0,0,14,2,0,0,2,870,89,781,25,0,25,435,12,352,11,60,
3174081004,DKI JAKARTA,JAKARTA SELATAN,PANCORAN,DUREN TIGA,320,1,24,0,295,2,0,0,0,2,4,0,1,3,492,37,455,3,0,3,132,7,88,0,37,
3173051005,DKI JAKARTA,JAKARTA BARAT,KEBON JERUK,DURI KEPA,390,5,23,2,360,3,0,0,0,3,12,0,0,12,1045,80,965,69,0,69,316,14,231,9,62,
3173011002,DKI JAKARTA,JAKARTA BARAT,CENGKARENG,DURI KOSAMBI,443,3,43,3,394,0,0,0,0,0,4,0,0,4,826,66,760,11,0,11,256,16,179,4,57,
3171011006,DKI JAKARTA,JAKARTA PUSAT,GAMBIR,DURI PULO,147,3,9,3,132,0,0,0,0,0,1,0,1,0,326,26,300,7,0,7,139,5,124,4,6,
3173041011,DKI JAKARTA,JAKARTA BARAT,TAMBORA,DURI SELATAN,117,0,12,1,104,0,0,0,0,0,2,0,0,2,128,8,120,4,0,4,57,0,50,3,4,
3173041003,DKI JAKARTA,JAKARTA BARAT,TAMBORA,DURI UTARA,163,1,19,2,141,1,0,0,0,1,2,0,0,2,192,7,185,3,0,3,102,2,79,4,17,
3171081003,DKI JAKARTA,JAKARTA PUSAT,JOHAR BARU,GALUR,178,2,9,0,167,3,1,0,0,2,3,0,1,2,407,22,385,45,0,45,197,1,150,9,37,
3171011001,DKI JAKARTA,JAKARTA PUSAT,GAMBIR,GAMBIR,72,0,3,0,69,1,0,0,0,1,17,0,0,17,275,13,262,6,0,6,159,0,134,0,25,
3174061004,DKI JAKARTA,JAKARTA SELATAN,CILANDAK,GANDARIA SELATAN,157,2,10,0,145,2,0,0,0,2,20,0,0,20,563,50,513,2,0,2,108,1,82,3,22,
3174071009,DKI JAKARTA,JAKARTA SELATAN,KEBAYORAN BARU,GANDARIA UTARA,444,5,75,2,362,0,0,0,0,0,3,0,0,3,504,33,471,5,0,5,153,6,107,3,37,
3175051001,DKI JAKARTA,JAKARTA TIMUR,PASAR REBO,GEDONG,612,5,52,0,555,0,0,0,0,0,4,0,0,4,317,43,274,24,0,24,173,6,127,2,38,
3171071001,DKI JAKARTA,JAKARTA PUSAT,TANAH ABANG,GELORA,50,0,2,1,47,0,0,0,0,0,5,0,0,5,134,22,112,0,0,0,112,2,89,2,19,
3173031007,DKI JAKARTA,JAKARTA BARAT,TAMAN SARI,GLODOK,98,0,20,0,78,0,0,0,0,0,1,0,0,1,154,34,120,0,0,0,30,1,16,1,12,
3171061004,DKI JAKARTA,JAKARTA PUSAT,MENTENG,GONDANGDIA,50,0,3,1,46,0,0,0,0,0,7,0,1,6,111,5,106,7,0,7,51,2,42,3,4,
3173021001,DKI JAKARTA,JAKARTA BARAT,GROGOL PETAMBURAN,GROGOL,357,2,33,4,318,1,0,0,0,1,43,0,4,39,732,75,657,34,0,34,176,8,117,1,50,
3174051005,DKI JAKARTA,JAKARTA SELATAN,KEBAYORAN LAMA,GROGOL SELATAN,273,7,23,5,238,0,0,0,0,0,12,0,0,12,523,25,498,10,0,10,176,9,129,7,31,
3174051004,DKI JAKARTA,JAKARTA SELATAN,KEBAYORAN LAMA,GROGOL UTARA,300,2,16,4,278,0,0,0,0,0,24,0,0,24,526,32,494,16,0,16,226,5,184,7,30,
3174021007,DKI JAKARTA,JAKARTA SELATAN,SETIA BUDI,GUNTUR,48,0,3,0,45,0,0,0,0,0,1,0,0,1,169,21,148,1,0,1,29,0,23,0,6,
3174071002,DKI JAKARTA,JAKARTA SELATAN,KEBAYORAN BARU,GUNUNG,212,0,17,3,192,0,0,0,0,0,7,0,0,7,308,19,289,0,0,0,66,3,54,2,7,
3171031005,DKI JAKARTA,JAKARTA PUSAT,KEMAYORAN,GUNUNG SAHARI SELATAN,241,2,8,1,230,0,0,0,0,0,4,0,2,2,385,51,334,1,0,1,124,3,100,4,17,
3171021004,DKI JAKARTA,JAKARTA PUSAT,SAWAH BESAR,GUNUNG SAHARI UTARA,245,0,16,1,228,0,0,0,0,0,6,0,0,6,460,31,429,8,0,8,152,1,127,9,15,
3175081004,DKI JAKARTA,JAKARTA TIMUR,MAKASAR,HALIM PERDANA KUSUMAH,197,1,29,2,165,0,0,0,0,0,5,0,0,5,441,43,398,9,0,9,321,8,215,4,94,
3171031003,DKI JAKARTA,JAKARTA PUSAT,KEMAYORAN,HARAPAN MULIA,291,2,15,3,271,0,0,0,0,0,6,0,0,6,428,47,381,28,0,28,187,6,160,8,13,
3174091001,DKI JAKARTA,JAKARTA SELATAN,JAGAKARSA,JAGAKARSA,760,8,61,2,689,7,0,0,0,7,8,0,1,7,843,97,746,18,0,18,300,7,226,4,63,
3175021007,DKI JAKARTA,JAKARTA TIMUR,PULO GADUNG,JATI,302,3,16,1,282,0,0,0,0,0,7,0,0,7,792,75,717,30,0,30,203,4,174,1,24,
3174041002,DKI JAKARTA,JAKARTA SELATAN,PASAR MINGGU,JATI PADANG,379,6,47,2,324,0,0,0,0,0,3,0,0,3,495,30,465,67,0,67,141,2,93,5,41,
3173071004,DKI JAKARTA,JAKARTA BARAT,PALMERAH,JATI PULO,427,1,43,4,379,1,0,0,0,1,3,0,0,3,657,71,586,62,0,62,242,0,199,3,40,
3175061001,DKI JAKARTA,JAKARTA TIMUR,CAKUNG,JATINEGARA,523,3,140,3,377,1,0,0,0,1,3,0,0,3,1084,156,928,42,0,42,362,19,248,6,89,
3175021004,DKI JAKARTA,JAKARTA TIMUR,PULO GADUNG,JATINEGARA KAUM,103,2,14,0,87,1,0,0,1,0,3,0,0,3,280,44,236,11,0,11,73,3,49,2,19,
3173021004,DKI JAKARTA,JAKARTA BARAT,GROGOL PETAMBURAN,JELAMBAR,326,2,18,5,301,2,0,0,0,2,25,0,1,24,638,44,594,11,0,11,177,11,120,5,41,
3173021006,DKI JAKARTA,JAKARTA BARAT,GROGOL PETAMBURAN,JELAMBAR BARU,315,1,17,2,295,2,0,0,0,2,4,0,0,4,532,53,479,18,0,18,123,0,83,4,36,
3173041006,DKI JAKARTA,JAKARTA BARAT,TAMBORA,JEMBATAN BESI,507,5,31,1,470,0,0,0,0,0,4,0,0,4,443,15,428,7,0,7,194,2,170,7,15,
3173041008,DKI JAKARTA,JAKARTA BARAT,TAMBORA,JEMBATAN LIMA,166,2,20,0,144,0,0,0,0,0,1,0,0,1,180,10,170,2,0,2,91,6,61,4,20,
3173081005,DKI JAKARTA,JAKARTA BARAT,KEMBANGAN,JOGLO,314,2,57,4,251,0,0,0,0,0,5,0,1,4,613,134,479,14,0,14,182,6,132,2,42,
3171081001,DKI JAKARTA,JAKARTA PUSAT,JOHAR BARU,JOHAR BARU,552,3,27,3,519,3,2,0,0,1,5,0,0,5,1487,79,1408,95,0,95,408,4,356,14,34,
3173041002,DKI JAKARTA,JAKARTA BARAT,TAMBORA,KALI ANYAR,329,8,26,0,295,1,0,0,0,1,3,0,0,3,330,16,314,12,0,12,159,1,134,5,19,
3172041004,DKI JAKARTA,JAKARTA UTARA,CILINCING,KALI BARU,378,9,22,5,342,0,0,0,0,0,4,0,0,4,598,20,578,39,0,39,273,1,230,7,35,
3174081002,DKI JAKARTA,JAKARTA SELATAN,PANCORAN,KALIBATA,439,5,36,4,394,7,0,0,0,7,11,0,0,11,683,57,626,12,0,12,236,6,202,4,24,
3173061001,DKI JAKARTA,JAKARTA BARAT,KALI DERES,KALIDERES,851,4,67,4,776,1,0,0,0,1,5,0,0,5,1915,150,1765,29,0,29,298,9,231,5,53,
3175051004,DKI JAKARTA,JAKARTA TIMUR,PASAR REBO,KALISARI,811,6,111,0,694,0,0,0,0,0,3,0,0,3,405,33,372,10,0,10,180,7,128,3,42,
3173061004,DKI JAKARTA,JAKARTA BARAT,KALI DERES,KAMAL,281,1,17,3,260,0,0,0,0,0,1,0,0,1,492,30,462,4,0,4,46,1,31,6,8,
3172011002,DKI JAKARTA,JAKARTA UTARA,PENJARINGAN,KAMAL MUARA,72,1,5,0,66,0,0,0,0,0,4,0,0,4,148,14,134,1,0,1,65,2,57,2,4,
3171071007,DKI JAKARTA,JAKARTA PUSAT,TANAH ABANG,KAMPUNG BALI,128,4,3,2,119,1,0,0,0,1,2,0,0,2,187,20,167,2,0,2,53,0,42,3,8,
3175031001,DKI JAKARTA,JAKARTA TIMUR,JATINEGARA,KAMPUNG MELAYU,169,1,3,5,160,2,0,0,0,2,5,0,1,4,227,46,181,4,0,4,161,3,131,3,24,
3171081002,DKI JAKARTA,JAKARTA PUSAT,JOHAR BARU,KAMPUNG RAWA,259,2,7,0,250,1,0,0,0,1,0,0,0,0,610,35,575,64,0,64,246,8,203,13,22,
3175041002,DKI JAKARTA,JAKARTA TIMUR,KRAMAT JATI,KAMPUNG TENGAH,447,6,30,1,410,1,0,0,0,1,9,0,0,9,958,47,911,49,0,49,230,3,202,11,14,
3173011005,DKI JAKARTA,JAKARTA BARAT,CENGKARENG,KAPUK,573,5,52,16,500,1,0,0,0,1,10,0,0,10,1209,123,1086,13,0,13,376,17,271,11,77,
3172011003,DKI JAKARTA,JAKARTA UTARA,PENJARINGAN,KAPUK MUARA,177,1,20,0,156,1,0,0,0,1,9,0,0,9,440,54,386,20,0,20,123,5,87,7,24,
3171021002,DKI JAKARTA,JAKARTA PUSAT,SAWAH BESAR,KARANG ANYAR,411,4,26,5,376,1,0,0,0,1,4,0,0,4,768,43,725,8,0,8,161,3,138,5,15,
3174021004,DKI JAKARTA,JAKARTA SELATAN,SETIA BUDI,KARET,109,1,8,0,100,0,0,0,0,0,11,0,1,10,345,38,307,4,0,4,95,1,56,0,38,
3174021003,DKI JAKARTA,JAKARTA SELATAN,SETIA BUDI,KARET KUNINGAN,186,7,16,1,162,0,0,0,0,0,21,0,0,21,313,26,287,4,0,4,110,6,62,2,40,
3174021002,DKI JAKARTA,JAKARTA SELATAN,SETIA BUDI,KARET SEMANGGI,49,0,0,1,48,0,0,0,0,0,3,0,0,3,74,5,69,2,0,2,24,1,17,2,4,
3171071003,DKI JAKARTA,JAKARTA PUSAT,TANAH ABANG,KARET TENGSIN,204,2,6,0,196,0,0,0,0,0,7,0,0,7,303,31,272,1,0,1,113,4,96,2,11,
3171021003,DKI JAKARTA,JAKARTA PUSAT,SAWAH BESAR,KARTINI,291,0,26,1,264,1,0,0,0,1,0,0,0,0,591,73,518,17,0,17,188,4,160,4,20,
3175011003,DKI JAKARTA,JAKARTA TIMUR,MATRAMAN,KAYU MANIS,295,2,31,0,262,3,0,0,0,3,1,0,1,0,586,34,552,28,0,28,158,6,123,4,25,
3175021006,DKI JAKARTA,JAKARTA TIMUR,PULO GADUNG,KAYU PUTIH,383,2,28,4,349,1,0,0,1,0,11,0,0,11,948,83,865,40,0,40,246,7,199,6,34,
3173031006,DKI JAKARTA,JAKARTA BARAT,TAMAN SARI,KEAGUNGAN,264,2,25,0,237,0,0,0,0,0,3,0,1,2,452,48,404,10,0,10,146,0,120,1,25,
3174041007,DKI JAKARTA,JAKARTA SELATAN,PASAR MINGGU,KEBAGUSAN,475,4,57,1,413,3,1,0,0,2,2,0,0,2,598,26,572,39,0,39,141,4,107,0,30,
3174051006,DKI JAKARTA,JAKARTA SELATAN,KEBAYORAN LAMA,KEBAYORAN LAMA SELATAN,416,3,29,0,384,4,0,0,0,4,2,0,0,2,691,22,669,14,0,14,217,11,153,5,48,
3174051001,DKI JAKARTA,JAKARTA SELATAN,KEBAYORAN LAMA,KEBAYORAN LAMA UTARA,301,2,19,1,279,1,0,0,0,1,15,0,0,15,432,27,405,4,0,4,140,7,103,4,26,
3174011004,DKI JAKARTA,JAKARTA SELATAN,TEBET,KEBON BARU,297,1,43,2,251,0,0,0,0,0,15,0,0,15,556,70,486,18,0,18,145,2,105,2,36,
3172021005,DKI JAKARTA,JAKARTA UTARA,TANJUNG PRIOK,KEBON BAWANG,576,11,56,1,508,0,0,0,0,0,15,0,1,14,1044,80,964,67,0,67,368,7,290,3,68,
3173051001,DKI JAKARTA,JAKARTA BARAT,KEBON JERUK,KEBON JERUK,540,6,59,6,469,2,0,0,0,2,13,0,0,13,1552,162,1390,58,0,58,508,20,267,14,207,
3171071006,DKI JAKARTA,JAKARTA PUSAT,TANAH ABANG,KEBON KACANG,399,1,4,1,393,1,0,0,0,1,0,0,0,0,386,25,361,6,0,6,261,5,233,11,12,
3171011005,DKI JAKARTA,JAKARTA PUSAT,GAMBIR,KEBON KELAPA,128,2,8,1,117,3,0,0,0,3,3,0,1,2,234,43,191,2,0,2,77,0,60,1,16,
3171031002,DKI JAKARTA,JAKARTA PUSAT,KEMAYORAN,KEBON KOSONG,309,5,9,5,290,0,0,0,0,0,8,0,1,7,380,33,347,30,0,30,193,6,167,7,13,
3175011005,DKI JAKARTA,JAKARTA TIMUR,MATRAMAN,KEBON MANGGIS,153,1,8,4,140,0,0,0,0,0,2,0,0,2,219,8,211,20,0,20,116,3,104,2,7,
3171071005,DKI JAKARTA,JAKARTA PUSAT,TANAH ABANG,KEBON MELATI,420,4,14,3,399,0,0,0,0,0,5,0,0,5,568,53,515,8,0,8,415,5,365,7,38,
3175081003,DKI JAKARTA,JAKARTA TIMUR,MAKASAR,KEBON PALA,267,4,72,1,190,1,0,0,0,1,5,0,1,4,806,45,761,15,0,15,238,7,188,3,40,
3171061005,DKI JAKARTA,JAKARTA PUSAT,MENTENG,KEBON SIRIH,138,0,10,2,126,0,0,0,0,0,2,0,0,2,271,11,260,14,0,14,121,1,111,2,7,
3173011004,DKI JAKARTA,JAKARTA BARAT,CENGKARENG,KEDAUNG KALI ANGKE,351,3,33,0,315,0,0,0,0,0,1,0,0,1,404,46,358,5,0,5,231,4,190,3,34,
3173051007,DKI JAKARTA,JAKARTA BARAT,KEBON JERUK,KEDOYA SELATAN,250,1,22,5,222,2,0,0,0,2,6,0,0,6,531,59,472,19,0,19,151,5,105,5,36,
3173051006,DKI JAKARTA,JAKARTA BARAT,KEBON JERUK,KEDOYA UTARA,275,4,44,2,225,1,0,0,0,1,15,0,0,15,722,94,628,20,0,20,208,6,140,4,58,
3173051004,DKI JAKARTA,JAKARTA BARAT,KEBON JERUK,KELAPA DUA,223,9,33,0,181,0,0,0,0,0,5,0,0,5,480,84,396,22,0,22,118,4,84,2,28,
3175091003,DKI JAKARTA,JAKARTA TIMUR,CIRACAS,KELAPA DUA WETAN,477,2,38,1,436,1,0,0,0,1,7,0,0,7,917,63,854,36,0,36,164,5,127,2,30,
3172061003,DKI JAKARTA,JAKARTA UTARA,KELAPA GADING,KELAPA GADING BARAT,748,9,36,3,700,2,0,0,0,2,47,0,1,46,1141,58,1083,100,0,100,317,10,279,5,23,
3172061001,DKI JAKARTA,JAKARTA UTARA,KELAPA GADING,KELAPA GADING TIMUR,623,4,40,2,577,1,0,0,0,1,22,0,1,21,1125,69,1056,66,0,66,220,4,146,8,62,
3173071005,DKI JAKARTA,JAKARTA BARAT,PALMERAH,KEMANGGISAN,481,4,39,6,432,0,0,0,0,0,8,0,0,8,778,81,697,49,0,49,243,8,174,6,55,
3171031001,DKI JAKARTA,JAKARTA PUSAT,KEMAYORAN,KEMAYORAN,317,2,15,3,297,0,0,0,0,0,1,0,1,0,485,41,444,20,0,20,257,6,218,11,22,
3173081006,DKI JAKARTA,JAKARTA BARAT,KEMBANGAN,KEMBANGAN SELATAN,203,1,26,1,175,0,0,0,0,0,6,0,0,6,480,48,432,52,0,52,152,9,114,3,26,
3173081001,DKI JAKARTA,JAKARTA BARAT,KEMBANGAN,KEMBANGAN UTARA,444,1,44,3,396,4,0,0,1,3,3,0,0,3,1324,99,1225,10,0,10,216,5,173,5,33,
3171041002,DKI JAKARTA,JAKARTA PUSAT,SENEN,KENARI,181,3,10,1,167,1,0,0,0,1,4,0,3,1,424,35,389,45,0,45,159,2,145,2,10,
3173041005,DKI JAKARTA,JAKARTA BARAT,TAMBORA,KERENDANG,233,3,26,2,202,1,0,0,0,1,0,0,0,0,181,20,161,3,0,3,117,0,91,7,19,
3175071003,DKI JAKARTA,JAKARTA TIMUR,DUREN SAWIT,KLENDER,552,3,28,2,519,2,0,0,0,2,4,0,1,3,806,73,733,25,0,25,307,3,234,9,61,
3172031001,DKI JAKARTA,JAKARTA UTARA,KOJA,KOJA,267,1,23,0,243,0,0,0,0,0,4,0,0,4,389,8,381,36,0,36,219,3,180,5,31,
3173071006,DKI JAKARTA,JAKARTA BARAT,PALMERAH,KOTA BAMBU SELATAN,409,2,27,5,375,0,0,0,0,0,1,0,0,1,759,38,721,71,0,71,214,2,187,5,20,
3173071003,DKI JAKARTA,JAKARTA BARAT,PALMERAH,KOTA BAMBU UTARA,342,1,22,11,308,0,0,0,0,0,3,0,0,3,509,31,478,54,0,54,199,2,176,6,15,
3171041004,DKI JAKARTA,JAKARTA PUSAT,SENEN,KRAMAT,351,7,19,6,319,0,0,0,0,0,7,0,1,6,806,36,770,33,0,33,227,3,205,10,9,
3175041001,DKI JAKARTA,JAKARTA TIMUR,KRAMAT JATI,KRAMAT JATI,321,10,36,1,274,0,0,0,0,0,10,0,0,10,702,126,576,21,0,21,248,10,164,6,68,
3174071003,DKI JAKARTA,JAKARTA SELATAN,KEBAYORAN BARU,KRAMAT PELA,203,1,63,0,139,0,0,0,0,0,0,0,0,0,472,22,450,6,0,6,116,4,93,0,19,
3173031002,DKI JAKARTA,JAKARTA BARAT,TAMAN SARI,KRUKUT,233,2,32,6,193,1,1,0,0,0,3,0,0,3,377,51,326,12,0,12,149,3,110,4,32,
3174031005,DKI JAKARTA,JAKARTA SELATAN,MAMPANG PRAPATAN,KUNINGAN BARAT,107,1,18,1,87,0,0,0,0,0,0,0,0,0,428,43,385,5,0,5,88,2,47,0,39,
3174021008,DKI JAKARTA,JAKARTA SELATAN,SETIA BUDI,KUNINGAN TIMUR,110,0,3,1,106,1,0,0,0,1,20,0,0,20,139,15,124,1,0,1,69,2,47,2,18,
3171041005,DKI JAKARTA,JAKARTA PUSAT,SENEN,KWITANG,209,2,10,0,197,2,0,0,0,2,6,0,1,5,396,18,378,10,0,10,103,2,94,4,3,
3172031003,DKI JAKARTA,JAKARTA UTARA,KOJA,LAGOA,512,6,30,1,475,0,0,0,0,0,5,0,0,5,594,52,542,60,0,60,525,5,455,9,56,
3174061002,DKI JAKARTA,JAKARTA SELATAN,CILANDAK,LEBAK BULUS,315,2,48,2,263,3,0,0,0,3,27,0,0,27,733,210,523,22,0,22,167,3,128,9,27,
3174091004,DKI JAKARTA,JAKARTA SELATAN,JAGAKARSA,LENTENG AGUNG,526,5,24,0,497,3,0,0,0,3,6,0,0,6,520,74,446,14,0,14,162,2,132,0,28,
LUAR DKI JAKARTA,LUAR DKI JAKARTA,LUAR DKI JAKARTA,LUAR DKI JAKARTA,LUAR DKI JAKARTA,27286,484,2885,98,23819,67,11,0,0,56,578,0,32,546,41737,7466,34271,1544,0,1544,7101,268,5913,119,801,
3175101007,DKI JAKARTA,JAKARTA TIMUR,CIPAYUNG,LUBANG BUAYA,590,9,89,3,489,1,0,0,0,1,7,0,2,5,630,62,568,28,0,28,261,13,174,2,72,
3175081001,DKI JAKARTA,JAKARTA TIMUR,MAKASAR,MAKASAR,253,2,53,1,197,0,0,0,0,0,8,0,0,8,931,55,876,23,0,23,209,9,154,0,46,
3175071006,DKI JAKARTA,JAKARTA TIMUR,DUREN SAWIT,MALAKA JAYA,286,5,13,2,266,1,0,0,0,1,2,0,0,2,492,41,451,12,0,12,177,0,141,1,35,
3175071005,DKI JAKARTA,JAKARTA TIMUR,DUREN SAWIT,MALAKA SARI,260,5,17,1,237,0,0,0,0,0,1,0,1,0,407,41,366,11,0,11,151,3,116,3,29,
3174031001,DKI JAKARTA,JAKARTA SELATAN,MAMPANG PRAPATAN,MAMPANG PRAPATAN,248,2,13,2,231,1,1,0,0,0,0,0,0,0,900,69,831,9,0,9,257,6,200,7,44,
3173031005,DKI JAKARTA,JAKARTA BARAT,TAMAN SARI,MANGGA BESAR,116,3,7,1,105,1,0,0,0,1,0,0,0,0,144,8,136,6,0,6,49,0,39,1,9,
3171021005,DKI JAKARTA,JAKARTA PUSAT,SAWAH BESAR,MANGGA DUA SELATAN,345,1,38,1,305,3,0,0,0,3,1,0,0,1,701,39,662,9,0,9,178,2,146,2,28,
3174011007,DKI JAKARTA,JAKARTA SELATAN,TEBET,MANGGARAI,327,4,28,0,295,4,0,0,0,4,4,0,0,4,455,45,410,21,0,21,165,2,114,1,48,
3174011006,DKI JAKARTA,JAKARTA SELATAN,TEBET,MANGGARAI SELATAN,206,5,32,2,167,0,0,0,0,0,6,0,0,6,413,25,388,20,0,20,90,4,64,2,20,
3173031003,DKI JAKARTA,JAKARTA BARAT,TAMAN SARI,MAPHAR,188,2,16,1,169,0,0,0,0,0,6,0,0,6,333,29,304,37,0,37,172,0,160,1,11,
3172041003,DKI JAKARTA,JAKARTA UTARA,CILINCING,MARUNDA,230,3,13,0,214,3,1,0,0,2,0,0,0,0,324,19,305,13,0,13,93,1,83,1,8,
3174071001,DKI JAKARTA,JAKARTA SELATAN,KEBAYORAN BARU,MELAWAI,48,0,2,0,46,0,0,0,0,0,1,0,0,1,63,10,53,0,0,0,14,0,11,1,2,
3171061001,DKI JAKARTA,JAKARTA PUSAT,MENTENG,MENTENG,341,3,32,2,304,2,0,0,0,2,2,0,1,1,643,41,602,26,0,26,251,4,199,8,40,
3174021005,DKI JAKARTA,JAKARTA SELATAN,SETIA BUDI,MENTENG ATAS,298,2,26,3,267,1,0,0,0,1,47,0,2,45,1145,125,1020,36,0,36,191,2,152,3,34,
3174011003,DKI JAKARTA,JAKARTA SELATAN,TEBET,MENTENG DALAM,492,4,27,4,457,3,0,0,0,3,13,0,0,13,646,38,608,39,0,39,174,1,133,6,34,
3173081003,DKI JAKARTA,JAKARTA BARAT,KEMBANGAN,MERUYA SELATAN,287,3,38,1,245,0,0,0,0,0,2,0,0,2,646,100,546,17,0,17,153,4,110,3,36,
3173081002,DKI JAKARTA,JAKARTA BARAT,KEMBANGAN,MERUYA UTARA,417,6,48,6,357,1,0,0,1,0,7,0,0,7,804,80,724,10,0,10,190,9,139,2,40,
3175101004,DKI JAKARTA,JAKARTA TIMUR,CIPAYUNG,MUNJUL,224,4,22,0,198,0,0,0,0,0,3,0,1,2,271,30,241,23,0,23,77,2,60,1,14,
3172051002,DKI JAKARTA,JAKARTA UTARA,PADEMANGAN,PADEMANGAN BARAT,1651,6,59,5,1581,5,1,0,0,4,14,0,1,13,2289,59,2230,30,0,30,630,6,565,20,39,
3172051001,DKI JAKARTA,JAKARTA UTARA,PADEMANGAN,PADEMANGAN TIMUR,521,1,31,3,486,2,1,0,0,1,13,0,0,13,783,60,723,15,0,15,205,2,161,4,38,
3175011004,DKI JAKARTA,JAKARTA TIMUR,MATRAMAN,PAL MERIAM,207,1,8,2,196,2,0,0,0,2,2,0,0,2,539,37,502,58,0,58,168,4,140,6,18,
3173071001,DKI JAKARTA,JAKARTA BARAT,PALMERAH,PALMERAH,935,1,112,2,820,0,0,0,0,0,2,0,0,2,1543,163,1380,73,0,73,389,7,296,16,70,
3174081001,DKI JAKARTA,JAKARTA SELATAN,PANCORAN,PANCORAN,308,9,17,0,282,1,0,0,0,1,9,0,0,9,520,37,483,6,0,6,202,2,161,4,35,
3172021003,DKI JAKARTA,JAKARTA UTARA,TANJUNG PRIOK,PAPANGGO,370,3,45,0,322,1,0,0,0,1,6,0,1,5,721,42,679,54,0,54,216,4,187,2,23,
3171021001,DKI JAKARTA,JAKARTA PUSAT,SAWAH BESAR,PASAR BARU,209,2,20,2,185,1,0,0,0,1,5,0,0,5,419,22,397,9,0,9,150,2,134,1,13,
3174021006,DKI JAKARTA,JAKARTA SELATAN,SETIA BUDI,PASAR MANGGIS,205,6,11,3,185,3,1,0,0,2,27,0,0,27,833,100,733,17,0,17,176,6,126,8,36,
3174041001,DKI JAKARTA,JAKARTA SELATAN,PASAR MINGGU,PASAR MINGGU,347,7,38,1,301,2,0,0,0,2,5,0,0,5,463,36,427,20,0,20,187,2,129,4,52,
3171041003,DKI JAKARTA,JAKARTA PUSAT,SENEN,PASEBAN,456,7,30,1,418,2,0,0,0,2,12,0,3,9,782,83,699,60,0,60,251,4,202,7,38,
3173061005,DKI JAKARTA,JAKARTA BARAT,KALI DERES,PEGADUNGAN,598,2,57,7,532,0,0,0,0,0,10,0,0,10,1274,97,1177,17,0,17,209,5,158,4,42,
3171061002,DKI JAKARTA,JAKARTA PUSAT,MENTENG,PEGANGSAAN,329,2,39,2,286,1,0,0,0,1,2,0,2,0,806,56,750,51,0,51,319,0,283,4,32,
3172061002,DKI JAKARTA,JAKARTA UTARA,KELAPA GADING,PEGANGSAAN DUA,705,8,41,1,655,1,0,0,0,1,41,0,0,41,1476,68,1408,130,0,130,329,5,266,8,50,
3172011004,DKI JAKARTA,JAKARTA UTARA,PENJARINGAN,PEJAGALAN,431,4,38,2,387,2,0,0,0,2,7,0,0,7,791,65,726,28,0,28,219,8,169,4,38,
3174041006,DKI JAKARTA,JAKARTA SELATAN,PASAR MINGGU,PEJATEN BARAT,369,7,39,2,321,8,1,0,0,7,2,0,1,1,593,45,548,73,0,73,183,8,133,2,40,
3174041005,DKI JAKARTA,JAKARTA SELATAN,PASAR MINGGU,PEJATEN TIMUR,409,3,46,1,359,4,0,0,0,4,3,0,0,3,535,36,499,40,0,40,177,5,133,8,31,
3175051005,DKI JAKARTA,JAKARTA TIMUR,PASAR REBO,PEKAYON,695,3,55,1,636,0,0,0,0,0,3,0,0,3,279,29,250,11,0,11,160,7,113,2,38,
3173041009,DKI JAKARTA,JAKARTA BARAT,TAMBORA,PEKOJAN,256,1,23,2,230,0,0,0,0,0,2,0,0,2,224,21,203,17,0,17,103,5,87,3,8,
3174031003,DKI JAKARTA,JAKARTA SELATAN,MAMPANG PRAPATAN,PELA MAMPANG,304,4,35,2,263,4,0,0,0,4,14,0,0,14,1261,173,1088,6,0,6,237,3,175,5,54,
3174081005,DKI JAKARTA,JAKARTA SELATAN,PANCORAN,PENGADEGAN,166,0,11,2,153,0,0,0,0,0,8,0,0,8,350,26,324,10,0,10,86,3,76,0,7,
3175061003,DKI JAKARTA,JAKARTA TIMUR,CAKUNG,PENGGILINGAN,490,4,51,1,434,1,0,0,0,1,7,0,0,7,1353,169,1184,76,0,76,443,27,325,9,82,
3172011001,DKI JAKARTA,JAKARTA UTARA,PENJARINGAN,PENJARINGAN,886,10,120,4,752,1,0,0,0,1,23,0,1,22,2690,126,2564,119,0,119,509,12,399,15,83,
3174101001,DKI JAKARTA,JAKARTA SELATAN,PESANGGRAHAN,PESANGGRAHAN,375,4,20,4,347,2,0,0,1,1,0,0,0,0,727,66,661,19,0,19,122,1,92,3,26,
3171071004,DKI JAKARTA,JAKARTA PUSAT,TANAH ABANG,PETAMBURAN,505,5,6,7,487,0,0,0,0,0,7,0,0,7,524,59,465,8,0,8,388,5,336,11,36,
3174071008,DKI JAKARTA,JAKARTA SELATAN,KEBAYORAN BARU,PETOGOGAN,124,1,11,0,112,0,0,0,0,0,3,0,0,3,217,14,203,0,0,0,53,2,44,0,7,
3171011004,DKI JAKARTA,JAKARTA PUSAT,GAMBIR,PETOJO SELATAN,204,6,13,1,184,0,0,0,0,0,25,0,1,24,651,101,550,15,0,15,237,3,192,8,34,
3171011003,DKI JAKARTA,JAKARTA PUSAT,GAMBIR,PETOJO UTARA,172,1,15,3,153,1,0,0,0,1,11,0,0,11,333,36,297,25,0,25,126,4,99,3,20,
3174101004,DKI JAKARTA,JAKARTA SELATAN,PESANGGRAHAN,PETUKANGAN SELATAN,370,2,40,2,326,0,0,0,0,0,2,0,0,2,735,117,618,8,0,8,127,3,62,4,58,
3174101003,DKI JAKARTA,JAKARTA SELATAN,PESANGGRAHAN,PETUKANGAN UTARA,457,1,67,4,385,2,0,0,0,2,5,0,0,5,1425,90,1335,9,0,9,225,8,150,2,65,
3175081002,DKI JAKARTA,JAKARTA TIMUR,MAKASAR,PINANG RANTI,195,1,42,1,151,0,0,0,0,0,0,0,0,0,569,22,547,25,0,25,115,0,91,4,20,
3173031008,DKI JAKARTA,JAKARTA BARAT,TAMAN SARI,PINANGSIA,119,1,15,1,102,0,0,0,0,0,2,0,0,2,206,31,175,2,0,2,82,6,63,0,13,
3175011001,DKI JAKARTA,JAKARTA TIMUR,MATRAMAN,PISANGAN BARU,295,6,18,3,268,1,0,0,0,1,3,0,1,2,388,56,332,30,0,30,154,2,129,7,16,
3175021002,DKI JAKARTA,JAKARTA TIMUR,PULO GADUNG,PISANGAN TIMUR,285,2,15,4,264,1,0,0,0,1,10,0,0,10,578,64,514,28,0,28,166,7,127,5,27,
3172011005,DKI JAKARTA,JAKARTA UTARA,PENJARINGAN,PLUIT,304,5,37,4,258,0,0,0,0,0,12,0,0,12,1075,81,994,16,0,16,185,10,138,8,29,
3175071002,DKI JAKARTA,JAKARTA TIMUR,DUREN SAWIT,PONDOK BAMBU,875,6,36,1,832,3,0,0,0,3,3,0,0,3,873,98,775,24,0,24,325,2,260,6,57,
3175071004,DKI JAKARTA,JAKARTA TIMUR,DUREN SAWIT,PONDOK KELAPA,587,10,41,0,536,0,0,0,0,0,11,0,0,11,983,112,871,18,0,18,304,6,231,10,57,
3175071007,DKI JAKARTA,JAKARTA TIMUR,DUREN SAWIT,PONDOK KOPI,370,1,42,1,326,0,0,0,0,0,2,0,1,1,353,22,331,12,0,12,199,3,139,7,50,
3174061003,DKI JAKARTA,JAKARTA SELATAN,CILANDAK,PONDOK LABU,362,6,37,1,318,6,0,0,0,6,73,0,0,73,899,111,788,37,0,37,148,4,93,1,50,
3174051002,DKI JAKARTA,JAKARTA SELATAN,KEBAYORAN LAMA,PONDOK PINANG,474,9,36,4,425,0,0,0,0,0,44,0,0,44,710,47,663,11,0,11,235,11,162,9,53,
3175101003,DKI JAKARTA,JAKARTA TIMUR,CIPAYUNG,PONDOK RANGGON,227,2,24,3,198,0,0,0,0,0,3,0,0,3,282,51,231,21,0,21,128,4,84,1,39,
PROSES UPDATE DATA,PROSES UPDATE DATA,PROSES UPDATE DATA,PROSES UPDATE DATA,PROSES UPDATE DATA,12723,89,588,1696,10350,2711,0,0,2709,2,104,0,0,104,11137,1864,9273,72,1,71,19977,576,17796,440,1165,
3101011003,DKI JAKARTA,KAB.ADM.KEP.SERIBU,KEP. SERIBU UTARA,PULAU HARAPAN,61,0,1,0,60,0,0,0,0,0,0,0,0,0,63,1,62,0,0,0,5,0,5,0,0,
3101011002,DKI JAKARTA,KAB.ADM.KEP.SERIBU,KEP. SERIBU UTARA,PULAU KELAPA,60,0,8,1,51,0,0,0,0,0,3,0,0,3,154,9,145,1,0,1,7,0,5,0,2,
3101011001,DKI JAKARTA,KAB.ADM.KEP.SERIBU,KEP. SERIBU UTARA,PULAU PANGGANG,102,0,14,1,87,0,0,0,0,0,0,0,0,0,165,7,158,4,0,4,21,0,19,0,2,
3101021003,DKI JAKARTA,KAB.ADM.KEP.SERIBU,KEP. SERIBU SELATAN,PULAU PARI,6,0,0,0,6,0,0,0,0,0,0,0,0,0,171,3,168,1,0,1,4,0,4,0,0,
3101021002,DKI JAKARTA,KAB.ADM.KEP.SERIBU,KEP. SERIBU SELATAN,PULAU TIDUNG,36,0,0,0,36,1,0,0,1,0,0,0,0,0,366,13,353,1,0,1,36,0,31,0,5,
3101021001,DKI JAKARTA,KAB.ADM.KEP.SERIBU,KEP. SERIBU SELATAN,PULAU UNTUNG JAWA,25,0,1,0,24,0,0,0,0,0,0,0,0,0,104,2,102,0,0,0,4,0,3,0,1,
3174071007,DKI JAKARTA,JAKARTA SELATAN,KEBAYORAN BARU,PULO,252,2,77,1,172,1,0,0,0,1,1,0,0,1,187,40,147,0,0,0,46,1,37,0,8,
3175021001,DKI JAKARTA,JAKARTA TIMUR,PULO GADUNG,PULO GADUNG,333,5,30,2,296,0,0,0,0,0,10,0,0,10,747,75,672,27,0,27,211,12,150,4,45,
3175061005,DKI JAKARTA,JAKARTA TIMUR,CAKUNG,PULO GEBANG,446,2,65,2,377,1,0,0,0,1,7,0,1,6,1142,114,1028,58,0,58,294,14,231,5,44,
3174041004,DKI JAKARTA,JAKARTA SELATAN,PASAR MINGGU,RAGUNAN,487,5,73,2,407,1,0,0,0,1,2,0,1,1,586,55,531,24,0,24,153,18,99,5,31,
3175091005,DKI JAKARTA,JAKARTA TIMUR,CIRACAS,RAMBUTAN,370,3,50,1,316,2,0,0,0,2,12,0,0,12,641,31,610,29,0,29,124,7,90,1,26,
3172031006,DKI JAKARTA,JAKARTA UTARA,KOJA,RAWA BADAK SELATAN,425,2,25,2,396,2,0,0,0,2,2,0,0,2,503,39,464,43,0,43,278,0,256,4,18,
3172031004,DKI JAKARTA,JAKARTA UTARA,KOJA,RAWA BADAK UTARA,374,5,28,1,340,0,0,0,0,0,2,0,0,2,444,37,407,71,0,71,220,3,191,4,22,
3174071005,DKI JAKARTA,JAKARTA SELATAN,KEBAYORAN BARU,RAWA BARAT,77,0,8,2,67,0,0,0,0,0,1,0,0,1,135,9,126,0,0,0,20,1,13,1,5,
3173011003,DKI JAKARTA,JAKARTA BARAT,CENGKARENG,RAWA BUAYA,284,2,59,2,221,0,0,0,0,0,4,0,0,4,627,55,572,5,0,5,232,11,158,9,54,
3175031004,DKI JAKARTA,JAKARTA TIMUR,JATINEGARA,RAWA BUNGA,127,2,9,1,115,0,0,0,0,0,1,0,0,1,181,19,162,11,0,11,100,1,76,2,21,
3174081003,DKI JAKARTA,JAKARTA SELATAN,PANCORAN,RAWA JATI,244,1,22,0,221,2,0,0,0,2,11,0,0,11,421,25,396,7,0,7,75,5,55,0,15,
3175061002,DKI JAKARTA,JAKARTA TIMUR,CAKUNG,RAWA TERATE,109,5,22,0,82,0,0,0,0,0,2,0,0,2,295,48,247,3,0,3,113,3,71,1,38,
3175021005,DKI JAKARTA,JAKARTA TIMUR,PULO GADUNG,RAWAMANGUN,291,3,20,0,268,0,0,0,0,0,7,0,0,7,721,63,658,29,0,29,210,13,162,4,31,
3171051003,DKI JAKARTA,JAKARTA PUSAT,CEMPAKA PUTIH,RAWASARI,615,4,26,2,583,3,0,0,1,2,6,0,0,6,1111,89,1022,30,0,30,361,9,298,4,50,
3173041010,DKI JAKARTA,JAKARTA BARAT,TAMBORA,ROA MALAKA,30,0,1,0,29,1,0,0,0,1,0,0,0,0,37,3,34,1,0,1,14,1,12,0,1,
3172041006,DKI JAKARTA,JAKARTA UTARA,CILINCING,ROROTAN,308,7,17,2,282,0,0,0,0,0,3,0,0,3,556,33,523,69,0,69,134,4,116,2,12,
3174071004,DKI JAKARTA,JAKARTA SELATAN,KEBAYORAN BARU,SELONG,57,1,13,0,43,0,0,0,0,0,3,0,0,3,103,16,87,1,0,1,21,0,20,1,0,
3173061002,DKI JAKARTA,JAKARTA BARAT,KALI DERES,SEMANAN,376,2,55,3,316,0,0,0,0,0,3,0,1,2,878,95,783,7,0,7,132,4,89,1,38,
3172041007,DKI JAKARTA,JAKARTA UTARA,CILINCING,SEMPER BARAT,583,10,35,1,537,3,1,0,0,2,12,0,0,12,1044,56,988,92,0,92,360,4,317,5,34,
3172041005,DKI JAKARTA,JAKARTA UTARA,CILINCING,SEMPER TIMUR,346,7,23,1,315,1,0,0,0,1,4,0,0,4,620,26,594,42,0,42,185,3,161,3,18,
3174071006,DKI JAKARTA,JAKARTA SELATAN,KEBAYORAN BARU,SENAYAN,125,1,85,0,39,0,0,0,0,0,9,0,0,9,207,14,193,0,0,0,65,2,52,0,11,
3171041001,DKI JAKARTA,JAKARTA PUSAT,SENEN,SENEN,164,4,3,0,157,1,0,0,0,1,7,0,1,6,637,41,596,26,0,26,144,4,113,2,25,
3171031004,DKI JAKARTA,JAKARTA PUSAT,KEMAYORAN,SERDANG,371,0,30,2,339,0,0,0,0,0,5,0,0,5,557,75,482,28,0,28,209,7,155,4,43,
3174021001,DKI JAKARTA,JAKARTA SELATAN,SETIA BUDI,SETIA BUDI,71,0,6,0,65,0,0,0,0,0,4,0,0,4,301,37,264,6,0,6,26,0,21,0,5,
3175101005,DKI JAKARTA,JAKARTA TIMUR,CIPAYUNG,SETU,223,2,13,0,208,1,1,0,0,0,2,0,0,2,278,42,236,13,0,13,88,2,74,1,11,
3173071002,DKI JAKARTA,JAKARTA BARAT,PALMERAH,SLIPI,454,3,37,2,412,0,0,0,0,0,2,0,0,2,848,97,751,40,0,40,246,12,185,3,46,
3173081004,DKI JAKARTA,JAKARTA BARAT,KEMBANGAN,SRENGSENG,411,4,87,3,317,1,0,0,0,1,6,0,1,5,954,117,837,22,0,22,227,4,181,4,38,
3174091002,DKI JAKARTA,JAKARTA SELATAN,JAGAKARSA,SRENGSENG SAWAH,581,6,39,0,536,8,0,0,0,8,11,0,1,10,654,65,589,26,0,26,187,8,132,7,40,
3173051003,DKI JAKARTA,JAKARTA BARAT,KEBON JERUK,SUKABUMI SELATAN,230,1,11,4,214,1,0,0,0,1,1,0,0,1,556,72,484,24,0,24,139,2,108,4,25,
3173051002,DKI JAKARTA,JAKARTA BARAT,KEBON JERUK,SUKABUMI UTARA,241,3,28,3,207,0,0,0,0,0,19,0,0,19,573,83,490,42,0,42,155,5,104,7,39,
3172041002,DKI JAKARTA,JAKARTA UTARA,CILINCING,SUKAPURA,503,4,38,2,459,0,0,0,0,0,6,0,0,6,817,40,777,82,0,82,294,5,248,4,37,
3171031007,DKI JAKARTA,JAKARTA PUSAT,KEMAYORAN,SUMUR BATU,327,3,26,1,297,1,0,0,0,1,5,0,0,5,449,47,402,26,0,26,177,8,154,2,13,
3172021004,DKI JAKARTA,JAKARTA UTARA,TANJUNG PRIOK,SUNGAI BAMBU,282,3,41,0,238,0,0,0,0,0,6,0,0,6,547,56,491,34,0,34,126,3,108,4,11,
3172021006,DKI JAKARTA,JAKARTA UTARA,TANJUNG PRIOK,SUNTER AGUNG,819,8,75,1,735,2,0,0,0,2,20,0,1,19,1703,104,1599,67,0,67,486,13,386,14,73,
3172021002,DKI JAKARTA,JAKARTA UTARA,TANJUNG PRIOK,SUNTER JAYA,721,5,79,6,631,0,0,0,0,0,9,0,1,8,1368,123,1245,156,0,156,441,4,342,17,78,
3175091004,DKI JAKARTA,JAKARTA TIMUR,CIRACAS,SUSUKAN,380,5,51,1,323,0,0,0,0,0,16,0,0,16,1037,35,1002,69,0,69,123,4,84,4,31,
3173031001,DKI JAKARTA,JAKARTA BARAT,TAMAN SARI,TAMAN SARI,248,1,29,0,218,2,0,0,0,2,0,0,0,0,340,47,293,12,0,12,148,4,111,4,29,
3173041001,DKI JAKARTA,JAKARTA BARAT,TAMBORA,TAMBORA,172,3,10,3,156,0,0,0,0,0,1,0,0,1,264,8,256,2,0,2,69,3,49,3,14,
3173041004,DKI JAKARTA,JAKARTA BARAT,TAMBORA,TANAH SEREAL,263,8,17,2,236,1,0,0,0,1,4,0,0,4,232,17,215,3,0,3,139,5,115,6,13,
3171081004,DKI JAKARTA,JAKARTA PUSAT,JOHAR BARU,TANAH TINGGI,388,5,15,3,365,2,1,0,0,1,2,0,0,2,825,69,756,34,0,34,347,3,310,17,17,
3173031004,DKI JAKARTA,JAKARTA BARAT,TAMAN SARI,TANGKI,212,0,24,1,187,1,0,0,0,1,3,0,0,3,261,21,240,2,0,2,90,2,71,1,16,
3174091005,DKI JAKARTA,JAKARTA SELATAN,JAGAKARSA,TANJUNG BARAT,461,7,21,1,432,1,0,0,0,1,2,0,0,2,430,49,381,11,0,11,183,0,142,4,37,
3173021005,DKI JAKARTA,JAKARTA BARAT,GROGOL PETAMBURAN,TANJUNG DUREN SELATAN,328,1,7,1,319,0,0,0,0,0,19,0,0,19,546,43,503,19,0,19,232,5,176,7,44,
3173021002,DKI JAKARTA,JAKARTA BARAT,GROGOL PETAMBURAN,TANJUNG DUREN UTARA,233,1,9,0,223,1,0,0,0,1,20,0,0,20,433,36,397,18,0,18,115,5,69,5,36,
3172021001,DKI JAKARTA,JAKARTA UTARA,TANJUNG PRIOK,TANJUNG PRIOK,420,4,45,6,365,0,0,0,0,0,10,0,0,10,650,50,600,63,0,63,303,8,234,8,53,
3174011002,DKI JAKARTA,JAKARTA SELATAN,TEBET,TEBET BARAT,371,2,27,0,342,1,0,0,0,1,8,0,0,8,552,46,506,22,0,22,257,2,211,5,39,
3174011001,DKI JAKARTA,JAKARTA SELATAN,TEBET,TEBET TIMUR,314,3,42,2,267,0,0,0,0,0,6,0,0,6,455,35,420,28,0,28,148,3,96,3,46,
3173061003,DKI JAKARTA,JAKARTA BARAT,KALI DERES,TEGAL ALUR,564,4,58,6,496,0,0,0,0,0,7,0,0,7,1066,123,943,9,0,9,154,3,116,3,32,
3174031004,DKI JAKARTA,JAKARTA SELATAN,MAMPANG PRAPATAN,TEGAL PARANG,275,3,25,3,244,5,0,0,1,4,4,0,0,4,831,82,749,10,0,10,231,1,189,5,36,
3173021003,DKI JAKARTA,JAKARTA BARAT,GROGOL PETAMBURAN,TOMANG,345,3,12,2,328,0,0,0,0,0,14,0,0,14,603,55,548,74,0,74,219,6,172,3,38,
3172031005,DKI JAKARTA,JAKARTA UTARA,KOJA,TUGU SELATAN,350,3,39,1,307,0,0,0,0,0,2,0,0,2,389,28,361,64,0,64,181,3,143,5,30,
3172031002,DKI JAKARTA,JAKARTA UTARA,KOJA,TUGU UTARA,741,10,44,0,687,3,0,0,0,3,7,0,0,7,744,64,680,80,0,80,325,4,254,8,59,
3175061006,DKI JAKARTA,JAKARTA TIMUR,CAKUNG,UJUNG MENTENG,132,1,19,2,110,1,0,0,0,1,0,0,0,0,376,51,325,18,0,18,96,5,74,3,14,
3174101005,DKI JAKARTA,JAKARTA SELATAN,PESANGGRAHAN,ULUJAMI,478,4,27,2,445,0,0,0,0,0,0,0,0,0,1001,49,952,26,0,26,177,5,142,5,25,
3175011006,DKI JAKARTA,JAKARTA TIMUR,MATRAMAN,UTAN KAYU SELATAN,415,2,25,8,380,2,0,0,0,2,2,0,0,2,700,44,656,83,0,83,216,5,173,7,31,
3175011002,DKI JAKARTA,JAKARTA TIMUR,MATRAMAN,UTAN KAYU UTARA,323,0,9,0,314,2,0,0,0,2,3,0,0,3,560,42,518,42,0,42,168,4,131,5,28,
3171031008,DKI JAKARTA,JAKARTA PUSAT,KEMAYORAN,UTAN PANJANG,323,7,15,2,299,0,0,0,0,0,2,0,0,2,391,55,336,25,0,25,207,6,150,8,43,
3172021007,DKI JAKARTA,JAKARTA UTARA,TANJUNG PRIOK,WARAKAS,398,13,51,2,332,0,0,0,0,0,10,0,0,10,767,65,702,50,0,50,217,3,185,5,24,
3173021007,DKI JAKARTA,JAKARTA BARAT,GROGOL PETAMBURAN,WIJAYA KUSUMA,299,2,10,2,285,0,0,0,0,0,7,0,0,7,693,76,617,22,0,22,190,4,132,6,48,
