id_kel,nama_provinsi,nama_kota,nama_kecamatan,nama_kelurahan,suspek,perawatan_rs,isolasi_di_rumah,suspek_meninggal,selesai_isolasi,probable,perawatan_rs,isolasi_di_rumah,probable_meninggal,selesai_isolasi,pelaku_perjalanan,perawatan_rs,isolasi_di_rumah,selesai_isolasi,kontak_erat,isolasi_di_rumah,selesai_isolasi,discarded,meninggal,selesai_isolasi,positif,dirawat,sembuh,meninggal,self_isolation,keterangan
3172051003,DKI JAKARTA,JAKARTA UTARA,PADEMANGAN,ANCOL,461,4,26,0,431,4,0,0,0,4,10,0,0,10,617,14,603,9,0,9,304,1,255,4,44,
3173041007,DKI JAKARTA,JAKARTA BARAT,TAMBORA,ANGKE,392,3,10,2,377,1,0,0,1,0,0,0,0,0,476,8,468,25,0,25,175,3,156,4,12,
3175041005,DKI JAKARTA,JAKARTA TIMUR,KRAMAT JATI,BALE KAMBANG,272,2,10,1,259,2,1,0,0,1,5,0,0,5,507,21,486,23,0,23,156,6,141,3,6,
3175031003,DKI JAKARTA,JAKARTA TIMUR,JATINEGARA,BALI MESTER,98,0,3,1,94,1,0,0,0,1,0,0,0,0,126,6,120,4,0,4,46,1,37,1,7,
3175101006,DKI JAKARTA,JAKARTA TIMUR,CIPAYUNG,BAMBU APUS,376,4,19,1,352,0,0,0,0,0,4,0,0,4,614,43,571,17,0,17,153,4,137,3,9,
3174031002,DKI JAKARTA,JAKARTA SELATAN,MAMPANG PRAPATAN,BANGKA,278,4,10,2,262,5,0,0,1,4,18,0,0,18,668,22,646,8,0,8,173,2,153,2,16,
3175051002,DKI JAKARTA,JAKARTA TIMUR,PASAR REBO,BARU,395,5,26,1,363,0,0,0,0,0,5,0,0,5,397,15,382,17,0,17,183,3,166,0,14,
3175041004,DKI JAKARTA,JAKARTA TIMUR,KRAMAT JATI,BATU AMPAR,490,2,37,1,450,3,0,0,0,3,3,0,0,3,995,100,895,25,0,25,256,11,188,5,52,
3171071002,DKI JAKARTA,JAKARTA PUSAT,TANAH ABANG,BENDUNGAN HILIR,436,7,27,0,402,2,1,0,0,1,4,0,0,4,795,80,715,10,0,10,244,10,204,6,24,
3175031002,DKI JAKARTA,JAKARTA TIMUR,JATINEGARA,BIDARA CINA,367,4,16,3,344,1,0,0,0,1,8,0,0,8,556,77,479,32,0,32,274,7,227,10,30,
3174101002,DKI JAKARTA,JAKARTA SELATAN,PESANGGRAHAN,BINTARO,709,5,46,2,656,4,0,0,0,4,9,0,0,9,1467,92,1375,24,0,24,313,7,265,8,33,
3174011005,DKI JAKARTA,JAKARTA SELATAN,TEBET,BUKIT DURI,381,3,14,3,361,2,0,0,0,2,13,0,0,13,572,32,540,13,0,13,229,7,191,7,24,
3171041006,DKI JAKARTA,JAKARTA PUSAT,SENEN,BUNGUR,231,9,11,2,209,1,0,0,0,1,13,0,0,13,575,64,511,13,0,13,179,0,161,4,14,
3175061007,DKI JAKARTA,JAKARTA TIMUR,CAKUNG,CAKUNG BARAT,336,3,32,1,300,2,1,0,0,1,0,0,0,0,694,47,647,41,0,41,271,4,227,5,35,
3175061004,DKI JAKARTA,JAKARTA TIMUR,CAKUNG,CAKUNG TIMUR,395,1,28,2,364,2,0,0,1,1,6,0,0,6,805,43,762,40,0,40,280,9,234,6,31,
3175041007,DKI JAKARTA,JAKARTA TIMUR,KRAMAT JATI,CAWANG,325,6,33,0,286,1,0,0,0,1,6,0,0,6,962,241,721,16,0,16,299,10,232,6,51,
3175101008,DKI JAKARTA,JAKARTA TIMUR,CIPAYUNG,CEGER,236,3,9,0,224,0,0,0,0,0,1,0,0,1,412,30,382,9,0,9,114,0,97,3,14,
3171031006,DKI JAKARTA,JAKARTA PUSAT,KEMAYORAN,CEMPAKA BARU,639,6,25,2,606,1,0,0,0,1,7,0,0,7,1028,83,945,34,0,34,418,3,365,17,33,
3171051002,DKI JAKARTA,JAKARTA PUSAT,CEMPAKA PUTIH,CEMPAKA PUTIH BARAT,890,5,22,2,861,4,2,0,0,2,20,0,1,19,1956,81,1875,49,0,49,662,6,624,15,17,
3171051001,DKI JAKARTA,JAKARTA PUSAT,CEMPAKA PUTIH,CEMPAKA PUTIH TIMUR,615,5,21,1,588,1,0,0,0,1,12,0,0,12,1416,63,1353,57,0,57,357,5,332,6,14,
3173011001,DKI JAKARTA,JAKARTA BARAT,CENGKARENG,CENGKARENG BARAT,694,6,39,1,648,0,0,0,0,0,6,0,0,6,1293,99,1194,13,0,13,420,8,328,8,76,
3173011006,DKI JAKARTA,JAKARTA BARAT,CENGKARENG,CENGKARENG TIMUR,870,5,33,7,825,1,0,0,0,1,4,0,0,4,1766,169,1597,18,0,18,636,23,529,13,71,
3175091002,DKI JAKARTA,JAKARTA TIMUR,CIRACAS,CIBUBUR,878,6,39,4,829,1,0,0,0,1,30,0,0,30,1869,59,1810,89,0,89,325,11,279,7,28,
3171011002,DKI JAKARTA,JAKARTA PUSAT,GAMBIR,CIDENG,291,2,11,2,276,0,0,0,0,0,10,0,0,10,613,33,580,13,0,13,199,2,177,7,13,
3174091003,DKI JAKARTA,JAKARTA SELATAN,JAGAKARSA,CIGANJUR,681,5,50,1,625,2,0,0,0,2,12,0,0,12,707,81,626,14,0,14,188,3,157,4,24,
3175051003,DKI JAKARTA,JAKARTA TIMUR,PASAR REBO,CIJANTUNG,789,1,42,3,743,0,0,0,0,0,3,0,0,3,547,40,507,10,0,10,293,7,243,9,34,
3171061003,DKI JAKARTA,JAKARTA PUSAT,MENTENG,CIKINI,154,0,8,0,146,0,0,0,0,0,2,0,0,2,210,9,201,11,0,11,66,1,52,3,10,
3174081006,DKI JAKARTA,JAKARTA SELATAN,PANCORAN,CIKOKO,186,2,7,0,177,1,0,0,0,1,10,0,0,10,276,7,269,1,0,1,65,2,58,3,2,
3174061001,DKI JAKARTA,JAKARTA SELATAN,CILANDAK,CILANDAK BARAT,1056,10,109,5,932,1,0,0,0,1,97,0,0,97,1546,146,1400,39,0,39,376,10,288,7,71,
3174041003,DKI JAKARTA,JAKARTA SELATAN,PASAR MINGGU,CILANDAK TIMUR,483,4,37,1,441,5,1,0,0,4,17,0,0,17,455,45,410,86,0,86,256,2,232,8,14,
3175101002,DKI JAKARTA,JAKARTA TIMUR,CIPAYUNG,CILANGKAP,348,3,16,1,328,1,0,0,0,1,3,0,0,3,613,27,586,20,0,20,173,6,159,1,7,
3175041006,DKI JAKARTA,JAKARTA TIMUR,KRAMAT JATI,CILILITAN,321,1,26,1,293,0,0,0,0,0,6,0,0,6,861,121,740,47,0,47,287,12,228,6,41,
3172041001,DKI JAKARTA,JAKARTA UTARA,CILINCING,CILINCING,586,6,28,1,551,0,0,0,0,0,6,0,0,6,1140,25,1115,95,0,95,415,6,364,11,34,
3175101001,DKI JAKARTA,JAKARTA TIMUR,CIPAYUNG,CIPAYUNG,509,2,27,2,478,3,0,0,1,2,7,0,0,7,666,56,610,27,0,27,216,5,187,2,22,
3174091006,DKI JAKARTA,JAKARTA SELATAN,JAGAKARSA,CIPEDAK,570,4,29,0,537,2,0,0,0,2,1,0,0,1,779,51,728,7,0,7,254,5,229,3,17,
3174061005,DKI JAKARTA,JAKARTA SELATAN,CILANDAK,CIPETE SELATAN,297,3,29,1,264,2,0,0,0,2,46,0,0,46,522,59,463,6,0,6,134,7,100,7,20,
3174071010,DKI JAKARTA,JAKARTA SELATAN,KEBAYORAN BARU,CIPETE UTARA,621,5,90,3,523,0,0,0,0,0,9,0,0,9,561,44,517,5,0,5,166,4,132,4,26,
3175021003,DKI JAKARTA,JAKARTA TIMUR,PULO GADUNG,CIPINANG,318,4,10,2,302,1,0,0,0,1,3,0,0,3,915,52,863,37,0,37,341,14,289,12,26,
3175031007,DKI JAKARTA,JAKARTA TIMUR,JATINEGARA,CIPINANG BESAR SELATAN,270,4,14,2,250,2,0,0,0,2,2,0,0,2,553,93,460,17,0,17,230,7,157,2,64,
3175031008,DKI JAKARTA,JAKARTA TIMUR,JATINEGARA,CIPINANG BESAR UTARA,431,5,37,0,389,2,0,0,0,2,3,0,0,3,876,223,653,19,0,19,351,4,267,6,74,
3175031005,DKI JAKARTA,JAKARTA TIMUR,JATINEGARA,CIPINANG CEMPEDAK,256,2,8,2,244,0,0,0,0,0,5,0,0,5,520,84,436,17,0,17,201,5,157,5,34,
3175081005,DKI JAKARTA,JAKARTA TIMUR,MAKASAR,CIPINANG MELAYU,374,2,23,2,347,3,0,0,0,3,4,0,0,4,744,48,696,20,0,20,279,4,246,6,23,
3175031006,DKI JAKARTA,JAKARTA TIMUR,JATINEGARA,CIPINANG MUARA,443,1,25,1,416,5,0,0,0,5,9,0,0,9,956,101,855,28,0,28,388,5,291,6,86,
3174051003,DKI JAKARTA,JAKARTA SELATAN,KEBAYORAN LAMA,CIPULIR,329,2,25,4,298,6,0,0,0,6,6,0,0,6,537,19,518,8,0,8,245,8,189,4,44,
3175091001,DKI JAKARTA,JAKARTA TIMUR,CIRACAS,CIRACAS,938,22,45,9,862,3,0,0,0,3,23,0,0,23,1611,79,1532,45,0,45,467,15,385,14,53,
3175041003,DKI JAKARTA,JAKARTA TIMUR,KRAMAT JATI,DUKUH,301,11,42,1,247,0,0,0,0,0,1,0,0,1,687,68,619,14,0,14,179,5,141,4,29,
3175071001,DKI JAKARTA,JAKARTA TIMUR,DUREN SAWIT,DUREN SAWIT,879,5,28,3,843,17,2,0,0,15,4,0,0,4,1137,85,1052,32,0,32,570,9,485,14,62,
3174081004,DKI JAKARTA,JAKARTA SELATAN,PANCORAN,DUREN TIGA,432,1,20,0,411,2,0,0,0,2,6,0,0,6,624,27,597,3,0,3,196,7,170,1,18,
3173051005,DKI JAKARTA,JAKARTA BARAT,KEBON JERUK,DURI KEPA,536,8,39,2,487,3,0,0,0,3,12,0,0,12,1301,73,1228,72,0,72,414,14,358,11,31,
3173011002,DKI JAKARTA,JAKARTA BARAT,CENGKARENG,DURI KOSAMBI,585,5,37,3,540,0,0,0,0,0,4,0,0,4,1068,130,938,11,0,11,436,18,335,8,75,
3171011006,DKI JAKARTA,JAKARTA PUSAT,GAMBIR,DURI PULO,198,4,13,3,178,0,0,0,0,0,1,0,0,1,500,56,444,7,0,7,188,3,158,7,20,
3173041011,DKI JAKARTA,JAKARTA BARAT,TAMBORA,DURI SELATAN,171,3,21,1,146,0,0,0,0,0,2,0,0,2,162,9,153,4,0,4,77,1,65,3,8,
3173041003,DKI JAKARTA,JAKARTA BARAT,TAMBORA,DURI UTARA,213,1,16,2,194,1,0,0,0,1,2,0,0,2,232,7,225,4,0,4,139,2,118,4,15,
3171081003,DKI JAKARTA,JAKARTA PUSAT,JOHAR BARU,GALUR,221,2,4,0,215,3,0,0,0,3,3,0,0,3,531,16,515,46,0,46,217,4,199,10,4,
3171011001,DKI JAKARTA,JAKARTA PUSAT,GAMBIR,GAMBIR,90,2,2,0,86,1,0,0,0,1,17,0,0,17,416,10,406,6,0,6,181,0,172,1,8,
3174061004,DKI JAKARTA,JAKARTA SELATAN,CILANDAK,GANDARIA SELATAN,225,4,23,0,198,2,0,0,0,2,20,0,0,20,680,53,627,4,0,4,162,4,132,5,21,
3174071009,DKI JAKARTA,JAKARTA SELATAN,KEBAYORAN BARU,GANDARIA UTARA,626,1,42,2,581,0,0,0,0,0,3,0,0,3,672,50,622,5,0,5,212,3,181,4,24,
3175051001,DKI JAKARTA,JAKARTA TIMUR,PASAR REBO,GEDONG,747,3,34,0,710,0,0,0,0,0,4,0,0,4,430,41,389,24,0,24,250,6,209,4,31,
3171071001,DKI JAKARTA,JAKARTA PUSAT,TANAH ABANG,GELORA,66,0,1,1,64,0,0,0,0,0,5,0,0,5,227,9,218,0,0,0,111,2,105,2,2,
3173031007,DKI JAKARTA,JAKARTA BARAT,TAMAN SARI,GLODOK,115,1,4,0,110,0,0,0,0,0,1,0,0,1,167,2,165,0,0,0,40,0,36,2,2,
3171061004,DKI JAKARTA,JAKARTA PUSAT,MENTENG,GONDANGDIA,66,0,1,1,64,0,0,0,0,0,13,0,0,13,142,8,134,7,0,7,61,1,51,3,6,
3173021001,DKI JAKARTA,JAKARTA BARAT,GROGOL PETAMBURAN,GROGOL,509,4,38,4,463,1,0,0,0,1,45,0,0,45,991,84,907,36,0,36,255,4,235,1,15,
3174051005,DKI JAKARTA,JAKARTA SELATAN,KEBAYORAN LAMA,GROGOL SELATAN,391,7,31,5,348,0,0,0,0,0,12,0,0,12,619,16,603,11,0,11,255,6,220,7,22,
3174051004,DKI JAKARTA,JAKARTA SELATAN,KEBAYORAN LAMA,GROGOL UTARA,408,0,24,4,380,0,0,0,0,0,24,0,0,24,627,25,602,16,0,16,311,5,264,9,33,
3174021007,DKI JAKARTA,JAKARTA SELATAN,SETIA BUDI,GUNTUR,60,0,4,0,56,0,0,0,0,0,1,0,0,1,200,10,190,1,0,1,52,1,41,1,9,
3174071002,DKI JAKARTA,JAKARTA SELATAN,KEBAYORAN BARU,GUNUNG,285,1,29,3,252,0,0,0,0,0,7,0,0,7,361,11,350,0,0,0,126,15,100,2,9,
3171031005,DKI JAKARTA,JAKARTA PUSAT,KEMAYORAN,GUNUNG SAHARI SELATAN,313,4,13,1,295,0,0,0,0,0,4,0,0,4,542,43,499,1,0,1,199,6,160,6,27,
3171021004,DKI JAKARTA,JAKARTA PUSAT,SAWAH BESAR,GUNUNG SAHARI UTARA,283,1,12,1,269,1,0,0,0,1,7,0,0,7,568,42,526,11,0,11,180,3,157,10,10,
3175081004,DKI JAKARTA,JAKARTA TIMUR,MAKASAR,HALIM PERDANA KUSUMAH,261,3,20,2,236,0,0,0,0,0,6,0,1,5,565,31,534,9,0,9,440,33,376,6,25,
3171031003,DKI JAKARTA,JAKARTA PUSAT,KEMAYORAN,HARAPAN MULIA,360,3,18,3,336,1,0,0,0,1,6,0,0,6,578,36,542,30,0,30,263,4,227,9,23,
3174091001,DKI JAKARTA,JAKARTA SELATAN,JAGAKARSA,JAGAKARSA,1034,8,44,2,980,8,0,0,0,8,8,0,0,8,1155,79,1076,18,0,18,413,10,367,6,30,
3175021007,DKI JAKARTA,JAKARTA TIMUR,PULO GADUNG,JATI,365,0,10,1,354,0,0,0,0,0,8,0,0,8,946,48,898,36,0,36,267,3,245,5,14,
3174041002,DKI JAKARTA,JAKARTA SELATAN,PASAR MINGGU,JATI PADANG,519,8,36,2,473,0,0,0,0,0,4,0,1,3,668,43,625,68,0,68,212,8,177,5,22,
3173071004,DKI JAKARTA,JAKARTA BARAT,PALMERAH,JATI PULO,531,2,33,4,492,2,1,0,0,1,4,0,0,4,779,40,739,63,0,63,307,10,274,9,14,
3175061001,DKI JAKARTA,JAKARTA TIMUR,CAKUNG,JATINEGARA,703,3,101,3,596,1,0,0,0,1,3,0,0,3,1523,149,1374,43,0,43,575,10,487,8,70,
3175021004,DKI JAKARTA,JAKARTA TIMUR,PULO GADUNG,JATINEGARA KAUM,133,0,8,0,125,1,0,0,1,0,3,0,0,3,392,47,345,11,0,11,117,1,90,6,20,
3173021004,DKI JAKARTA,JAKARTA BARAT,GROGOL PETAMBURAN,JELAMBAR,457,4,44,5,404,2,0,0,0,2,27,0,1,26,820,70,750,12,0,12,238,13,195,6,24,
3173021006,DKI JAKARTA,JAKARTA BARAT,GROGOL PETAMBURAN,JELAMBAR BARU,391,5,22,2,362,2,0,0,0,2,4,0,0,4,650,41,609,20,0,20,206,5,144,5,52,
3173041006,DKI JAKARTA,JAKARTA BARAT,TAMBORA,JEMBATAN BESI,558,4,11,1,542,1,0,0,0,1,5,0,0,5,489,12,477,8,0,8,243,1,213,7,22,
3173041008,DKI JAKARTA,JAKARTA BARAT,TAMBORA,JEMBATAN LIMA,205,4,11,0,190,0,0,0,0,0,1,0,0,1,211,9,202,5,0,5,134,0,110,4,20,
3173081005,DKI JAKARTA,JAKARTA BARAT,KEMBANGAN,JOGLO,480,4,44,4,428,1,0,0,0,1,5,0,0,5,763,47,716,14,0,14,246,9,211,3,23,
3171081001,DKI JAKARTA,JAKARTA PUSAT,JOHAR BARU,JOHAR BARU,683,4,21,3,655,6,2,0,0,4,11,0,0,11,1858,51,1807,97,0,97,502,3,455,18,26,
3173041002,DKI JAKARTA,JAKARTA BARAT,TAMBORA,KALI ANYAR,382,3,10,0,369,1,0,0,0,1,4,0,1,3,354,8,346,14,0,14,192,4,171,6,11,
3172041004,DKI JAKARTA,JAKARTA UTARA,CILINCING,KALI BARU,516,8,28,5,475,0,0,0,0,0,4,0,0,4,665,32,633,44,0,44,345,0,323,8,14,
3174081002,DKI JAKARTA,JAKARTA SELATAN,PANCORAN,KALIBATA,609,3,45,4,557,7,0,0,0,7,12,0,0,12,852,54,798,12,0,12,324,10,281,6,27,
3173061001,DKI JAKARTA,JAKARTA BARAT,KALI DERES,KALIDERES,1163,10,75,4,1074,1,0,0,0,1,6,0,0,6,2286,110,2176,30,0,30,484,16,369,7,92,
3175051004,DKI JAKARTA,JAKARTA TIMUR,PASAR REBO,KALISARI,1065,6,29,0,1030,0,0,0,0,0,3,0,0,3,529,42,487,12,0,12,274,11,238,6,19,
3173061004,DKI JAKARTA,JAKARTA BARAT,KALI DERES,KAMAL,340,2,15,3,320,0,0,0,0,0,1,0,0,1,565,40,525,4,0,4,80,0,55,8,17,
3172011002,DKI JAKARTA,JAKARTA UTARA,PENJARINGAN,KAMAL MUARA,99,1,9,0,89,0,0,0,0,0,4,0,0,4,209,3,206,1,0,1,87,2,70,2,13,
3171071007,DKI JAKARTA,JAKARTA PUSAT,TANAH ABANG,KAMPUNG BALI,148,1,1,2,144,1,0,0,0,1,2,0,0,2,325,16,309,2,0,2,81,5,70,4,2,
3175031001,DKI JAKARTA,JAKARTA TIMUR,JATINEGARA,KAMPUNG MELAYU,235,4,25,5,201,2,0,0,0,2,7,0,0,7,344,42,302,4,0,4,248,10,190,4,44,
3171081002,DKI JAKARTA,JAKARTA PUSAT,JOHAR BARU,KAMPUNG RAWA,314,6,10,0,298,2,0,0,0,2,1,0,0,1,777,25,752,66,0,66,272,2,243,13,14,
3175041002,DKI JAKARTA,JAKARTA TIMUR,KRAMAT JATI,KAMPUNG TENGAH,578,5,42,1,530,2,0,0,0,2,9,0,0,9,1207,87,1120,51,0,51,322,20,258,11,33,
3173011005,DKI JAKARTA,JAKARTA BARAT,CENGKARENG,KAPUK,805,6,52,16,731,1,0,0,0,1,12,0,1,11,1563,133,1430,14,0,14,619,14,495,16,94,
3172011003,DKI JAKARTA,JAKARTA UTARA,PENJARINGAN,KAPUK MUARA,251,4,23,0,224,1,0,0,0,1,10,0,0,10,604,43,561,21,0,21,175,1,156,7,11,
3171021002,DKI JAKARTA,JAKARTA PUSAT,SAWAH BESAR,KARANG ANYAR,479,4,29,5,441,1,0,0,0,1,4,0,0,4,912,58,854,10,0,10,209,6,174,7,22,
3174021004,DKI JAKARTA,JAKARTA SELATAN,SETIA BUDI,KARET,141,1,6,0,134,0,0,0,0,0,11,0,0,11,396,11,385,4,0,4,132,2,124,0,6,
3174021003,DKI JAKARTA,JAKARTA SELATAN,SETIA BUDI,KARET KUNINGAN,295,1,23,1,270,0,0,0,0,0,22,0,1,21,413,25,388,4,0,4,225,8,168,4,45,
3174021002,DKI JAKARTA,JAKARTA SELATAN,SETIA BUDI,KARET SEMANGGI,63,0,6,1,56,0,0,0,0,0,3,0,0,3,88,4,84,2,0,2,26,0,22,2,2,
3171071003,DKI JAKARTA,JAKARTA PUSAT,TANAH ABANG,KARET TENGSIN,282,4,11,0,267,0,0,0,0,0,8,0,0,8,752,62,690,2,0,2,156,4,131,6,15,
3171021003,DKI JAKARTA,JAKARTA PUSAT,SAWAH BESAR,KARTINI,327,1,7,1,318,1,0,0,0,1,0,0,0,0,695,7,688,18,0,18,232,1,204,5,22,
3175011003,DKI JAKARTA,JAKARTA TIMUR,MATRAMAN,KAYU MANIS,378,2,16,0,360,3,0,0,0,3,2,0,0,2,716,45,671,29,0,29,240,3,198,6,33,
3175021006,DKI JAKARTA,JAKARTA TIMUR,PULO GADUNG,KAYU PUTIH,487,2,16,4,465,1,0,0,1,0,15,0,0,15,1118,66,1052,45,0,45,345,6,287,10,42,
3173031006,DKI JAKARTA,JAKARTA BARAT,TAMAN SARI,KEAGUNGAN,301,0,10,0,291,0,0,0,0,0,3,0,0,3,502,22,480,10,0,10,180,0,169,1,10,
3174041007,DKI JAKARTA,JAKARTA SELATAN,PASAR MINGGU,KEBAGUSAN,632,5,53,1,573,3,0,0,0,3,3,0,1,2,718,34,684,39,0,39,216,13,180,1,22,
3174051006,DKI JAKARTA,JAKARTA SELATAN,KEBAYORAN LAMA,KEBAYORAN LAMA SELATAN,593,3,35,0,555,5,0,0,0,5,2,0,0,2,784,29,755,14,0,14,293,15,247,6,25,
3174051001,DKI JAKARTA,JAKARTA SELATAN,KEBAYORAN LAMA,KEBAYORAN LAMA UTARA,411,4,28,1,378,1,0,0,0,1,15,0,0,15,522,15,507,4,0,4,209,4,179,4,22,
3174011004,DKI JAKARTA,JAKARTA SELATAN,TEBET,KEBON BARU,412,5,20,2,385,0,0,0,0,0,15,0,0,15,715,31,684,19,0,19,223,7,194,7,15,
3172021005,DKI JAKARTA,JAKARTA UTARA,TANJUNG PRIOK,KEBON BAWANG,745,5,68,1,671,0,0,0,0,0,15,0,0,15,1266,99,1167,85,0,85,415,5,388,3,19,
3173051001,DKI JAKARTA,JAKARTA BARAT,KEBON JERUK,KEBON JERUK,820,5,87,6,722,2,0,0,0,2,13,0,0,13,2023,179,1844,60,0,60,664,17,591,18,38,
3171071006,DKI JAKARTA,JAKARTA PUSAT,TANAH ABANG,KEBON KACANG,452,1,9,1,441,1,0,0,0,1,0,0,0,0,569,25,544,6,0,6,297,4,270,11,12,
3171011005,DKI JAKARTA,JAKARTA PUSAT,GAMBIR,KEBON KELAPA,155,0,9,1,145,3,0,0,0,3,4,0,0,4,311,22,289,3,0,3,97,0,89,1,7,
3171031002,DKI JAKARTA,JAKARTA PUSAT,KEMAYORAN,KEBON KOSONG,372,1,12,5,354,0,0,0,0,0,8,0,0,8,521,39,482,31,0,31,249,6,225,7,11,
3175011005,DKI JAKARTA,JAKARTA TIMUR,MATRAMAN,KEBON MANGGIS,193,1,2,4,186,0,0,0,0,0,2,0,0,2,277,12,265,24,0,24,156,1,140,3,12,
3171071005,DKI JAKARTA,JAKARTA PUSAT,TANAH ABANG,KEBON MELATI,512,3,17,3,489,1,1,0,0,0,5,0,0,5,991,50,941,10,0,10,485,9,445,9,22,
3175081003,DKI JAKARTA,JAKARTA TIMUR,MAKASAR,KEBON PALA,373,5,42,1,325,1,0,0,0,1,6,0,0,6,997,71,926,16,0,16,355,12,288,6,49,
3171061005,DKI JAKARTA,JAKARTA PUSAT,MENTENG,KEBON SIRIH,168,0,8,2,158,0,0,0,0,0,4,0,0,4,316,19,297,14,0,14,141,1,129,2,9,
3173011004,DKI JAKARTA,JAKARTA BARAT,CENGKARENG,KEDAUNG KALI ANGKE,480,2,26,0,452,0,0,0,0,0,1,0,0,1,601,52,549,6,0,6,314,3,273,3,35,
3173051007,DKI JAKARTA,JAKARTA BARAT,KEBON JERUK,KEDOYA SELATAN,422,1,61,5,355,2,0,0,0,2,8,0,0,8,703,36,667,21,0,21,220,6,189,7,18,
3173051006,DKI JAKARTA,JAKARTA BARAT,KEBON JERUK,KEDOYA UTARA,429,2,45,2,380,1,0,0,0,1,15,0,0,15,942,78,864,21,0,21,308,19,247,7,35,
3173051004,DKI JAKARTA,JAKARTA BARAT,KEBON JERUK,KELAPA DUA,316,0,24,0,292,0,0,0,0,0,5,0,0,5,691,52,639,22,0,22,194,7,161,3,23,
3175091003,DKI JAKARTA,JAKARTA TIMUR,CIRACAS,KELAPA DUA WETAN,626,14,27,1,584,1,0,0,0,1,8,0,0,8,1155,38,1117,36,0,36,235,12,199,2,22,
3172061003,DKI JAKARTA,JAKARTA UTARA,KELAPA GADING,KELAPA GADING BARAT,921,6,61,3,851,2,0,0,0,2,49,0,1,48,1315,57,1258,150,0,150,413,4,358,5,46,
3172061001,DKI JAKARTA,JAKARTA UTARA,KELAPA GADING,KELAPA GADING TIMUR,724,2,32,2,688,2,0,0,0,2,23,0,2,21,1280,35,1245,96,0,96,324,8,262,9,45,
3173071005,DKI JAKARTA,JAKARTA BARAT,PALMERAH,KEMANGGISAN,638,2,45,6,585,0,0,0,0,0,8,0,0,8,941,47,894,50,0,50,332,8,280,11,33,
3171031001,DKI JAKARTA,JAKARTA PUSAT,KEMAYORAN,KEMAYORAN,399,3,17,3,376,0,0,0,0,0,3,0,1,2,589,31,558,25,0,25,333,5,306,10,12,
3173081006,DKI JAKARTA,JAKARTA BARAT,KEMBANGAN,KEMBANGAN SELATAN,291,1,33,1,256,0,0,0,0,0,8,0,0,8,614,34,580,53,0,53,209,7,183,4,15,
3173081001,DKI JAKARTA,JAKARTA BARAT,KEMBANGAN,KEMBANGAN UTARA,661,8,60,3,590,4,0,0,1,3,3,0,0,3,1553,53,1500,11,0,11,321,8,276,6,31,
3171041002,DKI JAKARTA,JAKARTA PUSAT,SENEN,KENARI,244,10,4,1,229,1,0,0,0,1,8,0,0,8,541,30,511,46,0,46,179,0,166,3,10,
3173041005,DKI JAKARTA,JAKARTA BARAT,TAMBORA,KERENDANG,272,1,9,2,260,1,0,0,0,1,0,0,0,0,222,10,212,9,0,9,138,0,120,8,10,
3175071003,DKI JAKARTA,JAKARTA TIMUR,DUREN SAWIT,KLENDER,652,3,17,2,630,4,0,0,0,4,5,0,0,5,1085,83,1002,31,0,31,439,13,363,17,46,
3172031001,DKI JAKARTA,JAKARTA UTARA,KOJA,KOJA,320,3,14,0,303,0,0,0,0,0,4,0,0,4,451,23,428,41,0,41,347,1,287,9,50,
3173071006,DKI JAKARTA,JAKARTA BARAT,PALMERAH,KOTA BAMBU SELATAN,507,1,27,5,474,0,0,0,0,0,1,0,0,1,882,37,845,72,0,72,274,16,244,5,9,
3173071003,DKI JAKARTA,JAKARTA BARAT,PALMERAH,KOTA BAMBU UTARA,415,1,17,11,386,1,0,0,0,1,3,0,0,3,582,19,563,54,0,54,242,4,213,9,16,
3171041004,DKI JAKARTA,JAKARTA PUSAT,SENEN,KRAMAT,419,4,19,6,390,0,0,0,0,0,8,0,0,8,958,64,894,35,0,35,305,5,263,11,26,
3175041001,DKI JAKARTA,JAKARTA TIMUR,KRAMAT JATI,KRAMAT JATI,443,4,32,1,406,1,1,0,0,0,12,0,0,12,925,71,854,22,0,22,378,15,323,11,29,
3174071003,DKI JAKARTA,JAKARTA SELATAN,KEBAYORAN BARU,KRAMAT PELA,268,1,11,0,256,0,0,0,0,0,0,0,0,0,508,9,499,6,0,6,158,7,134,2,15,
3173031002,DKI JAKARTA,JAKARTA BARAT,TAMAN SARI,KRUKUT,283,2,7,6,268,1,0,0,0,1,3,0,0,3,470,38,432,12,0,12,184,4,163,4,13,
3174031005,DKI JAKARTA,JAKARTA SELATAN,MAMPANG PRAPATAN,KUNINGAN BARAT,139,0,16,1,122,1,1,0,0,0,0,0,0,0,478,16,462,5,0,5,141,2,114,2,23,
3174021008,DKI JAKARTA,JAKARTA SELATAN,SETIA BUDI,KUNINGAN TIMUR,142,1,14,1,126,1,0,0,0,1,20,0,0,20,217,21,196,1,0,1,122,0,93,2,27,
3171041005,DKI JAKARTA,JAKARTA PUSAT,SENEN,KWITANG,238,1,12,0,225,3,1,0,0,2,7,0,0,7,488,33,455,10,0,10,126,4,110,5,7,
3172031003,DKI JAKARTA,JAKARTA UTARA,KOJA,LAGOA,654,3,42,1,608,1,1,0,0,0,5,0,0,5,710,21,689,70,0,70,661,5,599,14,43,
3174061002,DKI JAKARTA,JAKARTA SELATAN,CILANDAK,LEBAK BULUS,440,4,33,2,401,3,0,0,0,3,27,0,0,27,1066,62,1004,22,0,22,454,4,420,9,21,
3174091004,DKI JAKARTA,JAKARTA SELATAN,JAGAKARSA,LENTENG AGUNG,823,3,55,0,765,3,0,0,0,3,6,0,0,6,761,67,694,16,0,16,249,10,212,2,25,
LUAR DKI JAKARTA,LUAR DKI JAKARTA,LUAR DKI JAKARTA,LUAR DKI JAKARTA,LUAR DKI JAKARTA,40504,443,2666,98,37297,85,9,0,0,76,655,0,11,644,62101,5382,56719,2102,0,2102,8041,288,7141,131,481,
3175101007,DKI JAKARTA,JAKARTA TIMUR,CIPAYUNG,LUBANG BUAYA,860,19,63,3,775,2,0,0,0,2,10,0,0,10,816,62,754,32,0,32,422,16,353,2,51,
3175081001,DKI JAKARTA,JAKARTA TIMUR,MAKASAR,MAKASAR,378,2,52,1,323,0,0,0,0,0,8,0,0,8,1253,133,1120,23,0,23,306,11,250,4,41,
3175071006,DKI JAKARTA,JAKARTA TIMUR,DUREN SAWIT,MALAKA JAYA,346,2,5,2,337,1,0,0,0,1,2,0,0,2,640,44,596,16,0,16,239,4,211,4,20,
3175071005,DKI JAKARTA,JAKARTA TIMUR,DUREN SAWIT,MALAKA SARI,316,1,8,1,306,0,0,0,0,0,1,0,0,1,568,29,539,15,0,15,207,6,182,4,15,
3174031001,DKI JAKARTA,JAKARTA SELATAN,MAMPANG PRAPATAN,MAMPANG PRAPATAN,323,2,12,2,307,1,0,0,0,1,0,0,0,0,1030,45,985,10,0,10,315,6,274,9,26,
3173031005,DKI JAKARTA,JAKARTA BARAT,TAMAN SARI,MANGGA BESAR,149,1,6,1,141,1,0,0,0,1,0,0,0,0,186,16,170,6,0,6,76,2,57,4,13,
3171021005,DKI JAKARTA,JAKARTA PUSAT,SAWAH BESAR,MANGGA DUA SELATAN,411,2,22,1,386,3,0,0,0,3,1,0,0,1,846,52,794,15,0,15,245,4,213,5,23,
3174011007,DKI JAKARTA,JAKARTA SELATAN,TEBET,MANGGARAI,433,3,22,0,408,4,0,0,0,4,4,0,0,4,564,52,512,25,0,25,238,6,195,2,35,
3174011006,DKI JAKARTA,JAKARTA SELATAN,TEBET,MANGGARAI SELATAN,302,4,20,2,276,0,0,0,0,0,6,0,0,6,493,31,462,23,0,23,146,4,112,7,23,
3173031003,DKI JAKARTA,JAKARTA BARAT,TAMAN SARI,MAPHAR,233,0,19,1,213,0,0,0,0,0,6,0,0,6,395,18,377,39,0,39,209,2,192,2,13,
3172041003,DKI JAKARTA,JAKARTA UTARA,CILINCING,MARUNDA,286,3,14,0,269,3,0,0,0,3,0,0,0,0,360,11,349,15,0,15,127,1,111,1,14,
3174071001,DKI JAKARTA,JAKARTA SELATAN,KEBAYORAN BARU,MELAWAI,72,0,3,0,69,0,0,0,0,0,1,0,0,1,84,4,80,0,0,0,19,2,15,1,1,
3171061001,DKI JAKARTA,JAKARTA PUSAT,MENTENG,MENTENG,454,4,25,2,423,2,0,0,0,2,5,0,0,5,790,33,757,27,0,27,286,2,256,10,18,
3174021005,DKI JAKARTA,JAKARTA SELATAN,SETIA BUDI,MENTENG ATAS,387,6,28,3,350,2,0,0,0,2,55,0,0,55,1368,71,1297,37,0,37,301,5,241,7,48,
3174011003,DKI JAKARTA,JAKARTA SELATAN,TEBET,MENTENG DALAM,609,2,25,4,578,4,0,0,0,4,13,0,0,13,750,34,716,39,0,39,250,12,197,8,33,
3173081003,DKI JAKARTA,JAKARTA BARAT,KEMBANGAN,MERUYA SELATAN,400,2,38,1,359,1,0,0,0,1,5,0,0,5,801,48,753,17,0,17,237,6,202,3,26,
3173081002,DKI JAKARTA,JAKARTA BARAT,KEMBANGAN,MERUYA UTARA,587,2,36,6,543,1,0,0,1,0,7,0,0,7,1015,68,947,10,0,10,299,14,241,4,40,
3175101004,DKI JAKARTA,JAKARTA TIMUR,CIPAYUNG,MUNJUL,290,8,15,0,267,0,0,0,0,0,3,0,0,3,359,21,338,24,0,24,112,5,95,1,11,
3172051002,DKI JAKARTA,JAKARTA UTARA,PADEMANGAN,PADEMANGAN BARAT,1851,8,69,5,1769,5,0,0,0,5,15,0,0,15,2460,39,2421,35,0,35,759,4,685,23,47,
3172051001,DKI JAKARTA,JAKARTA UTARA,PADEMANGAN,PADEMANGAN TIMUR,647,6,48,3,590,2,0,0,0,2,13,0,0,13,901,32,869,20,0,20,302,4,257,5,36,
3175011004,DKI JAKARTA,JAKARTA TIMUR,MATRAMAN,PAL MERIAM,265,1,11,2,251,2,0,0,0,2,3,0,0,3,655,25,630,59,0,59,244,7,192,6,39,
3173071001,DKI JAKARTA,JAKARTA BARAT,PALMERAH,PALMERAH,1269,2,87,2,1178,0,0,0,0,0,2,0,0,2,1936,102,1834,78,0,78,556,18,466,21,51,
3174081001,DKI JAKARTA,JAKARTA SELATAN,PANCORAN,PANCORAN,415,4,26,0,385,1,0,0,0,1,9,0,0,9,602,21,581,7,0,7,268,8,230,4,26,
3172021003,DKI JAKARTA,JAKARTA UTARA,TANJUNG PRIOK,PAPANGGO,489,3,66,0,420,1,0,0,0,1,7,0,0,7,875,59,816,58,0,58,290,5,273,2,10,
3171021001,DKI JAKARTA,JAKARTA PUSAT,SAWAH BESAR,PASAR BARU,238,2,6,2,228,2,0,0,0,2,8,0,0,8,485,20,465,11,0,11,174,3,160,1,10,
3174021006,DKI JAKARTA,JAKARTA SELATAN,SETIA BUDI,PASAR MANGGIS,257,0,21,3,233,4,0,0,0,4,28,0,0,28,975,45,930,18,0,18,261,7,200,9,45,
3174041001,DKI JAKARTA,JAKARTA SELATAN,PASAR MINGGU,PASAR MINGGU,442,5,27,1,409,3,0,0,0,3,7,0,0,7,640,49,591,20,0,20,248,9,215,7,17,
3171041003,DKI JAKARTA,JAKARTA PUSAT,SENEN,PASEBAN,570,3,19,1,547,4,1,0,0,3,20,0,1,19,1058,95,963,62,0,62,333,2,273,9,49,
3173061005,DKI JAKARTA,JAKARTA BARAT,KALI DERES,PEGADUNGAN,742,7,36,7,692,0,0,0,0,0,10,0,0,10,1541,82,1459,18,0,18,295,10,251,7,27,
3171061002,DKI JAKARTA,JAKARTA PUSAT,MENTENG,PEGANGSAAN,392,1,23,2,366,3,0,0,0,3,3,0,0,3,896,26,870,51,0,51,366,1,349,4,12,
3172061002,DKI JAKARTA,JAKARTA UTARA,KELAPA GADING,PEGANGSAAN DUA,867,5,58,1,803,2,0,0,0,2,43,0,1,42,1794,185,1609,176,0,176,482,4,401,11,66,
3172011004,DKI JAKARTA,JAKARTA UTARA,PENJARINGAN,PEJAGALAN,605,3,28,2,572,3,0,0,0,3,8,0,0,8,1031,77,954,32,0,32,341,16,279,6,40,
3174041006,DKI JAKARTA,JAKARTA SELATAN,PASAR MINGGU,PEJATEN BARAT,511,6,43,2,460,8,0,0,0,8,2,0,0,2,737,48,689,74,0,74,245,5,215,3,22,
3174041005,DKI JAKARTA,JAKARTA SELATAN,PASAR MINGGU,PEJATEN TIMUR,539,4,43,1,491,4,0,0,0,4,3,0,0,3,709,63,646,40,0,40,266,12,207,12,35,
3175051005,DKI JAKARTA,JAKARTA TIMUR,PASAR REBO,PEKAYON,894,7,44,1,842,2,0,0,0,2,3,0,0,3,384,46,338,14,0,14,236,9,189,4,34,
3173041009,DKI JAKARTA,JAKARTA BARAT,TAMBORA,PEKOJAN,306,1,12,2,291,0,0,0,0,0,3,0,0,3,267,13,254,18,0,18,147,3,123,4,17,
3174031003,DKI JAKARTA,JAKARTA SELATAN,MAMPANG PRAPATAN,PELA MAMPANG,420,11,28,2,379,4,0,0,0,4,15,0,0,15,1518,77,1441,6,0,6,349,3,296,6,44,
3174081005,DKI JAKARTA,JAKARTA SELATAN,PANCORAN,PENGADEGAN,219,1,9,2,207,0,0,0,0,0,8,0,0,8,423,30,393,10,0,10,121,6,104,1,10,
3175061003,DKI JAKARTA,JAKARTA TIMUR,CAKUNG,PENGGILINGAN,780,2,149,1,628,2,0,0,0,2,10,0,2,8,1901,251,1650,79,0,79,614,10,525,12,67,
3172011001,DKI JAKARTA,JAKARTA UTARA,PENJARINGAN,PENJARINGAN,1199,12,75,4,1108,2,0,0,0,2,24,0,1,23,2995,94,2901,120,0,120,685,4,606,16,59,
3174101001,DKI JAKARTA,JAKARTA SELATAN,PESANGGRAHAN,PESANGGRAHAN,460,2,33,4,421,2,0,0,1,1,0,0,0,0,961,98,863,19,0,19,181,4,153,3,21,
3171071004,DKI JAKARTA,JAKARTA PUSAT,TANAH ABANG,PETAMBURAN,597,2,19,7,569,0,0,0,0,0,7,0,0,7,939,50,889,12,0,12,432,8,399,13,12,
3174071008,DKI JAKARTA,JAKARTA SELATAN,KEBAYORAN BARU,PETOGOGAN,232,1,30,0,201,0,0,0,0,0,3,0,0,3,289,22,267,1,0,1,97,6,68,0,23,
3171011004,DKI JAKARTA,JAKARTA PUSAT,GAMBIR,PETOJO SELATAN,246,3,5,1,237,0,0,0,0,0,28,0,0,28,785,25,760,16,0,16,279,5,258,8,8,
3171011003,DKI JAKARTA,JAKARTA PUSAT,GAMBIR,PETOJO UTARA,207,2,9,3,193,1,0,0,0,1,12,0,0,12,415,29,386,25,0,25,159,4,143,3,9,
3174101004,DKI JAKARTA,JAKARTA SELATAN,PESANGGRAHAN,PETUKANGAN SELATAN,490,11,65,2,412,1,1,0,0,0,2,0,0,2,952,101,851,8,0,8,237,7,177,4,49,
3174101003,DKI JAKARTA,JAKARTA SELATAN,PESANGGRAHAN,PETUKANGAN UTARA,556,4,24,4,524,3,1,0,0,2,6,0,0,6,1678,53,1625,9,0,9,339,5,298,2,34,
3175081002,DKI JAKARTA,JAKARTA TIMUR,MAKASAR,PINANG RANTI,270,8,23,1,238,0,0,0,0,0,2,0,0,2,724,43,681,28,0,28,186,5,151,5,25,
3173031008,DKI JAKARTA,JAKARTA BARAT,TAMAN SARI,PINANGSIA,148,2,8,1,137,0,0,0,0,0,2,0,0,2,247,10,237,3,0,3,115,8,101,0,6,
3175011001,DKI JAKARTA,JAKARTA TIMUR,MATRAMAN,PISANGAN BARU,383,3,20,3,357,1,0,0,0,1,5,0,1,4,536,77,459,34,0,34,223,4,170,8,41,
3175021002,DKI JAKARTA,JAKARTA TIMUR,PULO GADUNG,PISANGAN TIMUR,374,1,24,4,345,1,0,0,0,1,10,0,0,10,857,106,751,30,0,30,248,3,207,5,33,
3172011005,DKI JAKARTA,JAKARTA UTARA,PENJARINGAN,PLUIT,456,9,44,4,399,0,0,0,0,0,13,0,1,12,1332,71,1261,18,0,18,266,9,222,9,26,
3175071002,DKI JAKARTA,JAKARTA TIMUR,DUREN SAWIT,PONDOK BAMBU,1008,10,29,1,968,5,0,0,0,5,3,0,0,3,1169,88,1081,34,0,34,447,10,382,7,48,
3175071004,DKI JAKARTA,JAKARTA TIMUR,DUREN SAWIT,PONDOK KELAPA,728,5,25,0,698,0,0,0,0,0,11,0,0,11,1263,99,1164,24,0,24,416,9,353,11,43,
3175071007,DKI JAKARTA,JAKARTA TIMUR,DUREN SAWIT,PONDOK KOPI,473,4,22,1,446,0,0,0,0,0,2,0,0,2,518,26,492,13,0,13,260,6,223,13,18,
3174061003,DKI JAKARTA,JAKARTA SELATAN,CILANDAK,PONDOK LABU,559,9,45,1,504,6,0,0,0,6,73,0,0,73,1187,114,1073,37,0,37,226,1,194,3,28,
3174051002,DKI JAKARTA,JAKARTA SELATAN,KEBAYORAN LAMA,PONDOK PINANG,637,8,51,4,574,0,0,0,0,0,44,0,0,44,896,31,865,11,0,11,337,9,275,9,44,
3175101003,DKI JAKARTA,JAKARTA TIMUR,CIPAYUNG,PONDOK RANGGON,302,2,16,3,281,0,0,0,0,0,3,0,0,3,450,40,410,21,0,21,191,7,155,1,28,
PROSES UPDATE DATA,PROSES UPDATE DATA,PROSES UPDATE DATA,PROSES UPDATE DATA,PROSES UPDATE DATA,14568,233,540,1696,12099,3450,1,0,3443,6,113,0,2,111,23057,3221,19836,139,1,138,24770,934,22059,466,1311,
3101011003,DKI JAKARTA,KAB.ADM.KEP.SERIBU,KEP. SERIBU UTARA,PULAU HARAPAN,65,0,0,0,65,0,0,0,0,0,0,0,0,0,77,7,70,0,0,0,6,0,6,0,0,
3101011002,DKI JAKARTA,KAB.ADM.KEP.SERIBU,KEP. SERIBU UTARA,PULAU KELAPA,81,0,2,1,78,0,0,0,0,0,3,0,0,3,181,2,179,1,0,1,8,0,8,0,0,
3101011001,DKI JAKARTA,KAB.ADM.KEP.SERIBU,KEP. SERIBU UTARA,PULAU PANGGANG,172,9,11,1,151,0,0,0,0,0,0,0,0,0,179,4,175,4,0,4,29,0,27,0,2,
3101021003,DKI JAKARTA,KAB.ADM.KEP.SERIBU,KEP. SERIBU SELATAN,PULAU PARI,12,0,3,0,9,0,0,0,0,0,0,0,0,0,175,0,175,1,0,1,6,0,5,0,1,
3101021002,DKI JAKARTA,KAB.ADM.KEP.SERIBU,KEP. SERIBU SELATAN,PULAU TIDUNG,38,0,0,0,38,1,0,0,1,0,1,0,1,0,386,2,384,1,0,1,37,0,37,0,0,
3101021001,DKI JAKARTA,KAB.ADM.KEP.SERIBU,KEP. SERIBU SELATAN,PULAU UNTUNG JAWA,25,0,0,0,25,0,0,0,0,0,0,0,0,0,112,3,109,0,0,0,5,0,5,0,0,
3174071007,DKI JAKARTA,JAKARTA SELATAN,KEBAYORAN BARU,PULO,297,0,9,1,287,1,0,0,0,1,1,0,0,1,223,4,219,0,0,0,57,1,53,0,3,
3175021001,DKI JAKARTA,JAKARTA TIMUR,PULO GADUNG,PULO GADUNG,423,5,23,2,393,0,0,0,0,0,11,0,0,11,935,50,885,34,0,34,285,5,250,6,24,
3175061005,DKI JAKARTA,JAKARTA TIMUR,CAKUNG,PULO GEBANG,604,3,36,2,563,1,0,0,0,1,9,0,0,9,1448,99,1349,64,0,64,455,8,361,12,74,
3174041004,DKI JAKARTA,JAKARTA SELATAN,PASAR MINGGU,RAGUNAN,789,3,72,2,712,1,0,0,0,1,2,0,0,2,767,54,713,25,0,25,228,9,191,5,23,
3175091005,DKI JAKARTA,JAKARTA TIMUR,CIRACAS,RAMBUTAN,466,8,18,1,439,2,0,0,0,2,12,0,0,12,748,30,718,29,0,29,208,10,171,3,24,
3172031006,DKI JAKARTA,JAKARTA UTARA,KOJA,RAWA BADAK SELATAN,510,3,25,2,480,2,0,0,0,2,2,0,0,2,582,29,553,49,0,49,324,2,295,5,22,
3172031004,DKI JAKARTA,JAKARTA UTARA,KOJA,RAWA BADAK UTARA,498,2,28,1,467,0,0,0,0,0,2,0,0,2,533,22,511,80,0,80,251,2,228,4,17,
3174071005,DKI JAKARTA,JAKARTA SELATAN,KEBAYORAN BARU,RAWA BARAT,101,1,3,2,95,0,0,0,0,0,2,0,0,2,171,10,161,0,0,0,42,1,30,1,10,
3173011003,DKI JAKARTA,JAKARTA BARAT,CENGKARENG,RAWA BUAYA,401,2,49,2,348,1,0,0,0,1,6,0,0,6,827,84,743,6,0,6,337,10,270,11,46,
3175031004,DKI JAKARTA,JAKARTA TIMUR,JATINEGARA,RAWA BUNGA,162,1,3,1,157,0,0,0,0,0,1,0,0,1,297,29,268,16,0,16,145,2,123,3,17,
3174081003,DKI JAKARTA,JAKARTA SELATAN,PANCORAN,RAWA JATI,309,1,19,0,289,2,0,0,0,2,11,0,0,11,519,34,485,7,0,7,116,9,94,0,13,
3175061002,DKI JAKARTA,JAKARTA TIMUR,CAKUNG,RAWA TERATE,161,0,28,0,133,0,0,0,0,0,2,0,0,2,390,29,361,6,0,6,187,4,159,1,23,
3175021005,DKI JAKARTA,JAKARTA TIMUR,PULO GADUNG,RAWAMANGUN,370,1,18,0,351,1,0,0,0,1,9,0,0,9,916,51,865,32,0,32,308,3,268,9,28,
3171051003,DKI JAKARTA,JAKARTA PUSAT,CEMPAKA PUTIH,RAWASARI,749,5,40,2,702,3,0,0,1,2,10,0,0,10,1366,83,1283,34,0,34,439,8,404,5,22,
3173041010,DKI JAKARTA,JAKARTA BARAT,TAMBORA,ROA MALAKA,39,0,3,0,36,1,0,0,0,1,0,0,0,0,45,0,45,1,0,1,14,0,14,0,0,
3172041006,DKI JAKARTA,JAKARTA UTARA,CILINCING,ROROTAN,408,4,21,2,381,0,0,0,0,0,4,0,0,4,637,13,624,78,0,78,182,1,159,2,20,
3174071004,DKI JAKARTA,JAKARTA SELATAN,KEBAYORAN BARU,SELONG,90,0,10,0,80,0,0,0,0,0,3,0,0,3,132,4,128,3,0,3,25,0,22,1,2,
3173061002,DKI JAKARTA,JAKARTA BARAT,KALI DERES,SEMANAN,579,6,57,3,513,1,0,0,0,1,3,0,0,3,1151,82,1069,9,0,9,226,4,177,3,42,
3172041007,DKI JAKARTA,JAKARTA UTARA,CILINCING,SEMPER BARAT,816,5,55,1,755,3,0,0,0,3,12,0,0,12,1202,77,1125,103,0,103,483,4,430,11,38,
3172041005,DKI JAKARTA,JAKARTA UTARA,CILINCING,SEMPER TIMUR,466,6,39,1,420,1,0,0,0,1,4,0,0,4,726,56,670,50,0,50,246,4,213,5,24,
3174071006,DKI JAKARTA,JAKARTA SELATAN,KEBAYORAN BARU,SENAYAN,354,5,80,0,269,0,0,0,0,0,10,0,0,10,635,277,358,0,0,0,195,4,127,0,64,
3171041001,DKI JAKARTA,JAKARTA PUSAT,SENEN,SENEN,200,3,5,0,192,1,0,0,0,1,8,0,1,7,703,31,672,26,0,26,155,1,150,3,1,
3171031004,DKI JAKARTA,JAKARTA PUSAT,KEMAYORAN,SERDANG,465,5,28,2,430,0,0,0,0,0,5,0,0,5,771,65,706,30,0,30,285,4,240,6,35,
3174021001,DKI JAKARTA,JAKARTA SELATAN,SETIA BUDI,SETIA BUDI,101,0,6,0,95,0,0,0,0,0,4,0,0,4,359,20,339,6,0,6,46,4,29,0,13,
3175101005,DKI JAKARTA,JAKARTA TIMUR,CIPAYUNG,SETU,278,4,12,0,262,2,0,0,0,2,2,0,0,2,446,36,410,14,0,14,123,3,108,1,11,
3173071002,DKI JAKARTA,JAKARTA BARAT,PALMERAH,SLIPI,554,3,20,2,529,0,0,0,0,0,2,0,0,2,1028,50,978,40,0,40,314,10,286,3,15,
3173081004,DKI JAKARTA,JAKARTA BARAT,KEMBANGAN,SRENGSENG,581,4,43,3,531,1,0,0,0,1,6,0,0,6,1317,115,1202,26,0,26,337,13,282,4,38,
3174091002,DKI JAKARTA,JAKARTA SELATAN,JAGAKARSA,SRENGSENG SAWAH,896,11,52,0,833,8,0,0,0,8,11,0,0,11,977,77,900,26,0,26,241,4,208,8,21,
3173051003,DKI JAKARTA,JAKARTA BARAT,KEBON JERUK,SUKABUMI SELATAN,324,6,28,4,286,1,0,0,0,1,1,0,0,1,721,45,676,24,0,24,227,11,181,5,30,
3173051002,DKI JAKARTA,JAKARTA BARAT,KEBON JERUK,SUKABUMI UTARA,360,1,33,3,323,0,0,0,0,0,19,0,0,19,783,49,734,45,0,45,265,6,204,8,47,
3172041002,DKI JAKARTA,JAKARTA UTARA,CILINCING,SUKAPURA,637,3,39,2,593,0,0,0,0,0,6,0,0,6,932,56,876,95,0,95,342,1,309,6,26,
3171031007,DKI JAKARTA,JAKARTA PUSAT,KEMAYORAN,SUMUR BATU,433,5,19,1,408,1,0,0,0,1,5,0,0,5,577,35,542,29,0,29,236,3,213,3,17,
3172021004,DKI JAKARTA,JAKARTA UTARA,TANJUNG PRIOK,SUNGAI BAMBU,398,2,54,0,342,0,0,0,0,0,7,0,0,7,688,66,622,35,0,35,234,1,180,5,48,
3172021006,DKI JAKARTA,JAKARTA UTARA,TANJUNG PRIOK,SUNTER AGUNG,995,9,82,1,903,3,0,0,0,3,22,0,0,22,2040,148,1892,78,0,78,639,11,536,17,75,
3172021002,DKI JAKARTA,JAKARTA UTARA,TANJUNG PRIOK,SUNTER JAYA,943,9,113,6,815,1,0,0,0,1,10,0,0,10,1765,189,1576,170,0,170,597,11,502,19,65,
3175091004,DKI JAKARTA,JAKARTA TIMUR,CIRACAS,SUSUKAN,548,18,27,1,502,0,0,0,0,0,17,0,0,17,1334,39,1295,69,0,69,196,6,157,7,26,
3173031001,DKI JAKARTA,JAKARTA BARAT,TAMAN SARI,TAMAN SARI,283,2,12,0,269,2,0,0,0,2,1,0,0,1,424,22,402,16,0,16,193,1,165,4,23,
3173041001,DKI JAKARTA,JAKARTA BARAT,TAMBORA,TAMBORA,207,0,11,3,193,0,0,0,0,0,1,0,0,1,311,13,298,3,0,3,100,2,82,3,13,
3173041004,DKI JAKARTA,JAKARTA BARAT,TAMBORA,TANAH SEREAL,302,3,11,2,286,1,0,0,0,1,4,0,0,4,276,14,262,5,0,5,169,5,151,7,6,
3171081004,DKI JAKARTA,JAKARTA PUSAT,JOHAR BARU,TANAH TINGGI,484,5,17,3,459,4,0,0,0,4,6,0,0,6,1091,58,1033,35,0,35,404,10,360,16,18,
3173031004,DKI JAKARTA,JAKARTA BARAT,TAMAN SARI,TANGKI,246,2,6,1,237,1,0,0,0,1,3,0,0,3,315,23,292,2,0,2,127,1,110,1,15,
3174091005,DKI JAKARTA,JAKARTA SELATAN,JAGAKARSA,TANJUNG BARAT,708,2,44,1,661,1,0,0,0,1,2,0,0,2,610,28,582,11,0,11,261,5,229,6,21,
3173021005,DKI JAKARTA,JAKARTA BARAT,GROGOL PETAMBURAN,TANJUNG DUREN SELATAN,432,6,21,1,404,0,0,0,0,0,19,0,0,19,704,42,662,20,0,20,312,5,262,8,37,
3173021002,DKI JAKARTA,JAKARTA BARAT,GROGOL PETAMBURAN,TANJUNG DUREN UTARA,289,0,18,0,271,2,0,0,0,2,20,0,0,20,593,67,526,19,0,19,178,15,131,9,23,
3172021001,DKI JAKARTA,JAKARTA UTARA,TANJUNG PRIOK,TANJUNG PRIOK,542,2,49,6,485,0,0,0,0,0,12,0,1,11,796,49,747,68,0,68,376,1,328,9,38,
3174011002,DKI JAKARTA,JAKARTA SELATAN,TEBET,TEBET BARAT,483,4,18,0,461,2,0,0,0,2,8,0,0,8,663,27,636,23,0,23,331,4,280,7,40,
3174011001,DKI JAKARTA,JAKARTA SELATAN,TEBET,TEBET TIMUR,395,4,10,2,379,0,0,0,0,0,6,0,0,6,562,31,531,33,0,33,202,3,180,4,15,
3173061003,DKI JAKARTA,JAKARTA BARAT,KALI DERES,TEGAL ALUR,706,5,33,6,662,0,0,0,0,0,7,0,0,7,1263,75,1188,13,0,13,226,1,189,3,33,
3174031004,DKI JAKARTA,JAKARTA SELATAN,MAMPANG PRAPATAN,TEGAL PARANG,352,3,24,3,322,5,0,0,1,4,4,0,0,4,1032,73,959,12,0,12,310,2,274,6,28,
3173021003,DKI JAKARTA,JAKARTA BARAT,GROGOL PETAMBURAN,TOMANG,477,5,25,2,445,0,0,0,0,0,15,0,0,15,774,52,722,82,0,82,297,6,263,8,20,
3172031005,DKI JAKARTA,JAKARTA UTARA,KOJA,TUGU SELATAN,448,7,18,1,422,0,0,0,0,0,2,0,0,2,473,27,446,75,0,75,301,3,240,7,51,
3172031002,DKI JAKARTA,JAKARTA UTARA,KOJA,TUGU UTARA,925,4,37,0,884,3,0,0,0,3,7,0,0,7,873,41,832,91,0,91,461,5,381,14,61,
3175061006,DKI JAKARTA,JAKARTA TIMUR,CAKUNG,UJUNG MENTENG,176,0,16,2,158,1,0,0,0,1,1,0,0,1,473,31,442,21,0,21,135,2,120,3,10,
3174101005,DKI JAKARTA,JAKARTA SELATAN,PESANGGRAHAN,ULUJAMI,582,3,42,2,535,0,0,0,0,0,0,0,0,0,1222,65,1157,26,0,26,270,8,219,5,38,
3175011006,DKI JAKARTA,JAKARTA TIMUR,MATRAMAN,UTAN KAYU SELATAN,515,1,20,8,486,2,0,0,0,2,7,0,0,7,844,42,802,89,0,89,285,6,243,8,28,
3175011002,DKI JAKARTA,JAKARTA TIMUR,MATRAMAN,UTAN KAYU UTARA,422,5,14,0,403,2,0,0,0,2,4,0,0,4,676,32,644,45,0,45,225,4,185,12,24,
3171031008,DKI JAKARTA,JAKARTA PUSAT,KEMAYORAN,UTAN PANJANG,404,7,20,2,375,0,0,0,0,0,4,0,0,4,616,79,537,27,0,27,299,3,256,9,31,
3172021007,DKI JAKARTA,JAKARTA UTARA,TANJUNG PRIOK,WARAKAS,560,5,78,2,475,0,0,0,0,0,11,0,0,11,994,80,914,54,0,54,329,6,259,8,56,
3173021007,DKI JAKARTA,JAKARTA BARAT,GROGOL PETAMBURAN,WIJAYA KUSUMA,403,2,25,2,374,1,0,0,0,1,7,0,0,7,855,47,808,23,0,23,280,7,239,8,26,
