id_kel,nama_provinsi,nama_kota,nama_kecamatan,nama_kelurahan,suspek,perawatan_rs,isolasi_di_rumah,suspek_meninggal,selesai_isolasi,probable,perawatan_rs,isolasi_di_rumah,probable_meninggal,selesai_isolasi,pelaku_perjalanan,perawatan_rs,isolasi_di_rumah,selesai_isolasi,kontak_erat,isolasi_di_rumah,selesai_isolasi,discarded,meninggal,selesai_isolasi,positif,dirawat,sembuh,meninggal,self_isolation,keterangan
3172051003,DKI JAKARTA,JAKARTA UTARA,PADEMANGAN,ANCOL,380,1,18,0,361,4,0,0,0,4,9,0,0,9,550,32,518,7,0,7,208,1,170,2,35,
3173041007,DKI JAKARTA,JAKARTA BARAT,TAMBORA,ANGKE,350,1,17,2,330,1,0,0,1,0,0,0,0,0,440,18,422,25,0,25,127,4,108,2,13,
3175041005,DKI JAKARTA,JAKARTA TIMUR,KRAMAT JATI,BALE KAMBANG,224,5,23,1,195,1,0,0,0,1,5,0,0,5,428,35,393,23,0,23,117,3,94,2,18,
3175031003,DKI JAKARTA,JAKARTA TIMUR,JATINEGARA,BALI MESTER,83,0,2,1,80,0,0,0,0,0,0,0,0,0,100,15,85,4,0,4,28,1,23,1,3,
3175101006,DKI JAKARTA,JAKARTA TIMUR,CIPAYUNG,BAMBU APUS,289,4,31,1,253,0,0,0,0,0,4,0,1,3,457,51,406,17,0,17,116,5,91,1,19,
3174031002,DKI JAKARTA,JAKARTA SELATAN,MAMPANG PRAPATAN,BANGKA,193,5,14,2,172,4,0,0,1,3,18,0,0,18,564,38,526,8,0,8,119,1,98,2,18,
3175051002,DKI JAKARTA,JAKARTA TIMUR,PASAR REBO,BARU,261,4,35,1,221,0,0,0,0,0,4,0,0,4,342,32,310,16,0,16,116,5,81,0,30,
3175041004,DKI JAKARTA,JAKARTA TIMUR,KRAMAT JATI,BATU AMPAR,354,6,19,1,328,2,0,0,0,2,3,0,1,2,744,57,687,25,0,25,156,7,124,3,22,
3171071002,DKI JAKARTA,JAKARTA PUSAT,TANAH ABANG,BENDUNGAN HILIR,338,3,11,0,324,0,0,0,0,0,4,0,1,3,456,50,406,9,0,9,185,18,135,3,29,
3175031002,DKI JAKARTA,JAKARTA TIMUR,JATINEGARA,BIDARA CINA,283,2,34,3,244,0,0,0,0,0,2,0,1,1,339,48,291,31,0,31,216,2,174,9,31,
3174101002,DKI JAKARTA,JAKARTA SELATAN,PESANGGRAHAN,BINTARO,587,10,38,2,537,4,0,0,0,4,9,0,0,9,1214,100,1114,22,0,22,223,9,163,7,44,
3174011005,DKI JAKARTA,JAKARTA SELATAN,TEBET,BUKIT DURI,301,6,32,3,260,1,0,0,0,1,13,0,0,13,470,42,428,13,0,13,151,2,117,7,25,
3171041006,DKI JAKARTA,JAKARTA PUSAT,SENEN,BUNGUR,190,0,7,2,181,1,0,0,0,1,13,0,0,13,456,17,439,10,0,10,149,4,130,2,13,
3175061007,DKI JAKARTA,JAKARTA TIMUR,CAKUNG,CAKUNG BARAT,247,7,37,1,202,0,0,0,0,0,0,0,0,0,594,84,510,39,0,39,194,4,134,3,53,
3175061004,DKI JAKARTA,JAKARTA TIMUR,CAKUNG,CAKUNG TIMUR,304,6,33,2,263,2,0,0,1,1,5,0,0,5,647,89,558,34,0,34,199,10,142,2,45,
3175041007,DKI JAKARTA,JAKARTA TIMUR,KRAMAT JATI,CAWANG,242,7,23,0,212,1,0,0,0,1,5,0,0,5,590,107,483,15,0,15,174,6,130,3,35,
3175101008,DKI JAKARTA,JAKARTA TIMUR,CIPAYUNG,CEGER,192,8,35,0,149,0,0,0,0,0,1,0,1,0,281,64,217,8,0,8,82,3,53,2,24,
3171031006,DKI JAKARTA,JAKARTA PUSAT,KEMAYORAN,CEMPAKA BARU,500,5,39,2,454,1,0,0,0,1,7,0,0,7,707,119,588,32,0,32,280,12,226,12,30,
3171051002,DKI JAKARTA,JAKARTA PUSAT,CEMPAKA PUTIH,CEMPAKA PUTIH BARAT,757,3,21,2,731,2,0,0,0,2,14,0,2,12,1660,88,1572,48,0,48,583,20,481,10,72,
3171051001,DKI JAKARTA,JAKARTA PUSAT,CEMPAKA PUTIH,CEMPAKA PUTIH TIMUR,518,8,13,1,496,0,0,0,0,0,10,0,0,10,1183,62,1121,53,0,53,321,18,264,5,34,
3173011001,DKI JAKARTA,JAKARTA BARAT,CENGKARENG,CENGKARENG BARAT,461,9,46,1,405,0,0,0,0,0,6,0,0,6,1043,65,978,12,0,12,274,7,216,4,47,
3173011006,DKI JAKARTA,JAKARTA BARAT,CENGKARENG,CENGKARENG TIMUR,644,6,61,7,570,1,0,0,0,1,4,0,0,4,1370,102,1268,14,0,14,465,15,361,12,77,
3175091002,DKI JAKARTA,JAKARTA TIMUR,CIRACAS,CIBUBUR,701,11,90,4,596,1,0,0,0,1,30,0,0,30,1633,52,1581,85,0,85,241,9,184,6,42,
3171011002,DKI JAKARTA,JAKARTA PUSAT,GAMBIR,CIDENG,235,3,9,2,221,0,0,0,0,0,9,0,1,8,504,54,450,13,0,13,170,4,143,6,17,
3174091003,DKI JAKARTA,JAKARTA SELATAN,JAGAKARSA,CIGANJUR,552,9,30,1,512,2,0,0,0,2,12,0,1,11,485,71,414,11,0,11,135,6,100,4,25,
3175051003,DKI JAKARTA,JAKARTA TIMUR,PASAR REBO,CIJANTUNG,583,6,93,3,481,0,0,0,0,0,2,0,1,1,446,33,413,8,0,8,190,4,146,7,33,
3171061003,DKI JAKARTA,JAKARTA PUSAT,MENTENG,CIKINI,123,4,9,0,110,0,0,0,0,0,0,0,0,0,177,10,167,11,0,11,43,2,27,2,12,
3174081006,DKI JAKARTA,JAKARTA SELATAN,PANCORAN,CIKOKO,150,0,4,0,146,1,0,0,0,1,10,0,0,10,240,14,226,0,0,0,50,1,47,1,1,
3174061001,DKI JAKARTA,JAKARTA SELATAN,CILANDAK,CILANDAK BARAT,691,12,56,5,618,1,0,0,0,1,97,0,1,96,1140,160,980,37,0,37,247,10,180,7,50,
3174041003,DKI JAKARTA,JAKARTA SELATAN,PASAR MINGGU,CILANDAK TIMUR,357,7,39,1,310,4,0,0,0,4,17,0,0,17,350,36,314,86,0,86,212,2,184,7,19,
3175101002,DKI JAKARTA,JAKARTA TIMUR,CIPAYUNG,CILANGKAP,264,4,19,1,240,1,0,0,0,1,2,0,0,2,450,52,398,19,0,19,132,6,104,0,22,
3175041006,DKI JAKARTA,JAKARTA TIMUR,KRAMAT JATI,CILILITAN,253,7,24,1,221,0,0,0,0,0,6,0,1,5,640,59,581,45,0,45,194,5,148,3,38,
3172041001,DKI JAKARTA,JAKARTA UTARA,CILINCING,CILINCING,446,5,39,1,401,0,0,0,0,0,6,0,0,6,1054,39,1015,77,0,77,317,8,280,6,23,
3175101001,DKI JAKARTA,JAKARTA TIMUR,CIPAYUNG,CIPAYUNG,382,4,44,2,332,3,0,0,1,2,6,0,1,5,497,98,399,22,0,22,166,7,132,2,25,
3174091006,DKI JAKARTA,JAKARTA SELATAN,JAGAKARSA,CIPEDAK,464,4,23,0,437,2,0,0,0,2,1,0,1,0,562,215,347,6,0,6,208,1,93,2,112,
3174061005,DKI JAKARTA,JAKARTA SELATAN,CILANDAK,CIPETE SELATAN,211,7,17,1,186,2,0,0,0,2,45,0,1,44,385,89,296,6,0,6,91,5,50,6,30,
3174071010,DKI JAKARTA,JAKARTA SELATAN,KEBAYORAN BARU,CIPETE UTARA,417,2,32,3,380,0,0,0,0,0,9,0,0,9,420,58,362,5,0,5,103,0,83,3,17,
3175021003,DKI JAKARTA,JAKARTA TIMUR,PULO GADUNG,CIPINANG,244,1,18,2,223,1,1,0,0,0,3,0,0,3,731,49,682,35,0,35,255,15,204,7,29,
3175031007,DKI JAKARTA,JAKARTA TIMUR,JATINEGARA,CIPINANG BESAR SELATAN,199,4,13,2,180,2,0,0,0,2,1,0,0,1,380,59,321,14,0,14,134,2,96,2,34,
3175031008,DKI JAKARTA,JAKARTA TIMUR,JATINEGARA,CIPINANG BESAR UTARA,318,7,24,0,287,1,0,0,0,1,3,0,0,3,524,62,462,16,0,16,224,5,180,5,34,
3175031005,DKI JAKARTA,JAKARTA TIMUR,JATINEGARA,CIPINANG CEMPEDAK,212,6,19,2,185,0,0,0,0,0,2,0,0,2,364,55,309,12,0,12,121,4,79,2,36,
3175081005,DKI JAKARTA,JAKARTA TIMUR,MAKASAR,CIPINANG MELAYU,289,8,31,2,248,1,0,0,0,1,3,0,0,3,611,52,559,18,0,18,205,7,162,5,31,
3175031006,DKI JAKARTA,JAKARTA TIMUR,JATINEGARA,CIPINANG MUARA,328,10,28,1,289,4,0,0,0,4,6,0,0,6,671,65,606,24,0,24,234,8,186,3,37,
3174051003,DKI JAKARTA,JAKARTA SELATAN,KEBAYORAN LAMA,CIPULIR,251,2,28,4,217,6,1,0,0,5,6,0,0,6,471,21,450,8,0,8,164,6,130,4,24,
3175091001,DKI JAKARTA,JAKARTA TIMUR,CIRACAS,CIRACAS,700,16,100,9,575,3,0,0,0,3,22,0,0,22,1332,60,1272,44,0,44,328,9,250,10,59,
3175041003,DKI JAKARTA,JAKARTA TIMUR,KRAMAT JATI,DUKUH,204,4,24,1,175,0,0,0,0,0,1,0,0,1,513,89,424,13,0,13,107,2,90,2,13,
3175071001,DKI JAKARTA,JAKARTA TIMUR,DUREN SAWIT,DUREN SAWIT,742,7,36,3,696,14,0,0,0,14,2,0,0,2,882,99,783,25,0,25,442,12,357,11,62,
3174081004,DKI JAKARTA,JAKARTA SELATAN,PANCORAN,DUREN TIGA,322,3,25,0,294,2,0,0,0,2,4,0,1,3,502,47,455,3,0,3,133,6,95,0,32,
3173051005,DKI JAKARTA,JAKARTA BARAT,KEBON JERUK,DURI KEPA,393,6,23,2,362,3,0,0,0,3,12,0,0,12,1052,80,972,69,0,69,319,13,233,9,64,
3173011002,DKI JAKARTA,JAKARTA BARAT,CENGKARENG,DURI KOSAMBI,448,5,44,3,396,0,0,0,0,0,4,0,0,4,829,65,764,11,0,11,262,19,188,4,51,
3171011006,DKI JAKARTA,JAKARTA PUSAT,GAMBIR,DURI PULO,149,2,11,3,133,0,0,0,0,0,1,0,1,0,328,26,302,7,0,7,139,3,125,4,7,
3173041011,DKI JAKARTA,JAKARTA BARAT,TAMBORA,DURI SELATAN,122,0,17,1,104,0,0,0,0,0,2,0,0,2,128,7,121,4,0,4,62,0,51,3,8,
3173041003,DKI JAKARTA,JAKARTA BARAT,TAMBORA,DURI UTARA,163,1,19,2,141,1,0,0,0,1,2,0,0,2,192,6,186,3,0,3,104,2,82,4,16,
3171081003,DKI JAKARTA,JAKARTA PUSAT,JOHAR BARU,GALUR,178,2,8,0,168,3,1,0,0,2,3,0,1,2,409,21,388,45,0,45,197,1,150,9,37,
3171011001,DKI JAKARTA,JAKARTA PUSAT,GAMBIR,GAMBIR,73,0,3,0,70,1,0,0,0,1,17,0,0,17,276,12,264,6,0,6,163,0,134,0,29,
3174061004,DKI JAKARTA,JAKARTA SELATAN,CILANDAK,GANDARIA SELATAN,159,2,9,0,148,2,0,0,0,2,20,0,0,20,565,46,519,2,0,2,109,1,86,3,19,
3174071009,DKI JAKARTA,JAKARTA SELATAN,KEBAYORAN BARU,GANDARIA UTARA,446,7,75,2,362,0,0,0,0,0,3,0,0,3,510,39,471,5,0,5,157,5,110,3,39,
3175051001,DKI JAKARTA,JAKARTA TIMUR,PASAR REBO,GEDONG,613,5,51,0,557,0,0,0,0,0,4,0,0,4,322,46,276,24,0,24,171,6,131,2,32,
3171071001,DKI JAKARTA,JAKARTA PUSAT,TANAH ABANG,GELORA,48,0,1,1,46,0,0,0,0,0,5,0,0,5,139,27,112,0,0,0,122,2,89,2,29,
3173031007,DKI JAKARTA,JAKARTA BARAT,TAMAN SARI,GLODOK,98,0,20,0,78,0,0,0,0,0,1,0,0,1,154,34,120,0,0,0,30,1,16,1,12,
3171061004,DKI JAKARTA,JAKARTA PUSAT,MENTENG,GONDANGDIA,51,1,3,1,46,0,0,0,0,0,7,0,1,6,114,7,107,7,0,7,51,2,42,3,4,
3173021001,DKI JAKARTA,JAKARTA BARAT,GROGOL PETAMBURAN,GROGOL,357,5,30,4,318,1,0,0,0,1,43,0,4,39,744,79,665,34,0,34,180,9,124,1,46,
3174051005,DKI JAKARTA,JAKARTA SELATAN,KEBAYORAN LAMA,GROGOL SELATAN,271,7,23,4,237,0,0,0,0,0,12,0,0,12,525,29,496,10,0,10,182,9,133,7,33,
3174051004,DKI JAKARTA,JAKARTA SELATAN,KEBAYORAN LAMA,GROGOL UTARA,303,4,16,4,279,0,0,0,0,0,24,0,0,24,531,33,498,16,0,16,227,4,184,7,32,
3174021007,DKI JAKARTA,JAKARTA SELATAN,SETIA BUDI,GUNTUR,49,1,3,0,45,0,0,0,0,0,1,0,0,1,175,27,148,1,0,1,29,0,24,0,5,
3174071002,DKI JAKARTA,JAKARTA SELATAN,KEBAYORAN BARU,GUNUNG,211,0,15,3,193,0,0,0,0,0,7,0,0,7,311,21,290,0,0,0,66,3,54,2,7,
3171031005,DKI JAKARTA,JAKARTA PUSAT,KEMAYORAN,GUNUNG SAHARI SELATAN,245,2,9,1,233,0,0,0,0,0,4,0,2,2,398,63,335,1,0,1,128,4,101,4,19,
3171021004,DKI JAKARTA,JAKARTA PUSAT,SAWAH BESAR,GUNUNG SAHARI UTARA,245,0,16,1,228,0,0,0,0,0,6,0,0,6,459,31,428,8,0,8,156,4,127,9,16,
3175081004,DKI JAKARTA,JAKARTA TIMUR,MAKASAR,HALIM PERDANA KUSUMAH,204,4,32,2,166,0,0,0,0,0,5,0,0,5,447,48,399,9,0,9,329,9,217,4,99,
3171031003,DKI JAKARTA,JAKARTA PUSAT,KEMAYORAN,HARAPAN MULIA,295,2,17,3,273,0,0,0,0,0,6,0,0,6,439,55,384,28,0,28,191,5,161,8,17,
3174091001,DKI JAKARTA,JAKARTA SELATAN,JAGAKARSA,JAGAKARSA,763,11,60,2,690,7,0,0,0,7,8,0,1,7,876,127,749,18,0,18,303,7,229,4,63,
3175021007,DKI JAKARTA,JAKARTA TIMUR,PULO GADUNG,JATI,306,4,18,1,283,0,0,0,0,0,7,0,0,7,801,79,722,30,0,30,205,4,176,1,24,
3174041002,DKI JAKARTA,JAKARTA SELATAN,PASAR MINGGU,JATI PADANG,381,7,47,2,325,0,0,0,0,0,3,0,0,3,503,37,466,67,0,67,141,2,98,5,36,
3173071004,DKI JAKARTA,JAKARTA BARAT,PALMERAH,JATI PULO,430,1,43,4,382,1,0,0,0,1,3,0,0,3,660,69,591,62,0,62,247,1,199,3,44,
3175061001,DKI JAKARTA,JAKARTA TIMUR,CAKUNG,JATINEGARA,525,5,139,3,378,1,0,0,0,1,3,0,0,3,1088,159,929,42,0,42,368,18,256,6,88,
3175021004,DKI JAKARTA,JAKARTA TIMUR,PULO GADUNG,JATINEGARA KAUM,103,2,14,0,87,1,0,0,1,0,3,0,0,3,287,51,236,11,0,11,72,3,48,2,19,
3173021004,DKI JAKARTA,JAKARTA BARAT,GROGOL PETAMBURAN,JELAMBAR,326,3,18,5,300,2,0,0,0,2,25,0,1,24,645,43,602,11,0,11,180,12,122,5,41,
3173021006,DKI JAKARTA,JAKARTA BARAT,GROGOL PETAMBURAN,JELAMBAR BARU,316,1,18,2,295,2,0,0,0,2,4,0,0,4,535,52,483,18,0,18,123,0,83,4,36,
3173041006,DKI JAKARTA,JAKARTA BARAT,TAMBORA,JEMBATAN BESI,507,5,31,1,470,0,0,0,0,0,4,0,0,4,446,16,430,7,0,7,201,2,170,7,22,
3173041008,DKI JAKARTA,JAKARTA BARAT,TAMBORA,JEMBATAN LIMA,167,3,19,0,145,0,0,0,0,0,1,0,0,1,186,11,175,2,0,2,96,11,61,4,20,
3173081005,DKI JAKARTA,JAKARTA BARAT,KEMBANGAN,JOGLO,320,3,61,4,252,0,0,0,0,0,5,0,1,4,623,127,496,14,0,14,180,4,135,2,39,
3171081001,DKI JAKARTA,JAKARTA PUSAT,JOHAR BARU,JOHAR BARU,555,5,27,3,520,3,2,0,0,1,5,0,0,5,1496,84,1412,95,0,95,411,7,357,14,33,
3173041002,DKI JAKARTA,JAKARTA BARAT,TAMBORA,KALI ANYAR,331,8,29,0,294,1,0,0,0,1,3,0,0,3,331,16,315,12,0,12,157,1,133,5,18,
3172041004,DKI JAKARTA,JAKARTA UTARA,CILINCING,KALI BARU,377,8,22,5,342,0,0,0,0,0,4,0,0,4,599,19,580,39,0,39,274,0,241,7,26,
3174081002,DKI JAKARTA,JAKARTA SELATAN,PANCORAN,KALIBATA,442,9,33,3,397,7,0,0,0,7,11,0,0,11,699,69,630,12,0,12,237,6,204,4,23,
3173061001,DKI JAKARTA,JAKARTA BARAT,KALI DERES,KALIDERES,865,14,66,4,781,1,0,0,0,1,5,0,0,5,1930,158,1772,29,0,29,301,9,235,5,52,
3175051004,DKI JAKARTA,JAKARTA TIMUR,PASAR REBO,KALISARI,839,8,137,0,694,0,0,0,0,0,3,0,0,3,409,35,374,10,0,10,187,7,129,3,48,
3173061004,DKI JAKARTA,JAKARTA BARAT,KALI DERES,KAMAL,282,1,17,3,261,0,0,0,0,0,1,0,0,1,495,30,465,4,0,4,46,1,31,6,8,
3172011002,DKI JAKARTA,JAKARTA UTARA,PENJARINGAN,KAMAL MUARA,72,0,5,0,67,0,0,0,0,0,4,0,0,4,148,11,137,1,0,1,65,1,58,2,4,
3171071007,DKI JAKARTA,JAKARTA PUSAT,TANAH ABANG,KAMPUNG BALI,128,5,3,2,118,1,0,0,0,1,2,0,0,2,187,19,168,2,0,2,55,0,42,3,10,
3175031001,DKI JAKARTA,JAKARTA TIMUR,JATINEGARA,KAMPUNG MELAYU,171,3,3,5,160,2,0,0,0,2,5,0,1,4,227,45,182,4,0,4,164,3,132,3,26,
3171081002,DKI JAKARTA,JAKARTA PUSAT,JOHAR BARU,KAMPUNG RAWA,263,4,8,0,251,1,0,0,0,1,0,0,0,0,617,41,576,64,0,64,249,8,203,13,25,
3175041002,DKI JAKARTA,JAKARTA TIMUR,KRAMAT JATI,KAMPUNG TENGAH,451,8,32,1,410,1,0,0,0,1,9,0,0,9,963,54,909,49,0,49,232,3,204,11,14,
3173011005,DKI JAKARTA,JAKARTA BARAT,CENGKARENG,KAPUK,574,5,52,16,501,1,0,0,0,1,10,0,0,10,1219,126,1093,13,0,13,404,16,281,11,96,
3172011003,DKI JAKARTA,JAKARTA UTARA,PENJARINGAN,KAPUK MUARA,177,1,20,0,156,1,0,0,0,1,9,0,0,9,442,54,388,20,0,20,124,5,88,7,24,
3171021002,DKI JAKARTA,JAKARTA PUSAT,SAWAH BESAR,KARANG ANYAR,413,6,25,5,377,1,0,0,0,1,4,0,0,4,778,47,731,8,0,8,164,3,138,5,18,
3174021004,DKI JAKARTA,JAKARTA SELATAN,SETIA BUDI,KARET,111,2,9,0,100,0,0,0,0,0,11,0,1,10,346,39,307,4,0,4,100,2,56,0,42,
3174021003,DKI JAKARTA,JAKARTA SELATAN,SETIA BUDI,KARET KUNINGAN,188,9,15,1,163,0,0,0,0,0,21,0,0,21,314,31,283,4,0,4,115,9,63,2,41,
3174021002,DKI JAKARTA,JAKARTA SELATAN,SETIA BUDI,KARET SEMANGGI,49,0,0,1,48,0,0,0,0,0,3,0,0,3,73,6,67,2,0,2,24,1,17,2,4,
3171071003,DKI JAKARTA,JAKARTA PUSAT,TANAH ABANG,KARET TENGSIN,206,3,6,0,197,0,0,0,0,0,7,0,0,7,307,34,273,1,0,1,114,5,96,2,11,
3171021003,DKI JAKARTA,JAKARTA PUSAT,SAWAH BESAR,KARTINI,292,0,27,1,264,1,0,0,0,1,0,0,0,0,611,91,520,17,0,17,193,4,161,4,24,
3175011003,DKI JAKARTA,JAKARTA TIMUR,MATRAMAN,KAYU MANIS,296,2,30,0,264,3,0,0,0,3,1,0,1,0,591,35,556,28,0,28,159,6,124,4,25,
3175021006,DKI JAKARTA,JAKARTA TIMUR,PULO GADUNG,KAYU PUTIH,387,5,25,4,353,1,0,0,1,0,11,0,0,11,953,85,868,40,0,40,247,8,203,6,30,
3173031006,DKI JAKARTA,JAKARTA BARAT,TAMAN SARI,KEAGUNGAN,265,3,23,0,239,0,0,0,0,0,3,0,1,2,452,47,405,10,0,10,146,0,120,1,25,
3174041007,DKI JAKARTA,JAKARTA SELATAN,PASAR MINGGU,KEBAGUSAN,476,2,57,1,416,3,1,0,0,2,2,0,0,2,604,28,576,39,0,39,144,5,113,0,26,
3174051006,DKI JAKARTA,JAKARTA SELATAN,KEBAYORAN LAMA,KEBAYORAN LAMA SELATAN,421,4,32,0,385,4,0,0,0,4,2,0,0,2,700,28,672,14,0,14,220,11,157,5,47,
3174051001,DKI JAKARTA,JAKARTA SELATAN,KEBAYORAN LAMA,KEBAYORAN LAMA UTARA,303,4,18,1,280,1,0,0,0,1,15,0,0,15,436,31,405,4,0,4,142,8,109,4,21,
3174011004,DKI JAKARTA,JAKARTA SELATAN,TEBET,KEBON BARU,303,3,45,2,253,0,0,0,0,0,15,0,0,15,562,68,494,18,0,18,148,4,111,2,31,
3172021005,DKI JAKARTA,JAKARTA UTARA,TANJUNG PRIOK,KEBON BAWANG,580,14,56,1,509,0,0,0,0,0,15,0,1,14,1045,81,964,67,0,67,369,8,301,3,57,
3173051001,DKI JAKARTA,JAKARTA BARAT,KEBON JERUK,KEBON JERUK,544,10,57,6,471,2,0,0,0,2,13,0,0,13,1567,161,1406,58,0,58,524,20,275,14,215,
3171071006,DKI JAKARTA,JAKARTA PUSAT,TANAH ABANG,KEBON KACANG,399,1,4,1,393,1,0,0,0,1,0,0,0,0,392,25,367,6,0,6,261,5,233,11,12,
3171011005,DKI JAKARTA,JAKARTA PUSAT,GAMBIR,KEBON KELAPA,129,1,9,1,118,3,0,0,0,3,3,0,1,2,236,45,191,2,0,2,78,0,60,1,17,
3171031002,DKI JAKARTA,JAKARTA PUSAT,KEMAYORAN,KEBON KOSONG,310,5,10,5,290,0,0,0,0,0,8,0,1,7,389,41,348,30,0,30,197,6,169,7,15,
3175011005,DKI JAKARTA,JAKARTA TIMUR,MATRAMAN,KEBON MANGGIS,154,2,7,4,141,0,0,0,0,0,2,0,0,2,220,9,211,20,0,20,122,3,107,2,10,
3171071005,DKI JAKARTA,JAKARTA PUSAT,TANAH ABANG,KEBON MELATI,422,6,14,3,399,0,0,0,0,0,5,0,0,5,572,57,515,8,0,8,418,5,365,7,41,
3175081003,DKI JAKARTA,JAKARTA TIMUR,MAKASAR,KEBON PALA,273,6,75,1,191,1,0,0,0,1,5,0,1,4,817,58,759,15,0,15,238,7,197,3,31,
3171061005,DKI JAKARTA,JAKARTA PUSAT,MENTENG,KEBON SIRIH,139,0,10,2,127,0,0,0,0,0,2,0,0,2,272,12,260,14,0,14,122,1,111,2,8,
3173011004,DKI JAKARTA,JAKARTA BARAT,CENGKARENG,KEDAUNG KALI ANGKE,374,4,32,0,338,0,0,0,0,0,1,0,0,1,439,51,388,5,0,5,234,4,192,3,35,
3173051007,DKI JAKARTA,JAKARTA BARAT,KEBON JERUK,KEDOYA SELATAN,249,0,21,5,223,2,0,0,0,2,6,0,0,6,540,61,479,19,0,19,157,4,108,5,40,
3173051006,DKI JAKARTA,JAKARTA BARAT,KEBON JERUK,KEDOYA UTARA,276,4,43,2,227,1,0,0,0,1,15,0,0,15,726,94,632,20,0,20,220,5,146,4,65,
3173051004,DKI JAKARTA,JAKARTA BARAT,KEBON JERUK,KELAPA DUA,209,9,22,0,178,0,0,0,0,0,5,0,0,5,473,76,397,22,0,22,127,4,84,2,37,
3175091003,DKI JAKARTA,JAKARTA TIMUR,CIRACAS,KELAPA DUA WETAN,484,6,38,1,439,1,0,0,0,1,7,0,0,7,928,71,857,36,0,36,171,5,128,2,36,
3172061003,DKI JAKARTA,JAKARTA UTARA,KELAPA GADING,KELAPA GADING BARAT,751,12,29,3,707,2,0,0,0,2,47,0,1,46,1148,61,1087,100,0,100,319,10,288,5,16,
3172061001,DKI JAKARTA,JAKARTA UTARA,KELAPA GADING,KELAPA GADING TIMUR,630,9,38,2,581,1,0,0,0,1,22,0,1,21,1131,70,1061,66,0,66,222,4,146,8,64,
3173071005,DKI JAKARTA,JAKARTA BARAT,PALMERAH,KEMANGGISAN,489,7,42,6,434,0,0,0,0,0,8,0,0,8,793,87,706,49,0,49,248,7,183,6,52,
3171031001,DKI JAKARTA,JAKARTA PUSAT,KEMAYORAN,KEMAYORAN,324,1,18,3,302,0,0,0,0,0,1,0,1,0,489,41,448,20,0,20,277,6,218,11,42,
3173081006,DKI JAKARTA,JAKARTA BARAT,KEMBANGAN,KEMBANGAN SELATAN,208,1,30,1,176,0,0,0,0,0,6,0,0,6,492,54,438,52,0,52,151,9,114,3,25,
3173081001,DKI JAKARTA,JAKARTA BARAT,KEMBANGAN,KEMBANGAN UTARA,454,8,42,3,401,4,0,0,1,3,2,0,0,2,1339,109,1230,10,0,10,219,6,173,5,35,
3171041002,DKI JAKARTA,JAKARTA PUSAT,SENEN,KENARI,183,5,10,1,167,1,0,0,0,1,4,0,3,1,438,40,398,45,0,45,160,3,145,2,10,
3173041005,DKI JAKARTA,JAKARTA BARAT,TAMBORA,KERENDANG,237,3,29,2,203,1,0,0,0,1,0,0,0,0,184,23,161,3,0,3,121,0,91,7,23,
3175071003,DKI JAKARTA,JAKARTA TIMUR,DUREN SAWIT,KLENDER,558,6,27,2,523,2,0,0,0,2,4,0,1,3,820,85,735,25,0,25,312,4,234,9,65,
3172031001,DKI JAKARTA,JAKARTA UTARA,KOJA,KOJA,270,3,24,0,243,0,0,0,0,0,4,0,0,4,389,8,381,36,0,36,219,3,183,5,28,
3173071006,DKI JAKARTA,JAKARTA BARAT,PALMERAH,KOTA BAMBU SELATAN,415,8,27,5,375,0,0,0,0,0,1,0,0,1,765,42,723,71,0,71,220,2,188,5,25,
3173071003,DKI JAKARTA,JAKARTA BARAT,PALMERAH,KOTA BAMBU UTARA,344,2,22,11,309,0,0,0,0,0,3,0,0,3,509,30,479,54,0,54,205,3,177,6,19,
3171041004,DKI JAKARTA,JAKARTA PUSAT,SENEN,KRAMAT,354,10,17,6,321,0,0,0,0,0,7,0,1,6,826,40,786,33,0,33,230,4,205,10,11,
3175041001,DKI JAKARTA,JAKARTA TIMUR,KRAMAT JATI,KRAMAT JATI,324,8,35,1,280,0,0,0,0,0,10,0,0,10,701,123,578,21,0,21,254,11,172,6,65,
3174071003,DKI JAKARTA,JAKARTA SELATAN,KEBAYORAN BARU,KRAMAT PELA,205,3,63,0,139,0,0,0,0,0,0,0,0,0,474,23,451,6,0,6,116,4,93,0,19,
3173031002,DKI JAKARTA,JAKARTA BARAT,TAMAN SARI,KRUKUT,233,2,32,6,193,1,1,0,0,0,3,0,0,3,380,53,327,12,0,12,153,4,111,4,34,
3174031005,DKI JAKARTA,JAKARTA SELATAN,MAMPANG PRAPATAN,KUNINGAN BARAT,107,1,18,1,87,0,0,0,0,0,0,0,0,0,432,45,387,5,0,5,90,2,52,0,36,
3174021008,DKI JAKARTA,JAKARTA SELATAN,SETIA BUDI,KUNINGAN TIMUR,110,0,3,1,106,1,0,0,0,1,20,0,0,20,141,17,124,1,0,1,70,2,47,2,19,
3171041005,DKI JAKARTA,JAKARTA PUSAT,SENEN,KWITANG,210,2,10,0,198,2,0,0,0,2,6,0,1,5,403,21,382,10,0,10,104,2,94,4,4,
3172031003,DKI JAKARTA,JAKARTA UTARA,KOJA,LAGOA,514,7,29,1,477,0,0,0,0,0,5,0,0,5,597,51,546,60,0,60,532,6,480,9,37,
3174061002,DKI JAKARTA,JAKARTA SELATAN,CILANDAK,LEBAK BULUS,318,3,49,2,264,3,0,0,0,3,27,0,0,27,744,219,525,22,0,22,404,3,130,9,262,
3174091004,DKI JAKARTA,JAKARTA SELATAN,JAGAKARSA,LENTENG AGUNG,532,7,27,0,498,3,0,0,0,3,6,0,0,6,529,83,446,14,0,14,163,2,132,0,29,
LUAR DKI JAKARTA,LUAR DKI JAKARTA,LUAR DKI JAKARTA,LUAR DKI JAKARTA,LUAR DKI JAKARTA,27699,634,2859,98,24108,67,11,0,0,56,538,0,32,506,39672,7850,31822,1535,0,1535,7013,194,6017,119,683,
3175101007,DKI JAKARTA,JAKARTA TIMUR,CIPAYUNG,LUBANG BUAYA,601,14,93,3,491,1,0,0,0,1,7,0,2,5,634,64,570,28,0,28,273,18,192,2,61,
3175081001,DKI JAKARTA,JAKARTA TIMUR,MAKASAR,MAKASAR,258,6,54,1,197,0,0,0,0,0,7,0,0,7,942,64,878,23,0,23,209,8,161,0,40,
3175071006,DKI JAKARTA,JAKARTA TIMUR,DUREN SAWIT,MALAKA JAYA,291,8,15,2,266,1,0,0,0,1,2,0,0,2,496,42,454,12,0,12,179,0,148,1,30,
3175071005,DKI JAKARTA,JAKARTA TIMUR,DUREN SAWIT,MALAKA SARI,260,7,15,1,237,0,0,0,0,0,1,0,1,0,411,44,367,11,0,11,154,3,119,3,29,
3174031001,DKI JAKARTA,JAKARTA SELATAN,MAMPANG PRAPATAN,MAMPANG PRAPATAN,257,7,15,2,233,1,1,0,0,0,0,0,0,0,908,77,831,9,0,9,258,5,204,7,42,
3173031005,DKI JAKARTA,JAKARTA BARAT,TAMAN SARI,MANGGA BESAR,117,4,7,1,105,1,0,0,0,1,0,0,0,0,145,9,136,6,0,6,49,0,39,1,9,
3171021005,DKI JAKARTA,JAKARTA PUSAT,SAWAH BESAR,MANGGA DUA SELATAN,347,2,38,1,306,3,0,0,0,3,1,0,0,1,708,45,663,9,0,9,179,2,146,2,29,
3174011007,DKI JAKARTA,JAKARTA SELATAN,TEBET,MANGGARAI,331,5,30,0,296,4,0,0,0,4,4,0,0,4,460,45,415,21,0,21,163,2,111,1,49,
3174011006,DKI JAKARTA,JAKARTA SELATAN,TEBET,MANGGARAI SELATAN,210,6,33,2,169,0,0,0,0,0,6,0,0,6,416,26,390,20,0,20,92,5,66,2,19,
3173031003,DKI JAKARTA,JAKARTA BARAT,TAMAN SARI,MAPHAR,190,2,17,1,170,0,0,0,0,0,6,0,0,6,337,32,305,37,0,37,175,0,161,1,13,
3172041003,DKI JAKARTA,JAKARTA UTARA,CILINCING,MARUNDA,231,4,13,0,214,3,1,0,0,2,0,0,0,0,326,21,305,13,0,13,93,1,84,1,7,
3174071001,DKI JAKARTA,JAKARTA SELATAN,KEBAYORAN BARU,MELAWAI,48,0,2,0,46,0,0,0,0,0,1,0,0,1,67,13,54,0,0,0,14,0,11,1,2,
3171061001,DKI JAKARTA,JAKARTA PUSAT,MENTENG,MENTENG,345,4,34,2,305,2,0,0,0,2,2,0,1,1,653,48,605,26,0,26,256,6,199,9,42,
3174021005,DKI JAKARTA,JAKARTA SELATAN,SETIA BUDI,MENTENG ATAS,299,3,25,3,268,1,0,0,0,1,47,0,2,45,1150,130,1020,36,0,36,193,2,154,3,34,
3174011003,DKI JAKARTA,JAKARTA SELATAN,TEBET,MENTENG DALAM,495,3,27,4,461,3,0,0,0,3,13,0,0,13,662,43,619,39,0,39,175,1,136,6,32,
3173081003,DKI JAKARTA,JAKARTA BARAT,KEMBANGAN,MERUYA SELATAN,289,4,38,1,246,0,0,0,0,0,2,0,0,2,660,110,550,17,0,17,157,4,110,3,40,
3173081002,DKI JAKARTA,JAKARTA BARAT,KEMBANGAN,MERUYA UTARA,420,6,51,6,357,1,0,0,1,0,5,0,0,5,813,84,729,10,0,10,192,9,140,2,41,
3175101004,DKI JAKARTA,JAKARTA TIMUR,CIPAYUNG,MUNJUL,229,7,22,0,200,0,0,0,0,0,3,0,1,2,272,30,242,23,0,23,85,3,62,1,19,
3172051002,DKI JAKARTA,JAKARTA UTARA,PADEMANGAN,PADEMANGAN BARAT,1654,9,56,4,1585,5,1,0,0,4,14,0,1,13,2299,65,2234,30,0,30,631,7,567,20,37,
3172051001,DKI JAKARTA,JAKARTA UTARA,PADEMANGAN,PADEMANGAN TIMUR,521,2,32,1,486,2,1,0,0,1,12,0,0,12,785,63,722,15,0,15,205,1,162,4,38,
3175011004,DKI JAKARTA,JAKARTA TIMUR,MATRAMAN,PAL MERIAM,210,2,10,2,196,2,0,0,0,2,2,0,0,2,545,40,505,58,0,58,169,4,142,6,17,
3173071001,DKI JAKARTA,JAKARTA BARAT,PALMERAH,PALMERAH,946,3,113,2,828,0,0,0,0,0,2,0,0,2,1553,170,1383,73,0,73,405,9,306,16,74,
3174081001,DKI JAKARTA,JAKARTA SELATAN,PANCORAN,PANCORAN,314,14,16,0,284,1,0,0,0,1,9,0,0,9,530,44,486,6,0,6,203,3,163,4,33,
3172021003,DKI JAKARTA,JAKARTA UTARA,TANJUNG PRIOK,PAPANGGO,373,5,42,0,326,1,0,0,0,1,6,0,1,5,724,45,679,54,0,54,224,4,190,2,28,
3171021001,DKI JAKARTA,JAKARTA PUSAT,SAWAH BESAR,PASAR BARU,209,2,20,2,185,1,0,0,0,1,5,0,0,5,423,26,397,9,0,9,150,2,134,1,13,
3174021006,DKI JAKARTA,JAKARTA SELATAN,SETIA BUDI,PASAR MANGGIS,205,6,11,3,185,3,1,0,0,2,27,0,0,27,845,109,736,17,0,17,176,6,128,8,34,
3174041001,DKI JAKARTA,JAKARTA SELATAN,PASAR MINGGU,PASAR MINGGU,346,8,36,1,301,2,0,0,0,2,5,0,0,5,471,42,429,20,0,20,188,2,130,4,52,
3171041003,DKI JAKARTA,JAKARTA PUSAT,SENEN,PASEBAN,455,8,31,1,415,2,0,0,0,2,12,0,3,9,802,95,707,60,0,60,253,5,203,7,38,
3173061005,DKI JAKARTA,JAKARTA BARAT,KALI DERES,PEGADUNGAN,602,3,56,7,536,0,0,0,0,0,10,0,0,10,1288,102,1186,17,0,17,213,11,158,4,40,
3171061002,DKI JAKARTA,JAKARTA PUSAT,MENTENG,PEGANGSAAN,331,4,39,2,286,1,0,0,0,1,2,0,2,0,813,51,762,51,0,51,328,8,284,4,32,
3172061002,DKI JAKARTA,JAKARTA UTARA,KELAPA GADING,PEGANGSAAN DUA,708,9,36,1,662,1,0,0,0,1,41,0,0,41,1482,69,1413,130,0,130,329,5,270,8,46,
3172011004,DKI JAKARTA,JAKARTA UTARA,PENJARINGAN,PEJAGALAN,436,8,36,2,390,2,0,0,0,2,7,0,0,7,796,69,727,28,0,28,219,8,169,4,38,
3174041006,DKI JAKARTA,JAKARTA SELATAN,PASAR MINGGU,PEJATEN BARAT,373,11,39,2,321,8,1,0,0,7,2,0,1,1,599,48,551,73,0,73,182,7,143,2,30,
3174041005,DKI JAKARTA,JAKARTA SELATAN,PASAR MINGGU,PEJATEN TIMUR,414,4,49,1,360,4,0,0,0,4,3,0,0,3,544,44,500,40,0,40,178,5,141,8,24,
3175051005,DKI JAKARTA,JAKARTA TIMUR,PASAR REBO,PEKAYON,711,4,69,1,637,0,0,0,0,0,3,0,0,3,283,32,251,11,0,11,162,7,113,2,40,
3173041009,DKI JAKARTA,JAKARTA BARAT,TAMBORA,PEKOJAN,258,2,21,2,233,0,0,0,0,0,2,0,0,2,225,21,204,17,0,17,103,4,88,3,8,
3174031003,DKI JAKARTA,JAKARTA SELATAN,MAMPANG PRAPATAN,PELA MAMPANG,305,6,36,2,261,4,0,0,0,4,14,0,0,14,1287,195,1092,6,0,6,238,1,179,5,53,
3174081005,DKI JAKARTA,JAKARTA SELATAN,PANCORAN,PENGADEGAN,166,0,11,2,153,0,0,0,0,0,8,0,0,8,356,28,328,10,0,10,87,3,77,0,7,
3175061003,DKI JAKARTA,JAKARTA TIMUR,CAKUNG,PENGGILINGAN,496,7,51,1,437,1,0,0,0,1,7,0,0,7,1370,183,1187,76,0,76,445,27,331,9,78,
3172011001,DKI JAKARTA,JAKARTA UTARA,PENJARINGAN,PENJARINGAN,909,27,111,4,767,1,0,0,0,1,23,0,1,22,2706,130,2576,119,0,119,507,11,401,15,80,
3174101001,DKI JAKARTA,JAKARTA SELATAN,PESANGGRAHAN,PESANGGRAHAN,376,4,21,4,347,2,0,0,1,1,0,0,0,0,743,74,669,19,0,19,122,1,92,3,26,
3171071004,DKI JAKARTA,JAKARTA PUSAT,TANAH ABANG,PETAMBURAN,510,9,6,7,488,0,0,0,0,0,7,0,0,7,539,65,474,8,0,8,399,15,336,11,37,
3174071008,DKI JAKARTA,JAKARTA SELATAN,KEBAYORAN BARU,PETOGOGAN,124,1,11,0,112,0,0,0,0,0,3,0,0,3,224,20,204,0,0,0,54,2,44,0,8,
3171011004,DKI JAKARTA,JAKARTA PUSAT,GAMBIR,PETOJO SELATAN,207,5,12,1,189,0,0,0,0,0,25,0,1,24,660,109,551,15,0,15,240,4,192,8,36,
3171011003,DKI JAKARTA,JAKARTA PUSAT,GAMBIR,PETOJO UTARA,173,1,14,3,155,1,0,0,0,1,11,0,0,11,335,34,301,25,0,25,129,6,99,3,21,
3174101004,DKI JAKARTA,JAKARTA SELATAN,PESANGGRAHAN,PETUKANGAN SELATAN,371,4,39,2,326,0,0,0,0,0,2,0,0,2,745,122,623,8,0,8,129,3,63,4,59,
3174101003,DKI JAKARTA,JAKARTA SELATAN,PESANGGRAHAN,PETUKANGAN UTARA,460,2,67,4,387,2,0,0,0,2,5,0,0,5,1446,109,1337,9,0,9,226,8,157,2,59,
3175081002,DKI JAKARTA,JAKARTA TIMUR,MAKASAR,PINANG RANTI,197,3,43,1,150,0,0,0,0,0,0,0,0,0,574,26,548,25,0,25,117,2,95,4,16,
3173031008,DKI JAKARTA,JAKARTA BARAT,TAMAN SARI,PINANGSIA,119,1,15,1,102,0,0,0,0,0,2,0,0,2,206,32,174,2,0,2,82,5,64,0,13,
3175011001,DKI JAKARTA,JAKARTA TIMUR,MATRAMAN,PISANGAN BARU,300,10,18,3,269,1,0,0,0,1,3,0,1,2,391,53,338,30,0,30,154,2,129,7,16,
3175021002,DKI JAKARTA,JAKARTA TIMUR,PULO GADUNG,PISANGAN TIMUR,290,5,17,4,264,1,0,0,0,1,9,0,0,9,588,71,517,28,0,28,167,8,130,5,24,
3172011005,DKI JAKARTA,JAKARTA UTARA,PENJARINGAN,PLUIT,307,6,34,4,263,0,0,0,0,0,11,0,0,11,1089,83,1006,16,0,16,184,10,138,8,28,
3175071002,DKI JAKARTA,JAKARTA TIMUR,DUREN SAWIT,PONDOK BAMBU,880,10,38,1,831,3,0,0,0,3,3,0,0,3,890,112,778,24,0,24,329,2,271,6,50,
3175071004,DKI JAKARTA,JAKARTA TIMUR,DUREN SAWIT,PONDOK KELAPA,594,11,40,0,543,0,0,0,0,0,10,0,0,10,991,119,872,18,0,18,314,7,234,10,63,
3175071007,DKI JAKARTA,JAKARTA TIMUR,DUREN SAWIT,PONDOK KOPI,371,1,40,1,329,0,0,0,0,0,2,0,1,1,353,24,329,12,0,12,206,3,144,7,52,
3174061003,DKI JAKARTA,JAKARTA SELATAN,CILANDAK,PONDOK LABU,369,9,38,1,321,6,0,0,0,6,73,0,0,73,911,121,790,37,0,37,151,4,107,1,39,
3174051002,DKI JAKARTA,JAKARTA SELATAN,KEBAYORAN LAMA,PONDOK PINANG,475,4,33,4,434,0,0,0,0,0,44,0,0,44,740,71,669,11,0,11,239,10,167,9,53,
3175101003,DKI JAKARTA,JAKARTA TIMUR,CIPAYUNG,PONDOK RANGGON,231,4,21,3,203,0,0,0,0,0,3,0,0,3,293,58,235,21,0,21,137,4,89,1,43,
PROSES UPDATE DATA,PROSES UPDATE DATA,PROSES UPDATE DATA,PROSES UPDATE DATA,PROSES UPDATE DATA,12993,137,608,1703,10545,2748,0,0,2746,2,152,0,0,152,14983,2191,12792,82,1,81,20157,523,17934,441,1259,
3101011003,DKI JAKARTA,KAB.ADM.KEP.SERIBU,KEP. SERIBU UTARA,PULAU HARAPAN,61,0,1,0,60,0,0,0,0,0,0,0,0,0,63,1,62,0,0,0,5,0,5,0,0,
3101011002,DKI JAKARTA,KAB.ADM.KEP.SERIBU,KEP. SERIBU UTARA,PULAU KELAPA,60,0,7,1,52,0,0,0,0,0,3,0,0,3,154,9,145,1,0,1,7,0,6,0,1,
3101011001,DKI JAKARTA,KAB.ADM.KEP.SERIBU,KEP. SERIBU UTARA,PULAU PANGGANG,102,0,14,1,87,0,0,0,0,0,0,0,0,0,164,6,158,4,0,4,21,0,19,0,2,
3101021003,DKI JAKARTA,KAB.ADM.KEP.SERIBU,KEP. SERIBU SELATAN,PULAU PARI,6,0,0,0,6,0,0,0,0,0,0,0,0,0,171,3,168,1,0,1,4,0,4,0,0,
3101021002,DKI JAKARTA,KAB.ADM.KEP.SERIBU,KEP. SERIBU SELATAN,PULAU TIDUNG,36,0,0,0,36,1,0,0,1,0,0,0,0,0,368,14,354,1,0,1,36,0,32,0,4,
3101021001,DKI JAKARTA,KAB.ADM.KEP.SERIBU,KEP. SERIBU SELATAN,PULAU UNTUNG JAWA,25,0,1,0,24,0,0,0,0,0,0,0,0,0,104,2,102,0,0,0,4,0,3,0,1,
3174071007,DKI JAKARTA,JAKARTA SELATAN,KEBAYORAN BARU,PULO,252,2,77,1,172,1,0,0,0,1,1,0,0,1,194,43,151,0,0,0,48,1,38,0,9,
3175021001,DKI JAKARTA,JAKARTA TIMUR,PULO GADUNG,PULO GADUNG,335,5,29,2,299,0,0,0,0,0,10,0,0,10,751,75,676,27,0,27,212,12,153,4,43,
3175061005,DKI JAKARTA,JAKARTA TIMUR,CAKUNG,PULO GEBANG,454,11,64,2,377,1,0,0,0,1,7,0,1,6,1157,121,1036,58,0,58,300,14,234,5,47,
3174041004,DKI JAKARTA,JAKARTA SELATAN,PASAR MINGGU,RAGUNAN,491,7,73,2,409,1,0,0,0,1,2,0,1,1,593,58,535,24,0,24,155,18,105,5,27,
3175091005,DKI JAKARTA,JAKARTA TIMUR,CIRACAS,RAMBUTAN,380,7,56,1,316,2,0,0,0,2,12,0,0,12,645,35,610,29,0,29,130,7,92,1,30,
3172031006,DKI JAKARTA,JAKARTA UTARA,KOJA,RAWA BADAK SELATAN,414,3,22,2,387,2,0,0,0,2,2,0,0,2,505,37,468,43,0,43,278,0,257,4,17,
3172031004,DKI JAKARTA,JAKARTA UTARA,KOJA,RAWA BADAK UTARA,376,5,28,1,342,0,0,0,0,0,2,0,0,2,445,36,409,71,0,71,221,3,192,4,22,
3174071005,DKI JAKARTA,JAKARTA SELATAN,KEBAYORAN BARU,RAWA BARAT,76,0,8,1,67,0,0,0,0,0,1,0,0,1,138,11,127,0,0,0,21,1,13,1,6,
3173011003,DKI JAKARTA,JAKARTA BARAT,CENGKARENG,RAWA BUAYA,287,2,59,2,224,0,0,0,0,0,4,0,0,4,642,67,575,5,0,5,241,12,165,9,55,
3175031004,DKI JAKARTA,JAKARTA TIMUR,JATINEGARA,RAWA BUNGA,127,2,9,1,115,0,0,0,0,0,1,0,0,1,182,20,162,11,0,11,101,1,80,2,18,
3174081003,DKI JAKARTA,JAKARTA SELATAN,PANCORAN,RAWA JATI,245,3,22,0,220,2,0,0,0,2,11,0,0,11,425,28,397,7,0,7,77,5,56,0,16,
3175061002,DKI JAKARTA,JAKARTA TIMUR,CAKUNG,RAWA TERATE,110,5,22,0,83,0,0,0,0,0,2,0,0,2,299,51,248,3,0,3,115,3,77,1,34,
3175021005,DKI JAKARTA,JAKARTA TIMUR,PULO GADUNG,RAWAMANGUN,296,6,19,0,271,0,0,0,0,0,7,0,0,7,726,66,660,29,0,29,214,13,166,4,31,
3171051003,DKI JAKARTA,JAKARTA PUSAT,CEMPAKA PUTIH,RAWASARI,618,6,23,2,587,3,0,0,1,2,6,0,0,6,1118,96,1022,30,0,30,380,24,297,4,55,
3173041010,DKI JAKARTA,JAKARTA BARAT,TAMBORA,ROA MALAKA,30,0,1,0,29,1,0,0,0,1,0,0,0,0,37,3,34,1,0,1,14,1,13,0,0,
3172041006,DKI JAKARTA,JAKARTA UTARA,CILINCING,ROROTAN,310,7,17,2,284,0,0,0,0,0,3,0,0,3,558,34,524,69,0,69,134,4,119,2,9,
3174071004,DKI JAKARTA,JAKARTA SELATAN,KEBAYORAN BARU,SELONG,57,1,13,0,43,0,0,0,0,0,3,0,0,3,108,16,92,1,0,1,21,0,20,1,0,
3173061002,DKI JAKARTA,JAKARTA BARAT,KALI DERES,SEMANAN,386,8,54,3,321,0,0,0,0,0,3,0,1,2,890,93,797,7,0,7,135,5,89,1,40,
3172041007,DKI JAKARTA,JAKARTA UTARA,CILINCING,SEMPER BARAT,588,13,35,1,539,3,1,0,0,2,12,0,0,12,1049,57,992,92,0,92,362,6,327,5,24,
3172041005,DKI JAKARTA,JAKARTA UTARA,CILINCING,SEMPER TIMUR,348,9,21,1,317,1,0,0,0,1,4,0,0,4,622,27,595,42,0,42,185,3,163,3,16,
3174071006,DKI JAKARTA,JAKARTA SELATAN,KEBAYORAN BARU,SENAYAN,170,1,130,0,39,0,0,0,0,0,9,0,0,9,293,95,198,0,0,0,74,2,52,0,20,
3171041001,DKI JAKARTA,JAKARTA PUSAT,SENEN,SENEN,167,7,3,0,157,1,0,0,0,1,7,0,1,6,632,40,592,26,0,26,146,3,117,2,24,
3171031004,DKI JAKARTA,JAKARTA PUSAT,KEMAYORAN,SERDANG,381,1,29,2,349,0,0,0,0,0,5,0,0,5,574,88,486,28,0,28,212,8,156,5,43,
3174021001,DKI JAKARTA,JAKARTA SELATAN,SETIA BUDI,SETIA BUDI,71,0,4,0,67,0,0,0,0,0,4,0,0,4,304,36,268,6,0,6,26,0,22,0,4,
3175101005,DKI JAKARTA,JAKARTA TIMUR,CIPAYUNG,SETU,224,3,11,0,210,1,1,0,0,0,2,0,0,2,281,45,236,13,0,13,92,2,74,1,15,
3173071002,DKI JAKARTA,JAKARTA BARAT,PALMERAH,SLIPI,460,3,40,2,415,0,0,0,0,0,2,0,0,2,874,115,759,40,0,40,247,12,190,3,42,
3173081004,DKI JAKARTA,JAKARTA BARAT,KEMBANGAN,SRENGSENG,416,6,85,3,322,1,0,0,0,1,6,0,1,5,1010,130,880,22,0,22,232,4,182,4,42,
3174091002,DKI JAKARTA,JAKARTA SELATAN,JAGAKARSA,SRENGSENG SAWAH,590,10,50,0,530,8,0,0,0,8,11,0,1,10,674,89,585,26,0,26,187,8,136,7,36,
3173051003,DKI JAKARTA,JAKARTA BARAT,KEBON JERUK,SUKABUMI SELATAN,233,4,12,4,213,1,0,0,0,1,1,0,0,1,559,74,485,24,0,24,149,2,110,4,33,
3173051002,DKI JAKARTA,JAKARTA BARAT,KEBON JERUK,SUKABUMI UTARA,241,2,22,3,214,0,0,0,0,0,19,0,0,19,586,90,496,42,0,42,171,5,110,7,49,
3172041002,DKI JAKARTA,JAKARTA UTARA,CILINCING,SUKAPURA,504,7,35,2,460,0,0,0,0,0,6,0,0,6,818,41,777,82,0,82,294,5,255,4,30,
3171031007,DKI JAKARTA,JAKARTA PUSAT,KEMAYORAN,SUMUR BATU,347,3,24,1,319,1,0,0,0,1,5,0,0,5,459,56,403,26,0,26,178,8,154,2,14,
3172021004,DKI JAKARTA,JAKARTA UTARA,TANJUNG PRIOK,SUNGAI BAMBU,284,5,40,0,239,0,0,0,0,0,6,0,0,6,547,52,495,34,0,34,127,3,110,4,10,
3172021006,DKI JAKARTA,JAKARTA UTARA,TANJUNG PRIOK,SUNTER AGUNG,819,8,76,1,734,2,0,0,0,2,20,0,1,19,1707,97,1610,67,0,67,487,13,388,14,72,
3172021002,DKI JAKARTA,JAKARTA UTARA,TANJUNG PRIOK,SUNTER JAYA,724,6,77,6,635,0,0,0,0,0,9,0,1,8,1380,128,1252,156,0,156,444,5,344,17,78,
3175091004,DKI JAKARTA,JAKARTA TIMUR,CIRACAS,SUSUKAN,390,4,60,1,325,0,0,0,0,0,16,0,0,16,1040,40,1000,69,0,69,124,5,90,4,25,
3173031001,DKI JAKARTA,JAKARTA BARAT,TAMAN SARI,TAMAN SARI,248,2,25,0,221,2,0,0,0,2,0,0,0,0,342,48,294,12,0,12,152,5,115,4,28,
3173041001,DKI JAKARTA,JAKARTA BARAT,TAMBORA,TAMBORA,175,3,10,3,159,0,0,0,0,0,1,0,0,1,265,9,256,2,0,2,69,2,51,3,13,
3173041004,DKI JAKARTA,JAKARTA BARAT,TAMBORA,TANAH SEREAL,261,7,18,1,235,1,0,0,0,1,4,0,0,4,233,15,218,3,0,3,141,6,115,6,14,
3171081004,DKI JAKARTA,JAKARTA PUSAT,JOHAR BARU,TANAH TINGGI,390,8,16,3,363,2,1,0,0,1,2,0,0,2,832,72,760,34,0,34,352,4,310,17,21,
3173031004,DKI JAKARTA,JAKARTA BARAT,TAMAN SARI,TANGKI,212,0,23,1,188,1,0,0,0,1,3,0,0,3,262,21,241,2,0,2,89,2,73,1,13,
3174091005,DKI JAKARTA,JAKARTA SELATAN,JAGAKARSA,TANJUNG BARAT,466,7,24,1,434,1,0,0,0,1,2,0,0,2,433,51,382,11,0,11,184,0,143,4,37,
3173021005,DKI JAKARTA,JAKARTA BARAT,GROGOL PETAMBURAN,TANJUNG DUREN SELATAN,333,3,7,1,322,0,0,0,0,0,19,0,0,19,547,40,507,19,0,19,233,4,187,7,35,
3173021002,DKI JAKARTA,JAKARTA BARAT,GROGOL PETAMBURAN,TANJUNG DUREN UTARA,234,2,9,0,223,1,0,0,0,1,20,0,0,20,433,33,400,18,0,18,119,6,71,5,37,
3172021001,DKI JAKARTA,JAKARTA UTARA,TANJUNG PRIOK,TANJUNG PRIOK,427,5,45,6,371,0,0,0,0,0,10,0,0,10,653,53,600,63,0,63,301,4,251,8,38,
3174011002,DKI JAKARTA,JAKARTA SELATAN,TEBET,TEBET BARAT,378,3,30,0,345,1,0,0,0,1,8,0,0,8,558,47,511,22,0,22,256,1,215,5,35,
3174011001,DKI JAKARTA,JAKARTA SELATAN,TEBET,TEBET TIMUR,315,4,41,2,268,0,0,0,0,0,6,0,0,6,465,41,424,28,0,28,147,2,103,3,39,
3173061003,DKI JAKARTA,JAKARTA BARAT,KALI DERES,TEGAL ALUR,576,6,58,6,506,0,0,0,0,0,7,0,0,7,1070,126,944,9,0,9,154,3,115,3,33,
3174031004,DKI JAKARTA,JAKARTA SELATAN,MAMPANG PRAPATAN,TEGAL PARANG,279,6,26,3,244,5,0,0,1,4,4,0,0,4,846,96,750,10,0,10,235,1,194,5,35,
3173021003,DKI JAKARTA,JAKARTA BARAT,GROGOL PETAMBURAN,TOMANG,350,7,11,2,330,0,0,0,0,0,14,0,0,14,607,51,556,74,0,74,226,6,175,3,42,
3172031005,DKI JAKARTA,JAKARTA UTARA,KOJA,TUGU SELATAN,355,8,39,1,307,0,0,0,0,0,2,0,0,2,393,29,364,64,0,64,184,4,145,5,30,
3172031002,DKI JAKARTA,JAKARTA UTARA,KOJA,TUGU UTARA,748,13,47,0,688,3,0,0,0,3,7,0,0,7,745,62,683,80,0,80,331,3,263,8,57,
3175061006,DKI JAKARTA,JAKARTA TIMUR,CAKUNG,UJUNG MENTENG,131,1,18,2,110,1,0,0,0,1,0,0,0,0,383,57,326,18,0,18,101,5,77,3,16,
3174101005,DKI JAKARTA,JAKARTA SELATAN,PESANGGRAHAN,ULUJAMI,478,5,26,2,445,0,0,0,0,0,0,0,0,0,1010,56,954,26,0,26,178,5,142,5,26,
3175011006,DKI JAKARTA,JAKARTA TIMUR,MATRAMAN,UTAN KAYU SELATAN,418,4,25,8,381,2,0,0,0,2,2,0,0,2,706,48,658,83,0,83,219,5,177,7,30,
3175011002,DKI JAKARTA,JAKARTA TIMUR,MATRAMAN,UTAN KAYU UTARA,324,1,9,0,314,2,0,0,0,2,3,0,0,3,563,44,519,42,0,42,170,4,133,5,28,
3171031008,DKI JAKARTA,JAKARTA PUSAT,KEMAYORAN,UTAN PANJANG,330,7,16,2,305,0,0,0,0,0,2,0,0,2,405,69,336,25,0,25,215,7,150,8,50,
3172021007,DKI JAKARTA,JAKARTA UTARA,TANJUNG PRIOK,WARAKAS,401,16,50,2,333,0,0,0,0,0,10,0,0,10,773,68,705,50,0,50,219,4,187,5,23,
3173021007,DKI JAKARTA,JAKARTA BARAT,GROGOL PETAMBURAN,WIJAYA KUSUMA,299,2,10,2,285,0,0,0,0,0,7,0,0,7,702,81,621,22,0,22,190,4,133,6,47,
