id_kel,nama_provinsi,nama_kota,nama_kecamatan,nama_kelurahan,suspek,perawatan_rs,isolasi_di_rumah,suspek_meninggal,selesai_isolasi,probable,perawatan_rs,isolasi_di_rumah,probable_meninggal,selesai_isolasi,pelaku_perjalanan,perawatan_rs,isolasi_di_rumah,selesai_isolasi,kontak_erat,isolasi_di_rumah,selesai_isolasi,discarded,meninggal,selesai_isolasi,positif,dirawat,sembuh,meninggal,self_isolation,keterangan
3172051003,DKI JAKARTA,JAKARTA UTARA,PADEMANGAN,ANCOL,458,2,33,0,423,4,0,0,0,4,10,0,0,10,616,26,590,9,0,9,324,2,275,4,43,
3173041007,DKI JAKARTA,JAKARTA BARAT,TAMBORA,ANGKE,392,3,11,2,376,1,0,0,1,0,0,0,0,0,476,8,468,25,0,25,174,4,155,4,11,
3175041005,DKI JAKARTA,JAKARTA TIMUR,KRAMAT JATI,BALE KAMBANG,271,2,11,1,257,1,0,0,0,1,5,0,0,5,505,27,478,23,0,23,155,6,138,3,8,
3175031003,DKI JAKARTA,JAKARTA TIMUR,JATINEGARA,BALI MESTER,98,0,3,1,94,1,0,0,0,1,0,0,0,0,126,6,120,4,0,4,45,0,35,1,9,
3175101006,DKI JAKARTA,JAKARTA TIMUR,CIPAYUNG,BAMBU APUS,374,4,22,1,347,0,0,0,0,0,4,0,0,4,609,44,565,17,0,17,152,3,134,3,12,
3174031002,DKI JAKARTA,JAKARTA SELATAN,MAMPANG PRAPATAN,BANGKA,275,4,13,2,256,5,0,0,1,4,18,0,0,18,667,29,638,8,0,8,173,3,149,2,19,
3175051002,DKI JAKARTA,JAKARTA TIMUR,PASAR REBO,BARU,393,5,28,1,359,0,0,0,0,0,5,0,0,5,397,18,379,17,0,17,182,4,163,0,15,
3175041004,DKI JAKARTA,JAKARTA TIMUR,KRAMAT JATI,BATU AMPAR,487,2,50,1,434,3,0,0,0,3,3,0,0,3,991,112,879,25,0,25,251,10,182,5,54,
3171071002,DKI JAKARTA,JAKARTA PUSAT,TANAH ABANG,BENDUNGAN HILIR,427,7,30,0,390,2,1,0,0,1,4,0,0,4,792,81,711,10,0,10,239,11,200,6,22,
3175031002,DKI JAKARTA,JAKARTA TIMUR,JATINEGARA,BIDARA CINA,367,4,16,3,344,1,0,0,0,1,8,0,0,8,552,82,470,32,0,32,272,6,222,10,34,
3174101002,DKI JAKARTA,JAKARTA SELATAN,PESANGGRAHAN,BINTARO,705,5,49,2,649,4,0,0,0,4,9,0,0,9,1464,99,1365,24,0,24,312,7,265,8,32,
3174011005,DKI JAKARTA,JAKARTA SELATAN,TEBET,BUKIT DURI,380,3,14,3,360,2,0,0,0,2,13,0,0,13,567,33,534,13,0,13,226,7,191,7,21,
3171041006,DKI JAKARTA,JAKARTA PUSAT,SENEN,BUNGUR,231,9,14,2,206,1,0,0,0,1,13,0,0,13,571,81,490,13,0,13,179,0,161,4,14,
3175061007,DKI JAKARTA,JAKARTA TIMUR,CAKUNG,CAKUNG BARAT,334,6,32,1,295,2,1,0,0,1,0,0,0,0,692,46,646,41,0,41,266,4,222,5,35,
3175061004,DKI JAKARTA,JAKARTA TIMUR,CAKUNG,CAKUNG TIMUR,395,2,34,2,357,2,0,0,1,1,6,0,0,6,804,64,740,40,0,40,277,10,232,6,29,
3175041007,DKI JAKARTA,JAKARTA TIMUR,KRAMAT JATI,CAWANG,324,7,35,0,282,1,0,0,0,1,6,0,0,6,928,216,712,16,0,16,293,11,217,6,59,
3175101008,DKI JAKARTA,JAKARTA TIMUR,CIPAYUNG,CEGER,236,3,11,0,222,0,0,0,0,0,1,0,0,1,408,28,380,9,0,9,114,0,96,3,15,
3171031006,DKI JAKARTA,JAKARTA PUSAT,KEMAYORAN,CEMPAKA BARU,636,7,27,2,600,1,0,0,0,1,7,0,0,7,1019,89,930,34,0,34,418,3,363,17,35,
3171051002,DKI JAKARTA,JAKARTA PUSAT,CEMPAKA PUTIH,CEMPAKA PUTIH BARAT,889,5,26,2,856,4,2,0,0,2,20,0,1,19,1950,86,1864,49,0,49,656,4,620,15,17,
3171051001,DKI JAKARTA,JAKARTA PUSAT,CEMPAKA PUTIH,CEMPAKA PUTIH TIMUR,614,5,20,1,588,1,0,0,0,1,12,0,0,12,1408,72,1336,57,0,57,355,6,330,6,13,
3173011001,DKI JAKARTA,JAKARTA BARAT,CENGKARENG,CENGKARENG BARAT,687,4,61,1,621,0,0,0,0,0,6,0,0,6,1288,107,1181,13,0,13,407,10,325,8,64,
3173011006,DKI JAKARTA,JAKARTA BARAT,CENGKARENG,CENGKARENG TIMUR,869,5,37,7,820,1,0,0,0,1,4,0,0,4,1764,185,1579,18,0,18,618,25,524,13,56,
3175091002,DKI JAKARTA,JAKARTA TIMUR,CIRACAS,CIBUBUR,875,5,44,4,822,1,0,0,0,1,30,0,0,30,1863,59,1804,89,0,89,323,12,272,7,32,
3171011002,DKI JAKARTA,JAKARTA PUSAT,GAMBIR,CIDENG,290,3,13,2,272,0,0,0,0,0,10,0,0,10,613,44,569,13,0,13,199,2,177,7,13,
3174091003,DKI JAKARTA,JAKARTA SELATAN,JAGAKARSA,CIGANJUR,679,4,54,1,620,2,0,0,0,2,12,0,0,12,697,85,612,14,0,14,182,3,156,4,19,
3175051003,DKI JAKARTA,JAKARTA TIMUR,PASAR REBO,CIJANTUNG,786,1,42,3,740,0,0,0,0,0,3,0,0,3,540,38,502,10,0,10,289,6,243,8,32,
3171061003,DKI JAKARTA,JAKARTA PUSAT,MENTENG,CIKINI,154,0,8,0,146,0,0,0,0,0,2,0,0,2,207,12,195,11,0,11,66,1,51,3,11,
3174081006,DKI JAKARTA,JAKARTA SELATAN,PANCORAN,CIKOKO,186,2,7,0,177,1,0,0,0,1,10,0,0,10,276,8,268,1,0,1,65,2,56,3,4,
3174061001,DKI JAKARTA,JAKARTA SELATAN,CILANDAK,CILANDAK BARAT,1054,10,127,5,912,1,0,0,0,1,97,0,0,97,1533,152,1381,39,0,39,368,9,283,7,69,
3174041003,DKI JAKARTA,JAKARTA SELATAN,PASAR MINGGU,CILANDAK TIMUR,482,4,40,1,437,5,1,0,0,4,17,0,0,17,454,45,409,86,0,86,255,3,228,8,16,
3175101002,DKI JAKARTA,JAKARTA TIMUR,CIPAYUNG,CILANGKAP,346,3,20,1,322,1,0,0,0,1,3,0,0,3,610,28,582,20,0,20,171,7,158,1,5,
3175041006,DKI JAKARTA,JAKARTA TIMUR,KRAMAT JATI,CILILITAN,318,4,26,1,287,0,0,0,0,0,6,0,0,6,854,119,735,47,0,47,284,13,224,6,41,
3172041001,DKI JAKARTA,JAKARTA UTARA,CILINCING,CILINCING,583,6,40,1,536,0,0,0,0,0,6,0,0,6,1140,27,1113,95,0,95,410,7,360,11,32,
3175101001,DKI JAKARTA,JAKARTA TIMUR,CIPAYUNG,CIPAYUNG,502,4,25,2,471,3,0,0,1,2,7,0,0,7,661,56,605,27,0,27,205,5,185,2,13,
3174091006,DKI JAKARTA,JAKARTA SELATAN,JAGAKARSA,CIPEDAK,566,4,28,0,534,2,0,0,0,2,1,0,0,1,774,58,716,7,0,7,254,5,225,3,21,
3174061005,DKI JAKARTA,JAKARTA SELATAN,CILANDAK,CIPETE SELATAN,292,3,27,1,261,2,0,0,0,2,46,0,0,46,511,51,460,6,0,6,131,7,98,7,19,
3174071010,DKI JAKARTA,JAKARTA SELATAN,KEBAYORAN BARU,CIPETE UTARA,616,7,91,3,515,0,0,0,0,0,9,0,0,9,557,47,510,5,0,5,166,4,126,4,32,
3175021003,DKI JAKARTA,JAKARTA TIMUR,PULO GADUNG,CIPINANG,313,3,10,2,298,1,0,0,0,1,3,0,0,3,914,69,845,37,0,37,340,14,288,12,26,
3175031007,DKI JAKARTA,JAKARTA TIMUR,JATINEGARA,CIPINANG BESAR SELATAN,269,4,17,2,246,2,0,0,0,2,2,0,0,2,552,93,459,17,0,17,229,6,155,2,66,
3175031008,DKI JAKARTA,JAKARTA TIMUR,JATINEGARA,CIPINANG BESAR UTARA,427,4,39,0,384,2,0,0,0,2,3,0,0,3,874,231,643,19,0,19,349,4,264,6,75,
3175031005,DKI JAKARTA,JAKARTA TIMUR,JATINEGARA,CIPINANG CEMPEDAK,250,1,10,2,237,0,0,0,0,0,5,0,0,5,515,88,427,17,0,17,199,4,152,4,39,
3175081005,DKI JAKARTA,JAKARTA TIMUR,MAKASAR,CIPINANG MELAYU,373,4,23,2,344,3,0,0,0,3,4,0,0,4,742,54,688,20,0,20,277,4,241,6,26,
3175031006,DKI JAKARTA,JAKARTA TIMUR,JATINEGARA,CIPINANG MUARA,441,1,26,1,413,5,0,0,0,5,9,0,0,9,953,110,843,28,0,28,384,5,282,6,91,
3174051003,DKI JAKARTA,JAKARTA SELATAN,KEBAYORAN LAMA,CIPULIR,329,2,29,4,294,6,0,0,0,6,6,0,0,6,534,23,511,8,0,8,240,8,185,4,43,
3175091001,DKI JAKARTA,JAKARTA TIMUR,CIRACAS,CIRACAS,933,22,60,9,842,3,0,0,0,3,23,0,0,23,1609,83,1526,45,0,45,465,16,379,13,57,
3175041003,DKI JAKARTA,JAKARTA TIMUR,KRAMAT JATI,DUKUH,301,11,46,1,243,0,0,0,0,0,1,0,0,1,684,73,611,14,0,14,176,5,140,4,27,
3175071001,DKI JAKARTA,JAKARTA TIMUR,DUREN SAWIT,DUREN SAWIT,877,5,33,3,836,17,2,0,0,15,4,0,0,4,1122,89,1033,32,0,32,563,12,480,14,57,
3174081004,DKI JAKARTA,JAKARTA SELATAN,PANCORAN,DUREN TIGA,430,1,26,0,403,2,0,0,0,2,6,0,0,6,619,33,586,3,0,3,195,9,157,1,28,
3173051005,DKI JAKARTA,JAKARTA BARAT,KEBON JERUK,DURI KEPA,536,8,47,2,479,3,0,0,0,3,12,0,0,12,1300,79,1221,72,0,72,413,17,353,11,32,
3173011002,DKI JAKARTA,JAKARTA BARAT,CENGKARENG,DURI KOSAMBI,581,7,48,3,523,0,0,0,0,0,4,0,0,4,1067,132,935,11,0,11,429,21,331,8,69,
3171011006,DKI JAKARTA,JAKARTA PUSAT,GAMBIR,DURI PULO,198,6,18,3,171,0,0,0,0,0,1,0,0,1,500,58,442,7,0,7,187,5,157,6,19,
3173041011,DKI JAKARTA,JAKARTA BARAT,TAMBORA,DURI SELATAN,171,3,23,1,144,0,0,0,0,0,2,0,0,2,159,7,152,4,0,4,76,1,61,3,11,
3173041003,DKI JAKARTA,JAKARTA BARAT,TAMBORA,DURI UTARA,213,1,17,2,193,1,0,0,0,1,2,0,0,2,232,12,220,4,0,4,138,2,114,4,18,
3171081003,DKI JAKARTA,JAKARTA PUSAT,JOHAR BARU,GALUR,221,2,4,0,215,3,0,0,0,3,3,0,0,3,530,15,515,46,0,46,216,2,199,10,5,
3171011001,DKI JAKARTA,JAKARTA PUSAT,GAMBIR,GAMBIR,88,2,4,0,82,1,0,0,0,1,17,0,0,17,415,13,402,6,0,6,181,0,167,1,13,
3174061004,DKI JAKARTA,JAKARTA SELATAN,CILANDAK,GANDARIA SELATAN,224,5,27,0,192,2,0,0,0,2,20,0,0,20,678,61,617,4,0,4,159,4,131,5,19,
3174071009,DKI JAKARTA,JAKARTA SELATAN,KEBAYORAN BARU,GANDARIA UTARA,623,1,70,2,550,0,0,0,0,0,3,0,0,3,649,36,613,5,0,5,211,3,175,4,29,
3175051001,DKI JAKARTA,JAKARTA TIMUR,PASAR REBO,GEDONG,746,3,38,0,705,0,0,0,0,0,4,0,0,4,424,43,381,24,0,24,246,5,208,4,29,
3171071001,DKI JAKARTA,JAKARTA PUSAT,TANAH ABANG,GELORA,66,0,2,1,63,0,0,0,0,0,5,0,0,5,227,9,218,0,0,0,111,2,105,2,2,
3173031007,DKI JAKARTA,JAKARTA BARAT,TAMAN SARI,GLODOK,115,1,4,0,110,0,0,0,0,0,1,0,0,1,167,2,165,0,0,0,40,2,34,2,2,
3171061004,DKI JAKARTA,JAKARTA PUSAT,MENTENG,GONDANGDIA,66,0,1,1,64,0,0,0,0,0,13,0,0,13,139,5,134,7,0,7,61,1,51,3,6,
3173021001,DKI JAKARTA,JAKARTA BARAT,GROGOL PETAMBURAN,GROGOL,504,5,39,4,456,1,0,0,0,1,45,0,0,45,989,90,899,36,0,36,250,5,224,1,20,
3174051005,DKI JAKARTA,JAKARTA SELATAN,KEBAYORAN LAMA,GROGOL SELATAN,389,7,33,5,344,0,0,0,0,0,12,0,0,12,616,17,599,11,0,11,253,11,211,7,24,
3174051004,DKI JAKARTA,JAKARTA SELATAN,KEBAYORAN LAMA,GROGOL UTARA,406,2,28,4,372,0,0,0,0,0,24,0,0,24,623,24,599,16,0,16,310,7,260,9,34,
3174021007,DKI JAKARTA,JAKARTA SELATAN,SETIA BUDI,GUNTUR,60,0,5,0,55,0,0,0,0,0,1,0,0,1,200,13,187,1,0,1,50,1,41,0,8,
3174071002,DKI JAKARTA,JAKARTA SELATAN,KEBAYORAN BARU,GUNUNG,282,1,28,3,250,0,0,0,0,0,7,0,0,7,359,11,348,0,0,0,122,13,96,2,11,
3171031005,DKI JAKARTA,JAKARTA PUSAT,KEMAYORAN,GUNUNG SAHARI SELATAN,312,4,17,1,290,0,0,0,0,0,4,0,0,4,535,48,487,1,0,1,198,6,160,6,26,
3171021004,DKI JAKARTA,JAKARTA PUSAT,SAWAH BESAR,GUNUNG SAHARI UTARA,283,2,13,1,267,1,0,0,0,1,7,0,0,7,565,60,505,9,0,9,180,3,157,10,10,
3175081004,DKI JAKARTA,JAKARTA TIMUR,MAKASAR,HALIM PERDANA KUSUMAH,260,3,21,2,234,0,0,0,0,0,6,0,1,5,561,41,520,9,0,9,435,33,369,6,27,
3171031003,DKI JAKARTA,JAKARTA PUSAT,KEMAYORAN,HARAPAN MULIA,356,3,18,3,332,1,0,0,0,1,6,0,0,6,572,39,533,30,0,30,262,4,227,9,22,
3174091001,DKI JAKARTA,JAKARTA SELATAN,JAGAKARSA,JAGAKARSA,1028,8,47,2,971,8,0,0,0,8,8,0,0,8,1144,78,1066,18,0,18,410,11,363,6,30,
3175021007,DKI JAKARTA,JAKARTA TIMUR,PULO GADUNG,JATI,363,0,12,1,350,0,0,0,0,0,8,0,0,8,944,52,892,36,0,36,265,2,238,5,20,
3174041002,DKI JAKARTA,JAKARTA SELATAN,PASAR MINGGU,JATI PADANG,518,8,40,2,468,0,0,0,0,0,4,0,1,3,663,45,618,68,0,68,209,8,172,5,24,
3173071004,DKI JAKARTA,JAKARTA BARAT,PALMERAH,JATI PULO,530,2,38,4,486,2,1,0,0,1,4,0,0,4,776,49,727,63,0,63,305,9,271,9,16,
3175061001,DKI JAKARTA,JAKARTA TIMUR,CAKUNG,JATINEGARA,700,4,104,3,589,1,0,0,0,1,3,0,0,3,1521,189,1332,43,0,43,563,11,470,8,74,
3175021004,DKI JAKARTA,JAKARTA TIMUR,PULO GADUNG,JATINEGARA KAUM,133,0,12,0,121,1,0,0,1,0,3,0,0,3,392,54,338,11,0,11,115,1,85,5,24,
3173021004,DKI JAKARTA,JAKARTA BARAT,GROGOL PETAMBURAN,JELAMBAR,457,4,52,5,396,2,0,0,0,2,27,0,1,26,817,95,722,12,0,12,233,12,194,6,21,
3173021006,DKI JAKARTA,JAKARTA BARAT,GROGOL PETAMBURAN,JELAMBAR BARU,391,6,32,2,351,2,0,0,0,2,4,0,0,4,648,55,593,20,0,20,205,10,136,5,54,
3173041006,DKI JAKARTA,JAKARTA BARAT,TAMBORA,JEMBATAN BESI,557,4,11,1,541,1,0,0,0,1,5,0,0,5,488,13,475,8,0,8,240,1,212,7,20,
3173041008,DKI JAKARTA,JAKARTA BARAT,TAMBORA,JEMBATAN LIMA,204,4,10,0,190,0,0,0,0,0,1,0,0,1,210,12,198,5,0,5,134,1,108,4,21,
3173081005,DKI JAKARTA,JAKARTA BARAT,KEMBANGAN,JOGLO,479,5,47,4,423,1,0,0,0,1,5,0,0,5,761,50,711,14,0,14,244,7,211,3,23,
3171081001,DKI JAKARTA,JAKARTA PUSAT,JOHAR BARU,JOHAR BARU,679,5,22,3,649,5,1,0,0,4,11,0,0,11,1847,58,1789,97,0,97,497,4,450,18,25,
3173041002,DKI JAKARTA,JAKARTA BARAT,TAMBORA,KALI ANYAR,380,2,9,0,369,1,0,0,0,1,4,0,1,3,353,11,342,14,0,14,192,4,170,5,13,
3172041004,DKI JAKARTA,JAKARTA UTARA,CILINCING,KALI BARU,513,11,35,5,462,0,0,0,0,0,4,0,0,4,662,35,627,44,0,44,343,1,321,8,13,
3174081002,DKI JAKARTA,JAKARTA SELATAN,PANCORAN,KALIBATA,605,4,44,4,553,7,0,0,0,7,12,0,0,12,838,47,791,12,0,12,323,11,276,6,30,
3173061001,DKI JAKARTA,JAKARTA BARAT,KALI DERES,KALIDERES,1159,10,84,4,1061,1,0,0,0,1,6,0,0,6,2272,119,2153,30,0,30,472,17,362,7,86,
3175051004,DKI JAKARTA,JAKARTA TIMUR,PASAR REBO,KALISARI,1061,3,42,0,1016,0,0,0,0,0,3,0,0,3,526,44,482,12,0,12,266,10,230,6,20,
3173061004,DKI JAKARTA,JAKARTA BARAT,KALI DERES,KAMAL,340,2,20,3,315,0,0,0,0,0,1,0,0,1,561,38,523,4,0,4,77,0,55,8,14,
3172011002,DKI JAKARTA,JAKARTA UTARA,PENJARINGAN,KAMAL MUARA,98,1,9,0,88,0,0,0,0,0,4,0,0,4,209,4,205,1,0,1,86,2,67,2,15,
3171071007,DKI JAKARTA,JAKARTA PUSAT,TANAH ABANG,KAMPUNG BALI,148,1,2,2,143,1,0,0,0,1,2,0,0,2,324,17,307,2,0,2,81,5,70,4,2,
3175031001,DKI JAKARTA,JAKARTA TIMUR,JATINEGARA,KAMPUNG MELAYU,234,4,28,5,197,2,0,0,0,2,7,0,0,7,343,52,291,4,0,4,247,10,189,4,44,
3171081002,DKI JAKARTA,JAKARTA PUSAT,JOHAR BARU,KAMPUNG RAWA,313,5,10,0,298,2,0,0,0,2,1,0,0,1,773,26,747,66,0,66,270,4,241,13,12,
3175041002,DKI JAKARTA,JAKARTA TIMUR,KRAMAT JATI,KAMPUNG TENGAH,576,5,49,1,521,2,1,0,0,1,9,0,0,9,1198,109,1089,51,0,51,313,15,255,11,32,
3173011005,DKI JAKARTA,JAKARTA BARAT,CENGKARENG,KAPUK,799,7,60,16,716,1,0,0,0,1,12,0,1,11,1559,145,1414,14,0,14,599,18,484,15,82,
3172011003,DKI JAKARTA,JAKARTA UTARA,PENJARINGAN,KAPUK MUARA,251,4,30,0,217,1,0,0,0,1,10,0,0,10,604,47,557,21,0,21,175,4,153,7,11,
3171021002,DKI JAKARTA,JAKARTA PUSAT,SAWAH BESAR,KARANG ANYAR,479,5,29,5,440,1,0,0,0,1,4,0,0,4,907,66,841,10,0,10,207,5,173,7,22,
3174021004,DKI JAKARTA,JAKARTA SELATAN,SETIA BUDI,KARET,140,2,7,0,131,0,0,0,0,0,11,0,0,11,394,11,383,4,0,4,132,3,123,0,6,
3174021003,DKI JAKARTA,JAKARTA SELATAN,SETIA BUDI,KARET KUNINGAN,294,2,22,1,269,0,0,0,0,0,22,0,1,21,413,30,383,4,0,4,216,11,163,4,38,
3174021002,DKI JAKARTA,JAKARTA SELATAN,SETIA BUDI,KARET SEMANGGI,62,0,6,1,55,0,0,0,0,0,3,0,0,3,88,4,84,2,0,2,26,0,22,2,2,
3171071003,DKI JAKARTA,JAKARTA PUSAT,TANAH ABANG,KARET TENGSIN,272,4,12,0,256,0,0,0,0,0,8,0,0,8,752,66,686,2,0,2,154,3,129,5,17,
3171021003,DKI JAKARTA,JAKARTA PUSAT,SAWAH BESAR,KARTINI,326,1,7,1,317,1,0,0,0,1,0,0,0,0,694,25,669,18,0,18,230,1,204,5,20,
3175011003,DKI JAKARTA,JAKARTA TIMUR,MATRAMAN,KAYU MANIS,373,3,14,0,356,3,0,0,0,3,2,0,0,2,714,47,667,29,0,29,234,5,190,6,33,
3175021006,DKI JAKARTA,JAKARTA TIMUR,PULO GADUNG,KAYU PUTIH,486,2,18,4,462,1,0,0,1,0,15,0,0,15,1113,72,1041,45,0,45,343,8,283,9,43,
3173031006,DKI JAKARTA,JAKARTA BARAT,TAMAN SARI,KEAGUNGAN,301,1,10,0,290,0,0,0,0,0,3,0,0,3,501,23,478,10,0,10,179,2,165,1,11,
3174041007,DKI JAKARTA,JAKARTA SELATAN,PASAR MINGGU,KEBAGUSAN,629,7,55,1,566,3,0,0,0,3,3,0,1,2,717,38,679,39,0,39,212,14,175,1,22,
3174051006,DKI JAKARTA,JAKARTA SELATAN,KEBAYORAN LAMA,KEBAYORAN LAMA SELATAN,590,8,60,0,522,5,0,0,0,5,2,0,0,2,782,33,749,14,0,14,290,15,243,6,26,
3174051001,DKI JAKARTA,JAKARTA SELATAN,KEBAYORAN LAMA,KEBAYORAN LAMA UTARA,407,6,31,1,369,1,0,0,0,1,15,0,0,15,517,19,498,4,0,4,205,4,174,4,23,
3174011004,DKI JAKARTA,JAKARTA SELATAN,TEBET,KEBON BARU,411,4,25,2,380,0,0,0,0,0,15,0,0,15,712,36,676,19,0,19,222,8,192,7,15,
3172021005,DKI JAKARTA,JAKARTA UTARA,TANJUNG PRIOK,KEBON BAWANG,744,6,73,1,664,0,0,0,0,0,15,0,0,15,1262,109,1153,84,0,84,413,5,387,3,18,
3173051001,DKI JAKARTA,JAKARTA BARAT,KEBON JERUK,KEBON JERUK,817,5,96,6,710,2,0,0,0,2,13,0,0,13,2020,190,1830,60,0,60,660,20,584,18,38,
3171071006,DKI JAKARTA,JAKARTA PUSAT,TANAH ABANG,KEBON KACANG,451,1,12,1,437,1,0,0,0,1,0,0,0,0,569,32,537,6,0,6,296,5,269,11,11,
3171011005,DKI JAKARTA,JAKARTA PUSAT,GAMBIR,KEBON KELAPA,154,0,10,1,143,3,0,0,0,3,4,0,0,4,306,30,276,3,0,3,97,0,89,1,7,
3171031002,DKI JAKARTA,JAKARTA PUSAT,KEMAYORAN,KEBON KOSONG,371,1,12,5,353,0,0,0,0,0,8,0,0,8,518,58,460,31,0,31,248,8,223,7,10,
3175011005,DKI JAKARTA,JAKARTA TIMUR,MATRAMAN,KEBON MANGGIS,192,1,3,4,184,0,0,0,0,0,2,0,0,2,277,16,261,24,0,24,155,1,137,3,14,
3171071005,DKI JAKARTA,JAKARTA PUSAT,TANAH ABANG,KEBON MELATI,510,3,24,3,480,1,1,0,0,0,5,0,0,5,990,52,938,10,0,10,484,11,443,9,21,
3175081003,DKI JAKARTA,JAKARTA TIMUR,MAKASAR,KEBON PALA,372,6,43,1,322,1,0,0,0,1,6,0,0,6,986,74,912,16,0,16,348,9,283,6,50,
3171061005,DKI JAKARTA,JAKARTA PUSAT,MENTENG,KEBON SIRIH,167,0,11,2,154,0,0,0,0,0,4,0,0,4,314,21,293,14,0,14,139,1,129,2,7,
3173011004,DKI JAKARTA,JAKARTA BARAT,CENGKARENG,KEDAUNG KALI ANGKE,480,4,30,0,446,0,0,0,0,0,1,0,0,1,600,55,545,6,0,6,306,3,272,3,28,
3173051007,DKI JAKARTA,JAKARTA BARAT,KEBON JERUK,KEDOYA SELATAN,419,0,68,5,346,2,0,0,0,2,8,0,0,8,701,53,648,21,0,21,219,9,185,7,18,
3173051006,DKI JAKARTA,JAKARTA BARAT,KEBON JERUK,KEDOYA UTARA,427,3,48,2,374,1,0,0,0,1,15,0,0,15,941,85,856,21,0,21,306,18,243,7,38,
3173051004,DKI JAKARTA,JAKARTA BARAT,KEBON JERUK,KELAPA DUA,315,0,34,0,281,0,0,0,0,0,5,0,0,5,689,58,631,22,0,22,191,10,152,3,26,
3175091003,DKI JAKARTA,JAKARTA TIMUR,CIRACAS,KELAPA DUA WETAN,622,15,36,1,570,1,0,0,0,1,8,0,0,8,1150,42,1108,36,0,36,235,12,198,2,23,
3172061003,DKI JAKARTA,JAKARTA UTARA,KELAPA GADING,KELAPA GADING BARAT,919,6,62,3,848,2,0,0,0,2,49,0,1,48,1311,59,1252,144,0,144,413,4,355,5,49,
3172061001,DKI JAKARTA,JAKARTA UTARA,KELAPA GADING,KELAPA GADING TIMUR,723,3,34,2,684,2,0,0,0,2,23,0,2,21,1278,44,1234,96,0,96,324,8,258,9,49,
3173071005,DKI JAKARTA,JAKARTA BARAT,PALMERAH,KEMANGGISAN,631,2,45,6,578,0,0,0,0,0,8,0,0,8,935,49,886,50,0,50,326,6,279,11,30,
3171031001,DKI JAKARTA,JAKARTA PUSAT,KEMAYORAN,KEMAYORAN,399,5,21,3,370,0,0,0,0,0,3,0,1,2,584,32,552,25,0,25,333,5,306,10,12,
3173081006,DKI JAKARTA,JAKARTA BARAT,KEMBANGAN,KEMBANGAN SELATAN,285,1,30,1,253,0,0,0,0,0,8,0,0,8,614,41,573,53,0,53,206,7,180,4,15,
3173081001,DKI JAKARTA,JAKARTA BARAT,KEMBANGAN,KEMBANGAN UTARA,652,7,70,3,572,4,0,0,1,3,3,0,0,3,1545,66,1479,11,0,11,318,9,272,6,31,
3171041002,DKI JAKARTA,JAKARTA PUSAT,SENEN,KENARI,241,10,6,1,224,1,0,0,0,1,8,0,0,8,541,38,503,46,0,46,178,0,166,3,9,
3173041005,DKI JAKARTA,JAKARTA BARAT,TAMBORA,KERENDANG,271,1,9,2,259,1,0,0,0,1,0,0,0,0,222,10,212,9,0,9,135,2,118,8,7,
3175071003,DKI JAKARTA,JAKARTA TIMUR,DUREN SAWIT,KLENDER,651,3,18,2,628,4,0,0,0,4,5,0,0,5,1076,85,991,30,0,30,435,16,351,17,51,
3172031001,DKI JAKARTA,JAKARTA UTARA,KOJA,KOJA,315,2,18,0,295,0,0,0,0,0,4,0,0,4,449,22,427,41,0,41,343,1,286,9,47,
3173071006,DKI JAKARTA,JAKARTA BARAT,PALMERAH,KOTA BAMBU SELATAN,504,1,30,5,468,0,0,0,0,0,1,0,0,1,879,39,840,72,0,72,274,16,239,5,14,
3173071003,DKI JAKARTA,JAKARTA BARAT,PALMERAH,KOTA BAMBU UTARA,415,1,19,11,384,1,0,0,0,1,3,0,0,3,581,24,557,54,0,54,240,5,208,9,18,
3171041004,DKI JAKARTA,JAKARTA PUSAT,SENEN,KRAMAT,415,4,19,6,386,0,0,0,0,0,8,0,0,8,954,67,887,35,0,35,299,11,257,11,20,
3175041001,DKI JAKARTA,JAKARTA TIMUR,KRAMAT JATI,KRAMAT JATI,441,4,37,1,399,1,1,0,0,0,12,0,0,12,922,74,848,22,0,22,374,16,313,11,34,
3174071003,DKI JAKARTA,JAKARTA SELATAN,KEBAYORAN BARU,KRAMAT PELA,268,2,17,0,249,0,0,0,0,0,0,0,0,0,505,11,494,6,0,6,156,8,133,1,14,
3173031002,DKI JAKARTA,JAKARTA BARAT,TAMAN SARI,KRUKUT,283,2,8,6,267,1,0,0,0,1,3,0,0,3,468,40,428,12,0,12,183,5,160,4,14,
3174031005,DKI JAKARTA,JAKARTA SELATAN,MAMPANG PRAPATAN,KUNINGAN BARAT,139,3,16,1,119,1,1,0,0,0,0,0,0,0,477,21,456,5,0,5,140,2,112,2,24,
3174021008,DKI JAKARTA,JAKARTA SELATAN,SETIA BUDI,KUNINGAN TIMUR,139,1,16,1,121,1,0,0,0,1,20,0,0,20,211,33,178,1,0,1,122,0,91,2,29,
3171041005,DKI JAKARTA,JAKARTA PUSAT,SENEN,KWITANG,238,1,12,0,225,3,1,0,0,2,7,0,0,7,486,51,435,10,0,10,125,4,110,5,6,
3172031003,DKI JAKARTA,JAKARTA UTARA,KOJA,LAGOA,648,5,50,1,592,1,1,0,0,0,5,0,0,5,708,25,683,70,0,70,659,5,594,14,46,
3174061002,DKI JAKARTA,JAKARTA SELATAN,CILANDAK,LEBAK BULUS,440,4,36,2,398,3,0,0,0,3,27,0,0,27,1058,73,985,22,0,22,449,3,419,9,18,
3174091004,DKI JAKARTA,JAKARTA SELATAN,JAGAKARSA,LENTENG AGUNG,816,4,52,0,760,3,0,0,0,3,6,0,0,6,755,85,670,15,0,15,248,10,206,2,30,
LUAR DKI JAKARTA,LUAR DKI JAKARTA,LUAR DKI JAKARTA,LUAR DKI JAKARTA,LUAR DKI JAKARTA,40115,493,2945,98,36579,85,9,0,0,76,655,0,11,644,61811,5767,56044,2066,0,2066,8064,321,7091,129,523,
3175101007,DKI JAKARTA,JAKARTA TIMUR,CIPAYUNG,LUBANG BUAYA,850,16,73,3,758,2,0,0,0,2,10,0,0,10,812,77,735,32,0,32,420,17,337,2,64,
3175081001,DKI JAKARTA,JAKARTA TIMUR,MAKASAR,MAKASAR,375,2,53,1,319,0,0,0,0,0,8,0,0,8,1241,155,1086,23,0,23,301,12,245,3,41,
3175071006,DKI JAKARTA,JAKARTA TIMUR,DUREN SAWIT,MALAKA JAYA,346,3,7,2,334,1,0,0,0,1,2,0,0,2,631,45,586,16,0,16,239,4,210,4,21,
3175071005,DKI JAKARTA,JAKARTA TIMUR,DUREN SAWIT,MALAKA SARI,314,0,10,1,303,0,0,0,0,0,1,0,0,1,563,41,522,15,0,15,207,6,182,4,15,
3174031001,DKI JAKARTA,JAKARTA SELATAN,MAMPANG PRAPATAN,MAMPANG PRAPATAN,322,2,12,2,306,1,0,0,0,1,0,0,0,0,1029,48,981,10,0,10,312,6,271,8,27,
3173031005,DKI JAKARTA,JAKARTA BARAT,TAMAN SARI,MANGGA BESAR,149,2,9,1,137,1,0,0,0,1,0,0,0,0,186,20,166,6,0,6,76,3,56,4,13,
3171021005,DKI JAKARTA,JAKARTA PUSAT,SAWAH BESAR,MANGGA DUA SELATAN,410,2,22,1,385,3,0,0,0,3,1,0,0,1,840,62,778,15,0,15,244,5,212,5,22,
3174011007,DKI JAKARTA,JAKARTA SELATAN,TEBET,MANGGARAI,427,3,22,0,402,4,0,0,0,4,4,0,0,4,558,50,508,24,0,24,236,6,191,2,37,
3174011006,DKI JAKARTA,JAKARTA SELATAN,TEBET,MANGGARAI SELATAN,299,4,19,2,274,0,0,0,0,0,6,0,0,6,485,28,457,21,0,21,146,4,109,7,26,
3173031003,DKI JAKARTA,JAKARTA BARAT,TAMAN SARI,MAPHAR,232,1,19,1,211,0,0,0,0,0,6,0,0,6,394,17,377,39,0,39,207,2,191,2,12,
3172041003,DKI JAKARTA,JAKARTA UTARA,CILINCING,MARUNDA,285,3,16,0,266,3,0,0,0,3,0,0,0,0,360,14,346,15,0,15,126,3,109,1,13,
3174071001,DKI JAKARTA,JAKARTA SELATAN,KEBAYORAN BARU,MELAWAI,72,1,6,0,65,0,0,0,0,0,1,0,0,1,82,4,78,0,0,0,19,2,15,1,1,
3171061001,DKI JAKARTA,JAKARTA PUSAT,MENTENG,MENTENG,449,5,33,2,409,2,0,0,0,2,5,0,0,5,787,41,746,27,0,27,286,2,255,10,19,
3174021005,DKI JAKARTA,JAKARTA SELATAN,SETIA BUDI,MENTENG ATAS,384,6,31,3,344,2,0,0,0,2,55,0,1,54,1365,97,1268,37,0,37,298,6,240,7,45,
3174011003,DKI JAKARTA,JAKARTA SELATAN,TEBET,MENTENG DALAM,606,4,30,4,568,4,0,0,0,4,13,0,0,13,746,37,709,39,0,39,243,10,195,8,30,
3173081003,DKI JAKARTA,JAKARTA BARAT,KEMBANGAN,MERUYA SELATAN,395,3,35,1,356,1,1,0,0,0,5,0,0,5,798,49,749,17,0,17,233,6,195,3,29,
3173081002,DKI JAKARTA,JAKARTA BARAT,KEMBANGAN,MERUYA UTARA,584,3,40,6,535,1,0,0,1,0,7,0,0,7,1008,72,936,10,0,10,293,13,234,4,42,
3175101004,DKI JAKARTA,JAKARTA TIMUR,CIPAYUNG,MUNJUL,290,8,21,0,261,0,0,0,0,0,3,0,0,3,354,18,336,24,0,24,111,4,94,1,12,
3172051002,DKI JAKARTA,JAKARTA UTARA,PADEMANGAN,PADEMANGAN BARAT,1851,11,79,5,1756,5,0,0,0,5,15,0,0,15,2458,58,2400,35,0,35,740,7,664,23,46,
3172051001,DKI JAKARTA,JAKARTA UTARA,PADEMANGAN,PADEMANGAN TIMUR,647,7,49,3,588,2,0,0,0,2,13,0,0,13,897,37,860,18,0,18,299,5,252,5,37,
3175011004,DKI JAKARTA,JAKARTA TIMUR,MATRAMAN,PAL MERIAM,262,3,9,2,248,2,0,0,0,2,3,0,0,3,649,31,618,58,0,58,242,7,189,6,40,
3173071001,DKI JAKARTA,JAKARTA BARAT,PALMERAH,PALMERAH,1262,2,91,2,1167,0,0,0,0,0,2,0,0,2,1930,122,1808,78,0,78,551,22,458,21,50,
3174081001,DKI JAKARTA,JAKARTA SELATAN,PANCORAN,PANCORAN,411,5,29,0,377,1,0,0,0,1,9,0,0,9,599,26,573,7,0,7,267,8,228,4,27,
3172021003,DKI JAKARTA,JAKARTA UTARA,TANJUNG PRIOK,PAPANGGO,488,4,69,0,415,1,0,0,0,1,7,0,0,7,872,62,810,58,0,58,288,6,271,2,9,
3171021001,DKI JAKARTA,JAKARTA PUSAT,SAWAH BESAR,PASAR BARU,237,2,6,2,227,2,0,0,0,2,8,0,0,8,473,11,462,11,0,11,174,4,157,1,12,
3174021006,DKI JAKARTA,JAKARTA SELATAN,SETIA BUDI,PASAR MANGGIS,256,0,24,3,229,4,0,0,0,4,28,0,0,28,972,50,922,18,0,18,258,8,199,9,42,
3174041001,DKI JAKARTA,JAKARTA SELATAN,PASAR MINGGU,PASAR MINGGU,438,5,27,1,405,3,0,0,0,3,7,0,0,7,637,52,585,20,0,20,246,9,212,7,18,
3171041003,DKI JAKARTA,JAKARTA PUSAT,SENEN,PASEBAN,568,4,22,1,541,4,1,0,0,3,20,0,1,19,1051,102,949,62,0,62,326,3,271,9,43,
3173061005,DKI JAKARTA,JAKARTA BARAT,KALI DERES,PEGADUNGAN,736,7,39,7,683,0,0,0,0,0,10,0,0,10,1534,93,1441,18,0,18,292,10,247,7,28,
3171061002,DKI JAKARTA,JAKARTA PUSAT,MENTENG,PEGANGSAAN,392,1,27,2,362,3,0,0,0,3,3,0,0,3,895,30,865,51,0,51,365,1,349,4,11,
3172061002,DKI JAKARTA,JAKARTA UTARA,KELAPA GADING,PEGANGSAAN DUA,866,6,67,1,792,2,0,0,0,2,43,0,1,42,1791,191,1600,172,0,172,480,6,397,11,66,
3172011004,DKI JAKARTA,JAKARTA UTARA,PENJARINGAN,PEJAGALAN,604,3,37,2,562,3,0,0,0,3,8,0,0,8,1030,90,940,32,0,32,339,16,273,6,44,
3174041006,DKI JAKARTA,JAKARTA SELATAN,PASAR MINGGU,PEJATEN BARAT,507,6,44,2,455,8,0,0,0,8,2,0,0,2,733,52,681,74,0,74,241,4,212,3,22,
3174041005,DKI JAKARTA,JAKARTA SELATAN,PASAR MINGGU,PEJATEN TIMUR,537,5,47,1,484,4,0,0,0,4,3,0,0,3,706,74,632,40,0,40,264,13,205,12,34,
3175051005,DKI JAKARTA,JAKARTA TIMUR,PASAR REBO,PEKAYON,892,6,61,1,824,2,0,0,0,2,3,0,0,3,377,48,329,13,0,13,233,7,187,4,35,
3173041009,DKI JAKARTA,JAKARTA BARAT,TAMBORA,PEKOJAN,306,1,15,2,288,0,0,0,0,0,3,0,0,3,267,14,253,18,0,18,141,4,119,4,14,
3174031003,DKI JAKARTA,JAKARTA SELATAN,MAMPANG PRAPATAN,PELA MAMPANG,417,8,31,2,376,4,0,0,0,4,15,0,0,15,1516,88,1428,6,0,6,347,3,284,6,54,
3174081005,DKI JAKARTA,JAKARTA SELATAN,PANCORAN,PENGADEGAN,218,1,13,2,202,0,0,0,0,0,8,0,0,8,417,31,386,10,0,10,118,5,102,1,10,
3175061003,DKI JAKARTA,JAKARTA TIMUR,CAKUNG,PENGGILINGAN,779,2,155,1,621,2,0,0,0,2,10,0,2,8,1893,309,1584,78,0,78,606,10,516,12,68,
3172011001,DKI JAKARTA,JAKARTA UTARA,PENJARINGAN,PENJARINGAN,1193,12,95,4,1082,2,0,0,0,2,24,0,1,23,2988,109,2879,120,0,120,682,6,589,16,71,
3174101001,DKI JAKARTA,JAKARTA SELATAN,PESANGGRAHAN,PESANGGRAHAN,457,2,34,4,417,2,0,0,1,1,0,0,0,0,948,100,848,19,0,19,180,4,149,3,24,
3171071004,DKI JAKARTA,JAKARTA PUSAT,TANAH ABANG,PETAMBURAN,595,2,25,7,561,0,0,0,0,0,7,0,0,7,936,50,886,12,0,12,430,8,398,13,11,
3174071008,DKI JAKARTA,JAKARTA SELATAN,KEBAYORAN BARU,PETOGOGAN,232,2,34,0,196,0,0,0,0,0,3,0,0,3,280,16,264,1,0,1,95,7,66,0,22,
3171011004,DKI JAKARTA,JAKARTA PUSAT,GAMBIR,PETOJO SELATAN,246,3,10,1,232,0,0,0,0,0,28,0,0,28,779,47,732,16,0,16,279,5,256,8,10,
3171011003,DKI JAKARTA,JAKARTA PUSAT,GAMBIR,PETOJO UTARA,205,1,9,3,192,1,0,0,0,1,12,0,0,12,410,27,383,25,0,25,159,4,143,3,9,
3174101004,DKI JAKARTA,JAKARTA SELATAN,PESANGGRAHAN,PETUKANGAN SELATAN,489,11,65,2,411,1,1,0,0,0,2,0,0,2,948,110,838,8,0,8,229,6,173,4,46,
3174101003,DKI JAKARTA,JAKARTA SELATAN,PESANGGRAHAN,PETUKANGAN UTARA,553,4,27,4,518,3,1,0,0,2,6,0,0,6,1676,56,1620,9,0,9,336,5,291,2,38,
3175081002,DKI JAKARTA,JAKARTA TIMUR,MAKASAR,PINANG RANTI,267,8,22,1,236,0,0,0,0,0,2,0,0,2,720,45,675,28,0,28,185,4,143,5,33,
3173031008,DKI JAKARTA,JAKARTA BARAT,TAMAN SARI,PINANGSIA,147,1,12,1,133,0,0,0,0,0,2,0,0,2,247,16,231,3,0,3,113,7,98,0,8,
3175011001,DKI JAKARTA,JAKARTA TIMUR,MATRAMAN,PISANGAN BARU,382,4,25,3,350,1,0,0,0,1,5,0,1,4,526,72,454,34,0,34,216,4,169,8,35,
3175021002,DKI JAKARTA,JAKARTA TIMUR,PULO GADUNG,PISANGAN TIMUR,372,1,27,4,340,1,0,0,0,1,10,0,0,10,836,105,731,30,0,30,243,4,204,5,30,
3172011005,DKI JAKARTA,JAKARTA UTARA,PENJARINGAN,PLUIT,455,9,55,4,387,0,0,0,0,0,13,0,1,12,1329,77,1252,18,0,18,266,10,215,9,32,
3175071002,DKI JAKARTA,JAKARTA TIMUR,DUREN SAWIT,PONDOK BAMBU,998,11,26,1,960,5,0,0,0,5,3,0,0,3,1159,95,1064,34,0,34,444,12,375,7,50,
3175071004,DKI JAKARTA,JAKARTA TIMUR,DUREN SAWIT,PONDOK KELAPA,724,8,27,0,689,0,0,0,0,0,11,0,0,11,1247,94,1153,24,0,24,411,9,350,11,41,
3175071007,DKI JAKARTA,JAKARTA TIMUR,DUREN SAWIT,PONDOK KOPI,467,4,22,1,440,0,0,0,0,0,2,0,0,2,514,36,478,13,0,13,258,5,221,13,19,
3174061003,DKI JAKARTA,JAKARTA SELATAN,CILANDAK,PONDOK LABU,556,10,56,1,489,6,0,0,0,6,73,0,0,73,1181,123,1058,37,0,37,223,1,193,3,26,
3174051002,DKI JAKARTA,JAKARTA SELATAN,KEBAYORAN LAMA,PONDOK PINANG,632,9,51,4,568,0,0,0,0,0,44,0,0,44,889,39,850,11,0,11,336,9,270,9,48,
3175101003,DKI JAKARTA,JAKARTA TIMUR,CIPAYUNG,PONDOK RANGGON,298,1,14,3,280,0,0,0,0,0,3,0,0,3,450,46,404,21,0,21,191,7,154,1,29,
PROSES UPDATE DATA,PROSES UPDATE DATA,PROSES UPDATE DATA,PROSES UPDATE DATA,PROSES UPDATE DATA,14509,266,534,1696,12013,3381,1,0,3374,6,113,0,2,111,21829,3091,18738,134,1,133,24527,869,21824,464,1370,
3101011003,DKI JAKARTA,KAB.ADM.KEP.SERIBU,KEP. SERIBU UTARA,PULAU HARAPAN,65,0,2,0,63,0,0,0,0,0,0,0,0,0,77,7,70,0,0,0,6,0,4,0,2,
3101011002,DKI JAKARTA,KAB.ADM.KEP.SERIBU,KEP. SERIBU UTARA,PULAU KELAPA,81,0,12,1,68,0,0,0,0,0,3,0,0,3,181,2,179,1,0,1,8,0,7,0,1,
3101011001,DKI JAKARTA,KAB.ADM.KEP.SERIBU,KEP. SERIBU UTARA,PULAU PANGGANG,172,9,18,1,144,0,0,0,0,0,0,0,0,0,179,5,174,4,0,4,29,0,26,0,3,
3101021003,DKI JAKARTA,KAB.ADM.KEP.SERIBU,KEP. SERIBU SELATAN,PULAU PARI,12,0,3,0,9,0,0,0,0,0,0,0,0,0,175,0,175,1,0,1,5,0,5,0,0,
3101021002,DKI JAKARTA,KAB.ADM.KEP.SERIBU,KEP. SERIBU SELATAN,PULAU TIDUNG,38,0,0,0,38,1,0,0,1,0,1,0,1,0,384,0,384,1,0,1,37,0,37,0,0,
3101021001,DKI JAKARTA,KAB.ADM.KEP.SERIBU,KEP. SERIBU SELATAN,PULAU UNTUNG JAWA,25,0,0,0,25,0,0,0,0,0,0,0,0,0,109,0,109,0,0,0,5,0,5,0,0,
3174071007,DKI JAKARTA,JAKARTA SELATAN,KEBAYORAN BARU,PULO,297,0,10,1,286,1,0,0,0,1,1,0,0,1,222,4,218,0,0,0,57,1,53,0,3,
3175021001,DKI JAKARTA,JAKARTA TIMUR,PULO GADUNG,PULO GADUNG,421,5,24,2,390,0,0,0,0,0,11,0,0,11,931,59,872,34,0,34,284,5,249,6,24,
3175061005,DKI JAKARTA,JAKARTA TIMUR,CAKUNG,PULO GEBANG,601,3,49,2,547,1,0,0,0,1,9,0,0,9,1446,134,1312,64,0,64,447,8,345,12,82,
3174041004,DKI JAKARTA,JAKARTA SELATAN,PASAR MINGGU,RAGUNAN,786,3,92,2,689,1,0,0,0,1,2,0,0,2,765,69,696,25,0,25,226,8,188,5,25,
3175091005,DKI JAKARTA,JAKARTA TIMUR,CIRACAS,RAMBUTAN,462,7,20,1,434,2,0,0,0,2,12,0,0,12,746,32,714,29,0,29,207,12,168,3,24,
3172031006,DKI JAKARTA,JAKARTA UTARA,KOJA,RAWA BADAK SELATAN,507,3,40,2,462,2,0,0,0,2,2,0,0,2,582,31,551,49,0,49,323,1,294,5,23,
3172031004,DKI JAKARTA,JAKARTA UTARA,KOJA,RAWA BADAK UTARA,489,1,53,1,434,0,0,0,0,0,2,0,0,2,533,26,507,80,0,80,251,2,226,4,19,
3174071005,DKI JAKARTA,JAKARTA SELATAN,KEBAYORAN BARU,RAWA BARAT,101,1,4,2,94,0,0,0,0,0,2,0,0,2,165,7,158,0,0,0,42,2,29,1,10,
3173011003,DKI JAKARTA,JAKARTA BARAT,CENGKARENG,RAWA BUAYA,396,5,45,2,344,1,0,0,0,1,6,0,0,6,824,83,741,6,0,6,326,12,265,11,38,
3175031004,DKI JAKARTA,JAKARTA TIMUR,JATINEGARA,RAWA BUNGA,162,2,3,1,156,0,0,0,0,0,1,0,0,1,295,33,262,16,0,16,144,4,119,3,18,
3174081003,DKI JAKARTA,JAKARTA SELATAN,PANCORAN,RAWA JATI,307,2,19,0,286,2,0,0,0,2,11,0,0,11,517,39,478,7,0,7,112,7,91,0,14,
3175061002,DKI JAKARTA,JAKARTA TIMUR,CAKUNG,RAWA TERATE,161,0,29,0,132,0,0,0,0,0,2,0,0,2,388,33,355,6,0,6,183,4,154,1,24,
3175021005,DKI JAKARTA,JAKARTA TIMUR,PULO GADUNG,RAWAMANGUN,366,6,21,0,339,1,0,0,0,1,9,0,0,9,910,61,849,32,0,32,305,3,265,9,28,
3171051003,DKI JAKARTA,JAKARTA PUSAT,CEMPAKA PUTIH,RAWASARI,749,6,42,2,699,3,0,0,1,2,10,0,0,10,1358,83,1275,34,0,34,434,6,401,5,22,
3173041010,DKI JAKARTA,JAKARTA BARAT,TAMBORA,ROA MALAKA,39,0,4,0,35,1,0,0,0,1,0,0,0,0,45,1,44,1,0,1,14,0,14,0,0,
3172041006,DKI JAKARTA,JAKARTA UTARA,CILINCING,ROROTAN,406,3,27,2,374,0,0,0,0,0,4,0,0,4,637,22,615,78,0,78,181,1,159,2,19,
3174071004,DKI JAKARTA,JAKARTA SELATAN,KEBAYORAN BARU,SELONG,90,0,10,0,80,0,0,0,0,0,3,0,0,3,130,2,128,3,0,3,25,0,22,1,2,
3173061002,DKI JAKARTA,JAKARTA BARAT,KALI DERES,SEMANAN,575,7,61,3,504,1,0,0,0,1,3,0,0,3,1145,90,1055,8,0,8,216,5,169,3,39,
3172041007,DKI JAKARTA,JAKARTA UTARA,CILINCING,SEMPER BARAT,811,12,69,1,729,3,0,0,0,3,12,0,0,12,1199,83,1116,103,0,103,480,5,427,11,37,
3172041005,DKI JAKARTA,JAKARTA UTARA,CILINCING,SEMPER TIMUR,460,7,38,1,414,1,0,0,0,1,4,0,0,4,723,58,665,49,0,49,246,5,209,4,28,
3174071006,DKI JAKARTA,JAKARTA SELATAN,KEBAYORAN BARU,SENAYAN,354,5,80,0,269,0,0,0,0,0,10,0,0,10,634,278,356,0,0,0,194,4,127,0,63,
3171041001,DKI JAKARTA,JAKARTA PUSAT,SENEN,SENEN,198,3,6,0,189,1,0,0,0,1,8,0,1,7,700,31,669,26,0,26,155,1,149,3,2,
3171031004,DKI JAKARTA,JAKARTA PUSAT,KEMAYORAN,SERDANG,461,5,30,2,424,0,0,0,0,0,5,0,0,5,770,81,689,30,0,30,284,8,236,6,34,
3174021001,DKI JAKARTA,JAKARTA SELATAN,SETIA BUDI,SETIA BUDI,101,0,10,0,91,0,0,0,0,0,4,0,0,4,357,23,334,6,0,6,46,4,29,0,13,
3175101005,DKI JAKARTA,JAKARTA TIMUR,CIPAYUNG,SETU,277,4,12,0,261,2,0,0,0,2,2,0,0,2,441,43,398,14,0,14,123,4,103,1,15,
3173071002,DKI JAKARTA,JAKARTA BARAT,PALMERAH,SLIPI,553,3,22,2,526,0,0,0,0,0,2,0,0,2,1026,63,963,40,0,40,311,9,283,3,16,
3173081004,DKI JAKARTA,JAKARTA BARAT,KEMBANGAN,SRENGSENG,580,4,51,3,522,1,0,0,0,1,6,0,0,6,1304,112,1192,26,0,26,333,13,280,4,36,
3174091002,DKI JAKARTA,JAKARTA SELATAN,JAGAKARSA,SRENGSENG SAWAH,890,12,53,0,825,8,0,0,0,8,11,0,0,11,969,76,893,26,0,26,241,4,208,8,21,
3173051003,DKI JAKARTA,JAKARTA BARAT,KEBON JERUK,SUKABUMI SELATAN,324,6,29,4,285,1,0,0,0,1,1,0,0,1,718,61,657,24,0,24,225,10,179,5,31,
3173051002,DKI JAKARTA,JAKARTA BARAT,KEBON JERUK,SUKABUMI UTARA,359,1,36,3,319,0,0,0,0,0,19,0,0,19,783,58,725,45,0,45,257,5,196,7,49,
3172041002,DKI JAKARTA,JAKARTA UTARA,CILINCING,SUKAPURA,635,6,47,2,580,0,0,0,0,0,6,0,0,6,930,57,873,95,0,95,342,1,307,6,28,
3171031007,DKI JAKARTA,JAKARTA PUSAT,KEMAYORAN,SUMUR BATU,430,5,19,1,405,1,0,0,0,1,5,0,0,5,571,39,532,29,0,29,233,2,211,3,17,
3172021004,DKI JAKARTA,JAKARTA UTARA,TANJUNG PRIOK,SUNGAI BAMBU,396,2,58,0,336,0,0,0,0,0,7,0,0,7,683,83,600,34,0,34,231,1,180,5,45,
3172021006,DKI JAKARTA,JAKARTA UTARA,TANJUNG PRIOK,SUNTER AGUNG,991,9,85,1,896,3,0,0,0,3,22,0,0,22,2032,160,1872,77,0,77,633,11,533,17,72,
3172021002,DKI JAKARTA,JAKARTA UTARA,TANJUNG PRIOK,SUNTER JAYA,942,10,113,6,813,1,0,0,0,1,10,0,0,10,1761,218,1543,169,0,169,593,13,500,19,61,
3175091004,DKI JAKARTA,JAKARTA TIMUR,CIRACAS,SUSUKAN,546,17,53,1,475,0,0,0,0,0,17,0,0,17,1328,44,1284,69,0,69,195,7,155,7,26,
3173031001,DKI JAKARTA,JAKARTA BARAT,TAMAN SARI,TAMAN SARI,282,2,14,0,266,2,0,0,0,2,1,0,0,1,424,34,390,16,0,16,189,5,161,4,19,
3173041001,DKI JAKARTA,JAKARTA BARAT,TAMBORA,TAMBORA,205,1,10,3,191,0,0,0,0,0,1,0,0,1,310,22,288,3,0,3,97,3,81,3,10,
3173041004,DKI JAKARTA,JAKARTA BARAT,TAMBORA,TANAH SEREAL,302,3,12,2,285,1,0,0,0,1,4,0,0,4,275,16,259,5,0,5,167,10,145,7,5,
3171081004,DKI JAKARTA,JAKARTA PUSAT,JOHAR BARU,TANAH TINGGI,483,5,18,3,457,4,0,0,0,4,6,0,0,6,1088,62,1026,35,0,35,401,9,358,16,18,
3173031004,DKI JAKARTA,JAKARTA BARAT,TAMAN SARI,TANGKI,245,2,7,1,235,1,0,0,0,1,3,0,0,3,312,23,289,2,0,2,127,3,108,1,15,
3174091005,DKI JAKARTA,JAKARTA SELATAN,JAGAKARSA,TANJUNG BARAT,706,2,51,1,652,1,0,0,0,1,2,0,0,2,605,36,569,11,0,11,261,5,225,6,25,
3173021005,DKI JAKARTA,JAKARTA BARAT,GROGOL PETAMBURAN,TANJUNG DUREN SELATAN,431,6,30,1,394,0,0,0,0,0,19,0,0,19,703,59,644,19,0,19,309,6,261,8,34,
3173021002,DKI JAKARTA,JAKARTA BARAT,GROGOL PETAMBURAN,TANJUNG DUREN UTARA,288,0,22,0,266,2,0,0,0,2,20,0,0,20,592,89,503,19,0,19,177,16,129,9,23,
3172021001,DKI JAKARTA,JAKARTA UTARA,TANJUNG PRIOK,TANJUNG PRIOK,540,2,50,6,482,0,0,0,0,0,12,0,1,11,789,57,732,68,0,68,376,1,326,9,40,
3174011002,DKI JAKARTA,JAKARTA SELATAN,TEBET,TEBET BARAT,478,10,20,0,448,2,0,0,0,2,8,0,0,8,655,27,628,23,0,23,327,5,278,7,37,
3174011001,DKI JAKARTA,JAKARTA SELATAN,TEBET,TEBET TIMUR,390,2,16,2,370,0,0,0,0,0,6,0,0,6,552,24,528,33,0,33,202,6,175,4,17,
3173061003,DKI JAKARTA,JAKARTA BARAT,KALI DERES,TEGAL ALUR,703,6,34,6,657,0,0,0,0,0,7,0,0,7,1252,68,1184,13,0,13,222,2,186,3,31,
3174031004,DKI JAKARTA,JAKARTA SELATAN,MAMPANG PRAPATAN,TEGAL PARANG,349,3,28,3,315,5,0,0,1,4,4,0,0,4,1027,79,948,12,0,12,307,2,265,6,34,
3173021003,DKI JAKARTA,JAKARTA BARAT,GROGOL PETAMBURAN,TOMANG,475,5,42,2,426,0,0,0,0,0,15,0,0,15,770,70,700,80,0,80,296,7,261,8,20,
3172031005,DKI JAKARTA,JAKARTA UTARA,KOJA,TUGU SELATAN,445,6,33,1,405,0,0,0,0,0,2,0,0,2,472,29,443,74,0,74,300,3,240,7,50,
3172031002,DKI JAKARTA,JAKARTA UTARA,KOJA,TUGU UTARA,921,5,55,0,861,3,0,0,0,3,7,0,0,7,869,45,824,89,0,89,461,5,380,13,63,
3175061006,DKI JAKARTA,JAKARTA TIMUR,CAKUNG,UJUNG MENTENG,175,0,19,2,154,1,0,0,0,1,1,0,0,1,471,32,439,20,0,20,134,2,119,3,10,
3174101005,DKI JAKARTA,JAKARTA SELATAN,PESANGGRAHAN,ULUJAMI,580,5,44,2,529,0,0,0,0,0,0,0,0,0,1220,68,1152,26,0,26,268,9,217,5,37,
3175011006,DKI JAKARTA,JAKARTA TIMUR,MATRAMAN,UTAN KAYU SELATAN,509,1,18,8,482,2,0,0,0,2,7,0,0,7,836,36,800,89,0,89,279,4,242,8,25,
3175011002,DKI JAKARTA,JAKARTA TIMUR,MATRAMAN,UTAN KAYU UTARA,418,4,12,0,402,2,0,0,0,2,4,0,0,4,672,34,638,45,0,45,223,5,179,12,27,
3171031008,DKI JAKARTA,JAKARTA PUSAT,KEMAYORAN,UTAN PANJANG,403,6,23,2,372,0,0,0,0,0,4,0,0,4,614,80,534,27,0,27,298,5,254,8,31,
3172021007,DKI JAKARTA,JAKARTA UTARA,TANJUNG PRIOK,WARAKAS,558,6,88,2,462,0,0,0,0,0,11,0,0,11,992,89,903,54,0,54,328,7,257,8,56,
3173021007,DKI JAKARTA,JAKARTA BARAT,GROGOL PETAMBURAN,WIJAYA KUSUMA,403,2,29,2,370,1,0,0,0,1,7,0,0,7,854,62,792,23,0,23,280,8,235,8,29,
