id_kel,nama_provinsi,nama_kota,nama_kecamatan,nama_kelurahan,suspek,perawatan_rs,isolasi_di_rumah,suspek_meninggal,selesai_isolasi,probable,perawatan_rs,isolasi_di_rumah,probable_meninggal,selesai_isolasi,pelaku_perjalanan,perawatan_rs,isolasi_di_rumah,selesai_isolasi,kontak_erat,isolasi_di_rumah,selesai_isolasi,discarded,meninggal,selesai_isolasi,positif,dirawat,sembuh,meninggal,self_isolation,keterangan
3172051003,DKI JAKARTA,JAKARTA UTARA,PADEMANGAN,ANCOL,424,3,38,0,383,4,0,0,0,4,10,0,1,9,583,23,560,8,0,8,285,2,210,3,70,
3173041007,DKI JAKARTA,JAKARTA BARAT,TAMBORA,ANGKE,376,3,19,2,352,1,0,0,1,0,0,0,0,0,458,9,449,25,0,25,157,12,124,3,18,
3175041005,DKI JAKARTA,JAKARTA TIMUR,KRAMAT JATI,BALE KAMBANG,252,4,20,1,227,1,0,0,0,1,5,0,0,5,466,31,435,23,0,23,144,6,115,3,20,
3175031003,DKI JAKARTA,JAKARTA TIMUR,JATINEGARA,BALI MESTER,90,0,4,1,85,0,0,0,0,0,0,0,0,0,112,11,101,4,0,4,38,1,27,1,9,
3175101006,DKI JAKARTA,JAKARTA TIMUR,CIPAYUNG,BAMBU APUS,344,10,21,1,312,0,0,0,0,0,4,0,0,4,550,34,516,17,0,17,140,2,116,2,20,
3174031002,DKI JAKARTA,JAKARTA SELATAN,MAMPANG PRAPATAN,BANGKA,246,8,36,2,200,5,1,0,1,3,18,0,0,18,634,67,567,8,0,8,167,4,118,2,43,
3175051002,DKI JAKARTA,JAKARTA TIMUR,PASAR REBO,BARU,352,1,65,1,285,0,0,0,0,0,5,0,0,5,373,22,351,17,0,17,163,8,115,0,40,
3175041004,DKI JAKARTA,JAKARTA TIMUR,KRAMAT JATI,BATU AMPAR,427,2,57,1,367,2,0,0,0,2,3,0,0,3,873,93,780,25,0,25,191,10,151,4,26,
3171071002,DKI JAKARTA,JAKARTA PUSAT,TANAH ABANG,BENDUNGAN HILIR,372,2,16,0,354,2,2,0,0,0,4,0,0,4,680,46,634,10,0,10,207,6,178,4,19,
3175031002,DKI JAKARTA,JAKARTA TIMUR,JATINEGARA,BIDARA CINA,335,8,31,3,293,1,0,0,0,1,7,0,0,7,421,55,366,32,0,32,236,9,200,9,18,
3174101002,DKI JAKARTA,JAKARTA SELATAN,PESANGGRAHAN,BINTARO,637,9,20,2,606,4,0,0,0,4,9,0,0,9,1336,108,1228,24,0,24,275,17,215,8,35,
3174011005,DKI JAKARTA,JAKARTA SELATAN,TEBET,BUKIT DURI,357,3,37,3,314,2,0,0,0,2,13,0,0,13,519,35,484,13,0,13,198,8,145,7,38,
3171041006,DKI JAKARTA,JAKARTA PUSAT,SENEN,BUNGUR,209,1,15,2,191,1,0,0,0,1,13,0,0,13,500,39,461,12,0,12,165,5,145,2,13,
3175061007,DKI JAKARTA,JAKARTA TIMUR,CAKUNG,CAKUNG BARAT,291,15,22,1,253,1,0,0,0,1,0,0,0,0,641,25,616,41,0,41,229,4,191,4,30,
3175061004,DKI JAKARTA,JAKARTA TIMUR,CAKUNG,CAKUNG TIMUR,352,14,25,2,311,2,0,0,1,1,5,0,0,5,744,89,655,37,0,37,240,10,195,4,31,
3175041007,DKI JAKARTA,JAKARTA TIMUR,KRAMAT JATI,CAWANG,280,9,22,0,249,1,0,0,0,1,5,0,0,5,715,96,619,15,0,15,234,15,169,6,44,
3175101008,DKI JAKARTA,JAKARTA TIMUR,CIPAYUNG,CEGER,216,8,10,0,198,0,0,0,0,0,1,0,0,1,384,49,335,9,0,9,100,4,80,3,13,
3171031006,DKI JAKARTA,JAKARTA PUSAT,KEMAYORAN,CEMPAKA BARU,594,11,71,2,510,1,0,0,0,1,7,0,0,7,919,151,768,34,0,34,380,6,278,15,81,
3171051002,DKI JAKARTA,JAKARTA PUSAT,CEMPAKA PUTIH,CEMPAKA PUTIH BARAT,836,18,23,2,793,3,1,0,0,2,16,0,1,15,1830,101,1729,49,0,49,636,5,579,12,40,
3171051001,DKI JAKARTA,JAKARTA PUSAT,CEMPAKA PUTIH,CEMPAKA PUTIH TIMUR,563,4,13,1,545,1,1,0,0,0,11,0,0,11,1309,68,1241,56,0,56,339,1,302,5,31,
3173011001,DKI JAKARTA,JAKARTA BARAT,CENGKARENG,CENGKARENG BARAT,586,8,98,1,479,0,0,0,0,0,6,0,0,6,1168,101,1067,12,0,12,329,7,270,7,45,
3173011006,DKI JAKARTA,JAKARTA BARAT,CENGKARENG,CENGKARENG TIMUR,758,17,75,7,659,1,0,0,0,1,4,0,0,4,1572,182,1390,17,0,17,536,9,453,13,61,
3175091002,DKI JAKARTA,JAKARTA TIMUR,CIRACAS,CIBUBUR,805,4,84,4,713,1,0,0,0,1,30,0,0,30,1744,56,1688,88,0,88,283,4,234,7,38,
3171011002,DKI JAKARTA,JAKARTA PUSAT,GAMBIR,CIDENG,266,3,15,2,246,0,0,0,0,0,10,0,0,10,561,50,511,13,0,13,182,1,160,7,14,
3174091003,DKI JAKARTA,JAKARTA SELATAN,JAGAKARSA,CIGANJUR,603,9,24,1,569,2,0,0,0,2,12,0,0,12,599,85,514,14,0,14,160,0,131,4,25,
3175051003,DKI JAKARTA,JAKARTA TIMUR,PASAR REBO,CIJANTUNG,729,11,126,3,589,0,0,0,0,0,2,0,0,2,485,28,457,9,0,9,250,10,184,7,49,
3171061003,DKI JAKARTA,JAKARTA PUSAT,MENTENG,CIKINI,141,3,10,0,128,0,0,0,0,0,1,0,0,1,191,10,181,11,0,11,54,1,37,3,13,
3174081006,DKI JAKARTA,JAKARTA SELATAN,PANCORAN,CIKOKO,169,3,11,0,155,1,0,0,0,1,10,0,0,10,267,16,251,0,0,0,59,2,49,1,7,
3174061001,DKI JAKARTA,JAKARTA SELATAN,CILANDAK,CILANDAK BARAT,871,16,137,5,713,1,0,0,0,1,97,0,0,97,1353,123,1230,38,0,38,293,11,241,7,34,
3174041003,DKI JAKARTA,JAKARTA SELATAN,PASAR MINGGU,CILANDAK TIMUR,432,11,55,1,365,4,0,0,0,4,17,0,0,17,401,40,361,86,0,86,235,5,202,7,21,
3175101002,DKI JAKARTA,JAKARTA TIMUR,CIPAYUNG,CILANGKAP,314,9,31,1,273,1,0,0,0,1,2,0,0,2,558,63,495,20,0,20,158,7,133,0,18,
3175041006,DKI JAKARTA,JAKARTA TIMUR,KRAMAT JATI,CILILITAN,287,6,22,1,258,0,0,0,0,0,6,0,0,6,721,71,650,46,0,46,232,9,190,4,29,
3172041001,DKI JAKARTA,JAKARTA UTARA,CILINCING,CILINCING,534,19,55,1,459,0,0,0,0,0,6,0,0,6,1103,37,1066,85,0,85,371,5,310,10,46,
3175101001,DKI JAKARTA,JAKARTA TIMUR,CIPAYUNG,CIPAYUNG,452,12,35,2,403,3,0,0,1,2,7,0,0,7,576,58,518,24,0,24,188,8,164,2,14,
3174091006,DKI JAKARTA,JAKARTA SELATAN,JAGAKARSA,CIPEDAK,511,11,20,0,480,2,0,0,0,2,1,0,0,1,689,54,635,7,0,7,232,4,206,3,19,
3174061005,DKI JAKARTA,JAKARTA SELATAN,CILANDAK,CIPETE SELATAN,255,6,25,1,223,2,0,0,0,2,45,0,0,45,449,40,409,6,0,6,104,5,83,7,9,
3174071010,DKI JAKARTA,JAKARTA SELATAN,KEBAYORAN BARU,CIPETE UTARA,511,7,77,3,424,0,0,0,0,0,9,0,0,9,492,56,436,5,0,5,129,7,100,3,19,
3175021003,DKI JAKARTA,JAKARTA TIMUR,PULO GADUNG,CIPINANG,287,8,25,2,252,1,0,0,0,1,3,0,0,3,839,89,750,37,0,37,299,5,250,12,32,
3175031007,DKI JAKARTA,JAKARTA TIMUR,JATINEGARA,CIPINANG BESAR SELATAN,226,8,11,2,205,2,0,0,0,2,1,0,0,1,435,38,397,16,0,16,157,4,131,2,20,
3175031008,DKI JAKARTA,JAKARTA TIMUR,JATINEGARA,CIPINANG BESAR UTARA,374,9,28,0,337,1,0,0,0,1,3,0,0,3,606,62,544,17,0,17,274,8,222,5,39,
3175031005,DKI JAKARTA,JAKARTA TIMUR,JATINEGARA,CIPINANG CEMPEDAK,237,8,10,2,217,0,0,0,0,0,4,0,0,4,431,58,373,17,0,17,164,9,121,3,31,
3175081005,DKI JAKARTA,JAKARTA TIMUR,MAKASAR,CIPINANG MELAYU,334,9,25,2,298,3,1,0,0,2,3,0,0,3,675,54,621,20,0,20,251,14,201,5,31,
3175031006,DKI JAKARTA,JAKARTA TIMUR,JATINEGARA,CIPINANG MUARA,397,12,28,1,356,5,0,0,0,5,8,0,0,8,813,89,724,25,0,25,293,16,232,4,41,
3174051003,DKI JAKARTA,JAKARTA SELATAN,KEBAYORAN LAMA,CIPULIR,293,5,22,4,262,6,0,0,0,6,6,0,0,6,504,28,476,8,0,8,195,6,159,4,26,
3175091001,DKI JAKARTA,JAKARTA TIMUR,CIRACAS,CIRACAS,821,14,79,9,719,3,0,0,0,3,23,0,0,23,1476,65,1411,44,0,44,398,15,318,12,53,
3175041003,DKI JAKARTA,JAKARTA TIMUR,KRAMAT JATI,DUKUH,244,6,25,1,212,0,0,0,0,0,1,0,0,1,609,82,527,14,0,14,146,2,105,3,36,
3175071001,DKI JAKARTA,JAKARTA TIMUR,DUREN SAWIT,DUREN SAWIT,811,11,30,3,767,17,2,0,0,15,2,0,0,2,983,81,902,30,0,30,496,5,429,13,49,
3174081004,DKI JAKARTA,JAKARTA SELATAN,PANCORAN,DUREN TIGA,379,5,36,0,338,2,0,0,0,2,6,0,0,6,575,58,517,3,0,3,169,4,132,1,32,
3173051005,DKI JAKARTA,JAKARTA BARAT,KEBON JERUK,DURI KEPA,463,9,39,2,413,3,0,0,0,3,12,0,0,12,1186,91,1095,72,0,72,368,6,309,10,43,
3173011002,DKI JAKARTA,JAKARTA BARAT,CENGKARENG,DURI KOSAMBI,514,7,49,3,455,0,0,0,0,0,4,0,0,4,932,86,846,11,0,11,335,20,258,5,52,
3171011006,DKI JAKARTA,JAKARTA PUSAT,GAMBIR,DURI PULO,170,2,13,3,152,0,0,0,0,0,1,0,0,1,428,88,340,7,0,7,164,4,134,5,21,
3173041011,DKI JAKARTA,JAKARTA BARAT,TAMBORA,DURI SELATAN,142,3,16,1,122,0,0,0,0,0,2,0,0,2,144,12,132,4,0,4,67,0,58,3,6,
3173041003,DKI JAKARTA,JAKARTA BARAT,TAMBORA,DURI UTARA,187,6,14,2,165,1,0,0,0,1,2,0,0,2,213,14,199,3,0,3,123,2,100,4,17,
3171081003,DKI JAKARTA,JAKARTA PUSAT,JOHAR BARU,GALUR,211,2,19,0,190,3,0,0,0,3,3,0,0,3,502,58,444,46,0,46,210,1,188,10,11,
3171011001,DKI JAKARTA,JAKARTA PUSAT,GAMBIR,GAMBIR,82,2,2,0,78,1,0,0,0,1,17,0,0,17,399,12,387,6,0,6,168,0,151,1,16,
3174061004,DKI JAKARTA,JAKARTA SELATAN,CILANDAK,GANDARIA SELATAN,189,6,16,0,167,2,0,0,0,2,20,0,0,20,613,32,581,3,0,3,136,5,104,4,23,
3174071009,DKI JAKARTA,JAKARTA SELATAN,KEBAYORAN BARU,GANDARIA UTARA,569,7,101,2,459,0,0,0,0,0,3,0,0,3,578,61,517,5,0,5,180,1,155,4,20,
3175051001,DKI JAKARTA,JAKARTA TIMUR,PASAR REBO,GEDONG,700,10,60,0,630,0,0,0,0,0,4,0,0,4,370,39,331,24,0,24,212,5,169,3,35,
3171071001,DKI JAKARTA,JAKARTA PUSAT,TANAH ABANG,GELORA,58,0,1,1,56,0,0,0,0,0,5,0,0,5,210,5,205,0,0,0,119,0,111,2,6,
3173031007,DKI JAKARTA,JAKARTA BARAT,TAMAN SARI,GLODOK,108,0,9,0,99,0,0,0,0,0,1,0,0,1,162,8,154,0,0,0,36,1,28,2,5,
3171061004,DKI JAKARTA,JAKARTA PUSAT,MENTENG,GONDANGDIA,57,1,2,1,53,0,0,0,0,0,12,0,0,12,129,10,119,7,0,7,55,1,50,3,1,
3173021001,DKI JAKARTA,JAKARTA BARAT,GROGOL PETAMBURAN,GROGOL,452,5,70,4,373,1,0,0,0,1,44,0,0,44,890,125,765,36,0,36,235,4,180,1,50,
3174051005,DKI JAKARTA,JAKARTA SELATAN,KEBAYORAN LAMA,GROGOL SELATAN,340,5,36,5,294,0,0,0,0,0,12,0,0,12,583,34,549,11,0,11,222,9,175,7,31,
3174051004,DKI JAKARTA,JAKARTA SELATAN,KEBAYORAN LAMA,GROGOL UTARA,361,10,34,4,313,0,0,0,0,0,24,0,0,24,586,42,544,16,0,16,272,15,221,8,28,
3174021007,DKI JAKARTA,JAKARTA SELATAN,SETIA BUDI,GUNTUR,57,1,5,0,51,0,0,0,0,0,1,0,0,1,187,10,177,1,0,1,41,1,29,0,11,
3174071002,DKI JAKARTA,JAKARTA SELATAN,KEBAYORAN BARU,GUNUNG,247,0,33,3,211,0,0,0,0,0,7,0,0,7,342,27,315,0,0,0,100,5,65,2,28,
3171031005,DKI JAKARTA,JAKARTA PUSAT,KEMAYORAN,GUNUNG SAHARI SELATAN,275,4,20,1,250,0,0,0,0,0,4,0,0,4,487,77,410,1,0,1,164,0,125,5,34,
3171021004,DKI JAKARTA,JAKARTA PUSAT,SAWAH BESAR,GUNUNG SAHARI UTARA,267,4,14,1,248,1,1,0,0,0,7,0,0,7,501,31,470,8,0,8,166,4,133,9,20,
3175081004,DKI JAKARTA,JAKARTA TIMUR,MAKASAR,HALIM PERDANA KUSUMAH,229,5,16,2,206,0,0,0,0,0,6,0,1,5,505,44,461,9,0,9,378,17,319,4,38,
3171031003,DKI JAKARTA,JAKARTA PUSAT,KEMAYORAN,HARAPAN MULIA,334,4,19,3,308,0,0,0,0,0,6,0,0,6,529,72,457,30,0,30,235,2,180,8,45,
3174091001,DKI JAKARTA,JAKARTA SELATAN,JAGAKARSA,JAGAKARSA,843,12,53,2,776,8,0,0,0,8,8,0,0,8,1023,78,945,18,0,18,367,13,300,6,48,
3175021007,DKI JAKARTA,JAKARTA TIMUR,PULO GADUNG,JATI,335,4,15,1,315,0,0,0,0,0,8,0,0,8,874,56,818,35,0,35,249,9,205,2,33,
3174041002,DKI JAKARTA,JAKARTA SELATAN,PASAR MINGGU,JATI PADANG,462,12,55,2,393,0,0,0,0,0,3,0,0,3,601,63,538,67,0,67,180,6,136,5,33,
3173071004,DKI JAKARTA,JAKARTA BARAT,PALMERAH,JATI PULO,489,5,42,4,438,2,1,0,0,1,4,0,0,4,724,49,675,63,0,63,281,9,243,8,21,
3175061001,DKI JAKARTA,JAKARTA TIMUR,CAKUNG,JATINEGARA,589,9,45,3,532,1,0,0,0,1,3,0,0,3,1341,225,1116,43,0,43,495,14,364,7,110,
3175021004,DKI JAKARTA,JAKARTA TIMUR,PULO GADUNG,JATINEGARA KAUM,115,3,6,0,106,1,0,0,1,0,3,0,0,3,332,40,292,11,0,11,92,3,72,3,14,
3173021004,DKI JAKARTA,JAKARTA BARAT,GROGOL PETAMBURAN,JELAMBAR,401,7,45,5,344,2,0,0,0,2,26,0,0,26,724,57,667,12,0,12,198,7,172,6,13,
3173021006,DKI JAKARTA,JAKARTA BARAT,GROGOL PETAMBURAN,JELAMBAR BARU,350,1,25,2,322,2,0,0,0,2,4,0,0,4,591,41,550,19,0,19,145,8,119,5,13,
3173041006,DKI JAKARTA,JAKARTA BARAT,TAMBORA,JEMBATAN BESI,535,4,20,1,510,1,1,0,0,0,5,0,0,5,465,15,450,7,0,7,218,2,195,7,14,
3173041008,DKI JAKARTA,JAKARTA BARAT,TAMBORA,JEMBATAN LIMA,188,4,15,0,169,0,0,0,0,0,1,0,0,1,196,8,188,5,0,5,112,3,93,4,12,
3173081005,DKI JAKARTA,JAKARTA BARAT,KEMBANGAN,JOGLO,421,3,65,4,349,0,0,0,0,0,5,0,0,5,707,73,634,14,0,14,213,8,177,2,26,
3171081001,DKI JAKARTA,JAKARTA PUSAT,JOHAR BARU,JOHAR BARU,628,4,37,3,584,4,1,0,0,3,8,0,0,8,1736,153,1583,95,0,95,473,7,402,16,48,
3173041002,DKI JAKARTA,JAKARTA BARAT,TAMBORA,KALI ANYAR,362,4,25,0,333,1,0,0,0,1,3,0,0,3,342,10,332,14,0,14,176,4,154,5,13,
3172041004,DKI JAKARTA,JAKARTA UTARA,CILINCING,KALI BARU,465,15,50,5,395,0,0,0,0,0,4,0,0,4,624,20,604,43,0,43,327,3,267,8,49,
3174081002,DKI JAKARTA,JAKARTA SELATAN,PANCORAN,KALIBATA,535,16,54,4,461,7,0,0,0,7,11,0,0,11,768,48,720,12,0,12,286,3,234,5,44,
3173061001,DKI JAKARTA,JAKARTA BARAT,KALI DERES,KALIDERES,1009,25,83,4,897,1,0,0,0,1,6,0,1,5,2148,205,1943,30,0,30,369,11,296,5,57,
3175051004,DKI JAKARTA,JAKARTA TIMUR,PASAR REBO,KALISARI,1010,13,123,0,874,0,0,0,0,0,3,0,0,3,468,43,425,11,0,11,239,4,184,5,46,
3173061004,DKI JAKARTA,JAKARTA BARAT,KALI DERES,KAMAL,319,5,29,3,282,0,0,0,0,0,1,0,0,1,521,25,496,4,0,4,62,4,38,7,13,
3172011002,DKI JAKARTA,JAKARTA UTARA,PENJARINGAN,KAMAL MUARA,89,0,16,0,73,0,0,0,0,0,4,0,0,4,198,36,162,1,0,1,72,2,61,2,7,
3171071007,DKI JAKARTA,JAKARTA PUSAT,TANAH ABANG,KAMPUNG BALI,141,1,4,2,134,1,0,0,0,1,2,0,0,2,299,39,260,2,0,2,69,1,54,3,11,
3175031001,DKI JAKARTA,JAKARTA TIMUR,JATINEGARA,KAMPUNG MELAYU,192,3,11,5,173,2,0,0,0,2,5,0,0,5,281,47,234,4,0,4,194,5,162,3,24,
3171081002,DKI JAKARTA,JAKARTA PUSAT,JOHAR BARU,KAMPUNG RAWA,287,2,6,0,279,1,0,0,0,1,1,0,0,1,734,67,667,66,0,66,255,0,235,13,7,
3175041002,DKI JAKARTA,JAKARTA TIMUR,KRAMAT JATI,KAMPUNG TENGAH,516,14,46,1,455,2,1,0,0,1,9,0,0,9,1096,113,983,50,0,50,268,6,221,11,30,
3173011005,DKI JAKARTA,JAKARTA BARAT,CENGKARENG,KAPUK,720,19,94,16,591,1,0,0,0,1,12,0,1,11,1410,167,1243,14,0,14,505,19,383,12,91,
3172011003,DKI JAKARTA,JAKARTA UTARA,PENJARINGAN,KAPUK MUARA,218,3,30,0,185,1,0,0,0,1,10,0,0,10,531,56,475,20,0,20,155,5,116,7,27,
3171021002,DKI JAKARTA,JAKARTA PUSAT,SAWAH BESAR,KARANG ANYAR,437,10,11,5,411,1,0,0,0,1,4,0,0,4,831,40,791,9,0,9,179,1,153,7,18,
3174021004,DKI JAKARTA,JAKARTA SELATAN,SETIA BUDI,KARET,128,1,11,0,116,0,0,0,0,0,11,0,0,11,378,27,351,4,0,4,124,1,96,0,27,
3174021003,DKI JAKARTA,JAKARTA SELATAN,SETIA BUDI,KARET KUNINGAN,261,3,60,1,197,0,0,0,0,0,21,0,0,21,374,50,324,4,0,4,166,16,111,2,37,
3174021002,DKI JAKARTA,JAKARTA SELATAN,SETIA BUDI,KARET SEMANGGI,55,0,3,1,51,0,0,0,0,0,3,0,0,3,80,5,75,2,0,2,24,0,22,2,0,
3171071003,DKI JAKARTA,JAKARTA PUSAT,TANAH ABANG,KARET TENGSIN,241,3,12,0,226,0,0,0,0,0,7,0,0,7,537,35,502,2,0,2,132,2,114,2,14,
3171021003,DKI JAKARTA,JAKARTA PUSAT,SAWAH BESAR,KARTINI,315,5,16,1,293,1,0,0,0,1,0,0,0,0,660,42,618,17,0,17,210,3,186,5,16,
3175011003,DKI JAKARTA,JAKARTA TIMUR,MATRAMAN,KAYU MANIS,340,9,12,0,319,3,0,0,0,3,2,0,0,2,655,37,618,29,0,29,200,6,157,4,33,
3175021006,DKI JAKARTA,JAKARTA TIMUR,PULO GADUNG,KAYU PUTIH,439,3,16,4,416,1,0,0,1,0,13,0,0,13,1026,58,968,45,0,45,295,25,241,8,21,
3173031006,DKI JAKARTA,JAKARTA BARAT,TAMAN SARI,KEAGUNGAN,287,3,17,0,267,0,0,0,0,0,3,0,0,3,475,15,460,10,0,10,165,6,145,1,13,
3174041007,DKI JAKARTA,JAKARTA SELATAN,PASAR MINGGU,KEBAGUSAN,555,16,49,1,489,3,0,0,0,3,2,0,0,2,667,44,623,39,0,39,177,2,147,0,28,
3174051006,DKI JAKARTA,JAKARTA SELATAN,KEBAYORAN LAMA,KEBAYORAN LAMA SELATAN,509,18,47,0,444,5,1,0,0,4,2,0,0,2,735,28,707,14,0,14,256,3,215,5,33,
3174051001,DKI JAKARTA,JAKARTA SELATAN,KEBAYORAN LAMA,KEBAYORAN LAMA UTARA,358,10,27,1,320,1,0,0,0,1,15,0,0,15,483,36,447,4,0,4,183,8,138,4,33,
3174011004,DKI JAKARTA,JAKARTA SELATAN,TEBET,KEBON BARU,370,1,49,2,318,0,0,0,0,0,15,0,0,15,664,81,583,18,0,18,197,9,149,3,36,
3172021005,DKI JAKARTA,JAKARTA UTARA,TANJUNG PRIOK,KEBON BAWANG,665,11,69,1,584,0,0,0,0,0,15,0,0,15,1130,74,1056,80,0,80,404,6,361,4,33,
3173051001,DKI JAKARTA,JAKARTA BARAT,KEBON JERUK,KEBON JERUK,691,14,81,6,590,2,0,0,0,2,13,0,0,13,1755,138,1617,59,0,59,597,13,511,15,58,
3171071006,DKI JAKARTA,JAKARTA PUSAT,TANAH ABANG,KEBON KACANG,422,5,12,1,404,1,0,0,0,1,0,0,0,0,520,36,484,6,0,6,288,7,251,11,19,
3171011005,DKI JAKARTA,JAKARTA PUSAT,GAMBIR,KEBON KELAPA,144,2,10,1,131,3,0,0,0,3,4,0,0,4,275,31,244,3,0,3,89,1,78,1,9,
3171031002,DKI JAKARTA,JAKARTA PUSAT,KEMAYORAN,KEBON KOSONG,353,3,29,5,316,0,0,0,0,0,8,0,0,8,455,57,398,31,0,31,232,2,193,7,30,
3175011005,DKI JAKARTA,JAKARTA TIMUR,MATRAMAN,KEBON MANGGIS,180,1,11,4,164,0,0,0,0,0,2,0,0,2,253,28,225,23,0,23,143,5,120,2,16,
3171071005,DKI JAKARTA,JAKARTA PUSAT,TANAH ABANG,KEBON MELATI,470,5,19,3,443,1,1,0,0,0,5,0,0,5,893,41,852,10,0,10,450,4,416,8,22,
3175081003,DKI JAKARTA,JAKARTA TIMUR,MAKASAR,KEBON PALA,313,7,28,1,277,1,0,0,0,1,5,0,0,5,898,69,829,16,0,16,289,16,235,5,33,
3171061005,DKI JAKARTA,JAKARTA PUSAT,MENTENG,KEBON SIRIH,156,1,12,2,141,0,0,0,0,0,2,0,0,2,292,19,273,14,0,14,128,3,119,2,4,
3173011004,DKI JAKARTA,JAKARTA BARAT,CENGKARENG,KEDAUNG KALI ANGKE,440,8,43,0,389,0,0,0,0,0,1,0,0,1,537,78,459,6,0,6,276,6,233,3,34,
3173051007,DKI JAKARTA,JAKARTA BARAT,KEBON JERUK,KEDOYA SELATAN,346,12,69,5,260,2,0,0,0,2,7,0,0,7,628,46,582,20,0,20,192,10,150,6,26,
3173051006,DKI JAKARTA,JAKARTA BARAT,KEBON JERUK,KEDOYA UTARA,346,9,32,2,303,1,0,0,0,1,15,0,0,15,819,69,750,21,0,21,253,7,213,6,27,
3173051004,DKI JAKARTA,JAKARTA BARAT,KEBON JERUK,KELAPA DUA,268,9,24,0,235,0,0,0,0,0,5,0,0,5,608,97,511,22,0,22,158,5,124,2,27,
3175091003,DKI JAKARTA,JAKARTA TIMUR,CIRACAS,KELAPA DUA WETAN,558,9,46,1,502,1,0,0,0,1,7,0,0,7,1059,54,1005,36,0,36,203,11,169,2,21,
3172061003,DKI JAKARTA,JAKARTA UTARA,KELAPA GADING,KELAPA GADING BARAT,826,12,40,3,771,2,0,0,0,2,48,0,1,47,1221,64,1157,127,0,127,364,5,312,5,42,
3172061001,DKI JAKARTA,JAKARTA UTARA,KELAPA GADING,KELAPA GADING TIMUR,669,7,15,2,645,2,1,0,0,1,22,0,1,21,1212,46,1166,91,0,91,271,5,212,9,45,
3173071005,DKI JAKARTA,JAKARTA BARAT,PALMERAH,KEMANGGISAN,577,2,53,6,516,0,0,0,0,0,8,0,0,8,863,55,808,50,0,50,287,12,238,9,28,
3171031001,DKI JAKARTA,JAKARTA PUSAT,KEMAYORAN,KEMAYORAN,372,6,33,3,330,0,0,0,0,0,2,0,0,2,542,38,504,22,0,22,313,2,261,10,40,
3173081006,DKI JAKARTA,JAKARTA BARAT,KEMBANGAN,KEMBANGAN SELATAN,249,5,20,1,223,0,0,0,0,0,8,0,0,8,565,54,511,52,0,52,183,14,148,4,17,
3173081001,DKI JAKARTA,JAKARTA BARAT,KEMBANGAN,KEMBANGAN UTARA,578,12,90,3,473,4,0,0,1,3,3,0,0,3,1472,108,1364,10,0,10,280,9,213,6,52,
3171041002,DKI JAKARTA,JAKARTA PUSAT,SENEN,KENARI,202,5,12,1,184,1,0,0,0,1,4,0,0,4,484,33,451,46,0,46,171,1,158,3,9,
3173041005,DKI JAKARTA,JAKARTA BARAT,TAMBORA,KERENDANG,259,3,17,2,237,1,0,0,0,1,0,0,0,0,205,18,187,8,0,8,126,0,110,8,8,
3175071003,DKI JAKARTA,JAKARTA TIMUR,DUREN SAWIT,KLENDER,611,9,25,2,575,4,1,0,0,3,5,0,1,4,937,75,862,30,0,30,374,11,299,15,49,
3172031001,DKI JAKARTA,JAKARTA UTARA,KOJA,KOJA,290,3,9,0,278,0,0,0,0,0,4,0,0,4,415,12,403,40,0,40,295,2,216,7,70,
3173071006,DKI JAKARTA,JAKARTA BARAT,PALMERAH,KOTA BAMBU SELATAN,477,4,46,5,422,0,0,0,0,0,1,0,0,1,835,56,779,71,0,71,245,5,216,5,19,
3173071003,DKI JAKARTA,JAKARTA BARAT,PALMERAH,KOTA BAMBU UTARA,387,3,23,11,350,1,1,0,0,0,3,0,0,3,558,34,524,54,0,54,216,3,197,6,10,
3171041004,DKI JAKARTA,JAKARTA PUSAT,SENEN,KRAMAT,389,6,26,6,351,0,0,0,0,0,7,0,0,7,887,52,835,34,0,34,268,2,223,11,32,
3175041001,DKI JAKARTA,JAKARTA TIMUR,KRAMAT JATI,KRAMAT JATI,395,10,50,1,334,1,1,0,0,0,12,0,0,12,831,109,722,22,0,22,327,20,245,8,54,
3174071003,DKI JAKARTA,JAKARTA SELATAN,KEBAYORAN BARU,KRAMAT PELA,247,5,33,0,209,0,0,0,0,0,0,0,0,0,492,15,477,6,0,6,138,2,118,0,18,
3173031002,DKI JAKARTA,JAKARTA BARAT,TAMAN SARI,KRUKUT,265,7,22,6,230,1,0,0,0,1,3,0,0,3,424,32,392,12,0,12,166,4,148,4,10,
3174031005,DKI JAKARTA,JAKARTA SELATAN,MAMPANG PRAPATAN,KUNINGAN BARAT,119,3,7,1,108,0,0,0,0,0,0,0,0,0,460,24,436,5,0,5,115,6,91,0,18,
3174021008,DKI JAKARTA,JAKARTA SELATAN,SETIA BUDI,KUNINGAN TIMUR,116,0,4,1,111,1,0,0,0,1,20,0,0,20,184,33,151,1,0,1,96,1,68,2,25,
3171041005,DKI JAKARTA,JAKARTA PUSAT,SENEN,KWITANG,224,2,9,0,213,2,0,0,0,2,7,0,0,7,440,33,407,10,0,10,114,1,95,5,13,
3172031003,DKI JAKARTA,JAKARTA UTARA,KOJA,LAGOA,572,5,29,1,537,0,0,0,0,0,5,0,0,5,651,23,628,70,0,70,615,12,523,12,68,
3174061002,DKI JAKARTA,JAKARTA SELATAN,CILANDAK,LEBAK BULUS,384,3,40,2,339,3,0,0,0,3,27,0,0,27,961,65,896,22,0,22,428,4,391,9,24,
3174091004,DKI JAKARTA,JAKARTA SELATAN,JAGAKARSA,LENTENG AGUNG,592,7,33,0,552,3,0,0,0,3,6,0,0,6,636,67,569,14,0,14,213,5,163,2,43,
LUAR DKI JAKARTA,LUAR DKI JAKARTA,LUAR DKI JAKARTA,LUAR DKI JAKARTA,LUAR DKI JAKARTA,34250,728,3486,98,29938,78,10,0,0,68,625,0,6,619,54082,8943,45139,1883,0,1883,7464,318,6510,122,514,
3175101007,DKI JAKARTA,JAKARTA TIMUR,CIPAYUNG,LUBANG BUAYA,742,12,86,3,641,2,0,0,0,2,9,0,0,9,717,58,659,29,0,29,354,19,269,2,64,
3175081001,DKI JAKARTA,JAKARTA TIMUR,MAKASAR,MAKASAR,305,11,27,1,266,0,0,0,0,0,8,0,0,8,1066,111,955,23,0,23,248,13,205,1,29,
3175071006,DKI JAKARTA,JAKARTA TIMUR,DUREN SAWIT,MALAKA JAYA,325,11,13,2,299,1,0,0,0,1,2,0,0,2,552,40,512,16,0,16,214,7,177,1,29,
3175071005,DKI JAKARTA,JAKARTA TIMUR,DUREN SAWIT,MALAKA SARI,296,4,17,1,274,0,0,0,0,0,1,0,0,1,495,62,433,15,0,15,185,5,151,3,26,
3174031001,DKI JAKARTA,JAKARTA SELATAN,MAMPANG PRAPATAN,MAMPANG PRAPATAN,297,11,19,2,265,1,0,0,0,1,0,0,0,0,974,54,920,10,0,10,284,2,251,8,23,
3173031005,DKI JAKARTA,JAKARTA BARAT,TAMAN SARI,MANGGA BESAR,136,4,13,1,118,1,0,0,0,1,0,0,0,0,160,9,151,6,0,6,59,2,48,1,8,
3171021005,DKI JAKARTA,JAKARTA PUSAT,SAWAH BESAR,MANGGA DUA SELATAN,380,5,21,1,353,3,0,0,0,3,1,0,0,1,770,48,722,12,0,12,218,3,185,4,26,
3174011007,DKI JAKARTA,JAKARTA SELATAN,TEBET,MANGGARAI,396,7,45,0,344,4,0,0,0,4,4,0,0,4,502,33,469,23,0,23,194,3,163,1,27,
3174011006,DKI JAKARTA,JAKARTA SELATAN,TEBET,MANGGARAI SELATAN,268,10,37,2,219,0,0,0,0,0,6,0,0,6,454,30,424,21,0,21,116,5,88,2,21,
3173031003,DKI JAKARTA,JAKARTA BARAT,TAMAN SARI,MAPHAR,213,2,19,1,191,0,0,0,0,0,6,0,0,6,370,32,338,39,0,39,193,4,175,1,13,
3172041003,DKI JAKARTA,JAKARTA UTARA,CILINCING,MARUNDA,264,7,15,0,242,3,0,0,0,3,0,0,0,0,345,12,333,13,0,13,110,0,92,1,17,
3174071001,DKI JAKARTA,JAKARTA SELATAN,KEBAYORAN BARU,MELAWAI,61,0,8,0,53,0,0,0,0,0,1,0,0,1,74,6,68,0,0,0,16,1,13,1,1,
3171061001,DKI JAKARTA,JAKARTA PUSAT,MENTENG,MENTENG,401,3,41,2,355,2,0,0,0,2,4,0,0,4,708,41,667,27,0,27,263,6,231,10,16,
3174021005,DKI JAKARTA,JAKARTA SELATAN,SETIA BUDI,MENTENG ATAS,333,6,18,3,306,1,0,0,0,1,48,0,1,47,1276,102,1174,37,0,37,247,5,192,6,44,
3174011003,DKI JAKARTA,JAKARTA SELATAN,TEBET,MENTENG DALAM,561,6,51,4,500,4,1,0,0,3,13,0,0,13,692,25,667,39,0,39,205,8,169,7,21,
3173081003,DKI JAKARTA,JAKARTA BARAT,KEMBANGAN,MERUYA SELATAN,356,10,42,1,303,1,1,0,0,0,4,0,0,4,732,61,671,17,0,17,200,3,154,3,40,
3173081002,DKI JAKARTA,JAKARTA BARAT,KEMBANGAN,MERUYA UTARA,535,12,81,6,436,1,0,0,1,0,7,0,0,7,924,86,838,10,0,10,229,9,188,2,30,
3175101004,DKI JAKARTA,JAKARTA TIMUR,CIPAYUNG,MUNJUL,250,3,16,0,231,0,0,0,0,0,3,0,0,3,330,40,290,24,0,24,96,6,84,1,5,
3172051002,DKI JAKARTA,JAKARTA UTARA,PADEMANGAN,PADEMANGAN BARAT,1760,6,87,5,1662,5,0,0,0,5,15,0,1,14,2392,82,2310,35,0,35,685,5,616,22,42,
3172051001,DKI JAKARTA,JAKARTA UTARA,PADEMANGAN,PADEMANGAN TIMUR,581,5,41,3,532,2,0,0,0,2,13,0,0,13,848,44,804,17,0,17,262,5,198,4,55,
3175011004,DKI JAKARTA,JAKARTA TIMUR,MATRAMAN,PAL MERIAM,242,5,10,2,225,2,0,0,0,2,3,0,0,3,617,39,578,58,0,58,201,4,162,6,29,
3173071001,DKI JAKARTA,JAKARTA BARAT,PALMERAH,PALMERAH,1164,10,180,2,972,0,0,0,0,0,2,0,0,2,1795,189,1606,78,0,78,480,26,390,21,43,
3174081001,DKI JAKARTA,JAKARTA SELATAN,PANCORAN,PANCORAN,371,6,41,0,324,1,0,0,0,1,9,0,0,9,564,22,542,6,0,6,235,8,200,4,23,
3172021003,DKI JAKARTA,JAKARTA UTARA,TANJUNG PRIOK,PAPANGGO,424,6,44,0,374,1,0,0,0,1,7,0,0,7,801,71,730,57,0,57,271,3,217,2,49,
3171021001,DKI JAKARTA,JAKARTA PUSAT,SAWAH BESAR,PASAR BARU,228,3,11,2,212,2,0,0,0,2,8,0,0,8,455,22,433,11,0,11,159,4,144,1,10,
3174021006,DKI JAKARTA,JAKARTA SELATAN,SETIA BUDI,PASAR MANGGIS,227,3,12,3,209,4,1,0,0,3,28,0,0,28,920,57,863,17,0,17,207,5,170,8,24,
3174041001,DKI JAKARTA,JAKARTA SELATAN,PASAR MINGGU,PASAR MINGGU,398,5,39,1,353,3,1,0,0,2,6,0,0,6,569,89,480,20,0,20,218,4,184,6,24,
3171041003,DKI JAKARTA,JAKARTA PUSAT,SENEN,PASEBAN,511,7,33,1,470,2,0,0,0,2,16,0,0,16,928,89,839,61,0,61,282,5,246,9,22,
3173061005,DKI JAKARTA,JAKARTA BARAT,KALI DERES,PEGADUNGAN,685,8,63,7,607,0,0,0,0,0,10,0,0,10,1448,145,1303,18,0,18,255,12,207,6,30,
3171061002,DKI JAKARTA,JAKARTA PUSAT,MENTENG,PEGANGSAAN,359,4,17,2,336,1,0,0,0,1,2,0,0,2,848,20,828,51,0,51,353,6,332,4,11,
3172061002,DKI JAKARTA,JAKARTA UTARA,KELAPA GADING,PEGANGSAAN DUA,776,11,33,1,731,1,0,0,0,1,41,0,0,41,1590,77,1513,155,0,155,413,15,321,9,68,
3172011004,DKI JAKARTA,JAKARTA UTARA,PENJARINGAN,PEJAGALAN,565,7,92,2,464,3,0,0,0,3,8,0,0,8,924,91,833,31,0,31,280,3,215,5,57,
3174041006,DKI JAKARTA,JAKARTA SELATAN,PASAR MINGGU,PEJATEN BARAT,442,12,31,2,397,8,0,0,0,8,2,0,0,2,669,49,620,74,0,74,221,7,181,2,31,
3174041005,DKI JAKARTA,JAKARTA SELATAN,PASAR MINGGU,PEJATEN TIMUR,474,11,34,1,428,4,0,0,0,4,3,0,0,3,613,54,559,40,0,40,215,13,169,11,22,
3175051005,DKI JAKARTA,JAKARTA TIMUR,PASAR REBO,PEKAYON,813,5,76,1,731,1,0,0,0,1,3,0,0,3,321,24,297,12,0,12,192,4,161,2,25,
3173041009,DKI JAKARTA,JAKARTA BARAT,TAMBORA,PEKOJAN,292,6,24,2,260,0,0,0,0,0,2,0,0,2,251,16,235,18,0,18,125,2,100,3,20,
3174031003,DKI JAKARTA,JAKARTA SELATAN,MAMPANG PRAPATAN,PELA MAMPANG,369,7,32,2,328,4,0,0,0,4,15,0,0,15,1418,109,1309,6,0,6,298,12,235,5,46,
3174081005,DKI JAKARTA,JAKARTA SELATAN,PANCORAN,PENGADEGAN,200,2,22,2,174,0,0,0,0,0,8,0,0,8,383,24,359,10,0,10,105,6,86,1,12,
3175061003,DKI JAKARTA,JAKARTA TIMUR,CAKUNG,PENGGILINGAN,609,12,69,1,527,2,0,0,0,2,8,0,0,8,1607,206,1401,77,0,77,536,9,437,11,79,
3172011001,DKI JAKARTA,JAKARTA UTARA,PENJARINGAN,PENJARINGAN,1099,33,132,4,930,2,0,0,0,2,23,0,0,23,2877,122,2755,120,0,120,614,8,492,16,98,
3174101001,DKI JAKARTA,JAKARTA SELATAN,PESANGGRAHAN,PESANGGRAHAN,411,7,18,4,382,2,0,0,1,1,0,0,0,0,846,92,754,19,0,19,156,4,119,3,30,
3171071004,DKI JAKARTA,JAKARTA PUSAT,TANAH ABANG,PETAMBURAN,556,4,14,7,531,0,0,0,0,0,7,0,0,7,849,89,760,9,0,9,422,10,387,12,13,
3174071008,DKI JAKARTA,JAKARTA SELATAN,KEBAYORAN BARU,PETOGOGAN,192,2,62,0,128,0,0,0,0,0,3,0,0,3,254,23,231,1,0,1,66,0,56,0,10,
3171011004,DKI JAKARTA,JAKARTA PUSAT,GAMBIR,PETOJO SELATAN,225,2,10,1,212,0,0,0,0,0,28,0,0,28,731,41,690,15,0,15,265,5,229,8,23,
3171011003,DKI JAKARTA,JAKARTA PUSAT,GAMBIR,PETOJO UTARA,194,0,11,3,180,1,0,0,0,1,11,0,0,11,377,32,345,25,0,25,147,2,126,3,16,
3174101004,DKI JAKARTA,JAKARTA SELATAN,PESANGGRAHAN,PETUKANGAN SELATAN,412,6,16,2,388,0,0,0,0,0,2,0,0,2,827,57,770,8,0,8,179,8,124,4,43,
3174101003,DKI JAKARTA,JAKARTA SELATAN,PESANGGRAHAN,PETUKANGAN UTARA,513,8,33,4,468,2,0,0,0,2,5,0,0,5,1598,110,1488,9,0,9,299,6,224,2,67,
3175081002,DKI JAKARTA,JAKARTA TIMUR,MAKASAR,PINANG RANTI,233,6,22,1,204,0,0,0,0,0,0,0,0,0,667,83,584,28,0,28,156,9,110,5,32,
3173031008,DKI JAKARTA,JAKARTA BARAT,TAMAN SARI,PINANGSIA,136,2,13,1,120,0,0,0,0,0,2,0,0,2,230,21,209,3,0,3,100,13,82,0,5,
3175011001,DKI JAKARTA,JAKARTA TIMUR,MATRAMAN,PISANGAN BARU,341,8,13,3,317,1,0,0,0,1,3,0,0,3,452,39,413,34,0,34,177,3,148,7,19,
3175021002,DKI JAKARTA,JAKARTA TIMUR,PULO GADUNG,PISANGAN TIMUR,329,4,28,4,293,1,0,0,0,1,10,0,0,10,728,103,625,30,0,30,210,8,165,5,32,
3172011005,DKI JAKARTA,JAKARTA UTARA,PENJARINGAN,PLUIT,399,3,63,4,329,0,0,0,0,0,12,0,0,12,1230,84,1146,17,0,17,224,4,177,9,34,
3175071002,DKI JAKARTA,JAKARTA TIMUR,DUREN SAWIT,PONDOK BAMBU,944,6,37,1,900,5,0,0,0,5,3,0,0,3,1011,87,924,31,0,31,389,9,321,7,52,
3175071004,DKI JAKARTA,JAKARTA TIMUR,DUREN SAWIT,PONDOK KELAPA,661,7,37,0,617,0,0,0,0,0,11,0,0,11,1100,78,1022,22,0,22,367,12,301,10,44,
3175071007,DKI JAKARTA,JAKARTA TIMUR,DUREN SAWIT,PONDOK KOPI,430,1,45,1,383,0,0,0,0,0,2,0,0,2,458,25,433,13,0,13,249,13,195,10,31,
3174061003,DKI JAKARTA,JAKARTA SELATAN,CILANDAK,PONDOK LABU,484,27,74,1,382,6,0,0,0,6,73,0,0,73,1039,93,946,37,0,37,196,4,152,1,39,
3174051002,DKI JAKARTA,JAKARTA SELATAN,KEBAYORAN LAMA,PONDOK PINANG,546,3,45,4,494,0,0,0,0,0,44,0,0,44,810,44,766,11,0,11,278,5,230,9,34,
3175101003,DKI JAKARTA,JAKARTA TIMUR,CIPAYUNG,PONDOK RANGGON,276,4,27,3,242,0,0,0,0,0,3,0,0,3,372,51,321,21,0,21,156,4,136,1,15,
PROSES UPDATE DATA,PROSES UPDATE DATA,PROSES UPDATE DATA,PROSES UPDATE DATA,PROSES UPDATE DATA,13431,100,493,1696,11142,3068,0,0,3066,2,105,0,0,105,14316,2140,12176,68,1,67,22865,660,19126,451,2628,
3101011003,DKI JAKARTA,KAB.ADM.KEP.SERIBU,KEP. SERIBU UTARA,PULAU HARAPAN,63,0,2,0,61,0,0,0,0,0,0,0,0,0,70,7,63,0,0,0,6,0,4,0,2,
3101011002,DKI JAKARTA,KAB.ADM.KEP.SERIBU,KEP. SERIBU UTARA,PULAU KELAPA,67,0,7,1,59,0,0,0,0,0,3,0,0,3,178,24,154,1,0,1,8,0,7,0,1,
3101011001,DKI JAKARTA,KAB.ADM.KEP.SERIBU,KEP. SERIBU UTARA,PULAU PANGGANG,145,0,42,1,102,0,0,0,0,0,0,0,0,0,174,8,166,4,0,4,26,0,21,0,5,
3101021003,DKI JAKARTA,KAB.ADM.KEP.SERIBU,KEP. SERIBU SELATAN,PULAU PARI,10,0,3,0,7,0,0,0,0,0,0,0,0,0,173,0,173,1,0,1,5,0,4,0,1,
3101021002,DKI JAKARTA,KAB.ADM.KEP.SERIBU,KEP. SERIBU SELATAN,PULAU TIDUNG,38,0,2,0,36,1,0,0,1,0,0,0,0,0,374,6,368,1,0,1,37,0,36,0,1,
3101021001,DKI JAKARTA,KAB.ADM.KEP.SERIBU,KEP. SERIBU SELATAN,PULAU UNTUNG JAWA,25,0,0,0,25,0,0,0,0,0,0,0,0,0,109,5,104,0,0,0,5,1,4,0,0,
3174071007,DKI JAKARTA,JAKARTA SELATAN,KEBAYORAN BARU,PULO,285,5,23,1,256,1,0,0,0,1,1,0,0,1,214,15,199,0,0,0,55,0,49,0,6,
3175021001,DKI JAKARTA,JAKARTA TIMUR,PULO GADUNG,PULO GADUNG,378,7,23,2,346,0,0,0,0,0,11,0,0,11,859,92,767,33,0,33,254,10,201,5,38,
3175061005,DKI JAKARTA,JAKARTA TIMUR,CAKUNG,PULO GEBANG,538,8,61,2,467,1,0,0,0,1,9,0,1,8,1315,134,1181,62,0,62,371,5,293,8,65,
3174041004,DKI JAKARTA,JAKARTA SELATAN,PASAR MINGGU,RAGUNAN,682,22,152,2,506,1,0,0,0,1,2,0,0,2,679,51,628,25,0,25,196,11,147,5,33,
3175091005,DKI JAKARTA,JAKARTA TIMUR,CIRACAS,RAMBUTAN,420,4,22,1,393,2,0,0,0,2,12,0,0,12,687,30,657,29,0,29,168,18,130,1,19,
3172031006,DKI JAKARTA,JAKARTA UTARA,KOJA,RAWA BADAK SELATAN,453,6,9,2,436,2,0,0,0,2,2,0,0,2,535,12,523,49,0,49,294,3,278,4,9,
3172031004,DKI JAKARTA,JAKARTA UTARA,KOJA,RAWA BADAK UTARA,417,6,18,1,392,0,0,0,0,0,2,0,0,2,483,21,462,78,0,78,232,3,220,4,5,
3174071005,DKI JAKARTA,JAKARTA SELATAN,KEBAYORAN BARU,RAWA BARAT,93,2,9,2,80,0,0,0,0,0,2,0,0,2,157,17,140,0,0,0,32,0,20,1,11,
3173011003,DKI JAKARTA,JAKARTA BARAT,CENGKARENG,RAWA BUAYA,349,6,38,2,303,1,1,0,0,0,4,0,0,4,748,86,662,6,0,6,276,4,229,10,33,
3175031004,DKI JAKARTA,JAKARTA TIMUR,JATINEGARA,RAWA BUNGA,149,3,10,1,135,0,0,0,0,0,1,0,0,1,224,33,191,14,0,14,125,1,98,2,24,
3174081003,DKI JAKARTA,JAKARTA SELATAN,PANCORAN,RAWA JATI,274,0,18,0,256,2,0,0,0,2,11,0,0,11,465,30,435,7,0,7,95,4,76,0,15,
3175061002,DKI JAKARTA,JAKARTA TIMUR,CAKUNG,RAWA TERATE,130,2,14,0,114,0,0,0,0,0,2,0,0,2,355,43,312,6,0,6,159,2,112,1,44,
3175021005,DKI JAKARTA,JAKARTA TIMUR,PULO GADUNG,RAWAMANGUN,327,8,15,0,304,1,0,0,0,1,7,0,0,7,836,93,743,30,0,30,276,6,212,8,50,
3171051003,DKI JAKARTA,JAKARTA PUSAT,CEMPAKA PUTIH,RAWASARI,675,7,21,2,645,3,0,0,1,2,8,0,0,8,1245,72,1173,32,0,32,413,6,376,5,26,
3173041010,DKI JAKARTA,JAKARTA BARAT,TAMBORA,ROA MALAKA,36,0,4,0,32,1,0,0,0,1,0,0,0,0,44,2,42,1,0,1,14,0,14,0,0,
3172041006,DKI JAKARTA,JAKARTA UTARA,CILINCING,ROROTAN,372,7,44,2,319,0,0,0,0,0,4,0,0,4,613,48,565,73,0,73,161,2,132,2,25,
3174071004,DKI JAKARTA,JAKARTA SELATAN,KEBAYORAN BARU,SELONG,75,0,15,0,60,0,0,0,0,0,3,0,0,3,113,2,111,3,0,3,25,0,20,1,4,
3173061002,DKI JAKARTA,JAKARTA BARAT,KALI DERES,SEMANAN,503,11,75,3,414,1,1,0,0,0,3,0,0,3,1020,106,914,7,0,7,176,7,134,2,33,
3172041007,DKI JAKARTA,JAKARTA UTARA,CILINCING,SEMPER BARAT,728,13,105,1,609,3,0,0,0,3,12,0,0,12,1116,58,1058,101,0,101,436,5,354,7,70,
3172041005,DKI JAKARTA,JAKARTA UTARA,CILINCING,SEMPER TIMUR,410,8,39,1,362,1,0,0,0,1,4,0,0,4,660,25,635,47,0,47,216,3,180,4,29,
3174071006,DKI JAKARTA,JAKARTA SELATAN,KEBAYORAN BARU,SENAYAN,248,1,41,0,206,0,0,0,0,0,10,0,0,10,324,11,313,0,0,0,118,2,74,0,42,
3171041001,DKI JAKARTA,JAKARTA PUSAT,SENEN,SENEN,187,4,12,0,171,1,0,0,0,1,7,0,0,7,663,17,646,26,0,26,153,0,142,3,8,
3171031004,DKI JAKARTA,JAKARTA PUSAT,KEMAYORAN,SERDANG,418,6,23,2,387,0,0,0,0,0,5,0,0,5,691,80,611,30,0,30,247,1,210,6,30,
3174021001,DKI JAKARTA,JAKARTA SELATAN,SETIA BUDI,SETIA BUDI,88,1,8,0,79,0,0,0,0,0,4,0,0,4,328,23,305,6,0,6,29,2,26,0,1,
3175101005,DKI JAKARTA,JAKARTA TIMUR,CIPAYUNG,SETU,253,3,14,0,236,1,0,0,0,1,2,0,0,2,389,38,351,14,0,14,107,1,90,1,15,
3173071002,DKI JAKARTA,JAKARTA BARAT,PALMERAH,SLIPI,519,3,34,2,480,0,0,0,0,0,2,0,0,2,961,97,864,40,0,40,288,13,243,3,29,
3173081004,DKI JAKARTA,JAKARTA BARAT,KEMBANGAN,SRENGSENG,514,4,71,3,436,1,0,0,0,1,6,0,0,6,1179,116,1063,24,0,24,282,9,225,4,44,
3174091002,DKI JAKARTA,JAKARTA SELATAN,JAGAKARSA,SRENGSENG SAWAH,695,14,44,0,637,8,0,0,0,8,11,0,0,11,850,108,742,26,0,26,214,2,181,7,24,
3173051003,DKI JAKARTA,JAKARTA BARAT,KEBON JERUK,SUKABUMI SELATAN,283,8,26,4,245,1,0,0,0,1,1,0,0,1,647,55,592,24,0,24,186,7,147,5,27,
3173051002,DKI JAKARTA,JAKARTA BARAT,KEBON JERUK,SUKABUMI UTARA,307,6,36,3,262,0,0,0,0,0,19,0,0,19,698,79,619,45,0,45,209,7,165,7,30,
3172041002,DKI JAKARTA,JAKARTA UTARA,CILINCING,SUKAPURA,576,9,49,2,516,0,0,0,0,0,6,0,0,6,865,25,840,93,0,93,315,12,288,6,9,
3171031007,DKI JAKARTA,JAKARTA PUSAT,KEMAYORAN,SUMUR BATU,395,5,30,1,359,1,0,0,0,1,5,0,0,5,529,50,479,29,0,29,217,4,174,3,36,
3172021004,DKI JAKARTA,JAKARTA UTARA,TANJUNG PRIOK,SUNGAI BAMBU,337,6,45,0,286,0,0,0,0,0,7,0,1,6,605,54,551,34,0,34,184,2,127,5,50,
3172021006,DKI JAKARTA,JAKARTA UTARA,TANJUNG PRIOK,SUNTER AGUNG,906,5,71,1,829,3,0,0,0,3,21,0,0,21,1867,132,1735,76,0,76,548,21,472,16,39,
3172021002,DKI JAKARTA,JAKARTA UTARA,TANJUNG PRIOK,SUNTER JAYA,825,14,74,6,731,1,1,0,0,0,10,0,1,9,1553,144,1409,166,0,166,519,13,437,18,51,
3175091004,DKI JAKARTA,JAKARTA TIMUR,CIRACAS,SUSUKAN,472,6,66,1,399,0,0,0,0,0,17,0,0,17,1229,34,1195,69,0,69,162,5,119,6,32,
3173031001,DKI JAKARTA,JAKARTA BARAT,TAMAN SARI,TAMAN SARI,267,3,12,0,252,2,0,0,0,2,1,0,0,1,382,33,349,16,0,16,171,9,148,4,10,
3173041001,DKI JAKARTA,JAKARTA BARAT,TAMBORA,TAMBORA,192,2,11,3,176,0,0,0,0,0,1,0,0,1,282,14,268,3,0,3,85,2,67,3,13,
3173041004,DKI JAKARTA,JAKARTA BARAT,TAMBORA,TANAH SEREAL,280,5,9,2,264,1,0,0,0,1,4,0,0,4,252,12,240,5,0,5,155,2,134,7,12,
3171081004,DKI JAKARTA,JAKARTA PUSAT,JOHAR BARU,TANAH TINGGI,446,10,34,3,399,3,0,0,0,3,3,0,0,3,977,74,903,35,0,35,375,5,334,16,20,
3173031004,DKI JAKARTA,JAKARTA BARAT,TAMAN SARI,TANGKI,235,4,13,1,217,1,0,0,0,1,3,0,0,3,285,17,268,2,0,2,108,6,89,1,12,
3174091005,DKI JAKARTA,JAKARTA SELATAN,JAGAKARSA,TANJUNG BARAT,549,19,50,1,479,1,0,0,0,1,2,0,0,2,524,58,466,11,0,11,235,8,181,5,41,
3173021005,DKI JAKARTA,JAKARTA BARAT,GROGOL PETAMBURAN,TANJUNG DUREN SELATAN,397,9,38,1,349,0,0,0,0,0,19,0,0,19,635,70,565,19,0,19,263,5,226,8,24,
3173021002,DKI JAKARTA,JAKARTA BARAT,GROGOL PETAMBURAN,TANJUNG DUREN UTARA,259,1,16,0,242,2,1,0,0,1,20,0,0,20,501,50,451,18,0,18,136,5,110,7,14,
3172021001,DKI JAKARTA,JAKARTA UTARA,TANJUNG PRIOK,TANJUNG PRIOK,482,8,40,6,428,0,0,0,0,0,10,0,0,10,726,64,662,66,0,66,334,3,295,9,27,
3174011002,DKI JAKARTA,JAKARTA SELATAN,TEBET,TEBET BARAT,442,8,37,0,397,2,1,0,0,1,8,0,0,8,606,39,567,23,0,23,286,1,254,7,24,
3174011001,DKI JAKARTA,JAKARTA SELATAN,TEBET,TEBET TIMUR,363,2,31,2,328,0,0,0,0,0,6,0,0,6,519,39,480,33,0,33,179,6,145,4,24,
3173061003,DKI JAKARTA,JAKARTA BARAT,KALI DERES,TEGAL ALUR,652,7,57,6,582,0,0,0,0,0,7,0,0,7,1174,91,1083,11,0,11,192,6,150,3,33,
3174031004,DKI JAKARTA,JAKARTA SELATAN,MAMPANG PRAPATAN,TEGAL PARANG,308,5,13,3,287,5,0,0,1,4,4,0,0,4,939,80,859,12,0,12,276,5,231,5,35,
3173021003,DKI JAKARTA,JAKARTA BARAT,GROGOL PETAMBURAN,TOMANG,427,11,50,2,364,0,0,0,0,0,15,0,1,14,678,58,620,76,0,76,262,5,222,8,27,
3172031005,DKI JAKARTA,JAKARTA UTARA,KOJA,TUGU SELATAN,386,12,8,1,365,0,0,0,0,0,2,0,0,2,427,15,412,70,0,70,248,3,180,7,58,
3172031002,DKI JAKARTA,JAKARTA UTARA,KOJA,TUGU UTARA,818,23,28,0,767,3,0,0,0,3,7,0,0,7,802,29,773,86,0,86,394,10,314,11,59,
3175061006,DKI JAKARTA,JAKARTA TIMUR,CAKUNG,UJUNG MENTENG,154,2,16,2,134,1,0,0,0,1,0,0,0,0,432,38,394,18,0,18,121,2,99,3,17,
3174101005,DKI JAKARTA,JAKARTA SELATAN,PESANGGRAHAN,ULUJAMI,524,8,25,2,489,0,0,0,0,0,0,0,0,0,1142,100,1042,26,0,26,222,7,173,5,37,
3175011006,DKI JAKARTA,JAKARTA TIMUR,MATRAMAN,UTAN KAYU SELATAN,473,12,17,8,436,2,0,0,0,2,6,0,0,6,787,42,745,89,0,89,255,6,210,8,31,
3175011002,DKI JAKARTA,JAKARTA TIMUR,MATRAMAN,UTAN KAYU UTARA,386,8,25,0,353,2,0,0,0,2,3,0,0,3,629,41,588,45,0,45,198,4,160,11,23,
3171031008,DKI JAKARTA,JAKARTA PUSAT,KEMAYORAN,UTAN PANJANG,370,6,30,2,332,0,0,0,0,0,4,0,1,3,524,96,428,27,0,27,260,4,200,8,48,
3172021007,DKI JAKARTA,JAKARTA UTARA,TANJUNG PRIOK,WARAKAS,469,4,71,2,392,0,0,0,0,0,10,0,0,10,840,51,789,52,0,52,257,5,214,6,32,
3173021007,DKI JAKARTA,JAKARTA BARAT,GROGOL PETAMBURAN,WIJAYA KUSUMA,364,2,51,2,309,1,0,0,0,1,7,0,0,7,793,81,712,23,0,23,250,13,184,6,47,
