id_kel,nama_provinsi,nama_kota,nama_kecamatan,nama_kelurahan,suspek,perawatan_rs,isolasi_di_rumah,suspek_meninggal,selesai_isolasi,probable,perawatan_rs,isolasi_di_rumah,probable_meninggal,selesai_isolasi,pelaku_perjalanan,perawatan_rs,isolasi_di_rumah,selesai_isolasi,kontak_erat,isolasi_di_rumah,selesai_isolasi,discarded,meninggal,selesai_isolasi,positif,dirawat,sembuh,meninggal,self_isolation,keterangan
3172051003,DKI JAKARTA,JAKARTA UTARA,PADEMANGAN,ANCOL,418,2,41,0,375,4,0,0,0,4,10,0,1,9,578,24,554,7,0,7,260,3,201,3,53,
3173041007,DKI JAKARTA,JAKARTA BARAT,TAMBORA,ANGKE,372,3,30,2,337,1,0,0,1,0,0,0,0,0,453,12,441,25,0,25,149,11,116,3,19,
3175041005,DKI JAKARTA,JAKARTA TIMUR,KRAMAT JATI,BALE KAMBANG,246,3,28,1,214,1,0,0,0,1,5,0,0,5,459,43,416,23,0,23,138,8,111,3,16,
3175031003,DKI JAKARTA,JAKARTA TIMUR,JATINEGARA,BALI MESTER,88,1,4,1,82,0,0,0,0,0,0,0,0,0,110,17,93,4,0,4,35,0,24,1,10,
3175101006,DKI JAKARTA,JAKARTA TIMUR,CIPAYUNG,BAMBU APUS,331,12,27,1,291,0,0,0,0,0,4,0,0,4,528,61,467,17,0,17,133,3,108,2,20,
3174031002,DKI JAKARTA,JAKARTA SELATAN,MAMPANG PRAPATAN,BANGKA,228,6,27,2,193,5,1,0,1,3,18,0,0,18,624,65,559,8,0,8,149,4,111,2,32,
3175051002,DKI JAKARTA,JAKARTA TIMUR,PASAR REBO,BARU,318,3,58,1,256,0,0,0,0,0,5,0,0,5,367,36,331,17,0,17,153,6,106,0,41,
3175041004,DKI JAKARTA,JAKARTA TIMUR,KRAMAT JATI,BATU AMPAR,397,1,45,1,350,2,0,0,0,2,3,0,1,2,830,92,738,25,0,25,182,14,142,4,22,
3171071002,DKI JAKARTA,JAKARTA PUSAT,TANAH ABANG,BENDUNGAN HILIR,362,2,14,0,346,2,2,0,0,0,4,0,0,4,650,82,568,10,0,10,210,23,160,3,24,
3175031002,DKI JAKARTA,JAKARTA TIMUR,JATINEGARA,BIDARA CINA,328,8,50,3,267,0,0,0,0,0,7,0,0,7,386,58,328,32,0,32,234,7,198,9,20,
3174101002,DKI JAKARTA,JAKARTA SELATAN,PESANGGRAHAN,BINTARO,622,12,46,2,562,4,0,0,0,4,9,0,0,9,1318,154,1164,24,0,24,265,18,203,8,36,
3174011005,DKI JAKARTA,JAKARTA SELATAN,TEBET,BUKIT DURI,349,5,56,3,285,2,0,0,0,2,13,0,0,13,516,61,455,13,0,13,193,9,133,7,44,
3171041006,DKI JAKARTA,JAKARTA PUSAT,SENEN,BUNGUR,203,1,15,2,185,1,0,0,0,1,13,0,0,13,486,35,451,12,0,12,160,6,140,2,12,
3175061007,DKI JAKARTA,JAKARTA TIMUR,CAKUNG,CAKUNG BARAT,282,10,31,1,240,1,0,0,0,1,0,0,0,0,624,61,563,41,0,41,223,5,180,4,34,
3175061004,DKI JAKARTA,JAKARTA TIMUR,CAKUNG,CAKUNG TIMUR,347,17,36,2,292,2,0,0,1,1,5,0,0,5,721,115,606,36,0,36,234,10,185,3,36,
3175041007,DKI JAKARTA,JAKARTA TIMUR,KRAMAT JATI,CAWANG,271,9,29,0,233,1,0,0,0,1,5,0,0,5,689,154,535,15,0,15,220,15,153,4,48,
3175101008,DKI JAKARTA,JAKARTA TIMUR,CIPAYUNG,CEGER,212,11,16,0,185,0,0,0,0,0,1,0,0,1,346,66,280,9,0,9,96,3,75,3,15,
3171031006,DKI JAKARTA,JAKARTA PUSAT,KEMAYORAN,CEMPAKA BARU,579,8,74,2,495,1,0,0,0,1,7,0,0,7,884,159,725,33,0,33,364,13,263,15,73,
3171051002,DKI JAKARTA,JAKARTA PUSAT,CEMPAKA PUTIH,CEMPAKA PUTIH BARAT,818,14,31,2,771,3,1,0,0,2,16,0,1,15,1801,138,1663,49,0,49,626,25,529,11,61,
3171051001,DKI JAKARTA,JAKARTA PUSAT,CEMPAKA PUTIH,CEMPAKA PUTIH TIMUR,556,7,23,1,525,1,1,0,0,0,11,0,0,11,1278,76,1202,54,0,54,337,16,284,5,32,
3173011001,DKI JAKARTA,JAKARTA BARAT,CENGKARENG,CENGKARENG BARAT,557,11,98,1,447,0,0,0,0,0,6,0,0,6,1132,93,1039,12,0,12,323,9,256,5,53,
3173011006,DKI JAKARTA,JAKARTA BARAT,CENGKARENG,CENGKARENG TIMUR,743,14,91,7,631,1,0,0,0,1,4,0,0,4,1516,177,1339,17,0,17,525,9,431,13,72,
3175091002,DKI JAKARTA,JAKARTA TIMUR,CIRACAS,CIBUBUR,772,6,108,4,654,1,0,0,0,1,30,0,0,30,1718,77,1641,88,0,88,274,10,219,6,39,
3171011002,DKI JAKARTA,JAKARTA PUSAT,GAMBIR,CIDENG,260,4,14,2,240,0,0,0,0,0,10,0,1,9,545,63,482,13,0,13,179,3,149,7,20,
3174091003,DKI JAKARTA,JAKARTA SELATAN,JAGAKARSA,CIGANJUR,591,9,41,1,540,2,0,0,0,2,12,0,0,12,578,108,470,14,0,14,156,0,130,4,22,
3175051003,DKI JAKARTA,JAKARTA TIMUR,PASAR REBO,CIJANTUNG,659,10,89,3,557,0,0,0,0,0,2,0,0,2,481,39,442,9,0,9,238,8,174,7,49,
3171061003,DKI JAKARTA,JAKARTA PUSAT,MENTENG,CIKINI,139,3,12,0,124,0,0,0,0,0,1,0,0,1,189,12,177,11,0,11,51,1,37,3,10,
3174081006,DKI JAKARTA,JAKARTA SELATAN,PANCORAN,CIKOKO,167,3,15,0,149,1,0,0,0,1,10,0,0,10,262,22,240,0,0,0,57,2,48,1,6,
3174061001,DKI JAKARTA,JAKARTA SELATAN,CILANDAK,CILANDAK BARAT,830,16,133,5,676,1,0,0,0,1,97,0,0,97,1312,199,1113,38,0,38,280,13,229,7,31,
3174041003,DKI JAKARTA,JAKARTA SELATAN,PASAR MINGGU,CILANDAK TIMUR,420,8,65,1,346,4,0,0,0,4,17,0,0,17,386,37,349,86,0,86,229,4,201,7,17,
3175101002,DKI JAKARTA,JAKARTA TIMUR,CIPAYUNG,CILANGKAP,296,6,34,1,255,1,0,0,0,1,2,0,0,2,538,74,464,20,0,20,155,9,115,0,31,
3175041006,DKI JAKARTA,JAKARTA TIMUR,KRAMAT JATI,CILILITAN,278,4,30,1,243,0,0,0,0,0,6,0,0,6,707,93,614,46,0,46,222,8,176,4,34,
3172041001,DKI JAKARTA,JAKARTA UTARA,CILINCING,CILINCING,515,21,58,1,435,0,0,0,0,0,6,0,0,6,1095,51,1044,81,0,81,345,12,300,8,25,
3175101001,DKI JAKARTA,JAKARTA TIMUR,CIPAYUNG,CIPAYUNG,434,9,38,2,385,3,0,0,1,2,7,0,0,7,551,81,470,24,0,24,181,7,154,2,18,
3174091006,DKI JAKARTA,JAKARTA SELATAN,JAGAKARSA,CIPEDAK,505,10,28,0,467,2,0,0,0,2,1,0,0,1,675,86,589,6,0,6,228,5,125,3,95,
3174061005,DKI JAKARTA,JAKARTA SELATAN,CILANDAK,CIPETE SELATAN,240,2,28,1,209,2,0,0,0,2,45,0,0,45,439,79,360,6,0,6,101,6,71,7,17,
3174071010,DKI JAKARTA,JAKARTA SELATAN,KEBAYORAN BARU,CIPETE UTARA,489,6,70,3,410,0,0,0,0,0,9,0,0,9,482,73,409,5,0,5,125,8,92,3,22,
3175021003,DKI JAKARTA,JAKARTA TIMUR,PULO GADUNG,CIPINANG,271,9,23,2,237,1,0,0,0,1,3,0,0,3,814,96,718,37,0,37,284,5,236,9,34,
3175031007,DKI JAKARTA,JAKARTA TIMUR,JATINEGARA,CIPINANG BESAR SELATAN,217,10,10,2,195,2,0,0,0,2,1,0,0,1,424,57,367,16,0,16,153,5,126,2,20,
3175031008,DKI JAKARTA,JAKARTA TIMUR,JATINEGARA,CIPINANG BESAR UTARA,356,8,34,0,314,1,0,0,0,1,3,0,0,3,596,101,495,17,0,17,263,8,220,5,30,
3175031005,DKI JAKARTA,JAKARTA TIMUR,JATINEGARA,CIPINANG CEMPEDAK,227,5,17,2,203,0,0,0,0,0,3,0,0,3,403,60,343,17,0,17,150,7,111,3,29,
3175081005,DKI JAKARTA,JAKARTA TIMUR,MAKASAR,CIPINANG MELAYU,326,7,36,2,281,3,1,0,0,2,3,0,0,3,655,60,595,20,0,20,237,10,192,5,30,
3175031006,DKI JAKARTA,JAKARTA TIMUR,JATINEGARA,CIPINANG MUARA,381,11,43,1,326,5,0,0,0,5,8,0,0,8,775,112,663,25,0,25,279,18,220,4,37,
3174051003,DKI JAKARTA,JAKARTA SELATAN,KEBAYORAN LAMA,CIPULIR,280,4,24,4,248,6,0,0,0,6,6,0,0,6,497,33,464,8,0,8,184,5,153,4,22,
3175091001,DKI JAKARTA,JAKARTA TIMUR,CIRACAS,CIRACAS,794,18,105,9,662,3,0,0,0,3,23,0,0,23,1448,88,1360,44,0,44,381,12,305,10,54,
3175041003,DKI JAKARTA,JAKARTA TIMUR,KRAMAT JATI,DUKUH,236,7,35,1,193,0,0,0,0,0,1,0,0,1,591,100,491,13,0,13,137,4,99,2,32,
3175071001,DKI JAKARTA,JAKARTA TIMUR,DUREN SAWIT,DUREN SAWIT,799,12,43,3,741,17,2,0,0,15,2,0,0,2,963,103,860,29,0,29,483,6,413,12,52,
3174081004,DKI JAKARTA,JAKARTA SELATAN,PANCORAN,DUREN TIGA,365,5,40,0,320,2,0,0,0,2,6,0,2,4,552,61,491,3,0,3,154,4,125,0,25,
3173051005,DKI JAKARTA,JAKARTA BARAT,KEBON JERUK,DURI KEPA,441,6,40,2,393,3,0,0,0,3,12,0,0,12,1152,94,1058,71,0,71,356,8,281,9,58,
3173011002,DKI JAKARTA,JAKARTA BARAT,CENGKARENG,DURI KOSAMBI,495,7,59,3,426,0,0,0,0,0,4,0,0,4,910,86,824,11,0,11,316,16,238,4,58,
3171011006,DKI JAKARTA,JAKARTA PUSAT,GAMBIR,DURI PULO,166,1,17,3,145,0,0,0,0,0,1,0,0,1,406,79,327,7,0,7,154,3,128,5,18,
3173041011,DKI JAKARTA,JAKARTA BARAT,TAMBORA,DURI SELATAN,134,4,15,1,114,0,0,0,0,0,2,0,0,2,140,10,130,4,0,4,64,0,53,3,8,
3173041003,DKI JAKARTA,JAKARTA BARAT,TAMBORA,DURI UTARA,178,2,19,2,155,1,0,0,0,1,2,0,0,2,207,12,195,3,0,3,117,2,94,4,17,
3171081003,DKI JAKARTA,JAKARTA PUSAT,JOHAR BARU,GALUR,208,2,24,0,182,3,0,0,0,3,3,0,0,3,491,71,420,46,0,46,204,1,184,9,10,
3171011001,DKI JAKARTA,JAKARTA PUSAT,GAMBIR,GAMBIR,80,4,3,0,73,1,0,0,0,1,17,0,0,17,396,12,384,6,0,6,166,0,151,0,15,
3174061004,DKI JAKARTA,JAKARTA SELATAN,CILANDAK,GANDARIA SELATAN,184,6,17,0,161,2,0,0,0,2,20,0,0,20,605,56,549,3,0,3,136,5,100,4,27,
3174071009,DKI JAKARTA,JAKARTA SELATAN,KEBAYORAN BARU,GANDARIA UTARA,518,5,80,2,431,0,0,0,0,0,3,0,0,3,561,67,494,5,0,5,172,2,135,3,32,
3175051001,DKI JAKARTA,JAKARTA TIMUR,PASAR REBO,GEDONG,663,12,43,0,608,0,0,0,0,0,4,0,0,4,362,55,307,24,0,24,200,6,164,3,27,
3171071001,DKI JAKARTA,JAKARTA PUSAT,TANAH ABANG,GELORA,55,1,2,1,51,0,0,0,0,0,5,0,0,5,202,28,174,0,0,0,119,0,101,2,16,
3173031007,DKI JAKARTA,JAKARTA BARAT,TAMAN SARI,GLODOK,104,0,7,0,97,0,0,0,0,0,1,0,0,1,160,14,146,0,0,0,35,2,27,2,4,
3171061004,DKI JAKARTA,JAKARTA PUSAT,MENTENG,GONDANGDIA,55,1,2,1,51,0,0,0,0,0,8,0,0,8,126,10,116,7,0,7,55,1,50,3,1,
3173021001,DKI JAKARTA,JAKARTA BARAT,GROGOL PETAMBURAN,GROGOL,437,4,71,4,358,1,0,0,0,1,43,0,0,43,871,139,732,36,0,36,216,8,163,1,44,
3174051005,DKI JAKARTA,JAKARTA SELATAN,KEBAYORAN LAMA,GROGOL SELATAN,324,3,38,5,278,0,0,0,0,0,12,0,0,12,573,48,525,11,0,11,209,8,159,7,35,
3174051004,DKI JAKARTA,JAKARTA SELATAN,KEBAYORAN LAMA,GROGOL UTARA,343,5,28,4,306,0,0,0,0,0,24,0,0,24,580,52,528,16,0,16,262,11,207,8,36,
3174021007,DKI JAKARTA,JAKARTA SELATAN,SETIA BUDI,GUNTUR,56,2,5,0,49,0,0,0,0,0,1,0,0,1,184,14,170,1,0,1,40,1,27,0,12,
3174071002,DKI JAKARTA,JAKARTA SELATAN,KEBAYORAN BARU,GUNUNG,237,0,24,3,210,0,0,0,0,0,7,0,0,7,330,22,308,0,0,0,93,4,62,2,25,
3171031005,DKI JAKARTA,JAKARTA PUSAT,KEMAYORAN,GUNUNG SAHARI SELATAN,269,2,18,1,248,0,0,0,0,0,4,0,0,4,440,55,385,1,0,1,147,1,120,5,21,
3171021004,DKI JAKARTA,JAKARTA PUSAT,SAWAH BESAR,GUNUNG SAHARI UTARA,266,3,15,1,247,1,1,0,0,0,6,0,0,6,496,46,450,8,0,8,157,6,128,9,14,
3175081004,DKI JAKARTA,JAKARTA TIMUR,MAKASAR,HALIM PERDANA KUSUMAH,228,6,38,2,182,0,0,0,0,0,5,0,0,5,496,63,433,9,0,9,362,15,286,4,57,
3171031003,DKI JAKARTA,JAKARTA PUSAT,KEMAYORAN,HARAPAN MULIA,327,3,27,3,294,0,0,0,0,0,6,0,0,6,509,72,437,30,0,30,226,1,173,8,44,
3174091001,DKI JAKARTA,JAKARTA SELATAN,JAGAKARSA,JAGAKARSA,825,8,58,2,757,8,0,0,0,8,8,0,0,8,1001,151,850,18,0,18,350,12,287,6,45,
3175021007,DKI JAKARTA,JAKARTA TIMUR,PULO GADUNG,JATI,330,5,25,1,299,0,0,0,0,0,8,0,0,8,856,81,775,35,0,35,235,8,202,2,23,
3174041002,DKI JAKARTA,JAKARTA SELATAN,PASAR MINGGU,JATI PADANG,450,12,66,2,370,0,0,0,0,0,3,0,0,3,582,80,502,67,0,67,172,7,126,5,34,
3173071004,DKI JAKARTA,JAKARTA BARAT,PALMERAH,JATI PULO,481,4,52,4,421,2,1,0,0,1,4,0,0,4,712,59,653,62,0,62,276,8,221,7,40,
3175061001,DKI JAKARTA,JAKARTA TIMUR,CAKUNG,JATINEGARA,577,6,124,3,444,1,0,0,0,1,3,0,0,3,1291,253,1038,43,0,43,473,18,339,7,109,
3175021004,DKI JAKARTA,JAKARTA TIMUR,PULO GADUNG,JATINEGARA KAUM,110,3,6,0,101,1,0,0,1,0,3,0,0,3,326,62,264,11,0,11,82,3,62,3,14,
3173021004,DKI JAKARTA,JAKARTA BARAT,GROGOL PETAMBURAN,JELAMBAR,384,5,37,5,337,2,0,0,0,2,26,0,0,26,689,52,637,12,0,12,196,17,151,6,22,
3173021006,DKI JAKARTA,JAKARTA BARAT,GROGOL PETAMBURAN,JELAMBAR BARU,343,2,26,2,313,2,0,0,0,2,4,0,0,4,575,50,525,18,0,18,139,6,108,5,20,
3173041006,DKI JAKARTA,JAKARTA BARAT,TAMBORA,JEMBATAN BESI,527,0,25,1,501,0,0,0,0,0,5,0,0,5,455,11,444,7,0,7,214,3,184,7,20,
3173041008,DKI JAKARTA,JAKARTA BARAT,TAMBORA,JEMBATAN LIMA,183,1,25,0,157,0,0,0,0,0,1,0,0,1,194,16,178,5,0,5,109,13,76,4,16,
3173081005,DKI JAKARTA,JAKARTA BARAT,KEMBANGAN,JOGLO,401,7,80,4,310,0,0,0,0,0,5,0,0,5,687,100,587,14,0,14,211,8,163,2,38,
3171081001,DKI JAKARTA,JAKARTA PUSAT,JOHAR BARU,JOHAR BARU,610,4,36,3,567,3,0,0,0,3,7,0,0,7,1683,170,1513,95,0,95,462,8,391,16,47,
3173041002,DKI JAKARTA,JAKARTA BARAT,TAMBORA,KALI ANYAR,354,2,32,0,320,1,0,0,0,1,3,0,0,3,339,10,329,14,0,14,167,3,146,5,13,
3172041004,DKI JAKARTA,JAKARTA UTARA,CILINCING,KALI BARU,448,16,59,5,368,0,0,0,0,0,4,0,0,4,618,24,594,43,0,43,322,3,253,8,58,
3174081002,DKI JAKARTA,JAKARTA SELATAN,PANCORAN,KALIBATA,502,10,56,4,432,7,0,0,0,7,11,0,0,11,757,81,676,12,0,12,269,1,226,5,37,
3173061001,DKI JAKARTA,JAKARTA BARAT,KALI DERES,KALIDERES,991,29,115,4,843,1,0,0,0,1,6,0,1,5,2103,233,1870,30,0,30,353,17,274,5,57,
3175051004,DKI JAKARTA,JAKARTA TIMUR,PASAR REBO,KALISARI,965,16,166,0,783,0,0,0,0,0,3,0,0,3,452,39,413,10,0,10,220,6,169,5,40,
3173061004,DKI JAKARTA,JAKARTA BARAT,KALI DERES,KAMAL,310,7,31,3,269,0,0,0,0,0,1,0,0,1,514,28,486,4,0,4,57,5,37,6,9,
3172011002,DKI JAKARTA,JAKARTA UTARA,PENJARINGAN,KAMAL MUARA,82,0,11,0,71,0,0,0,0,0,4,0,0,4,181,26,155,1,0,1,67,2,60,2,3,
3171071007,DKI JAKARTA,JAKARTA PUSAT,TANAH ABANG,KAMPUNG BALI,137,2,4,2,129,1,0,0,0,1,2,0,0,2,271,48,223,2,0,2,66,1,52,3,10,
3175031001,DKI JAKARTA,JAKARTA TIMUR,JATINEGARA,KAMPUNG MELAYU,185,4,11,5,165,2,0,0,0,2,5,0,0,5,269,49,220,4,0,4,189,4,157,3,25,
3171081002,DKI JAKARTA,JAKARTA PUSAT,JOHAR BARU,KAMPUNG RAWA,285,3,11,0,271,1,0,0,0,1,0,0,0,0,717,93,624,66,0,66,254,2,231,13,8,
3175041002,DKI JAKARTA,JAKARTA TIMUR,KRAMAT JATI,KAMPUNG TENGAH,504,16,54,1,433,1,0,0,0,1,9,0,0,9,1065,127,938,50,0,50,258,7,214,11,26,
3173011005,DKI JAKARTA,JAKARTA BARAT,CENGKARENG,KAPUK,686,21,101,16,548,1,0,0,0,1,12,0,1,11,1364,186,1178,13,0,13,475,18,337,11,109,
3172011003,DKI JAKARTA,JAKARTA UTARA,PENJARINGAN,KAPUK MUARA,206,1,32,0,173,1,0,0,0,1,10,0,0,10,513,67,446,20,0,20,145,5,107,7,26,
3171021002,DKI JAKARTA,JAKARTA PUSAT,SAWAH BESAR,KARANG ANYAR,431,6,19,5,401,1,0,0,0,1,4,0,0,4,825,55,770,9,0,9,173,2,145,6,20,
3174021004,DKI JAKARTA,JAKARTA SELATAN,SETIA BUDI,KARET,121,3,9,0,109,0,0,0,0,0,11,0,0,11,373,38,335,4,0,4,122,2,94,0,26,
3174021003,DKI JAKARTA,JAKARTA SELATAN,SETIA BUDI,KARET KUNINGAN,209,2,24,1,182,0,0,0,0,0,21,0,0,21,368,58,310,4,0,4,156,20,95,2,39,
3174021002,DKI JAKARTA,JAKARTA SELATAN,SETIA BUDI,KARET SEMANGGI,52,0,2,1,49,0,0,0,0,0,3,0,0,3,80,7,73,2,0,2,24,0,22,2,0,
3171071003,DKI JAKARTA,JAKARTA PUSAT,TANAH ABANG,KARET TENGSIN,235,2,13,0,220,0,0,0,0,0,7,0,0,7,505,71,434,2,0,2,128,5,108,2,13,
3171021003,DKI JAKARTA,JAKARTA PUSAT,SAWAH BESAR,KARTINI,312,3,18,1,290,1,0,0,0,1,0,0,0,0,654,77,577,17,0,17,209,4,179,5,21,
3175011003,DKI JAKARTA,JAKARTA TIMUR,MATRAMAN,KAYU MANIS,330,5,21,0,304,3,0,0,0,3,1,0,0,1,640,47,593,29,0,29,190,7,151,4,28,
3175021006,DKI JAKARTA,JAKARTA TIMUR,PULO GADUNG,KAYU PUTIH,417,5,23,4,385,1,0,0,1,0,11,0,0,11,1008,69,939,45,0,45,284,25,233,7,19,
3173031006,DKI JAKARTA,JAKARTA BARAT,TAMAN SARI,KEAGUNGAN,284,2,22,0,260,0,0,0,0,0,3,0,0,3,473,26,447,10,0,10,160,6,143,1,10,
3174041007,DKI JAKARTA,JAKARTA SELATAN,PASAR MINGGU,KEBAGUSAN,533,7,62,1,463,3,0,0,0,3,2,0,0,2,647,48,599,39,0,39,167,4,136,0,27,
3174051006,DKI JAKARTA,JAKARTA SELATAN,KEBAYORAN LAMA,KEBAYORAN LAMA SELATAN,484,15,48,0,421,5,1,0,0,4,2,0,0,2,729,39,690,14,0,14,248,4,203,5,36,
3174051001,DKI JAKARTA,JAKARTA SELATAN,KEBAYORAN LAMA,KEBAYORAN LAMA UTARA,346,7,35,1,303,1,0,0,0,1,15,0,0,15,469,44,425,4,0,4,166,9,128,4,25,
3174011004,DKI JAKARTA,JAKARTA SELATAN,TEBET,KEBON BARU,355,1,70,2,282,0,0,0,0,0,15,0,0,15,642,92,550,18,0,18,191,11,135,3,42,
3172021005,DKI JAKARTA,JAKARTA UTARA,TANJUNG PRIOK,KEBON BAWANG,644,15,66,1,562,0,0,0,0,0,15,0,0,15,1106,75,1031,80,0,80,399,5,341,4,49,
3173051001,DKI JAKARTA,JAKARTA BARAT,KEBON JERUK,KEBON JERUK,646,11,88,6,541,2,0,0,0,2,13,0,0,13,1717,182,1535,59,0,59,579,15,468,15,81,
3171071006,DKI JAKARTA,JAKARTA PUSAT,TANAH ABANG,KEBON KACANG,414,3,13,1,397,1,0,0,0,1,0,0,0,0,492,40,452,6,0,6,283,6,247,11,19,
3171011005,DKI JAKARTA,JAKARTA PUSAT,GAMBIR,KEBON KELAPA,139,0,15,1,123,3,0,0,0,3,4,0,0,4,257,39,218,3,0,3,87,1,74,1,11,
3171031002,DKI JAKARTA,JAKARTA PUSAT,KEMAYORAN,KEBON KOSONG,350,3,33,5,309,0,0,0,0,0,8,0,0,8,429,50,379,30,0,30,226,3,186,7,30,
3175011005,DKI JAKARTA,JAKARTA TIMUR,MATRAMAN,KEBON MANGGIS,172,2,13,4,153,0,0,0,0,0,2,0,0,2,242,24,218,23,0,23,133,4,113,2,14,
3171071005,DKI JAKARTA,JAKARTA PUSAT,TANAH ABANG,KEBON MELATI,456,5,23,3,425,1,1,0,0,0,5,0,0,5,849,140,709,10,0,10,442,4,406,8,24,
3175081003,DKI JAKARTA,JAKARTA TIMUR,MAKASAR,KEBON PALA,304,4,52,1,247,1,0,0,0,1,5,0,0,5,878,82,796,16,0,16,278,14,232,5,27,
3171061005,DKI JAKARTA,JAKARTA PUSAT,MENTENG,KEBON SIRIH,150,1,11,2,136,0,0,0,0,0,2,0,0,2,289,21,268,14,0,14,129,3,118,2,6,
3173011004,DKI JAKARTA,JAKARTA BARAT,CENGKARENG,KEDAUNG KALI ANGKE,427,6,52,0,369,0,0,0,0,0,1,0,0,1,508,75,433,6,0,6,271,4,226,3,38,
3173051007,DKI JAKARTA,JAKARTA BARAT,KEBON JERUK,KEDOYA SELATAN,329,7,67,5,250,2,0,0,0,2,7,0,0,7,613,92,521,20,0,20,189,11,130,6,42,
3173051006,DKI JAKARTA,JAKARTA BARAT,KEBON JERUK,KEDOYA UTARA,331,8,38,2,283,1,0,0,0,1,15,0,0,15,786,78,708,21,0,21,246,8,185,6,47,
3173051004,DKI JAKARTA,JAKARTA BARAT,KEBON JERUK,KELAPA DUA,253,8,29,0,216,0,0,0,0,0,5,0,0,5,554,81,473,22,0,22,139,4,104,2,29,
3175091003,DKI JAKARTA,JAKARTA TIMUR,CIRACAS,KELAPA DUA WETAN,530,5,52,1,472,1,0,0,0,1,7,0,0,7,1014,70,944,36,0,36,192,10,158,2,22,
3172061003,DKI JAKARTA,JAKARTA UTARA,KELAPA GADING,KELAPA GADING BARAT,807,17,42,3,745,2,0,0,0,2,48,0,1,47,1211,79,1132,119,0,119,354,6,308,5,35,
3172061001,DKI JAKARTA,JAKARTA UTARA,KELAPA GADING,KELAPA GADING TIMUR,663,16,20,2,625,2,1,0,0,1,22,0,1,21,1200,60,1140,81,0,81,264,5,185,9,65,
3173071005,DKI JAKARTA,JAKARTA BARAT,PALMERAH,KEMANGGISAN,556,6,64,6,480,0,0,0,0,0,8,0,0,8,852,89,763,50,0,50,278,8,220,9,41,
3171031001,DKI JAKARTA,JAKARTA PUSAT,KEMAYORAN,KEMAYORAN,361,5,27,3,326,0,0,0,0,0,2,0,0,2,528,36,492,22,0,22,312,1,241,10,60,
3173081006,DKI JAKARTA,JAKARTA BARAT,KEMBANGAN,KEMBANGAN SELATAN,239,3,34,1,201,0,0,0,0,0,7,0,0,7,541,62,479,52,0,52,173,15,140,4,14,
3173081001,DKI JAKARTA,JAKARTA BARAT,KEMBANGAN,KEMBANGAN UTARA,546,16,88,3,439,4,0,0,1,3,3,0,0,3,1442,133,1309,10,0,10,275,10,203,5,57,
3171041002,DKI JAKARTA,JAKARTA PUSAT,SENEN,KENARI,194,5,12,1,176,1,0,0,0,1,4,0,0,4,477,46,431,46,0,46,169,1,158,3,7,
3173041005,DKI JAKARTA,JAKARTA BARAT,TAMBORA,KERENDANG,248,4,20,2,222,1,0,0,0,1,0,0,0,0,199,25,174,7,0,7,124,0,103,7,14,
3175071003,DKI JAKARTA,JAKARTA TIMUR,DUREN SAWIT,KLENDER,600,6,36,2,556,4,1,0,0,3,5,0,1,4,912,102,810,28,0,28,353,7,276,14,56,
3172031001,DKI JAKARTA,JAKARTA UTARA,KOJA,KOJA,285,2,13,0,270,0,0,0,0,0,4,0,0,4,414,18,396,39,0,39,278,3,211,5,59,
3173071006,DKI JAKARTA,JAKARTA BARAT,PALMERAH,KOTA BAMBU SELATAN,464,9,46,5,404,0,0,0,0,0,1,0,0,1,824,68,756,71,0,71,239,3,202,5,29,
3173071003,DKI JAKARTA,JAKARTA BARAT,PALMERAH,KOTA BAMBU UTARA,378,2,32,11,333,1,1,0,0,0,3,0,0,3,553,39,514,54,0,54,210,3,189,6,12,
3171041004,DKI JAKARTA,JAKARTA PUSAT,SENEN,KRAMAT,379,4,28,6,341,0,0,0,0,0,7,0,0,7,873,60,813,33,0,33,259,2,215,10,32,
3175041001,DKI JAKARTA,JAKARTA TIMUR,KRAMAT JATI,KRAMAT JATI,377,4,60,1,312,1,1,0,0,0,11,0,0,11,818,156,662,22,0,22,312,20,222,6,64,
3174071003,DKI JAKARTA,JAKARTA SELATAN,KEBAYORAN BARU,KRAMAT PELA,229,4,29,0,196,0,0,0,0,0,0,0,0,0,488,21,467,6,0,6,130,1,110,0,19,
3173031002,DKI JAKARTA,JAKARTA BARAT,TAMAN SARI,KRUKUT,259,5,38,6,210,1,0,0,0,1,3,0,0,3,418,67,351,12,0,12,163,7,141,4,11,
3174031005,DKI JAKARTA,JAKARTA SELATAN,MAMPANG PRAPATAN,KUNINGAN BARAT,116,3,22,1,90,0,0,0,0,0,0,0,0,0,453,35,418,5,0,5,106,4,85,0,17,
3174021008,DKI JAKARTA,JAKARTA SELATAN,SETIA BUDI,KUNINGAN TIMUR,115,0,4,1,110,1,0,0,0,1,20,0,0,20,170,26,144,1,0,1,90,1,67,2,20,
3171041005,DKI JAKARTA,JAKARTA PUSAT,SENEN,KWITANG,224,3,14,0,207,2,0,0,0,2,7,0,0,7,424,27,397,10,0,10,113,0,96,5,12,
3172031003,DKI JAKARTA,JAKARTA UTARA,KOJA,LAGOA,559,5,29,1,524,0,0,0,0,0,5,0,0,5,642,28,614,67,0,67,585,11,509,11,54,
3174061002,DKI JAKARTA,JAKARTA SELATAN,CILANDAK,LEBAK BULUS,374,2,80,2,290,3,0,0,0,3,27,0,0,27,928,321,607,22,0,22,423,5,150,9,259,
3174091004,DKI JAKARTA,JAKARTA SELATAN,JAGAKARSA,LENTENG AGUNG,578,7,45,0,526,3,0,0,0,3,6,0,0,6,620,100,520,14,0,14,203,5,160,2,36,
LUAR DKI JAKARTA,LUAR DKI JAKARTA,LUAR DKI JAKARTA,LUAR DKI JAKARTA,LUAR DKI JAKARTA,32435,670,4019,98,27648,78,12,0,0,66,615,0,13,602,51290,9930,41360,1829,0,1829,7347,306,6363,120,558,
3175101007,DKI JAKARTA,JAKARTA TIMUR,CIPAYUNG,LUBANG BUAYA,717,20,152,3,542,2,0,0,0,2,8,0,0,8,704,78,626,29,0,29,324,28,230,2,64,
3175081001,DKI JAKARTA,JAKARTA TIMUR,MAKASAR,MAKASAR,293,9,47,1,236,0,0,0,0,0,8,0,0,8,1037,116,921,23,0,23,240,10,198,1,31,
3175071006,DKI JAKARTA,JAKARTA TIMUR,DUREN SAWIT,MALAKA JAYA,312,8,19,2,283,1,0,0,0,1,2,0,0,2,533,46,487,16,0,16,210,6,167,1,36,
3175071005,DKI JAKARTA,JAKARTA TIMUR,DUREN SAWIT,MALAKA SARI,289,4,26,1,258,0,0,0,0,0,1,0,0,1,481,71,410,13,0,13,181,5,141,3,32,
3174031001,DKI JAKARTA,JAKARTA SELATAN,MAMPANG PRAPATAN,MAMPANG PRAPATAN,287,7,33,2,245,1,1,0,0,0,0,0,0,0,965,83,882,10,0,10,277,5,240,8,24,
3173031005,DKI JAKARTA,JAKARTA BARAT,TAMAN SARI,MANGGA BESAR,130,4,12,1,113,1,0,0,0,1,0,0,0,0,156,11,145,6,0,6,58,2,48,1,7,
3171021005,DKI JAKARTA,JAKARTA PUSAT,SAWAH BESAR,MANGGA DUA SELATAN,377,4,26,1,346,3,0,0,0,3,1,0,0,1,766,67,699,11,0,11,209,4,177,4,24,
3174011007,DKI JAKARTA,JAKARTA SELATAN,TEBET,MANGGARAI,383,9,49,0,325,4,0,0,0,4,4,0,0,4,493,43,450,23,0,23,185,3,150,1,31,
3174011006,DKI JAKARTA,JAKARTA SELATAN,TEBET,MANGGARAI SELATAN,251,9,46,2,194,0,0,0,0,0,6,0,0,6,449,37,412,21,0,21,109,7,83,2,17,
3173031003,DKI JAKARTA,JAKARTA BARAT,TAMAN SARI,MAPHAR,203,0,23,1,179,0,0,0,0,0,6,0,0,6,364,44,320,38,0,38,190,4,171,1,14,
3172041003,DKI JAKARTA,JAKARTA UTARA,CILINCING,MARUNDA,258,6,22,0,230,3,0,0,0,3,0,0,0,0,341,18,323,13,0,13,94,0,91,1,2,
3174071001,DKI JAKARTA,JAKARTA SELATAN,KEBAYORAN BARU,MELAWAI,56,0,7,0,49,0,0,0,0,0,1,0,0,1,74,14,60,0,0,0,16,1,12,1,2,
3171061001,DKI JAKARTA,JAKARTA PUSAT,MENTENG,MENTENG,382,4,38,2,338,2,0,0,0,2,4,0,0,4,698,64,634,27,0,27,255,7,221,10,17,
3174021005,DKI JAKARTA,JAKARTA SELATAN,SETIA BUDI,MENTENG ATAS,324,6,25,3,290,1,0,0,0,1,47,0,1,46,1246,167,1079,37,0,37,243,5,181,5,52,
3174011003,DKI JAKARTA,JAKARTA SELATAN,TEBET,MENTENG DALAM,543,5,46,4,488,4,1,0,0,3,13,0,0,13,683,33,650,39,0,39,201,5,159,7,30,
3173081003,DKI JAKARTA,JAKARTA BARAT,KEMBANGAN,MERUYA SELATAN,334,9,40,1,284,0,0,0,0,0,4,0,0,4,722,85,637,17,0,17,191,3,142,3,43,
3173081002,DKI JAKARTA,JAKARTA BARAT,KEMBANGAN,MERUYA UTARA,512,9,90,6,407,1,0,0,1,0,7,0,0,7,899,93,806,10,0,10,216,8,183,2,23,
3175101004,DKI JAKARTA,JAKARTA TIMUR,CIPAYUNG,MUNJUL,247,4,28,0,215,0,0,0,0,0,3,0,0,3,313,43,270,24,0,24,93,6,72,1,14,
3172051002,DKI JAKARTA,JAKARTA UTARA,PADEMANGAN,PADEMANGAN BARAT,1729,7,81,5,1636,5,1,0,0,4,15,0,1,14,2380,96,2284,34,0,34,664,9,604,21,30,
3172051001,DKI JAKARTA,JAKARTA UTARA,PADEMANGAN,PADEMANGAN TIMUR,566,4,42,3,517,2,0,0,0,2,13,0,0,13,841,52,789,17,0,17,266,5,192,4,65,
3175011004,DKI JAKARTA,JAKARTA TIMUR,MATRAMAN,PAL MERIAM,236,5,16,2,213,2,0,0,0,2,3,0,0,3,594,42,552,58,0,58,195,5,161,6,23,
3173071001,DKI JAKARTA,JAKARTA BARAT,PALMERAH,PALMERAH,1121,8,216,2,895,0,0,0,0,0,2,0,0,2,1759,240,1519,78,0,78,459,23,352,18,66,
3174081001,DKI JAKARTA,JAKARTA SELATAN,PANCORAN,PANCORAN,347,6,39,0,302,1,0,0,0,1,9,0,0,9,553,37,516,6,0,6,220,7,185,4,24,
3172021003,DKI JAKARTA,JAKARTA UTARA,TANJUNG PRIOK,PAPANGGO,415,6,56,0,353,1,0,0,0,1,7,0,0,7,793,85,708,56,0,56,259,2,203,2,52,
3171021001,DKI JAKARTA,JAKARTA PUSAT,SAWAH BESAR,PASAR BARU,224,1,13,2,208,1,0,0,0,1,7,0,0,7,446,27,419,9,0,9,157,3,144,1,9,
3174021006,DKI JAKARTA,JAKARTA SELATAN,SETIA BUDI,PASAR MANGGIS,219,2,14,3,200,4,1,0,0,3,28,0,0,28,910,88,822,17,0,17,203,6,163,8,26,
3174041001,DKI JAKARTA,JAKARTA SELATAN,PASAR MINGGU,PASAR MINGGU,386,4,44,1,337,2,0,0,0,2,5,0,0,5,553,95,458,20,0,20,211,1,181,6,23,
3171041003,DKI JAKARTA,JAKARTA PUSAT,SENEN,PASEBAN,502,7,36,1,458,2,0,0,0,2,13,0,0,13,904,118,786,61,0,61,270,6,229,9,26,
3173061005,DKI JAKARTA,JAKARTA BARAT,KALI DERES,PEGADUNGAN,672,7,73,7,585,0,0,0,0,0,10,0,0,10,1388,127,1261,18,0,18,249,21,191,6,31,
3171061002,DKI JAKARTA,JAKARTA PUSAT,MENTENG,PEGANGSAAN,347,3,25,2,317,1,0,0,0,1,2,0,0,2,839,39,800,51,0,51,350,13,322,4,11,
3172061002,DKI JAKARTA,JAKARTA UTARA,KELAPA GADING,PEGANGSAAN DUA,758,15,43,1,699,1,0,0,0,1,41,0,0,41,1573,95,1478,146,0,146,376,15,312,8,41,
3172011004,DKI JAKARTA,JAKARTA UTARA,PENJARINGAN,PEJAGALAN,536,9,92,2,433,3,0,0,0,3,8,0,1,7,893,111,782,28,0,28,257,8,202,5,42,
3174041006,DKI JAKARTA,JAKARTA SELATAN,PASAR MINGGU,PEJATEN BARAT,419,14,42,2,361,8,0,0,0,8,2,0,1,1,648,72,576,73,0,73,213,7,175,2,29,
3174041005,DKI JAKARTA,JAKARTA SELATAN,PASAR MINGGU,PEJATEN TIMUR,460,7,52,1,400,4,0,0,0,4,3,0,0,3,604,70,534,40,0,40,205,14,159,10,22,
3175051005,DKI JAKARTA,JAKARTA TIMUR,PASAR REBO,PEKAYON,784,6,96,1,681,1,1,0,0,0,3,0,0,3,314,37,277,12,0,12,179,4,148,2,25,
3173041009,DKI JAKARTA,JAKARTA BARAT,TAMBORA,PEKOJAN,285,3,24,2,256,0,0,0,0,0,2,0,0,2,247,20,227,17,0,17,113,5,94,3,11,
3174031003,DKI JAKARTA,JAKARTA SELATAN,MAMPANG PRAPATAN,PELA MAMPANG,351,8,52,2,289,4,0,0,0,4,15,0,0,15,1404,182,1222,6,0,6,277,11,217,5,44,
3174081005,DKI JAKARTA,JAKARTA SELATAN,PANCORAN,PENGADEGAN,189,3,22,2,162,0,0,0,0,0,8,0,0,8,373,29,344,10,0,10,101,6,84,1,10,
3175061003,DKI JAKARTA,JAKARTA TIMUR,CAKUNG,PENGGILINGAN,577,13,74,1,489,2,0,0,0,2,8,0,0,8,1540,208,1332,77,0,77,520,11,416,10,83,
3172011001,DKI JAKARTA,JAKARTA UTARA,PENJARINGAN,PENJARINGAN,1053,26,157,4,866,2,0,0,0,2,23,0,0,23,2838,158,2680,120,0,120,583,9,477,16,81,
3174101001,DKI JAKARTA,JAKARTA SELATAN,PESANGGRAHAN,PESANGGRAHAN,403,6,27,4,366,2,0,0,1,1,0,0,0,0,808,99,709,19,0,19,148,3,115,3,27,
3171071004,DKI JAKARTA,JAKARTA PUSAT,TANAH ABANG,PETAMBURAN,543,5,25,7,506,0,0,0,0,0,7,0,0,7,805,159,646,9,0,9,416,18,371,12,15,
3174071008,DKI JAKARTA,JAKARTA SELATAN,KEBAYORAN BARU,PETOGOGAN,179,1,59,0,119,0,0,0,0,0,3,0,0,3,251,37,214,1,0,1,66,1,53,0,12,
3171011004,DKI JAKARTA,JAKARTA PUSAT,GAMBIR,PETOJO SELATAN,219,2,13,1,203,0,0,0,0,0,28,0,0,28,713,86,627,15,0,15,257,3,222,8,24,
3171011003,DKI JAKARTA,JAKARTA PUSAT,GAMBIR,PETOJO UTARA,186,0,17,3,166,1,0,0,0,1,11,0,0,11,372,43,329,25,0,25,144,5,120,3,16,
3174101004,DKI JAKARTA,JAKARTA SELATAN,PESANGGRAHAN,PETUKANGAN SELATAN,402,9,19,2,372,0,0,0,0,0,2,0,0,2,810,71,739,8,0,8,164,9,109,4,42,
3174101003,DKI JAKARTA,JAKARTA SELATAN,PESANGGRAHAN,PETUKANGAN UTARA,507,7,74,4,422,2,0,0,0,2,5,0,0,5,1583,179,1404,9,0,9,279,8,210,2,59,
3175081002,DKI JAKARTA,JAKARTA TIMUR,MAKASAR,PINANG RANTI,226,6,35,1,184,0,0,0,0,0,0,0,0,0,623,60,563,28,0,28,139,9,105,5,20,
3173031008,DKI JAKARTA,JAKARTA BARAT,TAMAN SARI,PINANGSIA,132,2,13,1,116,0,0,0,0,0,2,0,0,2,222,17,205,2,0,2,98,16,76,0,6,
3175011001,DKI JAKARTA,JAKARTA TIMUR,MATRAMAN,PISANGAN BARU,328,8,20,3,297,1,0,0,0,1,3,0,0,3,441,51,390,33,0,33,172,3,145,7,17,
3175021002,DKI JAKARTA,JAKARTA TIMUR,PULO GADUNG,PISANGAN TIMUR,319,1,36,4,278,1,0,0,0,1,10,0,0,10,709,143,566,29,0,29,202,8,159,5,30,
3172011005,DKI JAKARTA,JAKARTA UTARA,PENJARINGAN,PLUIT,370,4,56,4,306,0,0,0,0,0,12,0,0,12,1202,113,1089,17,0,17,216,7,170,9,30,
3175071002,DKI JAKARTA,JAKARTA TIMUR,DUREN SAWIT,PONDOK BAMBU,929,6,45,1,877,5,0,0,0,5,3,0,0,3,980,119,861,30,0,30,374,4,301,7,62,
3175071004,DKI JAKARTA,JAKARTA TIMUR,DUREN SAWIT,PONDOK KELAPA,651,8,56,0,587,0,0,0,0,0,11,0,0,11,1082,112,970,22,0,22,352,12,282,10,48,
3175071007,DKI JAKARTA,JAKARTA TIMUR,DUREN SAWIT,PONDOK KOPI,413,0,56,1,356,0,0,0,0,0,2,0,0,2,444,28,416,13,0,13,235,12,183,9,31,
3174061003,DKI JAKARTA,JAKARTA SELATAN,CILANDAK,PONDOK LABU,452,16,74,1,361,6,0,0,0,6,73,0,0,73,1022,133,889,37,0,37,185,3,145,1,36,
3174051002,DKI JAKARTA,JAKARTA SELATAN,KEBAYORAN LAMA,PONDOK PINANG,531,3,52,4,472,0,0,0,0,0,44,0,0,44,799,94,705,11,0,11,268,5,216,9,38,
3175101003,DKI JAKARTA,JAKARTA TIMUR,CIPAYUNG,PONDOK RANGGON,263,2,24,3,234,0,0,0,0,0,3,0,0,3,351,58,293,21,0,21,153,5,115,1,32,
PROSES UPDATE DATA,PROSES UPDATE DATA,PROSES UPDATE DATA,PROSES UPDATE DATA,PROSES UPDATE DATA,13259,82,660,1696,10821,2996,0,0,2994,2,105,0,0,105,13669,2472,11197,68,1,67,22043,608,18952,447,2036,
3101011003,DKI JAKARTA,KAB.ADM.KEP.SERIBU,KEP. SERIBU UTARA,PULAU HARAPAN,62,0,1,0,61,0,0,0,0,0,0,0,0,0,64,2,62,0,0,0,4,0,4,0,0,
3101011002,DKI JAKARTA,KAB.ADM.KEP.SERIBU,KEP. SERIBU UTARA,PULAU KELAPA,61,0,1,1,59,0,0,0,0,0,3,0,0,3,155,8,147,1,0,1,7,0,7,0,0,
3101011001,DKI JAKARTA,KAB.ADM.KEP.SERIBU,KEP. SERIBU UTARA,PULAU PANGGANG,134,0,31,1,102,0,0,0,0,0,0,0,0,0,171,7,164,4,0,4,24,0,21,0,3,
3101021003,DKI JAKARTA,KAB.ADM.KEP.SERIBU,KEP. SERIBU SELATAN,PULAU PARI,7,0,1,0,6,0,0,0,0,0,0,0,0,0,173,0,173,1,0,1,5,0,4,0,1,
3101021002,DKI JAKARTA,KAB.ADM.KEP.SERIBU,KEP. SERIBU SELATAN,PULAU TIDUNG,38,0,2,0,36,1,0,0,1,0,0,0,0,0,373,8,365,1,0,1,36,0,36,0,0,
3101021001,DKI JAKARTA,KAB.ADM.KEP.SERIBU,KEP. SERIBU SELATAN,PULAU UNTUNG JAWA,25,0,0,0,25,0,0,0,0,0,0,0,0,0,109,5,104,0,0,0,5,1,4,0,0,
3174071007,DKI JAKARTA,JAKARTA SELATAN,KEBAYORAN BARU,PULO,277,4,39,1,233,1,0,0,0,1,1,0,0,1,205,22,183,0,0,0,49,0,44,0,5,
3175021001,DKI JAKARTA,JAKARTA TIMUR,PULO GADUNG,PULO GADUNG,374,6,39,2,327,0,0,0,0,0,11,0,0,11,833,100,733,32,0,32,253,13,198,5,37,
3175061005,DKI JAKARTA,JAKARTA TIMUR,CAKUNG,PULO GEBANG,507,4,68,2,433,1,0,0,0,1,8,0,2,6,1272,138,1134,62,0,62,354,8,273,8,65,
3174041004,DKI JAKARTA,JAKARTA SELATAN,PASAR MINGGU,RAGUNAN,612,19,123,2,468,1,0,0,0,1,2,0,0,2,658,81,577,24,0,24,188,10,144,5,29,
3175091005,DKI JAKARTA,JAKARTA TIMUR,CIRACAS,RAMBUTAN,412,5,33,1,373,2,0,0,0,2,12,0,0,12,677,41,636,29,0,29,157,16,113,1,27,
3172031006,DKI JAKARTA,JAKARTA UTARA,KOJA,RAWA BADAK SELATAN,450,6,13,2,429,2,0,0,0,2,2,0,0,2,531,14,517,48,0,48,286,1,273,4,8,
3172031004,DKI JAKARTA,JAKARTA UTARA,KOJA,RAWA BADAK UTARA,407,7,21,1,378,0,0,0,0,0,2,0,0,2,473,22,451,74,0,74,224,4,212,4,4,
3174071005,DKI JAKARTA,JAKARTA SELATAN,KEBAYORAN BARU,RAWA BARAT,91,2,13,2,74,0,0,0,0,0,1,0,0,1,152,16,136,0,0,0,26,0,19,1,6,
3173011003,DKI JAKARTA,JAKARTA BARAT,CENGKARENG,RAWA BUAYA,338,7,49,2,280,1,1,0,0,0,4,0,0,4,736,119,617,5,0,5,270,4,213,10,43,
3175031004,DKI JAKARTA,JAKARTA TIMUR,JATINEGARA,RAWA BUNGA,147,3,13,1,130,0,0,0,0,0,1,0,0,1,220,37,183,12,0,12,122,1,98,2,21,
3174081003,DKI JAKARTA,JAKARTA SELATAN,PANCORAN,RAWA JATI,269,1,26,0,242,2,0,0,0,2,11,0,0,11,455,38,417,7,0,7,91,4,70,0,17,
3175061002,DKI JAKARTA,JAKARTA TIMUR,CAKUNG,RAWA TERATE,125,4,24,0,97,0,0,0,0,0,2,0,0,2,349,72,277,5,0,5,152,2,105,1,44,
3175021005,DKI JAKARTA,JAKARTA TIMUR,PULO GADUNG,RAWAMANGUN,318,3,23,0,292,1,0,0,0,1,7,0,0,7,805,100,705,30,0,30,266,14,198,8,46,
3171051003,DKI JAKARTA,JAKARTA PUSAT,CEMPAKA PUTIH,RAWASARI,661,5,31,2,623,3,0,0,1,2,8,0,0,8,1229,116,1113,32,0,32,404,19,349,5,31,
3173041010,DKI JAKARTA,JAKARTA BARAT,TAMBORA,ROA MALAKA,35,2,3,0,30,1,0,0,0,1,0,0,0,0,42,4,38,1,0,1,14,0,14,0,0,
3172041006,DKI JAKARTA,JAKARTA UTARA,CILINCING,ROROTAN,358,8,41,2,307,0,0,0,0,0,4,0,0,4,598,43,555,73,0,73,147,2,131,2,12,
3174071004,DKI JAKARTA,JAKARTA SELATAN,KEBAYORAN BARU,SELONG,66,0,12,0,54,0,0,0,0,0,3,0,0,3,112,10,102,3,0,3,27,0,20,1,6,
3173061002,DKI JAKARTA,JAKARTA BARAT,KALI DERES,SEMANAN,484,12,95,3,374,1,1,0,0,0,3,0,0,3,995,110,885,7,0,7,169,8,111,2,48,
3172041007,DKI JAKARTA,JAKARTA UTARA,CILINCING,SEMPER BARAT,689,11,98,1,579,3,0,0,0,3,12,0,0,12,1106,79,1027,100,0,100,425,5,348,7,65,
3172041005,DKI JAKARTA,JAKARTA UTARA,CILINCING,SEMPER TIMUR,400,8,47,1,344,1,0,0,0,1,4,0,0,4,651,38,613,47,0,47,211,4,177,4,26,
3174071006,DKI JAKARTA,JAKARTA SELATAN,KEBAYORAN BARU,SENAYAN,247,1,203,0,43,0,0,0,0,0,10,0,1,9,320,119,201,0,0,0,114,1,62,0,51,
3171041001,DKI JAKARTA,JAKARTA PUSAT,SENEN,SENEN,184,3,14,0,167,1,0,0,0,1,7,0,0,7,660,25,635,26,0,26,149,1,131,2,15,
3171031004,DKI JAKARTA,JAKARTA PUSAT,KEMAYORAN,SERDANG,412,5,33,2,372,0,0,0,0,0,5,0,0,5,667,99,568,30,0,30,242,1,199,6,36,
3174021001,DKI JAKARTA,JAKARTA SELATAN,SETIA BUDI,SETIA BUDI,84,1,8,0,75,0,0,0,0,0,4,0,0,4,321,19,302,6,0,6,29,2,26,0,1,
3175101005,DKI JAKARTA,JAKARTA TIMUR,CIPAYUNG,SETU,242,4,12,0,226,1,0,0,0,1,2,0,0,2,363,56,307,14,0,14,100,1,83,1,15,
3173071002,DKI JAKARTA,JAKARTA BARAT,PALMERAH,SLIPI,515,4,57,2,452,0,0,0,0,0,2,0,0,2,946,117,829,40,0,40,282,11,217,3,51,
3173081004,DKI JAKARTA,JAKARTA BARAT,KEMBANGAN,SRENGSENG,497,4,109,3,381,1,0,0,0,1,6,0,0,6,1156,185,971,22,0,22,273,6,211,4,52,
3174091002,DKI JAKARTA,JAKARTA SELATAN,JAGAKARSA,SRENGSENG SAWAH,678,13,75,0,590,8,0,0,0,8,11,0,0,11,812,149,663,26,0,26,212,4,178,7,23,
3173051003,DKI JAKARTA,JAKARTA BARAT,KEBON JERUK,SUKABUMI SELATAN,269,5,25,4,235,1,0,0,0,1,1,0,0,1,636,100,536,24,0,24,172,6,131,5,30,
3173051002,DKI JAKARTA,JAKARTA BARAT,KEBON JERUK,SUKABUMI UTARA,285,4,34,3,244,0,0,0,0,0,19,0,0,19,671,108,563,45,0,45,190,7,137,7,39,
3172041002,DKI JAKARTA,JAKARTA UTARA,CILINCING,SUKAPURA,550,8,45,2,495,0,0,0,0,0,6,0,0,6,859,38,821,90,0,90,312,13,279,5,15,
3171031007,DKI JAKARTA,JAKARTA PUSAT,KEMAYORAN,SUMUR BATU,384,6,29,1,348,1,0,0,0,1,5,0,0,5,516,61,455,29,0,29,212,7,171,3,31,
3172021004,DKI JAKARTA,JAKARTA UTARA,TANJUNG PRIOK,SUNGAI BAMBU,322,9,41,0,272,0,0,0,0,0,7,0,1,6,591,66,525,34,0,34,162,2,119,4,37,
3172021006,DKI JAKARTA,JAKARTA UTARA,TANJUNG PRIOK,SUNTER AGUNG,886,6,87,1,792,3,0,0,0,3,20,0,0,20,1831,144,1687,75,0,75,538,21,436,16,65,
3172021002,DKI JAKARTA,JAKARTA UTARA,TANJUNG PRIOK,SUNTER JAYA,808,12,99,6,691,1,1,0,0,0,10,0,1,9,1515,181,1334,164,0,164,501,17,411,18,55,
3175091004,DKI JAKARTA,JAKARTA TIMUR,CIRACAS,SUSUKAN,447,5,75,1,366,0,0,0,0,0,16,0,0,16,1201,46,1155,69,0,69,151,5,115,6,25,
3173031001,DKI JAKARTA,JAKARTA BARAT,TAMAN SARI,TAMAN SARI,261,3,15,0,243,2,0,0,0,2,1,0,0,1,370,49,321,15,0,15,166,8,141,4,13,
3173041001,DKI JAKARTA,JAKARTA BARAT,TAMBORA,TAMBORA,186,2,13,3,168,0,0,0,0,0,1,0,0,1,277,13,264,2,0,2,77,3,59,3,12,
3173041004,DKI JAKARTA,JAKARTA BARAT,TAMBORA,TANAH SEREAL,278,6,17,2,253,1,0,0,0,1,4,0,0,4,245,17,228,5,0,5,152,7,121,6,18,
3171081004,DKI JAKARTA,JAKARTA PUSAT,JOHAR BARU,TANAH TINGGI,430,7,31,3,389,3,0,0,0,3,2,0,0,2,955,104,851,35,0,35,370,6,323,16,25,
3173031004,DKI JAKARTA,JAKARTA BARAT,TAMAN SARI,TANGKI,232,4,17,1,210,1,0,0,0,1,3,0,0,3,281,27,254,2,0,2,105,6,86,1,12,
3174091005,DKI JAKARTA,JAKARTA SELATAN,JAGAKARSA,TANJUNG BARAT,533,15,67,1,450,1,0,0,0,1,2,0,0,2,512,88,424,11,0,11,229,8,174,5,42,
3173021005,DKI JAKARTA,JAKARTA BARAT,GROGOL PETAMBURAN,TANJUNG DUREN SELATAN,380,5,34,1,340,0,0,0,0,0,19,0,0,19,614,64,550,19,0,19,259,5,211,8,35,
3173021002,DKI JAKARTA,JAKARTA BARAT,GROGOL PETAMBURAN,TANJUNG DUREN UTARA,253,1,21,0,231,2,1,0,0,1,20,0,0,20,481,55,426,18,0,18,134,9,87,7,31,
3172021001,DKI JAKARTA,JAKARTA UTARA,TANJUNG PRIOK,TANJUNG PRIOK,474,8,49,6,411,0,0,0,0,0,10,0,0,10,716,77,639,66,0,66,318,2,287,9,20,
3174011002,DKI JAKARTA,JAKARTA SELATAN,TEBET,TEBET BARAT,429,10,46,0,373,2,1,0,0,1,8,0,0,8,593,53,540,23,0,23,280,1,243,6,30,
3174011001,DKI JAKARTA,JAKARTA SELATAN,TEBET,TEBET TIMUR,349,3,35,2,309,0,0,0,0,0,6,0,0,6,513,64,449,33,0,33,174,6,135,4,29,
3173061003,DKI JAKARTA,JAKARTA BARAT,KALI DERES,TEGAL ALUR,641,8,76,6,551,0,0,0,0,0,7,0,0,7,1147,106,1041,11,0,11,178,7,134,3,34,
3174031004,DKI JAKARTA,JAKARTA SELATAN,MAMPANG PRAPATAN,TEGAL PARANG,303,7,29,3,264,5,0,0,1,4,4,0,0,4,932,133,799,12,0,12,257,3,216,5,33,
3173021003,DKI JAKARTA,JAKARTA BARAT,GROGOL PETAMBURAN,TOMANG,401,8,43,2,348,0,0,0,0,0,15,0,1,14,662,61,601,75,0,75,248,6,207,8,27,
3172031005,DKI JAKARTA,JAKARTA UTARA,KOJA,TUGU SELATAN,381,12,18,1,350,0,0,0,0,0,2,0,0,2,417,19,398,70,0,70,229,4,172,6,47,
3172031002,DKI JAKARTA,JAKARTA UTARA,KOJA,TUGU UTARA,808,23,38,0,747,3,0,0,0,3,7,0,0,7,784,38,746,85,0,85,378,12,297,10,59,
3175061006,DKI JAKARTA,JAKARTA TIMUR,CAKUNG,UJUNG MENTENG,148,0,23,2,123,1,0,0,0,1,0,0,0,0,427,61,366,18,0,18,119,2,89,3,25,
3174101005,DKI JAKARTA,JAKARTA SELATAN,PESANGGRAHAN,ULUJAMI,514,4,36,2,472,0,0,0,0,0,0,0,0,0,1117,122,995,26,0,26,214,7,168,5,34,
3175011006,DKI JAKARTA,JAKARTA TIMUR,MATRAMAN,UTAN KAYU SELATAN,461,8,25,8,420,2,0,0,0,2,5,0,0,5,772,52,720,86,0,86,251,6,207,8,30,
3175011002,DKI JAKARTA,JAKARTA TIMUR,MATRAMAN,UTAN KAYU UTARA,379,8,28,0,343,2,0,0,0,2,3,0,0,3,611,39,572,45,0,45,189,3,156,10,20,
3171031008,DKI JAKARTA,JAKARTA PUSAT,KEMAYORAN,UTAN PANJANG,356,2,31,2,321,0,0,0,0,0,4,0,1,3,515,140,375,26,0,26,254,7,189,8,50,
3172021007,DKI JAKARTA,JAKARTA UTARA,TANJUNG PRIOK,WARAKAS,460,4,78,2,376,0,0,0,0,0,10,0,0,10,827,60,767,51,0,51,235,5,208,6,16,
3173021007,DKI JAKARTA,JAKARTA BARAT,GROGOL PETAMBURAN,WIJAYA KUSUMA,358,1,54,2,301,1,0,0,0,1,7,0,0,7,763,83,680,23,0,23,232,12,174,6,40,
