id_kel,nama_provinsi,nama_kota,nama_kecamatan,nama_kelurahan,suspek,perawatan_rs,isolasi_di_rumah,suspek_meninggal,selesai_isolasi,probable,perawatan_rs,isolasi_di_rumah,probable_meninggal,selesai_isolasi,pelaku_perjalanan,perawatan_rs,isolasi_di_rumah,selesai_isolasi,kontak_erat,isolasi_di_rumah,selesai_isolasi,discarded,meninggal,selesai_isolasi,positif,dirawat,sembuh,meninggal,self_isolation,keterangan
3172051003,DKI JAKARTA,JAKARTA UTARA,PADEMANGAN,ANCOL,438,4,46,0,388,4,0,0,0,4,10,0,1,9,600,34,566,8,0,8,292,3,224,3,62,
3173041007,DKI JAKARTA,JAKARTA BARAT,TAMBORA,ANGKE,377,1,13,2,361,1,0,0,1,0,0,0,0,0,462,9,453,25,0,25,160,9,130,3,18,
3175041005,DKI JAKARTA,JAKARTA TIMUR,KRAMAT JATI,BALE KAMBANG,256,2,21,1,232,1,0,0,0,1,5,0,0,5,472,30,442,23,0,23,146,7,116,3,20,
3175031003,DKI JAKARTA,JAKARTA TIMUR,JATINEGARA,BALI MESTER,91,0,4,1,86,0,0,0,0,0,0,0,0,0,115,6,109,4,0,4,39,1,29,1,8,
3175101006,DKI JAKARTA,JAKARTA TIMUR,CIPAYUNG,BAMBU APUS,352,5,17,1,329,0,0,0,0,0,4,0,0,4,568,42,526,17,0,17,145,2,120,3,20,
3174031002,DKI JAKARTA,JAKARTA SELATAN,MAMPANG PRAPATAN,BANGKA,258,5,38,2,213,5,0,0,1,4,18,0,0,18,643,56,587,8,0,8,168,5,120,2,41,
3175051002,DKI JAKARTA,JAKARTA TIMUR,PASAR REBO,BARU,360,2,50,1,307,0,0,0,0,0,5,0,0,5,379,23,356,17,0,17,166,9,118,0,39,
3175041004,DKI JAKARTA,JAKARTA TIMUR,KRAMAT JATI,BATU AMPAR,454,0,71,1,382,3,0,0,0,3,3,0,0,3,893,103,790,25,0,25,207,11,158,5,33,
3171071002,DKI JAKARTA,JAKARTA PUSAT,TANAH ABANG,BENDUNGAN HILIR,386,2,22,0,362,2,2,0,0,0,4,0,0,4,701,42,659,10,0,10,212,8,177,5,22,
3175031002,DKI JAKARTA,JAKARTA TIMUR,JATINEGARA,BIDARA CINA,342,5,21,3,313,1,0,0,0,1,7,0,0,7,466,59,407,32,0,32,237,10,202,9,16,
3174101002,DKI JAKARTA,JAKARTA SELATAN,PESANGGRAHAN,BINTARO,655,8,31,2,614,4,0,0,0,4,9,0,0,9,1366,114,1252,24,0,24,282,18,223,8,33,
3174011005,DKI JAKARTA,JAKARTA SELATAN,TEBET,BUKIT DURI,365,2,38,3,322,2,0,0,0,2,13,0,0,13,524,27,497,13,0,13,201,9,160,7,25,
3171041006,DKI JAKARTA,JAKARTA PUSAT,SENEN,BUNGUR,213,0,16,2,195,1,0,0,0,1,13,0,0,13,514,47,467,12,0,12,166,4,145,3,14,
3175061007,DKI JAKARTA,JAKARTA TIMUR,CAKUNG,CAKUNG BARAT,302,12,18,1,271,1,0,0,0,1,0,0,0,0,652,28,624,41,0,41,234,4,198,4,28,
3175061004,DKI JAKARTA,JAKARTA TIMUR,CAKUNG,CAKUNG TIMUR,364,7,26,2,329,2,0,0,1,1,5,0,0,5,762,74,688,37,0,37,247,13,195,5,34,
3175041007,DKI JAKARTA,JAKARTA TIMUR,KRAMAT JATI,CAWANG,289,10,23,0,256,1,0,0,0,1,5,0,0,5,726,86,640,15,0,15,242,15,178,6,43,
3175101008,DKI JAKARTA,JAKARTA TIMUR,CIPAYUNG,CEGER,222,6,12,0,204,0,0,0,0,0,1,0,0,1,392,43,349,9,0,9,101,2,83,3,13,
3171031006,DKI JAKARTA,JAKARTA PUSAT,KEMAYORAN,CEMPAKA BARU,605,9,69,2,525,1,0,0,0,1,7,0,0,7,947,146,801,34,0,34,391,8,292,15,76,
3171051002,DKI JAKARTA,JAKARTA PUSAT,CEMPAKA PUTIH,CEMPAKA PUTIH BARAT,851,15,22,2,812,3,1,0,0,2,16,0,1,15,1853,79,1774,49,0,49,640,5,583,13,39,
3171051001,DKI JAKARTA,JAKARTA PUSAT,CEMPAKA PUTIH,CEMPAKA PUTIH TIMUR,580,5,15,1,559,1,1,0,0,0,12,0,0,12,1334,75,1259,56,0,56,337,1,302,5,29,
3173011001,DKI JAKARTA,JAKARTA BARAT,CENGKARENG,CENGKARENG BARAT,604,4,81,1,518,0,0,0,0,0,6,0,0,6,1191,86,1105,12,0,12,347,8,276,7,56,
3173011006,DKI JAKARTA,JAKARTA BARAT,CENGKARENG,CENGKARENG TIMUR,777,13,69,7,688,1,0,0,0,1,4,0,0,4,1637,199,1438,17,0,17,543,11,460,13,59,
3175091002,DKI JAKARTA,JAKARTA TIMUR,CIRACAS,CIBUBUR,825,3,70,4,748,1,0,0,0,1,30,0,0,30,1766,64,1702,88,0,88,288,8,242,7,31,
3171011002,DKI JAKARTA,JAKARTA PUSAT,GAMBIR,CIDENG,279,4,21,2,252,0,0,0,0,0,10,0,0,10,576,57,519,13,0,13,183,1,160,7,15,
3174091003,DKI JAKARTA,JAKARTA SELATAN,JAGAKARSA,CIGANJUR,614,6,29,1,578,2,0,0,0,2,12,0,0,12,636,101,535,14,0,14,164,1,133,4,26,
3175051003,DKI JAKARTA,JAKARTA TIMUR,PASAR REBO,CIJANTUNG,743,9,109,3,622,0,0,0,0,0,2,0,0,2,495,28,467,9,0,9,255,10,189,7,49,
3171061003,DKI JAKARTA,JAKARTA PUSAT,MENTENG,CIKINI,145,1,10,0,134,0,0,0,0,0,1,0,0,1,198,14,184,11,0,11,57,0,39,3,15,
3174081006,DKI JAKARTA,JAKARTA SELATAN,PANCORAN,CIKOKO,172,3,10,0,159,1,0,0,0,1,10,0,0,10,269,15,254,0,0,0,62,3,49,2,8,
3174061001,DKI JAKARTA,JAKARTA SELATAN,CILANDAK,CILANDAK BARAT,918,14,171,5,728,1,0,0,0,1,97,0,0,97,1369,114,1255,38,0,38,299,5,249,7,38,
3174041003,DKI JAKARTA,JAKARTA SELATAN,PASAR MINGGU,CILANDAK TIMUR,451,10,65,1,375,4,0,0,0,4,17,0,0,17,411,41,370,86,0,86,239,7,207,7,18,
3175101002,DKI JAKARTA,JAKARTA TIMUR,CIPAYUNG,CILANGKAP,329,4,33,1,291,1,0,0,0,1,2,0,0,2,569,50,519,20,0,20,160,8,135,1,16,
3175041006,DKI JAKARTA,JAKARTA TIMUR,KRAMAT JATI,CILILITAN,291,3,21,1,266,0,0,0,0,0,6,0,0,6,740,79,661,46,0,46,243,14,193,4,32,
3172041001,DKI JAKARTA,JAKARTA UTARA,CILINCING,CILINCING,553,17,52,1,483,0,0,0,0,0,6,0,0,6,1111,32,1079,85,0,85,381,7,314,10,50,
3175101001,DKI JAKARTA,JAKARTA TIMUR,CIPAYUNG,CIPAYUNG,469,8,37,2,422,3,0,0,1,2,7,0,0,7,605,60,545,24,0,24,188,8,164,2,14,
3174091006,DKI JAKARTA,JAKARTA SELATAN,JAGAKARSA,CIPEDAK,521,3,18,0,500,2,0,0,0,2,1,0,0,1,703,43,660,7,0,7,236,4,208,3,21,
3174061005,DKI JAKARTA,JAKARTA SELATAN,CILANDAK,CIPETE SELATAN,263,7,29,1,226,2,0,0,0,2,45,0,0,45,453,25,428,6,0,6,108,3,89,7,9,
3174071010,DKI JAKARTA,JAKARTA SELATAN,KEBAYORAN BARU,CIPETE UTARA,528,4,58,3,463,0,0,0,0,0,9,0,0,9,504,32,472,5,0,5,136,7,101,3,25,
3175021003,DKI JAKARTA,JAKARTA TIMUR,PULO GADUNG,CIPINANG,294,2,22,2,268,1,0,0,0,1,3,0,0,3,865,72,793,37,0,37,311,7,253,12,39,
3175031007,DKI JAKARTA,JAKARTA TIMUR,JATINEGARA,CIPINANG BESAR SELATAN,229,7,10,2,210,2,0,0,0,2,1,0,0,1,451,37,414,16,0,16,169,5,133,2,29,
3175031008,DKI JAKARTA,JAKARTA TIMUR,JATINEGARA,CIPINANG BESAR UTARA,383,8,29,0,346,1,0,0,0,1,3,0,0,3,646,82,564,17,0,17,277,9,226,5,37,
3175031005,DKI JAKARTA,JAKARTA TIMUR,JATINEGARA,CIPINANG CEMPEDAK,242,7,11,2,222,0,0,0,0,0,4,0,0,4,452,65,387,17,0,17,166,10,121,3,32,
3175081005,DKI JAKARTA,JAKARTA TIMUR,MAKASAR,CIPINANG MELAYU,344,6,20,2,316,3,1,0,0,2,4,0,0,4,702,75,627,20,0,20,254,14,207,5,28,
3175031006,DKI JAKARTA,JAKARTA TIMUR,JATINEGARA,CIPINANG MUARA,406,8,26,1,371,5,0,0,0,5,8,0,0,8,835,89,746,25,0,25,301,15,238,4,44,
3174051003,DKI JAKARTA,JAKARTA SELATAN,KEBAYORAN LAMA,CIPULIR,301,6,23,4,268,6,0,0,0,6,6,0,0,6,512,27,485,8,0,8,198,7,164,4,23,
3175091001,DKI JAKARTA,JAKARTA TIMUR,CIRACAS,CIRACAS,854,7,81,9,757,3,0,0,0,3,23,0,0,23,1506,69,1437,45,0,45,414,20,330,12,52,
3175041003,DKI JAKARTA,JAKARTA TIMUR,KRAMAT JATI,DUKUH,254,2,27,1,224,0,0,0,0,0,1,0,0,1,629,71,558,14,0,14,147,2,105,3,37,
3175071001,DKI JAKARTA,JAKARTA TIMUR,DUREN SAWIT,DUREN SAWIT,833,9,35,3,786,17,2,0,0,15,2,0,0,2,1018,86,932,30,0,30,516,11,440,13,52,
3174081004,DKI JAKARTA,JAKARTA SELATAN,PANCORAN,DUREN TIGA,398,3,34,0,361,2,0,0,0,2,6,0,0,6,591,54,537,3,0,3,171,6,136,1,28,
3173051005,DKI JAKARTA,JAKARTA BARAT,KEBON JERUK,DURI KEPA,480,5,49,2,424,3,0,0,0,3,12,0,0,12,1229,114,1115,72,0,72,371,5,311,11,44,
3173011002,DKI JAKARTA,JAKARTA BARAT,CENGKARENG,DURI KOSAMBI,537,7,62,3,465,0,0,0,0,0,4,0,0,4,979,100,879,11,0,11,349,19,268,6,56,
3171011006,DKI JAKARTA,JAKARTA PUSAT,GAMBIR,DURI PULO,174,2,12,3,157,0,0,0,0,0,1,0,0,1,442,81,361,7,0,7,165,4,133,6,22,
3173041011,DKI JAKARTA,JAKARTA BARAT,TAMBORA,DURI SELATAN,144,2,11,1,130,0,0,0,0,0,2,0,0,2,152,12,140,4,0,4,71,1,59,3,8,
3173041003,DKI JAKARTA,JAKARTA BARAT,TAMBORA,DURI UTARA,194,5,16,2,171,1,0,0,0,1,2,0,0,2,225,18,207,3,0,3,129,1,106,4,18,
3171081003,DKI JAKARTA,JAKARTA PUSAT,JOHAR BARU,GALUR,212,2,11,0,199,3,0,0,0,3,3,0,0,3,509,39,470,46,0,46,212,1,188,10,13,
3171011001,DKI JAKARTA,JAKARTA PUSAT,GAMBIR,GAMBIR,82,0,1,0,81,1,0,0,0,1,17,0,0,17,404,9,395,6,0,6,174,0,154,1,19,
3174061004,DKI JAKARTA,JAKARTA SELATAN,CILANDAK,GANDARIA SELATAN,198,5,22,0,171,2,0,0,0,2,20,0,0,20,630,37,593,3,0,3,140,4,106,4,26,
3174071009,DKI JAKARTA,JAKARTA SELATAN,KEBAYORAN BARU,GANDARIA UTARA,585,4,98,2,481,0,0,0,0,0,3,0,0,3,605,58,547,5,0,5,187,0,159,4,24,
3175051001,DKI JAKARTA,JAKARTA TIMUR,PASAR REBO,GEDONG,712,7,56,0,649,0,0,0,0,0,4,0,0,4,385,42,343,24,0,24,220,5,173,3,39,
3171071001,DKI JAKARTA,JAKARTA PUSAT,TANAH ABANG,GELORA,62,1,4,1,56,0,0,0,0,0,5,0,0,5,220,14,206,0,0,0,119,0,111,2,6,
3173031007,DKI JAKARTA,JAKARTA BARAT,TAMAN SARI,GLODOK,111,0,9,0,102,0,0,0,0,0,1,0,0,1,162,3,159,0,0,0,38,3,28,2,5,
3171061004,DKI JAKARTA,JAKARTA PUSAT,MENTENG,GONDANGDIA,59,0,2,1,56,0,0,0,0,0,12,0,0,12,129,4,125,7,0,7,55,1,50,3,1,
3173021001,DKI JAKARTA,JAKARTA BARAT,GROGOL PETAMBURAN,GROGOL,463,4,70,4,385,1,0,0,0,1,45,0,0,45,904,108,796,36,0,36,237,2,182,1,52,
3174051005,DKI JAKARTA,JAKARTA SELATAN,KEBAYORAN LAMA,GROGOL SELATAN,346,4,28,5,309,0,0,0,0,0,12,0,0,12,589,24,565,11,0,11,232,17,175,7,33,
3174051004,DKI JAKARTA,JAKARTA SELATAN,KEBAYORAN LAMA,GROGOL UTARA,368,10,35,4,319,0,0,0,0,0,24,0,0,24,601,38,563,16,0,16,278,10,229,8,31,
3174021007,DKI JAKARTA,JAKARTA SELATAN,SETIA BUDI,GUNTUR,57,1,5,0,51,0,0,0,0,0,1,0,0,1,187,8,179,1,0,1,42,1,29,0,12,
3174071002,DKI JAKARTA,JAKARTA SELATAN,KEBAYORAN BARU,GUNUNG,257,0,33,3,221,0,0,0,0,0,7,0,0,7,346,21,325,0,0,0,109,13,64,2,30,
3171031005,DKI JAKARTA,JAKARTA PUSAT,KEMAYORAN,GUNUNG SAHARI SELATAN,283,2,23,1,257,0,0,0,0,0,4,0,0,4,502,89,413,1,0,1,173,0,129,5,39,
3171021004,DKI JAKARTA,JAKARTA PUSAT,SAWAH BESAR,GUNUNG SAHARI UTARA,269,4,13,1,251,1,1,0,0,0,7,0,0,7,536,57,479,8,0,8,171,5,133,9,24,
3175081004,DKI JAKARTA,JAKARTA TIMUR,MAKASAR,HALIM PERDANA KUSUMAH,233,3,13,2,215,0,0,0,0,0,6,0,1,5,528,41,487,9,0,9,393,27,324,5,37,
3171031003,DKI JAKARTA,JAKARTA PUSAT,KEMAYORAN,HARAPAN MULIA,342,4,19,3,316,1,0,0,0,1,6,0,0,6,541,52,489,30,0,30,241,1,186,9,45,
3174091001,DKI JAKARTA,JAKARTA SELATAN,JAGAKARSA,JAGAKARSA,864,12,61,2,789,8,0,0,0,8,8,0,0,8,1041,64,977,18,0,18,381,17,308,6,50,
3175021007,DKI JAKARTA,JAKARTA TIMUR,PULO GADUNG,JATI,340,2,17,1,320,0,0,0,0,0,8,0,0,8,883,43,840,35,0,35,256,10,207,2,37,
3174041002,DKI JAKARTA,JAKARTA SELATAN,PASAR MINGGU,JATI PADANG,472,8,35,2,427,0,0,0,0,0,3,0,0,3,613,47,566,67,0,67,186,9,142,5,30,
3173071004,DKI JAKARTA,JAKARTA BARAT,PALMERAH,JATI PULO,501,5,36,4,456,2,1,0,0,1,4,0,0,4,730,43,687,63,0,63,287,7,247,8,25,
3175061001,DKI JAKARTA,JAKARTA TIMUR,CAKUNG,JATINEGARA,608,6,55,3,544,1,0,0,0,1,3,0,0,3,1402,243,1159,43,0,43,505,14,379,7,105,
3175021004,DKI JAKARTA,JAKARTA TIMUR,PULO GADUNG,JATINEGARA KAUM,124,3,11,0,110,1,0,0,1,0,3,0,0,3,343,33,310,11,0,11,97,3,73,4,17,
3173021004,DKI JAKARTA,JAKARTA BARAT,GROGOL PETAMBURAN,JELAMBAR,416,3,54,5,354,2,0,0,0,2,26,0,0,26,747,63,684,12,0,12,199,6,174,6,13,
3173021006,DKI JAKARTA,JAKARTA BARAT,GROGOL PETAMBURAN,JELAMBAR BARU,356,2,27,2,325,2,0,0,0,2,4,0,0,4,605,49,556,20,0,20,157,10,121,5,21,
3173041006,DKI JAKARTA,JAKARTA BARAT,TAMBORA,JEMBATAN BESI,537,4,16,1,516,1,1,0,0,0,5,0,0,5,470,15,455,7,0,7,224,3,195,7,19,
3173041008,DKI JAKARTA,JAKARTA BARAT,TAMBORA,JEMBATAN LIMA,189,3,7,0,179,0,0,0,0,0,1,0,0,1,199,9,190,5,0,5,114,3,96,4,11,
3173081005,DKI JAKARTA,JAKARTA BARAT,KEMBANGAN,JOGLO,440,3,68,4,365,1,0,0,0,1,5,0,0,5,722,70,652,14,0,14,221,7,178,3,33,
3171081001,DKI JAKARTA,JAKARTA PUSAT,JOHAR BARU,JOHAR BARU,644,4,32,3,605,4,1,0,0,3,10,0,0,10,1763,89,1674,95,0,95,481,7,411,17,46,
3173041002,DKI JAKARTA,JAKARTA BARAT,TAMBORA,KALI ANYAR,367,4,19,0,344,1,0,0,0,1,3,0,0,3,346,11,335,14,0,14,178,4,154,5,15,
3172041004,DKI JAKARTA,JAKARTA UTARA,CILINCING,KALI BARU,478,14,48,5,411,0,0,0,0,0,4,0,0,4,635,23,612,43,0,43,331,4,276,8,43,
3174081002,DKI JAKARTA,JAKARTA SELATAN,PANCORAN,KALIBATA,554,12,57,4,481,7,0,0,0,7,11,0,0,11,778,45,733,12,0,12,290,8,238,5,39,
3173061001,DKI JAKARTA,JAKARTA BARAT,KALI DERES,KALIDERES,1036,20,78,4,934,1,0,0,0,1,6,0,1,5,2177,157,2020,30,0,30,382,14,299,6,63,
3175051004,DKI JAKARTA,JAKARTA TIMUR,PASAR REBO,KALISARI,1041,5,128,0,908,0,0,0,0,0,3,0,0,3,482,43,439,11,0,11,251,7,186,5,53,
3173061004,DKI JAKARTA,JAKARTA BARAT,KALI DERES,KAMAL,321,4,23,3,291,0,0,0,0,0,1,0,0,1,530,24,506,4,0,4,67,3,40,7,17,
3172011002,DKI JAKARTA,JAKARTA UTARA,PENJARINGAN,KAMAL MUARA,92,0,16,0,76,0,0,0,0,0,4,0,0,4,206,32,174,1,0,1,73,2,61,2,8,
3171071007,DKI JAKARTA,JAKARTA PUSAT,TANAH ABANG,KAMPUNG BALI,144,0,3,2,139,1,0,0,0,1,2,0,0,2,309,21,288,2,0,2,72,1,56,3,12,
3175031001,DKI JAKARTA,JAKARTA TIMUR,JATINEGARA,KAMPUNG MELAYU,200,2,15,5,178,2,0,0,0,2,5,0,0,5,297,45,252,4,0,4,198,7,170,3,18,
3171081002,DKI JAKARTA,JAKARTA PUSAT,JOHAR BARU,KAMPUNG RAWA,296,0,7,0,289,1,0,0,0,1,1,0,0,1,751,60,691,66,0,66,256,1,237,13,5,
3175041002,DKI JAKARTA,JAKARTA TIMUR,KRAMAT JATI,KAMPUNG TENGAH,531,8,50,1,472,2,1,0,0,1,9,0,0,9,1133,123,1010,50,0,50,280,7,230,11,32,
3173011005,DKI JAKARTA,JAKARTA BARAT,CENGKARENG,KAPUK,753,12,102,16,623,1,0,0,0,1,12,0,1,11,1461,163,1298,14,0,14,518,20,396,12,90,
3172011003,DKI JAKARTA,JAKARTA UTARA,PENJARINGAN,KAPUK MUARA,226,2,33,0,191,1,0,0,0,1,10,0,0,10,562,68,494,20,0,20,162,11,118,7,26,
3171021002,DKI JAKARTA,JAKARTA PUSAT,SAWAH BESAR,KARANG ANYAR,445,7,12,5,421,1,0,0,0,1,4,0,0,4,846,42,804,9,0,9,184,2,160,7,15,
3174021004,DKI JAKARTA,JAKARTA SELATAN,SETIA BUDI,KARET,131,0,8,0,123,0,0,0,0,0,11,0,0,11,382,21,361,4,0,4,129,3,100,0,26,
3174021003,DKI JAKARTA,JAKARTA SELATAN,SETIA BUDI,KARET KUNINGAN,271,4,67,1,199,0,0,0,0,0,21,0,0,21,387,53,334,4,0,4,176,20,115,2,39,
3174021002,DKI JAKARTA,JAKARTA SELATAN,SETIA BUDI,KARET SEMANGGI,57,0,5,1,51,0,0,0,0,0,3,0,0,3,83,7,76,2,0,2,24,0,22,2,0,
3171071003,DKI JAKARTA,JAKARTA PUSAT,TANAH ABANG,KARET TENGSIN,247,3,12,0,232,0,0,0,0,0,7,0,0,7,584,57,527,2,0,2,136,2,114,3,17,
3171021003,DKI JAKARTA,JAKARTA PUSAT,SAWAH BESAR,KARTINI,317,4,10,1,302,1,0,0,0,1,0,0,0,0,683,37,646,17,0,17,218,3,187,5,23,
3175011003,DKI JAKARTA,JAKARTA TIMUR,MATRAMAN,KAYU MANIS,350,9,14,0,327,3,0,0,0,3,2,0,0,2,664,39,625,29,0,29,207,8,160,4,35,
3175021006,DKI JAKARTA,JAKARTA TIMUR,PULO GADUNG,KAYU PUTIH,453,2,17,4,430,1,0,0,1,0,13,0,0,13,1050,68,982,45,0,45,301,25,241,9,26,
3173031006,DKI JAKARTA,JAKARTA BARAT,TAMAN SARI,KEAGUNGAN,288,2,14,0,272,0,0,0,0,0,3,0,0,3,480,15,465,10,0,10,169,7,146,1,15,
3174041007,DKI JAKARTA,JAKARTA SELATAN,PASAR MINGGU,KEBAGUSAN,568,15,46,1,506,3,0,0,0,3,2,0,0,2,679,49,630,39,0,39,182,4,150,1,27,
3174051006,DKI JAKARTA,JAKARTA SELATAN,KEBAYORAN LAMA,KEBAYORAN LAMA SELATAN,540,14,62,0,464,5,0,0,0,5,2,0,0,2,746,30,716,14,0,14,264,3,219,5,37,
3174051001,DKI JAKARTA,JAKARTA SELATAN,KEBAYORAN LAMA,KEBAYORAN LAMA UTARA,369,8,31,1,329,1,0,0,0,1,15,0,0,15,490,35,455,4,0,4,189,8,142,4,35,
3174011004,DKI JAKARTA,JAKARTA SELATAN,TEBET,KEBON BARU,379,1,41,2,335,0,0,0,0,0,15,0,0,15,681,78,603,18,0,18,203,12,153,3,35,
3172021005,DKI JAKARTA,JAKARTA UTARA,TANJUNG PRIOK,KEBON BAWANG,686,5,74,1,606,0,0,0,0,0,15,0,0,15,1169,103,1066,80,0,80,406,9,365,3,29,
3173051001,DKI JAKARTA,JAKARTA BARAT,KEBON JERUK,KEBON JERUK,716,10,84,6,616,2,0,0,0,2,13,0,0,13,1817,158,1659,59,0,59,600,12,515,16,57,
3171071006,DKI JAKARTA,JAKARTA PUSAT,TANAH ABANG,KEBON KACANG,429,1,12,1,415,1,0,0,0,1,0,0,0,0,536,35,501,6,0,6,292,5,254,11,22,
3171011005,DKI JAKARTA,JAKARTA PUSAT,GAMBIR,KEBON KELAPA,147,2,7,1,137,3,0,0,0,3,4,0,0,4,287,40,247,3,0,3,89,1,78,1,9,
3171031002,DKI JAKARTA,JAKARTA PUSAT,KEMAYORAN,KEBON KOSONG,357,1,26,5,325,0,0,0,0,0,8,0,0,8,472,67,405,31,0,31,239,5,204,7,23,
3175011005,DKI JAKARTA,JAKARTA TIMUR,MATRAMAN,KEBON MANGGIS,186,1,10,4,171,0,0,0,0,0,2,0,0,2,264,31,233,23,0,23,143,3,123,2,15,
3171071005,DKI JAKARTA,JAKARTA PUSAT,TANAH ABANG,KEBON MELATI,478,2,25,3,448,1,1,0,0,0,5,0,0,5,942,47,895,10,0,10,460,3,424,8,25,
3175081003,DKI JAKARTA,JAKARTA TIMUR,MAKASAR,KEBON PALA,321,2,19,1,299,1,0,0,0,1,5,0,0,5,922,70,852,16,0,16,299,19,246,5,29,
3171061005,DKI JAKARTA,JAKARTA PUSAT,MENTENG,KEBON SIRIH,157,0,10,2,145,0,0,0,0,0,4,0,0,4,298,22,276,14,0,14,130,3,120,2,5,
3173011004,DKI JAKARTA,JAKARTA BARAT,CENGKARENG,KEDAUNG KALI ANGKE,450,5,33,0,412,0,0,0,0,0,1,0,0,1,559,69,490,6,0,6,281,4,239,3,35,
3173051007,DKI JAKARTA,JAKARTA BARAT,KEBON JERUK,KEDOYA SELATAN,356,6,50,5,295,2,0,0,0,2,8,0,0,8,658,57,601,20,0,20,199,11,153,6,29,
3173051006,DKI JAKARTA,JAKARTA BARAT,KEBON JERUK,KEDOYA UTARA,359,8,28,2,321,1,0,0,0,1,15,0,0,15,844,71,773,21,0,21,256,6,218,6,26,
3173051004,DKI JAKARTA,JAKARTA BARAT,KEBON JERUK,KELAPA DUA,281,3,32,0,246,0,0,0,0,0,5,0,0,5,630,106,524,22,0,22,168,10,123,3,32,
3175091003,DKI JAKARTA,JAKARTA TIMUR,CIRACAS,KELAPA DUA WETAN,579,8,53,1,517,1,0,0,0,1,7,0,0,7,1074,53,1021,36,0,36,206,12,172,2,20,
3172061003,DKI JAKARTA,JAKARTA UTARA,KELAPA GADING,KELAPA GADING BARAT,849,11,52,3,783,2,0,0,0,2,48,0,1,47,1237,62,1175,127,0,127,375,6,316,5,48,
3172061001,DKI JAKARTA,JAKARTA UTARA,KELAPA GADING,KELAPA GADING TIMUR,684,3,22,2,657,2,1,0,0,1,22,0,1,21,1231,52,1179,91,0,91,281,8,225,9,39,
3173071005,DKI JAKARTA,JAKARTA BARAT,PALMERAH,KEMANGGISAN,593,1,57,6,529,0,0,0,0,0,8,0,0,8,882,51,831,50,0,50,299,7,248,10,34,
3171031001,DKI JAKARTA,JAKARTA PUSAT,KEMAYORAN,KEMAYORAN,378,5,34,3,336,0,0,0,0,0,2,0,0,2,551,33,518,22,0,22,318,2,267,10,39,
3173081006,DKI JAKARTA,JAKARTA BARAT,KEMBANGAN,KEMBANGAN SELATAN,258,5,24,1,228,0,0,0,0,0,8,0,0,8,579,53,526,52,0,52,188,15,148,4,21,
3173081001,DKI JAKARTA,JAKARTA BARAT,KEMBANGAN,KEMBANGAN UTARA,595,4,87,3,501,4,0,0,1,3,3,0,0,3,1494,91,1403,10,0,10,286,8,216,6,56,
3171041002,DKI JAKARTA,JAKARTA PUSAT,SENEN,KENARI,209,4,14,1,190,1,0,0,0,1,5,0,0,5,492,27,465,46,0,46,170,0,161,3,6,
3173041005,DKI JAKARTA,JAKARTA BARAT,TAMBORA,KERENDANG,261,1,10,2,248,1,0,0,0,1,0,0,0,0,212,17,195,8,0,8,128,2,114,8,4,
3175071003,DKI JAKARTA,JAKARTA TIMUR,DUREN SAWIT,KLENDER,622,7,23,2,590,4,1,0,0,3,5,0,1,4,964,76,888,30,0,30,388,15,311,16,46,
3172031001,DKI JAKARTA,JAKARTA UTARA,KOJA,KOJA,301,3,19,0,279,0,0,0,0,0,4,0,0,4,420,11,409,40,0,40,315,2,235,8,70,
3173071006,DKI JAKARTA,JAKARTA BARAT,PALMERAH,KOTA BAMBU SELATAN,485,4,42,5,434,0,0,0,0,0,1,0,0,1,840,47,793,71,0,71,250,7,216,5,22,
3173071003,DKI JAKARTA,JAKARTA BARAT,PALMERAH,KOTA BAMBU UTARA,393,1,21,11,360,1,1,0,0,0,3,0,0,3,564,24,540,54,0,54,222,5,197,7,13,
3171041004,DKI JAKARTA,JAKARTA PUSAT,SENEN,KRAMAT,396,7,20,6,363,0,0,0,0,0,7,0,0,7,902,57,845,34,0,34,279,8,226,11,34,
3175041001,DKI JAKARTA,JAKARTA TIMUR,KRAMAT JATI,KRAMAT JATI,407,10,51,1,345,1,1,0,0,0,12,0,0,12,858,79,779,22,0,22,335,20,262,9,44,
3174071003,DKI JAKARTA,JAKARTA SELATAN,KEBAYORAN BARU,KRAMAT PELA,249,3,27,0,219,0,0,0,0,0,0,0,0,0,497,9,488,6,0,6,137,2,116,0,19,
3173031002,DKI JAKARTA,JAKARTA BARAT,TAMAN SARI,KRUKUT,270,5,19,6,240,1,0,0,0,1,3,0,0,3,435,30,405,12,0,12,171,6,149,4,12,
3174031005,DKI JAKARTA,JAKARTA SELATAN,MAMPANG PRAPATAN,KUNINGAN BARAT,122,3,5,1,113,0,0,0,0,0,0,0,0,0,465,18,447,5,0,5,116,6,98,0,12,
3174021008,DKI JAKARTA,JAKARTA SELATAN,SETIA BUDI,KUNINGAN TIMUR,124,0,12,1,111,1,0,0,0,1,20,0,0,20,196,41,155,1,0,1,103,0,69,2,32,
3171041005,DKI JAKARTA,JAKARTA PUSAT,SENEN,KWITANG,226,3,4,0,219,2,0,0,0,2,7,0,0,7,455,43,412,10,0,10,119,4,96,5,14,
3172031003,DKI JAKARTA,JAKARTA UTARA,KOJA,LAGOA,606,5,56,1,544,0,0,0,0,0,5,0,0,5,661,25,636,70,0,70,656,12,532,13,99,
3174061002,DKI JAKARTA,JAKARTA SELATAN,CILANDAK,LEBAK BULUS,397,1,46,2,348,3,0,0,0,3,27,0,0,27,975,57,918,22,0,22,431,4,393,9,25,
3174091004,DKI JAKARTA,JAKARTA SELATAN,JAGAKARSA,LENTENG AGUNG,607,8,36,0,563,3,0,0,0,3,6,0,0,6,669,93,576,14,0,14,220,3,173,2,42,
LUAR DKI JAKARTA,LUAR DKI JAKARTA,LUAR DKI JAKARTA,LUAR DKI JAKARTA,LUAR DKI JAKARTA,36299,584,3966,98,31651,79,9,0,0,70,627,0,8,619,56443,8277,48166,1884,0,1884,7544,360,6640,125,419,
3175101007,DKI JAKARTA,JAKARTA TIMUR,CIPAYUNG,LUBANG BUAYA,780,10,86,3,681,2,0,0,0,2,10,0,0,10,753,82,671,29,0,29,367,26,274,2,65,
3175081001,DKI JAKARTA,JAKARTA TIMUR,MAKASAR,MAKASAR,319,7,30,1,281,0,0,0,0,0,8,0,0,8,1121,127,994,23,0,23,255,16,217,1,21,
3175071006,DKI JAKARTA,JAKARTA TIMUR,DUREN SAWIT,MALAKA JAYA,336,5,14,2,315,1,0,0,0,1,2,0,0,2,574,42,532,16,0,16,218,7,182,3,26,
3175071005,DKI JAKARTA,JAKARTA TIMUR,DUREN SAWIT,MALAKA SARI,306,2,20,1,283,0,0,0,0,0,1,0,0,1,520,65,455,15,0,15,186,5,159,3,19,
3174031001,DKI JAKARTA,JAKARTA SELATAN,MAMPANG PRAPATAN,MAMPANG PRAPATAN,305,10,23,2,270,1,0,0,0,1,0,0,0,0,982,39,943,10,0,10,288,4,253,8,23,
3173031005,DKI JAKARTA,JAKARTA BARAT,TAMAN SARI,MANGGA BESAR,139,4,12,1,122,1,0,0,0,1,0,0,0,0,164,13,151,6,0,6,64,3,48,2,11,
3171021005,DKI JAKARTA,JAKARTA PUSAT,SAWAH BESAR,MANGGA DUA SELATAN,387,4,17,1,365,3,0,0,0,3,1,0,0,1,800,63,737,12,0,12,226,3,186,4,33,
3174011007,DKI JAKARTA,JAKARTA SELATAN,TEBET,MANGGARAI,408,5,46,0,357,4,0,0,0,4,4,0,0,4,516,38,478,23,0,23,202,5,169,1,27,
3174011006,DKI JAKARTA,JAKARTA SELATAN,TEBET,MANGGARAI SELATAN,281,5,33,2,241,0,0,0,0,0,6,0,0,6,468,37,431,21,0,21,118,4,94,2,18,
3173031003,DKI JAKARTA,JAKARTA BARAT,TAMAN SARI,MAPHAR,217,3,17,1,196,0,0,0,0,0,6,0,0,6,377,35,342,39,0,39,196,4,177,1,14,
3172041003,DKI JAKARTA,JAKARTA UTARA,CILINCING,MARUNDA,271,6,18,0,247,3,0,0,0,3,0,0,0,0,349,11,338,13,0,13,110,0,92,1,17,
3174071001,DKI JAKARTA,JAKARTA SELATAN,KEBAYORAN BARU,MELAWAI,66,1,11,0,54,0,0,0,0,0,1,0,0,1,79,7,72,0,0,0,17,2,14,1,0,
3171061001,DKI JAKARTA,JAKARTA PUSAT,MENTENG,MENTENG,413,3,42,2,366,2,0,0,0,2,4,0,0,4,722,38,684,27,0,27,267,4,236,10,17,
3174021005,DKI JAKARTA,JAKARTA SELATAN,SETIA BUDI,MENTENG ATAS,346,3,24,3,316,2,0,0,0,2,48,0,1,47,1287,81,1206,37,0,37,258,5,204,7,42,
3174011003,DKI JAKARTA,JAKARTA SELATAN,TEBET,MENTENG DALAM,579,4,57,4,514,4,1,0,0,3,13,0,0,13,706,26,680,39,0,39,211,11,170,8,22,
3173081003,DKI JAKARTA,JAKARTA BARAT,KEMBANGAN,MERUYA SELATAN,358,7,39,1,311,1,1,0,0,0,4,0,0,4,751,52,699,17,0,17,205,2,158,3,42,
3173081002,DKI JAKARTA,JAKARTA BARAT,KEMBANGAN,MERUYA UTARA,548,10,76,6,456,1,0,0,1,0,7,0,0,7,948,85,863,10,0,10,248,10,189,2,47,
3175101004,DKI JAKARTA,JAKARTA TIMUR,CIPAYUNG,MUNJUL,263,2,22,0,239,0,0,0,0,0,3,0,0,3,337,42,295,24,0,24,96,6,85,1,4,
3172051002,DKI JAKARTA,JAKARTA UTARA,PADEMANGAN,PADEMANGAN BARAT,1778,8,80,5,1685,5,0,0,0,5,15,0,1,14,2412,68,2344,35,0,35,732,5,630,22,75,
3172051001,DKI JAKARTA,JAKARTA UTARA,PADEMANGAN,PADEMANGAN TIMUR,590,6,34,3,547,2,0,0,0,2,13,0,0,13,864,40,824,17,0,17,267,4,224,4,35,
3175011004,DKI JAKARTA,JAKARTA TIMUR,MATRAMAN,PAL MERIAM,253,6,15,2,230,2,0,0,0,2,3,0,0,3,627,31,596,58,0,58,207,10,163,6,28,
3173071001,DKI JAKARTA,JAKARTA BARAT,PALMERAH,PALMERAH,1191,6,153,2,1030,0,0,0,0,0,2,0,0,2,1832,168,1664,78,0,78,502,24,399,21,58,
3174081001,DKI JAKARTA,JAKARTA SELATAN,PANCORAN,PANCORAN,382,4,44,0,334,1,0,0,0,1,9,0,0,9,571,24,547,6,0,6,236,10,199,4,23,
3172021003,DKI JAKARTA,JAKARTA UTARA,TANJUNG PRIOK,PAPANGGO,436,5,49,0,382,1,0,0,0,1,7,0,0,7,831,72,759,57,0,57,277,4,233,2,38,
3171021001,DKI JAKARTA,JAKARTA PUSAT,SAWAH BESAR,PASAR BARU,229,3,10,2,214,2,0,0,0,2,8,0,0,8,460,22,438,11,0,11,162,4,145,1,12,
3174021006,DKI JAKARTA,JAKARTA SELATAN,SETIA BUDI,PASAR MANGGIS,233,3,14,3,213,4,1,0,0,3,28,0,0,28,933,61,872,17,0,17,218,6,172,8,32,
3174041001,DKI JAKARTA,JAKARTA SELATAN,PASAR MINGGU,PASAR MINGGU,405,5,31,1,368,3,1,0,0,2,7,0,0,7,581,38,543,20,0,20,225,8,190,6,21,
3171041003,DKI JAKARTA,JAKARTA PUSAT,SENEN,PASEBAN,530,5,36,1,488,3,0,0,0,3,18,0,0,18,953,88,865,61,0,61,293,5,249,9,30,
3173061005,DKI JAKARTA,JAKARTA BARAT,KALI DERES,PEGADUNGAN,693,6,43,7,637,0,0,0,0,0,10,0,0,10,1483,131,1352,18,0,18,263,11,210,6,36,
3171061002,DKI JAKARTA,JAKARTA PUSAT,MENTENG,PEGANGSAAN,367,3,20,2,342,1,0,0,0,1,2,0,0,2,859,24,835,51,0,51,354,7,337,4,6,
3172061002,DKI JAKARTA,JAKARTA UTARA,KELAPA GADING,PEGANGSAAN DUA,805,11,50,1,743,2,0,0,0,2,41,0,0,41,1641,98,1543,155,0,155,433,17,333,10,73,
3172011004,DKI JAKARTA,JAKARTA UTARA,PENJARINGAN,PEJAGALAN,575,4,84,2,485,3,0,0,0,3,8,0,0,8,950,105,845,31,0,31,290,4,221,5,60,
3174041006,DKI JAKARTA,JAKARTA SELATAN,PASAR MINGGU,PEJATEN BARAT,459,7,37,2,413,8,0,0,0,8,2,0,0,2,680,53,627,74,0,74,221,6,185,2,28,
3174041005,DKI JAKARTA,JAKARTA SELATAN,PASAR MINGGU,PEJATEN TIMUR,486,8,31,1,446,4,0,0,0,4,3,0,0,3,629,50,579,40,0,40,221,15,176,11,19,
3175051005,DKI JAKARTA,JAKARTA TIMUR,PASAR REBO,PEKAYON,853,6,80,1,766,1,0,0,0,1,3,0,0,3,335,26,309,13,0,13,200,3,162,3,32,
3173041009,DKI JAKARTA,JAKARTA BARAT,TAMBORA,PEKOJAN,295,5,23,2,265,0,0,0,0,0,3,0,0,3,255,17,238,18,0,18,127,3,100,4,20,
3174031003,DKI JAKARTA,JAKARTA SELATAN,MAMPANG PRAPATAN,PELA MAMPANG,378,9,27,2,340,4,0,0,0,4,15,0,0,15,1429,87,1342,6,0,6,310,13,242,5,50,
3174081005,DKI JAKARTA,JAKARTA SELATAN,PANCORAN,PENGADEGAN,204,2,19,2,181,0,0,0,0,0,8,0,0,8,392,29,363,10,0,10,108,8,87,1,12,
3175061003,DKI JAKARTA,JAKARTA TIMUR,CAKUNG,PENGGILINGAN,639,10,70,1,558,2,0,0,0,2,9,0,1,8,1664,230,1434,77,0,77,550,8,442,12,88,
3172011001,DKI JAKARTA,JAKARTA UTARA,PENJARINGAN,PENJARINGAN,1123,18,130,4,971,2,0,0,0,2,23,0,0,23,2896,106,2790,120,0,120,630,9,496,15,110,
3174101001,DKI JAKARTA,JAKARTA SELATAN,PESANGGRAHAN,PESANGGRAHAN,423,3,23,4,393,2,0,0,1,1,0,0,0,0,869,96,773,19,0,19,157,4,122,3,28,
3171071004,DKI JAKARTA,JAKARTA PUSAT,TANAH ABANG,PETAMBURAN,567,2,20,7,538,0,0,0,0,0,7,0,0,7,887,89,798,9,0,9,418,10,383,13,12,
3174071008,DKI JAKARTA,JAKARTA SELATAN,KEBAYORAN BARU,PETOGOGAN,202,2,69,0,131,0,0,0,0,0,3,0,0,3,264,31,233,1,0,1,70,2,57,0,11,
3171011004,DKI JAKARTA,JAKARTA PUSAT,GAMBIR,PETOJO SELATAN,230,0,12,1,217,0,0,0,0,0,28,0,0,28,754,57,697,15,0,15,267,5,236,8,18,
3171011003,DKI JAKARTA,JAKARTA PUSAT,GAMBIR,PETOJO UTARA,198,0,11,3,184,1,0,0,0,1,11,0,0,11,382,23,359,25,0,25,148,2,128,3,15,
3174101004,DKI JAKARTA,JAKARTA SELATAN,PESANGGRAHAN,PETUKANGAN SELATAN,420,3,22,2,393,0,0,0,0,0,2,0,0,2,846,67,779,8,0,8,190,8,129,4,49,
3174101003,DKI JAKARTA,JAKARTA SELATAN,PESANGGRAHAN,PETUKANGAN UTARA,532,3,35,4,490,2,0,0,0,2,6,0,0,6,1624,90,1534,9,0,9,305,7,238,2,58,
3175081002,DKI JAKARTA,JAKARTA TIMUR,MAKASAR,PINANG RANTI,246,10,22,1,213,0,0,0,0,0,1,0,0,1,681,87,594,28,0,28,156,9,115,5,27,
3173031008,DKI JAKARTA,JAKARTA BARAT,TAMAN SARI,PINANGSIA,138,2,14,1,121,0,0,0,0,0,2,0,0,2,236,23,213,3,0,3,103,12,82,0,9,
3175011001,DKI JAKARTA,JAKARTA TIMUR,MATRAMAN,PISANGAN BARU,352,9,12,3,328,1,0,0,0,1,4,0,0,4,460,31,429,34,0,34,186,4,153,7,22,
3175021002,DKI JAKARTA,JAKARTA TIMUR,PULO GADUNG,PISANGAN TIMUR,343,5,30,4,304,1,0,0,0,1,10,0,0,10,750,71,679,30,0,30,223,9,170,5,39,
3172011005,DKI JAKARTA,JAKARTA UTARA,PENJARINGAN,PLUIT,408,1,57,4,346,0,0,0,0,0,12,0,0,12,1257,90,1167,17,0,17,238,3,179,9,47,
3175071002,DKI JAKARTA,JAKARTA TIMUR,DUREN SAWIT,PONDOK BAMBU,962,6,45,1,910,5,0,0,0,5,3,0,0,3,1049,79,970,31,0,31,395,11,336,7,41,
3175071004,DKI JAKARTA,JAKARTA TIMUR,DUREN SAWIT,PONDOK KELAPA,683,6,38,0,639,0,0,0,0,0,11,0,0,11,1130,82,1048,22,0,22,373,14,306,11,42,
3175071007,DKI JAKARTA,JAKARTA TIMUR,DUREN SAWIT,PONDOK KOPI,441,1,47,1,392,0,0,0,0,0,2,0,0,2,477,39,438,13,0,13,252,12,196,11,33,
3174061003,DKI JAKARTA,JAKARTA SELATAN,CILANDAK,PONDOK LABU,504,20,71,1,412,6,0,0,0,6,73,0,0,73,1060,96,964,37,0,37,200,2,155,1,42,
3174051002,DKI JAKARTA,JAKARTA SELATAN,KEBAYORAN LAMA,PONDOK PINANG,564,4,50,4,506,0,0,0,0,0,44,0,0,44,828,47,781,11,0,11,287,5,233,9,40,
3175101003,DKI JAKARTA,JAKARTA TIMUR,CIPAYUNG,PONDOK RANGGON,285,3,25,3,254,0,0,0,0,0,3,0,0,3,409,52,357,21,0,21,165,8,136,1,20,
PROSES UPDATE DATA,PROSES UPDATE DATA,PROSES UPDATE DATA,PROSES UPDATE DATA,PROSES UPDATE DATA,13714,82,597,1696,11339,3252,0,0,3248,4,105,0,0,105,15258,2144,13114,68,1,67,23147,799,19812,451,2085,
3101011003,DKI JAKARTA,KAB.ADM.KEP.SERIBU,KEP. SERIBU UTARA,PULAU HARAPAN,65,0,4,0,61,0,0,0,0,0,0,0,0,0,76,12,64,0,0,0,6,0,4,0,2,
3101011002,DKI JAKARTA,KAB.ADM.KEP.SERIBU,KEP. SERIBU UTARA,PULAU KELAPA,79,0,18,1,60,0,0,0,0,0,3,0,0,3,179,24,155,1,0,1,8,0,7,0,1,
3101011001,DKI JAKARTA,KAB.ADM.KEP.SERIBU,KEP. SERIBU UTARA,PULAU PANGGANG,153,0,30,1,122,0,0,0,0,0,0,0,0,0,175,5,170,4,0,4,28,0,23,0,5,
3101021003,DKI JAKARTA,KAB.ADM.KEP.SERIBU,KEP. SERIBU SELATAN,PULAU PARI,12,0,4,0,8,0,0,0,0,0,0,0,0,0,173,0,173,1,0,1,5,0,4,0,1,
3101021002,DKI JAKARTA,KAB.ADM.KEP.SERIBU,KEP. SERIBU SELATAN,PULAU TIDUNG,38,0,2,0,36,1,0,0,1,0,0,0,0,0,374,4,370,1,0,1,37,0,36,0,1,
3101021001,DKI JAKARTA,KAB.ADM.KEP.SERIBU,KEP. SERIBU SELATAN,PULAU UNTUNG JAWA,25,0,0,0,25,0,0,0,0,0,0,0,0,0,109,1,108,0,0,0,6,1,5,0,0,
3174071007,DKI JAKARTA,JAKARTA SELATAN,KEBAYORAN BARU,PULO,289,4,25,1,259,1,0,0,0,1,1,0,0,1,215,11,204,0,0,0,54,0,47,0,7,
3175021001,DKI JAKARTA,JAKARTA TIMUR,PULO GADUNG,PULO GADUNG,388,6,23,2,357,0,0,0,0,0,11,0,0,11,868,78,790,33,0,33,262,8,207,6,41,
3175061005,DKI JAKARTA,JAKARTA TIMUR,CAKUNG,PULO GEBANG,571,8,75,2,486,1,0,0,0,1,9,0,0,9,1343,127,1216,62,0,62,383,5,300,8,70,
3174041004,DKI JAKARTA,JAKARTA SELATAN,PASAR MINGGU,RAGUNAN,717,11,157,2,547,1,0,0,0,1,2,0,0,2,688,42,646,25,0,25,203,9,158,5,31,
3175091005,DKI JAKARTA,JAKARTA TIMUR,CIRACAS,RAMBUTAN,435,3,30,1,401,2,0,0,0,2,12,0,0,12,702,32,670,29,0,29,175,16,135,2,22,
3172031006,DKI JAKARTA,JAKARTA UTARA,KOJA,RAWA BADAK SELATAN,476,4,29,2,441,2,0,0,0,2,2,0,0,2,539,12,527,49,0,49,308,3,281,4,20,
3172031004,DKI JAKARTA,JAKARTA UTARA,KOJA,RAWA BADAK UTARA,466,4,57,1,404,0,0,0,0,0,2,0,0,2,492,25,467,78,0,78,250,4,220,4,22,
3174071005,DKI JAKARTA,JAKARTA SELATAN,KEBAYORAN BARU,RAWA BARAT,98,1,11,2,84,0,0,0,0,0,2,0,0,2,159,12,147,0,0,0,31,1,18,1,11,
3173011003,DKI JAKARTA,JAKARTA BARAT,CENGKARENG,RAWA BUAYA,362,8,38,2,314,1,1,0,0,0,4,0,0,4,770,69,701,6,0,6,286,5,237,11,33,
3175031004,DKI JAKARTA,JAKARTA TIMUR,JATINEGARA,RAWA BUNGA,153,1,8,1,143,0,0,0,0,0,1,0,0,1,238,33,205,15,0,15,128,3,99,2,24,
3174081003,DKI JAKARTA,JAKARTA SELATAN,PANCORAN,RAWA JATI,282,0,20,0,262,2,0,0,0,2,11,0,0,11,472,30,442,7,0,7,96,4,77,0,15,
3175061002,DKI JAKARTA,JAKARTA TIMUR,CAKUNG,RAWA TERATE,134,1,15,0,118,0,0,0,0,0,2,0,0,2,362,48,314,6,0,6,164,2,116,1,45,
3175021005,DKI JAKARTA,JAKARTA TIMUR,PULO GADUNG,RAWAMANGUN,342,7,21,0,314,1,0,0,0,1,7,0,0,7,847,54,793,30,0,30,282,7,215,8,52,
3171051003,DKI JAKARTA,JAKARTA PUSAT,CEMPAKA PUTIH,RAWASARI,687,8,21,2,656,3,0,0,1,2,10,0,0,10,1268,70,1198,32,0,32,419,5,378,5,31,
3173041010,DKI JAKARTA,JAKARTA BARAT,TAMBORA,ROA MALAKA,36,0,3,0,33,1,0,0,0,1,0,0,0,0,45,3,42,1,0,1,14,0,14,0,0,
3172041006,DKI JAKARTA,JAKARTA UTARA,CILINCING,ROROTAN,382,5,40,2,335,0,0,0,0,0,4,0,0,4,619,45,574,73,0,73,164,1,134,2,27,
3174071004,DKI JAKARTA,JAKARTA SELATAN,KEBAYORAN BARU,SELONG,75,0,15,0,60,0,0,0,0,0,3,0,0,3,124,13,111,3,0,3,23,0,20,1,2,
3173061002,DKI JAKARTA,JAKARTA BARAT,KALI DERES,SEMANAN,514,6,66,3,439,1,1,0,0,0,3,0,0,3,1058,99,959,7,0,7,185,9,137,2,37,
3172041007,DKI JAKARTA,JAKARTA UTARA,CILINCING,SEMPER BARAT,747,17,90,1,639,3,0,0,0,3,12,0,0,12,1138,61,1077,101,0,101,454,5,394,7,48,
3172041005,DKI JAKARTA,JAKARTA UTARA,CILINCING,SEMPER TIMUR,422,8,26,1,387,1,0,0,0,1,4,0,0,4,670,23,647,47,0,47,236,3,190,4,39,
3174071006,DKI JAKARTA,JAKARTA SELATAN,KEBAYORAN BARU,SENAYAN,267,1,22,0,244,0,0,0,0,0,10,0,0,10,324,6,318,0,0,0,118,3,98,0,17,
3171041001,DKI JAKARTA,JAKARTA PUSAT,SENEN,SENEN,190,1,9,0,180,1,0,0,0,1,8,0,1,7,670,14,656,26,0,26,154,0,143,3,8,
3171031004,DKI JAKARTA,JAKARTA PUSAT,KEMAYORAN,SERDANG,428,3,24,2,399,0,0,0,0,0,5,0,0,5,710,74,636,30,0,30,265,4,219,6,36,
3174021001,DKI JAKARTA,JAKARTA SELATAN,SETIA BUDI,SETIA BUDI,92,0,8,0,84,0,0,0,0,0,4,0,0,4,340,32,308,6,0,6,37,1,28,0,8,
3175101005,DKI JAKARTA,JAKARTA TIMUR,CIPAYUNG,SETU,257,1,13,0,243,1,0,0,0,1,2,0,0,2,407,42,365,14,0,14,109,3,92,1,13,
3173071002,DKI JAKARTA,JAKARTA BARAT,PALMERAH,SLIPI,528,3,37,2,486,0,0,0,0,0,2,0,0,2,972,77,895,40,0,40,293,7,256,3,27,
3173081004,DKI JAKARTA,JAKARTA BARAT,KEMBANGAN,SRENGSENG,525,3,65,3,454,1,0,0,0,1,6,0,0,6,1207,108,1099,24,0,24,284,10,227,4,43,
3174091002,DKI JAKARTA,JAKARTA SELATAN,JAGAKARSA,SRENGSENG SAWAH,707,8,34,0,665,8,0,0,0,8,11,0,0,11,874,100,774,26,0,26,217,2,185,7,23,
3173051003,DKI JAKARTA,JAKARTA BARAT,KEBON JERUK,SUKABUMI SELATAN,287,6,26,4,251,1,0,0,0,1,1,0,0,1,663,54,609,24,0,24,190,5,150,5,30,
3173051002,DKI JAKARTA,JAKARTA BARAT,KEBON JERUK,SUKABUMI UTARA,317,3,38,3,273,0,0,0,0,0,19,0,0,19,724,82,642,45,0,45,212,4,170,7,31,
3172041002,DKI JAKARTA,JAKARTA UTARA,CILINCING,SUKAPURA,595,8,51,2,534,0,0,0,0,0,6,0,0,6,872,27,845,93,0,93,325,12,291,6,16,
3171031007,DKI JAKARTA,JAKARTA PUSAT,KEMAYORAN,SUMUR BATU,406,3,31,1,371,1,0,0,0,1,5,0,0,5,541,44,497,29,0,29,220,4,180,3,33,
3172021004,DKI JAKARTA,JAKARTA UTARA,TANJUNG PRIOK,SUNGAI BAMBU,358,3,55,0,300,0,0,0,0,0,7,0,1,6,644,80,564,34,0,34,189,2,128,5,54,
3172021006,DKI JAKARTA,JAKARTA UTARA,TANJUNG PRIOK,SUNTER AGUNG,927,8,68,1,850,3,0,0,0,3,21,0,0,21,1916,144,1772,76,0,76,558,22,473,16,47,
3172021002,DKI JAKARTA,JAKARTA UTARA,TANJUNG PRIOK,SUNTER JAYA,839,11,75,6,747,1,1,0,0,0,10,0,1,9,1629,182,1447,166,0,166,546,15,443,19,69,
3175091004,DKI JAKARTA,JAKARTA TIMUR,CIRACAS,SUSUKAN,506,3,80,1,422,0,0,0,0,0,17,0,0,17,1233,32,1201,69,0,69,172,7,127,6,32,
3173031001,DKI JAKARTA,JAKARTA BARAT,TAMAN SARI,TAMAN SARI,269,2,9,0,258,2,0,0,0,2,1,0,0,1,389,30,359,16,0,16,176,11,148,4,13,
3173041001,DKI JAKARTA,JAKARTA BARAT,TAMBORA,TAMBORA,195,3,11,3,178,0,0,0,0,0,1,0,0,1,293,20,273,3,0,3,87,4,67,3,13,
3173041004,DKI JAKARTA,JAKARTA BARAT,TAMBORA,TANAH SEREAL,284,6,8,2,268,1,0,0,0,1,4,0,0,4,261,16,245,5,0,5,161,6,137,7,11,
3171081004,DKI JAKARTA,JAKARTA PUSAT,JOHAR BARU,TANAH TINGGI,455,7,25,3,420,3,0,0,0,3,3,0,0,3,1010,52,958,35,0,35,379,7,337,16,19,
3173031004,DKI JAKARTA,JAKARTA BARAT,TAMAN SARI,TANGKI,235,3,9,1,222,1,0,0,0,1,3,0,0,3,292,24,268,2,0,2,113,7,90,1,15,
3174091005,DKI JAKARTA,JAKARTA SELATAN,JAGAKARSA,TANJUNG BARAT,569,9,51,1,508,1,0,0,0,1,2,0,0,2,541,57,484,11,0,11,236,7,184,5,40,
3173021005,DKI JAKARTA,JAKARTA BARAT,GROGOL PETAMBURAN,TANJUNG DUREN SELATAN,405,8,36,1,360,0,0,0,0,0,19,0,0,19,654,81,573,19,0,19,271,6,228,8,29,
3173021002,DKI JAKARTA,JAKARTA BARAT,GROGOL PETAMBURAN,TANJUNG DUREN UTARA,263,0,13,0,250,2,1,0,0,1,20,0,0,20,514,52,462,18,0,18,147,7,111,8,21,
3172021001,DKI JAKARTA,JAKARTA UTARA,TANJUNG PRIOK,TANJUNG PRIOK,501,7,48,6,440,0,0,0,0,0,11,0,0,11,743,65,678,66,0,66,363,5,310,9,39,
3174011002,DKI JAKARTA,JAKARTA SELATAN,TEBET,TEBET BARAT,458,13,39,0,406,2,1,0,0,1,8,0,0,8,617,30,587,23,0,23,290,2,258,7,23,
3174011001,DKI JAKARTA,JAKARTA SELATAN,TEBET,TEBET TIMUR,376,1,32,2,341,0,0,0,0,0,6,0,0,6,523,21,502,33,0,33,181,6,151,4,20,
3173061003,DKI JAKARTA,JAKARTA BARAT,KALI DERES,TEGAL ALUR,665,7,50,6,602,0,0,0,0,0,7,0,0,7,1200,96,1104,11,0,11,199,6,156,3,34,
3174031004,DKI JAKARTA,JAKARTA SELATAN,MAMPANG PRAPATAN,TEGAL PARANG,321,3,17,3,298,5,0,0,1,4,4,0,0,4,956,75,881,12,0,12,277,3,237,5,32,
3173021003,DKI JAKARTA,JAKARTA BARAT,GROGOL PETAMBURAN,TOMANG,444,10,59,2,373,0,0,0,0,0,15,0,1,14,708,74,634,76,0,76,281,7,224,8,42,
3172031005,DKI JAKARTA,JAKARTA UTARA,KOJA,TUGU SELATAN,413,11,27,1,374,0,0,0,0,0,2,0,0,2,438,20,418,70,0,70,271,4,192,7,68,
3172031002,DKI JAKARTA,JAKARTA UTARA,KOJA,TUGU UTARA,857,18,59,0,780,3,0,0,0,3,7,0,0,7,817,38,779,86,0,86,414,10,325,12,67,
3175061006,DKI JAKARTA,JAKARTA TIMUR,CAKUNG,UJUNG MENTENG,156,2,13,2,139,1,0,0,0,1,0,0,0,0,438,32,406,18,0,18,125,2,104,3,16,
3174101005,DKI JAKARTA,JAKARTA SELATAN,PESANGGRAHAN,ULUJAMI,540,7,30,2,501,0,0,0,0,0,0,0,0,0,1162,92,1070,26,0,26,231,7,185,5,34,
3175011006,DKI JAKARTA,JAKARTA TIMUR,MATRAMAN,UTAN KAYU SELATAN,482,10,18,8,446,2,0,0,0,2,6,0,0,6,794,30,764,89,0,89,256,4,218,8,26,
3175011002,DKI JAKARTA,JAKARTA TIMUR,MATRAMAN,UTAN KAYU UTARA,395,6,25,0,364,2,0,0,0,2,3,0,0,3,635,24,611,45,0,45,202,4,165,11,22,
3171031008,DKI JAKARTA,JAKARTA PUSAT,KEMAYORAN,UTAN PANJANG,379,10,31,2,336,0,0,0,0,0,4,0,1,3,554,98,456,27,0,27,266,7,227,8,24,
3172021007,DKI JAKARTA,JAKARTA UTARA,TANJUNG PRIOK,WARAKAS,496,4,76,2,414,0,0,0,0,0,10,0,0,10,929,76,853,52,0,52,280,4,224,6,46,
3173021007,DKI JAKARTA,JAKARTA BARAT,GROGOL PETAMBURAN,WIJAYA KUSUMA,375,2,35,2,336,1,0,0,0,1,7,0,0,7,805,75,730,23,0,23,263,13,190,6,54,
