id_kel,nama_provinsi,nama_kota,nama_kecamatan,nama_kelurahan,suspek,perawatan_rs,isolasi_di_rumah,suspek_meninggal,selesai_isolasi,probable,perawatan_rs,isolasi_di_rumah,probable_meninggal,selesai_isolasi,pelaku_perjalanan,perawatan_rs,isolasi_di_rumah,selesai_isolasi,kontak_erat,isolasi_di_rumah,selesai_isolasi,discarded,meninggal,selesai_isolasi,positif,dirawat,sembuh,meninggal,self_isolation,keterangan
3172051003,DKI JAKARTA,JAKARTA UTARA,PADEMANGAN,ANCOL,372,0,14,0,358,4,0,0,0,4,9,0,0,9,540,29,511,7,0,7,202,0,165,2,35,
3173041007,DKI JAKARTA,JAKARTA BARAT,TAMBORA,ANGKE,342,2,11,2,327,1,0,0,1,0,0,0,0,0,435,18,417,25,0,25,124,2,109,2,11,
3175041005,DKI JAKARTA,JAKARTA TIMUR,KRAMAT JATI,BALE KAMBANG,219,6,19,1,193,1,0,0,0,1,5,0,0,5,418,30,388,23,0,23,114,3,91,2,18,
3175031003,DKI JAKARTA,JAKARTA TIMUR,JATINEGARA,BALI MESTER,83,0,2,1,80,0,0,0,0,0,0,0,0,0,92,12,80,4,0,4,25,1,22,1,1,
3175101006,DKI JAKARTA,JAKARTA TIMUR,CIPAYUNG,BAMBU APUS,276,1,32,1,242,0,0,0,0,0,4,0,1,3,434,54,380,17,0,17,114,4,86,1,23,
3174031002,DKI JAKARTA,JAKARTA SELATAN,MAMPANG PRAPATAN,BANGKA,191,4,15,2,170,4,0,0,1,3,18,0,0,18,555,40,515,8,0,8,113,1,98,2,12,
3175051002,DKI JAKARTA,JAKARTA TIMUR,PASAR REBO,BARU,252,2,31,1,218,0,0,0,0,0,4,0,0,4,328,20,308,16,0,16,109,5,79,0,25,
3175041004,DKI JAKARTA,JAKARTA TIMUR,KRAMAT JATI,BATU AMPAR,350,5,19,1,325,2,0,0,0,2,3,0,1,2,731,61,670,25,0,25,148,3,119,3,23,
3171071002,DKI JAKARTA,JAKARTA PUSAT,TANAH ABANG,BENDUNGAN HILIR,335,2,9,0,324,0,0,0,0,0,4,0,1,3,438,46,392,9,0,9,168,5,126,3,34,
3175031002,DKI JAKARTA,JAKARTA TIMUR,JATINEGARA,BIDARA CINA,266,2,23,3,238,0,0,0,0,0,2,0,1,1,318,32,286,31,0,31,213,2,170,9,32,
3174101002,DKI JAKARTA,JAKARTA SELATAN,PESANGGRAHAN,BINTARO,578,6,39,2,531,4,0,0,0,4,9,0,0,9,1168,69,1099,23,0,23,218,7,158,7,46,
3174011005,DKI JAKARTA,JAKARTA SELATAN,TEBET,BUKIT DURI,291,6,27,3,255,1,0,0,0,1,13,0,0,13,456,42,414,13,0,13,151,3,106,7,35,
3171041006,DKI JAKARTA,JAKARTA PUSAT,SENEN,BUNGUR,189,3,7,2,177,1,0,0,0,1,13,0,0,13,448,18,430,10,0,10,145,1,123,2,19,
3175061007,DKI JAKARTA,JAKARTA TIMUR,CAKUNG,CAKUNG BARAT,242,3,41,1,197,0,0,0,0,0,0,0,0,0,572,68,504,39,0,39,191,4,133,3,51,
3175061004,DKI JAKARTA,JAKARTA TIMUR,CAKUNG,CAKUNG TIMUR,296,5,37,2,252,2,0,0,1,1,5,0,0,5,625,79,546,34,0,34,194,9,139,2,44,
3175041007,DKI JAKARTA,JAKARTA TIMUR,KRAMAT JATI,CAWANG,234,3,23,0,208,1,0,0,0,1,5,0,0,5,565,89,476,15,0,15,159,5,126,3,25,
3175101008,DKI JAKARTA,JAKARTA TIMUR,CIPAYUNG,CEGER,184,2,34,0,148,0,0,0,0,0,1,0,1,0,259,51,208,8,0,8,78,3,49,2,24,
3171031006,DKI JAKARTA,JAKARTA PUSAT,KEMAYORAN,CEMPAKA BARU,484,5,31,2,446,1,0,0,0,1,7,0,0,7,668,86,582,32,0,32,270,7,224,12,27,
3171051002,DKI JAKARTA,JAKARTA PUSAT,CEMPAKA PUTIH,CEMPAKA PUTIH BARAT,748,2,20,2,724,2,0,0,0,2,14,0,2,12,1635,71,1564,48,0,48,541,1,476,10,54,
3171051001,DKI JAKARTA,JAKARTA PUSAT,CEMPAKA PUTIH,CEMPAKA PUTIH TIMUR,509,7,12,1,489,0,0,0,0,0,10,0,0,10,1161,52,1109,53,0,53,306,5,264,5,32,
3173011001,DKI JAKARTA,JAKARTA BARAT,CENGKARENG,CENGKARENG BARAT,444,3,44,1,396,0,0,0,0,0,6,0,0,6,1020,75,945,12,0,12,264,6,199,4,55,
3173011006,DKI JAKARTA,JAKARTA BARAT,CENGKARENG,CENGKARENG TIMUR,635,4,66,7,558,1,0,0,0,1,4,0,0,4,1328,99,1229,14,0,14,457,15,338,12,92,
3175091002,DKI JAKARTA,JAKARTA TIMUR,CIRACAS,CIBUBUR,649,9,78,4,558,1,0,0,0,1,30,0,0,30,1613,47,1566,85,0,85,232,6,180,6,40,
3171011002,DKI JAKARTA,JAKARTA PUSAT,GAMBIR,CIDENG,231,0,11,2,218,0,0,0,0,0,8,0,0,8,484,57,427,13,0,13,165,1,140,6,18,
3174091003,DKI JAKARTA,JAKARTA SELATAN,JAGAKARSA,CIGANJUR,534,7,20,1,506,2,0,0,0,2,12,0,1,11,463,51,412,11,0,11,135,7,98,4,26,
3175051003,DKI JAKARTA,JAKARTA TIMUR,PASAR REBO,CIJANTUNG,562,6,91,3,462,0,0,0,0,0,2,0,1,1,436,30,406,8,0,8,181,4,140,7,30,
3171061003,DKI JAKARTA,JAKARTA PUSAT,MENTENG,CIKINI,118,2,12,0,104,0,0,0,0,0,0,0,0,0,171,8,163,11,0,11,43,2,26,2,13,
3174081006,DKI JAKARTA,JAKARTA SELATAN,PANCORAN,CIKOKO,150,0,4,0,146,1,0,0,0,1,10,0,0,10,237,10,227,0,0,0,50,1,47,1,1,
3174061001,DKI JAKARTA,JAKARTA SELATAN,CILANDAK,CILANDAK BARAT,667,1,56,5,605,1,0,0,0,1,97,0,1,96,1099,133,966,37,0,37,247,9,169,7,62,
3174041003,DKI JAKARTA,JAKARTA SELATAN,PASAR MINGGU,CILANDAK TIMUR,348,2,40,1,305,4,0,0,0,4,17,0,0,17,344,35,309,86,0,86,209,2,178,7,22,
3175101002,DKI JAKARTA,JAKARTA TIMUR,CIPAYUNG,CILANGKAP,253,3,16,1,233,1,0,0,0,1,2,0,0,2,433,44,389,19,0,19,119,4,97,0,18,
3175041006,DKI JAKARTA,JAKARTA TIMUR,KRAMAT JATI,CILILITAN,248,4,26,1,217,0,0,0,0,0,6,0,1,5,615,49,566,45,0,45,187,6,139,3,39,
3172041001,DKI JAKARTA,JAKARTA UTARA,CILINCING,CILINCING,435,6,44,1,384,0,0,0,0,0,6,0,0,6,1050,42,1008,77,0,77,310,1,270,6,33,
3175101001,DKI JAKARTA,JAKARTA TIMUR,CIPAYUNG,CIPAYUNG,377,6,44,2,325,3,0,0,1,2,6,0,1,5,463,79,384,22,0,22,156,6,125,2,23,
3174091006,DKI JAKARTA,JAKARTA SELATAN,JAGAKARSA,CIPEDAK,453,4,20,0,429,2,0,0,0,2,1,0,1,0,539,212,327,6,0,6,202,1,90,2,109,
3174061005,DKI JAKARTA,JAKARTA SELATAN,CILANDAK,CIPETE SELATAN,201,1,16,1,183,2,0,0,0,2,45,0,1,44,369,75,294,6,0,6,85,5,47,6,27,
3174071010,DKI JAKARTA,JAKARTA SELATAN,KEBAYORAN BARU,CIPETE UTARA,415,2,32,3,378,0,0,0,0,0,9,0,0,9,402,43,359,5,0,5,95,0,83,3,9,
3175021003,DKI JAKARTA,JAKARTA TIMUR,PULO GADUNG,CIPINANG,237,0,15,2,220,1,1,0,0,0,3,0,0,3,709,39,670,35,0,35,248,14,198,7,29,
3175031007,DKI JAKARTA,JAKARTA TIMUR,JATINEGARA,CIPINANG BESAR SELATAN,194,3,11,2,178,2,0,0,0,2,1,0,0,1,364,50,314,14,0,14,133,2,93,2,36,
3175031008,DKI JAKARTA,JAKARTA TIMUR,JATINEGARA,CIPINANG BESAR UTARA,312,8,18,0,286,1,0,0,0,1,3,0,0,3,496,41,455,16,0,16,224,6,171,4,43,
3175031005,DKI JAKARTA,JAKARTA TIMUR,JATINEGARA,CIPINANG CEMPEDAK,205,2,18,2,183,0,0,0,0,0,2,0,0,2,351,45,306,12,0,12,114,4,73,2,35,
3175081005,DKI JAKARTA,JAKARTA TIMUR,MAKASAR,CIPINANG MELAYU,280,3,31,2,244,1,0,0,0,1,3,0,0,3,590,40,550,18,0,18,199,6,155,5,33,
3175031006,DKI JAKARTA,JAKARTA TIMUR,JATINEGARA,CIPINANG MUARA,317,4,34,1,278,4,0,0,0,4,6,0,0,6,646,64,582,24,0,24,228,6,175,3,44,
3174051003,DKI JAKARTA,JAKARTA SELATAN,KEBAYORAN LAMA,CIPULIR,243,0,23,4,216,6,2,0,0,4,6,0,0,6,459,16,443,8,0,8,161,6,125,4,26,
3175091001,DKI JAKARTA,JAKARTA TIMUR,CIRACAS,CIRACAS,652,6,92,9,545,3,0,0,0,3,22,0,0,22,1309,50,1259,44,0,44,321,9,247,10,55,
3175041003,DKI JAKARTA,JAKARTA TIMUR,KRAMAT JATI,DUKUH,201,4,21,1,175,0,0,0,0,0,1,0,0,1,500,79,421,13,0,13,105,1,87,2,15,
3175071001,DKI JAKARTA,JAKARTA TIMUR,DUREN SAWIT,DUREN SAWIT,729,5,29,3,692,14,0,0,0,14,2,0,0,2,845,76,769,25,0,25,433,12,350,11,60,
3174081004,DKI JAKARTA,JAKARTA SELATAN,PANCORAN,DUREN TIGA,317,0,23,0,294,2,0,0,0,2,4,0,1,3,487,38,449,3,0,3,132,7,88,0,37,
3173051005,DKI JAKARTA,JAKARTA BARAT,KEBON JERUK,DURI KEPA,386,5,24,2,355,3,0,0,0,3,12,0,0,12,1023,88,935,69,0,69,307,13,230,9,55,
3173011002,DKI JAKARTA,JAKARTA BARAT,CENGKARENG,DURI KOSAMBI,427,6,46,3,372,0,0,0,0,0,4,0,0,4,811,58,753,11,0,11,251,14,174,4,59,
3171011006,DKI JAKARTA,JAKARTA PUSAT,GAMBIR,DURI PULO,144,2,8,3,131,0,0,0,0,0,0,0,0,0,321,38,283,7,0,7,138,4,123,4,7,
3173041011,DKI JAKARTA,JAKARTA BARAT,TAMBORA,DURI SELATAN,115,1,11,1,102,0,0,0,0,0,2,0,0,2,126,7,119,4,0,4,56,0,50,3,3,
3173041003,DKI JAKARTA,JAKARTA BARAT,TAMBORA,DURI UTARA,159,2,16,2,139,1,0,0,0,1,2,0,0,2,185,7,178,3,0,3,100,2,76,4,18,
3171081003,DKI JAKARTA,JAKARTA PUSAT,JOHAR BARU,GALUR,176,1,8,0,167,3,1,0,0,2,3,0,1,2,404,31,373,45,0,45,197,1,150,9,37,
3171011001,DKI JAKARTA,JAKARTA PUSAT,GAMBIR,GAMBIR,72,0,4,0,68,1,0,0,0,1,17,0,0,17,271,11,260,6,0,6,159,0,134,0,25,
3174061004,DKI JAKARTA,JAKARTA SELATAN,CILANDAK,GANDARIA SELATAN,157,2,10,0,145,2,0,0,0,2,20,0,0,20,556,44,512,2,0,2,108,1,82,3,22,
3174071009,DKI JAKARTA,JAKARTA SELATAN,KEBAYORAN BARU,GANDARIA UTARA,438,3,72,2,361,0,0,0,0,0,3,0,0,3,494,24,470,5,0,5,140,5,107,3,25,
3175051001,DKI JAKARTA,JAKARTA TIMUR,PASAR REBO,GEDONG,604,6,57,0,541,0,0,0,0,0,4,0,0,4,305,33,272,24,0,24,172,6,127,2,37,
3171071001,DKI JAKARTA,JAKARTA PUSAT,TANAH ABANG,GELORA,49,0,1,1,47,0,0,0,0,0,5,0,0,5,107,1,106,0,0,0,112,2,87,2,21,
3173031007,DKI JAKARTA,JAKARTA BARAT,TAMAN SARI,GLODOK,98,0,20,0,78,0,0,0,0,0,1,0,0,1,150,30,120,0,0,0,29,0,16,1,12,
3171061004,DKI JAKARTA,JAKARTA PUSAT,MENTENG,GONDANGDIA,50,1,3,1,45,0,0,0,0,0,7,0,1,6,107,3,104,7,0,7,51,2,41,3,5,
3173021001,DKI JAKARTA,JAKARTA BARAT,GROGOL PETAMBURAN,GROGOL,351,3,37,4,307,1,0,0,0,1,43,0,4,39,707,75,632,34,0,34,168,5,117,1,45,
3174051005,DKI JAKARTA,JAKARTA SELATAN,KEBAYORAN LAMA,GROGOL SELATAN,270,6,21,5,238,0,0,0,0,0,12,0,0,12,515,22,493,10,0,10,175,10,128,7,30,
3174051004,DKI JAKARTA,JAKARTA SELATAN,KEBAYORAN LAMA,GROGOL UTARA,299,1,16,4,278,0,0,0,0,0,24,0,0,24,517,25,492,16,0,16,226,5,182,7,32,
3174021007,DKI JAKARTA,JAKARTA SELATAN,SETIA BUDI,GUNTUR,48,0,3,0,45,0,0,0,0,0,1,0,0,1,168,30,138,1,0,1,29,2,21,0,6,
3174071002,DKI JAKARTA,JAKARTA SELATAN,KEBAYORAN BARU,GUNUNG,212,0,18,3,191,0,0,0,0,0,7,0,0,7,301,15,286,0,0,0,64,2,53,2,7,
3171031005,DKI JAKARTA,JAKARTA PUSAT,KEMAYORAN,GUNUNG SAHARI SELATAN,235,1,6,1,227,0,0,0,0,0,4,0,2,2,379,67,312,1,0,1,123,2,97,4,20,
3171021004,DKI JAKARTA,JAKARTA PUSAT,SAWAH BESAR,GUNUNG SAHARI UTARA,245,0,18,1,226,0,0,0,0,0,6,0,0,6,450,34,416,8,0,8,152,2,118,9,23,
3175081004,DKI JAKARTA,JAKARTA TIMUR,MAKASAR,HALIM PERDANA KUSUMAH,188,1,23,2,162,0,0,0,0,0,5,0,0,5,427,41,386,9,0,9,308,7,191,4,106,
3171031003,DKI JAKARTA,JAKARTA PUSAT,KEMAYORAN,HARAPAN MULIA,283,3,12,3,265,0,0,0,0,0,6,0,0,6,422,43,379,28,0,28,187,6,159,8,14,
3174091001,DKI JAKARTA,JAKARTA SELATAN,JAGAKARSA,JAGAKARSA,755,9,60,2,684,7,0,0,0,7,8,0,1,7,832,107,725,18,0,18,297,6,226,4,61,
3175021007,DKI JAKARTA,JAKARTA TIMUR,PULO GADUNG,JATI,297,3,13,1,280,0,0,0,0,0,7,0,0,7,778,68,710,30,0,30,203,4,169,1,29,
3174041002,DKI JAKARTA,JAKARTA SELATAN,PASAR MINGGU,JATI PADANG,377,6,48,2,321,0,0,0,0,0,3,0,0,3,480,21,459,67,0,67,136,1,92,5,38,
3173071004,DKI JAKARTA,JAKARTA BARAT,PALMERAH,JATI PULO,419,1,42,4,372,1,0,0,0,1,3,0,0,3,650,70,580,62,0,62,236,0,197,3,36,
3175061001,DKI JAKARTA,JAKARTA TIMUR,CAKUNG,JATINEGARA,518,5,146,3,364,1,0,0,0,1,3,0,0,3,1070,154,916,42,0,42,358,17,239,6,96,
3175021004,DKI JAKARTA,JAKARTA TIMUR,PULO GADUNG,JATINEGARA KAUM,101,2,12,0,87,1,0,0,1,0,3,0,0,3,273,39,234,11,0,11,70,2,45,2,21,
3173021004,DKI JAKARTA,JAKARTA BARAT,GROGOL PETAMBURAN,JELAMBAR,324,2,18,5,299,2,0,0,0,2,25,0,1,24,624,40,584,11,0,11,172,8,120,5,39,
3173021006,DKI JAKARTA,JAKARTA BARAT,GROGOL PETAMBURAN,JELAMBAR BARU,312,0,25,2,285,2,0,0,0,2,4,0,0,4,509,35,474,18,0,18,118,0,83,4,31,
3173041006,DKI JAKARTA,JAKARTA BARAT,TAMBORA,JEMBATAN BESI,499,1,30,1,467,0,0,0,0,0,4,0,0,4,439,17,422,7,0,7,193,1,170,7,15,
3173041008,DKI JAKARTA,JAKARTA BARAT,TAMBORA,JEMBATAN LIMA,159,1,15,0,143,0,0,0,0,0,1,0,0,1,173,4,169,2,0,2,85,3,60,4,18,
3173081005,DKI JAKARTA,JAKARTA BARAT,KEMBANGAN,JOGLO,311,2,59,4,246,0,0,0,0,0,5,0,1,4,591,134,457,14,0,14,177,5,131,2,39,
3171081001,DKI JAKARTA,JAKARTA PUSAT,JOHAR BARU,JOHAR BARU,549,5,26,3,515,3,2,0,0,1,5,0,0,5,1469,84,1385,95,0,95,406,3,352,14,37,
3173041002,DKI JAKARTA,JAKARTA BARAT,TAMBORA,KALI ANYAR,318,5,21,0,292,1,0,0,0,1,3,0,0,3,329,21,308,12,0,12,157,0,134,5,18,
3172041004,DKI JAKARTA,JAKARTA UTARA,CILINCING,KALI BARU,371,9,24,5,333,0,0,0,0,0,4,0,0,4,595,21,574,39,0,39,271,1,230,7,33,
3174081002,DKI JAKARTA,JAKARTA SELATAN,PANCORAN,KALIBATA,431,2,34,4,391,7,1,0,0,6,11,0,0,11,672,66,606,12,0,12,235,6,202,4,23,
3173061001,DKI JAKARTA,JAKARTA BARAT,KALI DERES,KALIDERES,845,6,75,4,760,1,0,0,0,1,5,0,0,5,1874,130,1744,29,0,29,285,4,224,5,52,
3175051004,DKI JAKARTA,JAKARTA TIMUR,PASAR REBO,KALISARI,776,5,83,0,688,0,0,0,0,0,3,0,0,3,391,31,360,10,0,10,177,6,127,3,41,
3173061004,DKI JAKARTA,JAKARTA BARAT,KALI DERES,KAMAL,279,3,16,3,257,0,0,0,0,0,1,0,0,1,485,28,457,4,0,4,46,1,31,6,8,
3172011002,DKI JAKARTA,JAKARTA UTARA,PENJARINGAN,KAMAL MUARA,71,1,4,0,66,0,0,0,0,0,4,0,0,4,141,11,130,1,0,1,64,1,57,2,4,
3171071007,DKI JAKARTA,JAKARTA PUSAT,TANAH ABANG,KAMPUNG BALI,125,2,3,2,118,1,0,0,0,1,2,0,0,2,181,20,161,2,0,2,52,0,42,3,7,
3175031001,DKI JAKARTA,JAKARTA TIMUR,JATINEGARA,KAMPUNG MELAYU,168,0,6,5,157,2,0,0,0,2,5,0,1,4,214,36,178,4,0,4,161,3,128,3,27,
3171081002,DKI JAKARTA,JAKARTA PUSAT,JOHAR BARU,KAMPUNG RAWA,256,1,6,0,249,1,0,0,0,1,0,0,0,0,599,31,568,64,0,64,244,7,202,13,22,
3175041002,DKI JAKARTA,JAKARTA TIMUR,KRAMAT JATI,KAMPUNG TENGAH,442,6,29,1,406,1,0,0,0,1,9,0,0,9,940,38,902,49,0,49,229,2,202,11,14,
3173011005,DKI JAKARTA,JAKARTA BARAT,CENGKARENG,KAPUK,556,5,44,16,491,1,0,0,0,1,10,0,0,10,1175,101,1074,13,0,13,368,15,265,11,77,
3172011003,DKI JAKARTA,JAKARTA UTARA,PENJARINGAN,KAPUK MUARA,176,1,20,0,155,1,0,0,0,1,9,0,0,9,427,52,375,20,0,20,118,2,87,7,22,
3171021002,DKI JAKARTA,JAKARTA PUSAT,SAWAH BESAR,KARANG ANYAR,409,3,33,5,368,1,0,0,0,1,4,0,0,4,761,53,708,8,0,8,158,2,138,5,13,
3174021004,DKI JAKARTA,JAKARTA SELATAN,SETIA BUDI,KARET,107,1,6,0,100,0,0,0,0,0,11,0,1,10,338,40,298,4,0,4,95,1,54,0,40,
3174021003,DKI JAKARTA,JAKARTA SELATAN,SETIA BUDI,KARET KUNINGAN,184,7,17,1,159,0,0,0,0,0,21,0,0,21,308,26,282,4,0,4,104,3,62,2,37,
3174021002,DKI JAKARTA,JAKARTA SELATAN,SETIA BUDI,KARET SEMANGGI,49,1,1,1,46,0,0,0,0,0,3,0,0,3,74,5,69,2,0,2,24,1,17,2,4,
3171071003,DKI JAKARTA,JAKARTA PUSAT,TANAH ABANG,KARET TENGSIN,202,3,6,0,193,0,0,0,0,0,7,0,0,7,297,30,267,1,0,1,111,3,96,2,10,
3171021003,DKI JAKARTA,JAKARTA PUSAT,SAWAH BESAR,KARTINI,291,0,30,1,260,1,0,0,0,1,0,0,0,0,574,61,513,17,0,17,182,2,155,4,21,
3175011003,DKI JAKARTA,JAKARTA TIMUR,MATRAMAN,KAYU MANIS,294,2,39,0,253,3,0,0,0,3,1,0,1,0,581,49,532,28,0,28,156,6,115,4,31,
3175021006,DKI JAKARTA,JAKARTA TIMUR,PULO GADUNG,KAYU PUTIH,381,1,27,4,349,1,0,0,1,0,11,0,0,11,933,79,854,40,0,40,246,7,197,6,36,
3173031006,DKI JAKARTA,JAKARTA BARAT,TAMAN SARI,KEAGUNGAN,263,2,24,0,237,0,0,0,0,0,2,0,0,2,449,53,396,10,0,10,145,0,116,1,28,
3174041007,DKI JAKARTA,JAKARTA SELATAN,PASAR MINGGU,KEBAGUSAN,469,5,56,1,407,3,1,0,0,2,2,0,0,2,592,24,568,39,0,39,139,4,107,0,28,
3174051006,DKI JAKARTA,JAKARTA SELATAN,KEBAYORAN LAMA,KEBAYORAN LAMA SELATAN,411,3,27,0,381,4,0,0,0,4,2,0,0,2,684,19,665,14,0,14,214,11,147,5,51,
3174051001,DKI JAKARTA,JAKARTA SELATAN,KEBAYORAN LAMA,KEBAYORAN LAMA UTARA,298,1,17,1,279,1,0,0,0,1,15,0,0,15,418,15,403,4,0,4,138,7,97,4,30,
3174011004,DKI JAKARTA,JAKARTA SELATAN,TEBET,KEBON BARU,288,1,37,2,248,0,0,0,0,0,15,0,0,15,546,64,482,18,0,18,145,2,103,2,38,
3172021005,DKI JAKARTA,JAKARTA UTARA,TANJUNG PRIOK,KEBON BAWANG,571,9,54,1,507,0,0,0,0,0,15,0,1,14,1035,92,943,67,0,67,364,6,289,3,66,
3173051001,DKI JAKARTA,JAKARTA BARAT,KEBON JERUK,KEBON JERUK,525,5,51,6,463,2,0,0,0,2,13,0,0,13,1504,156,1348,58,0,58,498,17,263,14,204,
3171071006,DKI JAKARTA,JAKARTA PUSAT,TANAH ABANG,KEBON KACANG,397,1,2,1,393,1,0,0,0,1,0,0,0,0,378,18,360,6,0,6,258,4,231,11,12,
3171011005,DKI JAKARTA,JAKARTA PUSAT,GAMBIR,KEBON KELAPA,125,3,11,1,110,3,0,0,0,3,3,0,1,2,224,36,188,2,0,2,75,0,58,1,16,
3171031002,DKI JAKARTA,JAKARTA PUSAT,KEMAYORAN,KEBON KOSONG,303,4,9,5,285,0,0,0,0,0,8,0,1,7,377,33,344,30,0,30,191,5,166,7,13,
3175011005,DKI JAKARTA,JAKARTA TIMUR,MATRAMAN,KEBON MANGGIS,153,1,8,4,140,0,0,0,0,0,2,0,0,2,217,10,207,20,0,20,116,3,103,2,8,
3171071005,DKI JAKARTA,JAKARTA PUSAT,TANAH ABANG,KEBON MELATI,412,0,11,3,398,0,0,0,0,0,5,0,0,5,554,49,505,8,0,8,413,5,355,7,46,
3175081003,DKI JAKARTA,JAKARTA TIMUR,MAKASAR,KEBON PALA,261,4,67,1,189,1,0,0,0,1,5,0,1,4,795,43,752,15,0,15,236,7,187,3,39,
3171061005,DKI JAKARTA,JAKARTA PUSAT,MENTENG,KEBON SIRIH,137,0,9,2,126,0,0,0,0,0,2,0,0,2,269,9,260,14,0,14,121,1,111,2,7,
3173011004,DKI JAKARTA,JAKARTA BARAT,CENGKARENG,KEDAUNG KALI ANGKE,345,2,33,0,310,0,0,0,0,0,1,0,0,1,393,45,348,5,0,5,232,4,184,3,41,
3173051007,DKI JAKARTA,JAKARTA BARAT,KEBON JERUK,KEDOYA SELATAN,248,1,29,5,213,2,0,0,0,2,6,0,0,6,507,53,454,19,0,19,145,3,100,5,37,
3173051006,DKI JAKARTA,JAKARTA BARAT,KEBON JERUK,KEDOYA UTARA,269,4,47,2,216,1,0,0,0,1,15,0,0,15,691,73,618,20,0,20,195,4,140,4,47,
3173051004,DKI JAKARTA,JAKARTA BARAT,KEBON JERUK,KELAPA DUA,210,4,33,0,173,0,0,0,0,0,5,0,0,5,458,69,389,22,0,22,114,3,79,2,30,
3175091003,DKI JAKARTA,JAKARTA TIMUR,CIRACAS,KELAPA DUA WETAN,462,1,43,1,417,1,0,0,0,1,7,0,0,7,907,59,848,36,0,36,163,4,127,2,30,
3172061003,DKI JAKARTA,JAKARTA UTARA,KELAPA GADING,KELAPA GADING BARAT,735,17,36,3,679,2,0,0,0,2,47,0,1,46,1128,51,1077,100,0,100,316,9,278,5,24,
3172061001,DKI JAKARTA,JAKARTA UTARA,KELAPA GADING,KELAPA GADING TIMUR,615,8,36,2,569,1,0,0,0,1,21,0,0,21,1113,73,1040,66,0,66,217,5,144,8,60,
3173071005,DKI JAKARTA,JAKARTA BARAT,PALMERAH,KEMANGGISAN,474,2,43,6,423,0,0,0,0,0,8,0,0,8,770,92,678,49,0,49,240,8,172,6,54,
3171031001,DKI JAKARTA,JAKARTA PUSAT,KEMAYORAN,KEMAYORAN,314,3,16,3,292,0,0,0,0,0,1,0,1,0,479,37,442,20,0,20,257,6,218,11,22,
3173081006,DKI JAKARTA,JAKARTA BARAT,KEMBANGAN,KEMBANGAN SELATAN,199,1,29,1,168,0,0,0,0,0,6,0,0,6,465,41,424,52,0,52,149,7,114,3,25,
3173081001,DKI JAKARTA,JAKARTA BARAT,KEMBANGAN,KEMBANGAN UTARA,437,1,50,3,383,4,0,0,1,3,3,0,0,3,1293,112,1181,10,0,10,211,2,171,5,33,
3171041002,DKI JAKARTA,JAKARTA PUSAT,SENEN,KENARI,178,4,9,1,164,1,0,0,0,1,4,0,3,1,413,30,383,45,0,45,159,2,145,2,10,
3173041005,DKI JAKARTA,JAKARTA BARAT,TAMBORA,KERENDANG,224,2,23,2,197,1,0,0,0,1,0,0,0,0,175,14,161,3,0,3,115,0,91,7,17,
3175071003,DKI JAKARTA,JAKARTA TIMUR,DUREN SAWIT,KLENDER,544,3,23,2,516,2,0,0,0,2,4,0,1,3,783,68,715,25,0,25,302,3,234,9,56,
3172031001,DKI JAKARTA,JAKARTA UTARA,KOJA,KOJA,265,2,22,0,241,0,0,0,0,0,4,0,0,4,386,6,380,36,0,36,218,3,173,5,37,
3173071006,DKI JAKARTA,JAKARTA BARAT,PALMERAH,KOTA BAMBU SELATAN,404,3,30,5,366,0,0,0,0,0,1,0,0,1,756,35,721,71,0,71,213,2,186,5,20,
3173071003,DKI JAKARTA,JAKARTA BARAT,PALMERAH,KOTA BAMBU UTARA,332,0,14,11,307,0,0,0,0,0,3,0,0,3,507,31,476,54,0,54,197,1,174,6,16,
3171041004,DKI JAKARTA,JAKARTA PUSAT,SENEN,KRAMAT,349,5,23,6,315,0,0,0,0,0,7,0,1,6,796,31,765,33,0,33,225,3,205,10,7,
3175041001,DKI JAKARTA,JAKARTA TIMUR,KRAMAT JATI,KRAMAT JATI,318,10,40,1,267,0,0,0,0,0,10,0,0,10,684,121,563,21,0,21,239,10,164,6,59,
3174071003,DKI JAKARTA,JAKARTA SELATAN,KEBAYORAN BARU,KRAMAT PELA,201,1,62,0,138,0,0,0,0,0,0,0,0,0,467,17,450,6,0,6,110,4,93,0,13,
3173031002,DKI JAKARTA,JAKARTA BARAT,TAMAN SARI,KRUKUT,224,3,26,6,189,1,1,0,0,0,3,0,0,3,367,50,317,12,0,12,147,1,102,4,40,
3174031005,DKI JAKARTA,JAKARTA SELATAN,MAMPANG PRAPATAN,KUNINGAN BARAT,107,1,18,1,87,0,0,0,0,0,0,0,0,0,424,55,369,5,0,5,86,1,47,0,38,
3174021008,DKI JAKARTA,JAKARTA SELATAN,SETIA BUDI,KUNINGAN TIMUR,110,0,5,1,104,1,0,0,0,1,20,0,0,20,133,13,120,1,0,1,69,2,47,2,18,
3171041005,DKI JAKARTA,JAKARTA PUSAT,SENEN,KWITANG,209,2,10,0,197,2,0,0,0,2,6,0,1,5,393,16,377,10,0,10,102,2,89,4,7,
3172031003,DKI JAKARTA,JAKARTA UTARA,KOJA,LAGOA,505,4,28,1,472,0,0,0,0,0,5,0,0,5,590,53,537,60,0,60,521,5,451,9,56,
3174061002,DKI JAKARTA,JAKARTA SELATAN,CILANDAK,LEBAK BULUS,285,2,21,2,260,3,0,0,0,3,27,0,0,27,600,83,517,22,0,22,166,3,128,9,26,
3174091004,DKI JAKARTA,JAKARTA SELATAN,JAGAKARSA,LENTENG AGUNG,524,5,30,0,489,3,0,0,0,3,6,0,0,6,507,68,439,14,0,14,160,2,132,0,26,
LUAR DKI JAKARTA,LUAR DKI JAKARTA,LUAR DKI JAKARTA,LUAR DKI JAKARTA,LUAR DKI JAKARTA,26544,520,2651,98,23275,67,12,0,0,55,573,0,29,544,39885,6953,32932,1544,0,1544,6939,194,5857,119,769,
3175101007,DKI JAKARTA,JAKARTA TIMUR,CIPAYUNG,LUBANG BUAYA,556,8,68,3,477,1,0,0,0,1,7,0,2,5,618,58,560,28,0,28,253,9,171,2,71,
3175081001,DKI JAKARTA,JAKARTA TIMUR,MAKASAR,MAKASAR,245,4,49,1,191,0,0,0,0,0,8,0,0,8,922,57,865,23,0,23,208,9,150,0,49,
3175071006,DKI JAKARTA,JAKARTA TIMUR,DUREN SAWIT,MALAKA JAYA,281,5,10,2,264,1,0,0,0,1,2,0,0,2,482,32,450,12,0,12,174,0,140,1,33,
3175071005,DKI JAKARTA,JAKARTA TIMUR,DUREN SAWIT,MALAKA SARI,252,3,14,1,234,0,0,0,0,0,0,0,0,0,399,39,360,11,0,11,151,3,112,3,33,
3174031001,DKI JAKARTA,JAKARTA SELATAN,MAMPANG PRAPATAN,MAMPANG PRAPATAN,243,1,9,2,231,1,1,0,0,0,0,0,0,0,888,67,821,9,0,9,254,7,198,7,42,
3173031005,DKI JAKARTA,JAKARTA BARAT,TAMAN SARI,MANGGA BESAR,116,3,7,1,105,1,0,0,0,1,0,0,0,0,139,4,135,6,0,6,49,0,39,1,9,
3171021005,DKI JAKARTA,JAKARTA PUSAT,SAWAH BESAR,MANGGA DUA SELATAN,342,1,45,1,295,3,0,0,0,3,1,0,0,1,692,39,653,9,0,9,177,2,142,2,31,
3174011007,DKI JAKARTA,JAKARTA SELATAN,TEBET,MANGGARAI,321,1,37,0,283,4,0,0,0,4,4,0,0,4,448,45,403,21,0,21,162,2,113,1,46,
3174011006,DKI JAKARTA,JAKARTA SELATAN,TEBET,MANGGARAI SELATAN,195,4,29,2,160,0,0,0,0,0,6,0,0,6,409,24,385,20,0,20,88,2,63,2,21,
3173031003,DKI JAKARTA,JAKARTA BARAT,TAMAN SARI,MAPHAR,186,1,19,1,165,0,0,0,0,0,6,0,0,6,329,26,303,37,0,37,172,0,159,1,12,
3172041003,DKI JAKARTA,JAKARTA UTARA,CILINCING,MARUNDA,228,3,13,0,212,3,1,0,0,2,0,0,0,0,320,17,303,13,0,13,93,1,82,1,9,
3174071001,DKI JAKARTA,JAKARTA SELATAN,KEBAYORAN BARU,MELAWAI,48,0,3,0,45,0,0,0,0,0,1,0,0,1,60,8,52,0,0,0,13,0,11,1,1,
3171061001,DKI JAKARTA,JAKARTA PUSAT,MENTENG,MENTENG,338,3,33,2,300,2,0,0,0,2,2,0,1,1,633,34,599,26,0,26,249,4,197,8,40,
3174021005,DKI JAKARTA,JAKARTA SELATAN,SETIA BUDI,MENTENG ATAS,297,2,27,3,265,1,0,0,0,1,47,0,2,45,1112,107,1005,36,0,36,188,2,148,3,35,
3174011003,DKI JAKARTA,JAKARTA SELATAN,TEBET,MENTENG DALAM,489,6,34,4,445,3,0,0,0,3,13,0,0,13,634,29,605,39,0,39,170,1,123,6,40,
3173081003,DKI JAKARTA,JAKARTA BARAT,KEMBANGAN,MERUYA SELATAN,284,4,35,1,244,0,0,0,0,0,2,0,0,2,637,106,531,17,0,17,150,4,109,3,34,
3173081002,DKI JAKARTA,JAKARTA BARAT,KEMBANGAN,MERUYA UTARA,408,9,48,6,345,1,0,0,1,0,7,0,0,7,792,74,718,10,0,10,188,8,137,2,41,
3175101004,DKI JAKARTA,JAKARTA TIMUR,CIPAYUNG,MUNJUL,213,6,13,0,194,0,0,0,0,0,3,0,1,2,256,28,228,23,0,23,76,2,60,1,13,
3172051002,DKI JAKARTA,JAKARTA UTARA,PADEMANGAN,PADEMANGAN BARAT,1647,7,66,5,1569,5,1,0,0,4,14,0,1,13,2282,66,2216,30,0,30,625,3,564,19,39,
3172051001,DKI JAKARTA,JAKARTA UTARA,PADEMANGAN,PADEMANGAN TIMUR,519,1,35,3,480,2,1,0,0,1,13,0,0,13,776,64,712,15,0,15,204,2,153,4,45,
3175011004,DKI JAKARTA,JAKARTA TIMUR,MATRAMAN,PAL MERIAM,204,3,15,2,184,2,0,0,0,2,2,0,0,2,532,39,493,58,0,58,166,2,140,6,18,
3173071001,DKI JAKARTA,JAKARTA BARAT,PALMERAH,PALMERAH,882,3,73,2,804,0,0,0,0,0,2,0,0,2,1533,166,1367,73,0,73,384,6,291,16,71,
3174081001,DKI JAKARTA,JAKARTA SELATAN,PANCORAN,PANCORAN,303,9,19,0,275,1,0,0,0,1,9,0,0,9,519,41,478,6,0,6,202,2,160,4,36,
3172021003,DKI JAKARTA,JAKARTA UTARA,TANJUNG PRIOK,PAPANGGO,368,2,51,0,315,1,0,0,0,1,6,0,1,5,712,42,670,54,0,54,214,4,186,2,22,
3171021001,DKI JAKARTA,JAKARTA PUSAT,SAWAH BESAR,PASAR BARU,206,2,24,2,178,1,0,0,0,1,5,0,0,5,412,21,391,9,0,9,149,2,131,1,15,
3174021006,DKI JAKARTA,JAKARTA SELATAN,SETIA BUDI,PASAR MANGGIS,205,6,12,3,184,3,1,0,0,2,27,0,0,27,828,103,725,17,0,17,172,5,126,8,33,
3174041001,DKI JAKARTA,JAKARTA SELATAN,PASAR MINGGU,PASAR MINGGU,342,4,39,1,298,2,0,0,0,2,5,0,0,5,452,32,420,20,0,20,186,2,129,4,51,
3171041003,DKI JAKARTA,JAKARTA PUSAT,SENEN,PASEBAN,448,5,27,1,415,2,0,0,0,2,12,0,3,9,750,77,673,60,0,60,239,3,197,7,32,
3173061005,DKI JAKARTA,JAKARTA BARAT,KALI DERES,PEGADUNGAN,587,3,48,7,529,0,0,0,0,0,10,0,0,10,1252,99,1153,17,0,17,204,4,153,4,43,
3171061002,DKI JAKARTA,JAKARTA PUSAT,MENTENG,PEGANGSAAN,327,2,37,2,286,1,0,0,0,1,0,0,0,0,800,57,743,51,0,51,318,0,283,4,31,
3172061002,DKI JAKARTA,JAKARTA UTARA,KELAPA GADING,PEGANGSAAN DUA,695,12,34,1,648,1,0,0,0,1,41,0,0,41,1467,70,1397,130,0,130,326,4,266,8,48,
3172011004,DKI JAKARTA,JAKARTA UTARA,PENJARINGAN,PEJAGALAN,394,3,37,2,352,2,0,0,0,2,7,0,0,7,776,53,723,28,0,28,213,4,169,4,36,
3174041006,DKI JAKARTA,JAKARTA SELATAN,PASAR MINGGU,PEJATEN BARAT,363,6,37,2,318,8,1,0,0,7,2,0,1,1,568,38,530,73,0,73,180,7,132,2,39,
3174041005,DKI JAKARTA,JAKARTA SELATAN,PASAR MINGGU,PEJATEN TIMUR,404,3,48,1,352,4,0,0,0,4,3,0,0,3,523,28,495,40,0,40,176,4,132,8,32,
3175051005,DKI JAKARTA,JAKARTA TIMUR,PASAR REBO,PEKAYON,680,3,73,1,603,0,0,0,0,0,3,0,0,3,269,22,247,11,0,11,160,7,108,2,43,
3173041009,DKI JAKARTA,JAKARTA BARAT,TAMBORA,PEKOJAN,255,0,27,2,226,0,0,0,0,0,2,0,0,2,221,21,200,17,0,17,99,2,87,3,7,
3174031003,DKI JAKARTA,JAKARTA SELATAN,MAMPANG PRAPATAN,PELA MAMPANG,302,3,37,2,260,4,0,0,0,4,14,0,0,14,1234,172,1062,6,0,6,230,3,175,5,47,
3174081005,DKI JAKARTA,JAKARTA SELATAN,PANCORAN,PENGADEGAN,165,0,11,2,152,0,0,0,0,0,8,0,0,8,346,26,320,10,0,10,86,3,76,0,7,
3175061003,DKI JAKARTA,JAKARTA TIMUR,CAKUNG,PENGGILINGAN,487,3,53,1,430,1,0,0,0,1,7,0,1,6,1336,193,1143,76,0,76,433,26,311,9,87,
3172011001,DKI JAKARTA,JAKARTA UTARA,PENJARINGAN,PENJARINGAN,879,8,132,4,735,1,0,0,0,1,23,0,1,22,2655,116,2539,119,0,119,503,9,394,15,85,
3174101001,DKI JAKARTA,JAKARTA SELATAN,PESANGGRAHAN,PESANGGRAHAN,374,4,20,4,346,2,0,0,1,1,0,0,0,0,713,83,630,19,0,19,120,1,83,3,33,
3171071004,DKI JAKARTA,JAKARTA PUSAT,TANAH ABANG,PETAMBURAN,500,2,7,7,484,0,0,0,0,0,7,0,0,7,506,47,459,8,0,8,383,3,324,11,45,
3174071008,DKI JAKARTA,JAKARTA SELATAN,KEBAYORAN BARU,PETOGOGAN,123,0,11,0,112,0,0,0,0,0,3,0,0,3,213,10,203,0,0,0,51,1,44,0,6,
3171011004,DKI JAKARTA,JAKARTA PUSAT,GAMBIR,PETOJO SELATAN,198,3,15,1,179,0,0,0,0,0,25,0,1,24,625,89,536,15,0,15,235,5,189,8,33,
3171011003,DKI JAKARTA,JAKARTA PUSAT,GAMBIR,PETOJO UTARA,170,1,17,3,149,1,0,0,0,1,11,0,0,11,324,33,291,25,0,25,124,3,98,3,20,
3174101004,DKI JAKARTA,JAKARTA SELATAN,PESANGGRAHAN,PETUKANGAN SELATAN,368,4,41,2,321,0,0,0,0,0,2,0,0,2,726,119,607,8,0,8,126,2,61,4,59,
3174101003,DKI JAKARTA,JAKARTA SELATAN,PESANGGRAHAN,PETUKANGAN UTARA,455,2,69,4,380,2,0,0,0,2,5,0,0,5,1405,87,1318,9,0,9,223,8,139,2,74,
3175081002,DKI JAKARTA,JAKARTA TIMUR,MAKASAR,PINANG RANTI,190,2,39,1,148,0,0,0,0,0,0,0,0,0,563,20,543,25,0,25,115,0,90,4,21,
3173031008,DKI JAKARTA,JAKARTA BARAT,TAMAN SARI,PINANGSIA,117,1,14,1,101,0,0,0,0,0,2,0,0,2,206,35,171,2,0,2,78,4,60,0,14,
3175011001,DKI JAKARTA,JAKARTA TIMUR,MATRAMAN,PISANGAN BARU,292,4,35,3,250,1,0,0,0,1,3,0,1,2,380,62,318,30,0,30,152,2,125,7,18,
3175021002,DKI JAKARTA,JAKARTA TIMUR,PULO GADUNG,PISANGAN TIMUR,279,2,9,4,264,1,0,0,0,1,10,0,0,10,565,55,510,28,0,28,163,7,123,5,28,
3172011005,DKI JAKARTA,JAKARTA UTARA,PENJARINGAN,PLUIT,300,6,35,4,255,0,0,0,0,0,12,0,0,12,1042,78,964,16,0,16,181,7,138,8,28,
3175071002,DKI JAKARTA,JAKARTA TIMUR,DUREN SAWIT,PONDOK BAMBU,868,7,36,1,824,3,0,0,0,3,3,0,0,3,846,87,759,24,0,24,319,2,258,6,53,
3175071004,DKI JAKARTA,JAKARTA TIMUR,DUREN SAWIT,PONDOK KELAPA,576,7,39,0,530,0,0,0,0,0,11,0,0,11,947,88,859,18,0,18,301,5,229,10,57,
3175071007,DKI JAKARTA,JAKARTA TIMUR,DUREN SAWIT,PONDOK KOPI,357,0,35,1,321,0,0,0,0,0,2,0,1,1,343,19,324,12,0,12,198,2,139,7,50,
3174061003,DKI JAKARTA,JAKARTA SELATAN,CILANDAK,PONDOK LABU,352,2,37,1,312,6,0,0,0,6,73,0,0,73,883,111,772,37,0,37,148,4,93,1,50,
3174051002,DKI JAKARTA,JAKARTA SELATAN,KEBAYORAN LAMA,PONDOK PINANG,465,8,31,4,422,0,0,0,0,0,44,0,0,44,684,30,654,11,0,11,230,10,161,9,50,
3175101003,DKI JAKARTA,JAKARTA TIMUR,CIPAYUNG,PONDOK RANGGON,224,6,22,3,193,0,0,0,0,0,3,0,0,3,272,46,226,21,0,21,123,3,83,1,36,
PROSES UPDATE DATA,PROSES UPDATE DATA,PROSES UPDATE DATA,PROSES UPDATE DATA,PROSES UPDATE DATA,12488,83,423,1696,10286,2678,0,0,2676,2,104,0,0,104,10478,1496,8982,72,1,71,19771,514,17556,439,1262,
3101011003,DKI JAKARTA,KAB.ADM.KEP.SERIBU,KEP. SERIBU UTARA,PULAU HARAPAN,61,0,1,0,60,0,0,0,0,0,0,0,0,0,62,0,62,0,0,0,5,0,5,0,0,
3101011002,DKI JAKARTA,KAB.ADM.KEP.SERIBU,KEP. SERIBU UTARA,PULAU KELAPA,60,0,8,1,51,0,0,0,0,0,3,0,0,3,147,2,145,1,0,1,7,0,5,0,2,
3101011001,DKI JAKARTA,KAB.ADM.KEP.SERIBU,KEP. SERIBU UTARA,PULAU PANGGANG,102,0,15,1,86,0,0,0,0,0,0,0,0,0,163,7,156,4,0,4,21,0,18,0,3,
3101021003,DKI JAKARTA,KAB.ADM.KEP.SERIBU,KEP. SERIBU SELATAN,PULAU PARI,6,0,0,0,6,0,0,0,0,0,0,0,0,0,171,3,168,1,0,1,4,0,4,0,0,
3101021002,DKI JAKARTA,KAB.ADM.KEP.SERIBU,KEP. SERIBU SELATAN,PULAU TIDUNG,36,0,0,0,36,1,0,0,1,0,0,0,0,0,364,15,349,1,0,1,36,0,31,0,5,
3101021001,DKI JAKARTA,KAB.ADM.KEP.SERIBU,KEP. SERIBU SELATAN,PULAU UNTUNG JAWA,25,0,1,0,24,0,0,0,0,0,0,0,0,0,104,4,100,0,0,0,4,0,3,0,1,
3174071007,DKI JAKARTA,JAKARTA SELATAN,KEBAYORAN BARU,PULO,251,1,77,1,172,1,0,0,0,1,1,0,0,1,177,32,145,0,0,0,46,1,37,0,8,
3175021001,DKI JAKARTA,JAKARTA TIMUR,PULO GADUNG,PULO GADUNG,326,6,26,2,292,0,0,0,0,0,10,0,0,10,728,68,660,27,0,27,210,12,147,4,47,
3175061005,DKI JAKARTA,JAKARTA TIMUR,CAKUNG,PULO GEBANG,444,3,75,2,364,1,0,0,0,1,6,0,0,6,1131,119,1012,58,0,58,289,12,225,5,47,
3174041004,DKI JAKARTA,JAKARTA SELATAN,PASAR MINGGU,RAGUNAN,477,6,65,2,404,1,0,0,0,1,2,0,1,1,567,44,523,24,0,24,152,18,96,5,33,
3175091005,DKI JAKARTA,JAKARTA TIMUR,CIRACAS,RAMBUTAN,365,2,57,1,305,2,0,0,0,2,12,0,0,12,634,25,609,29,0,29,121,6,90,1,24,
3172031006,DKI JAKARTA,JAKARTA UTARA,KOJA,RAWA BADAK SELATAN,423,2,24,2,395,2,0,0,0,2,2,0,0,2,501,45,456,43,0,43,278,0,255,4,19,
3172031004,DKI JAKARTA,JAKARTA UTARA,KOJA,RAWA BADAK UTARA,369,3,26,1,339,0,0,0,0,0,2,0,0,2,438,36,402,71,0,71,220,3,191,4,22,
3174071005,DKI JAKARTA,JAKARTA SELATAN,KEBAYORAN BARU,RAWA BARAT,76,0,7,2,67,0,0,0,0,0,1,0,0,1,133,7,126,0,0,0,20,1,13,1,5,
3173011003,DKI JAKARTA,JAKARTA BARAT,CENGKARENG,RAWA BUAYA,276,4,55,2,215,0,0,0,0,0,4,0,0,4,604,55,549,5,0,5,229,10,148,9,62,
3175031004,DKI JAKARTA,JAKARTA TIMUR,JATINEGARA,RAWA BUNGA,125,1,12,1,111,0,0,0,0,0,1,0,0,1,176,14,162,11,0,11,100,1,76,2,21,
3174081003,DKI JAKARTA,JAKARTA SELATAN,PANCORAN,RAWA JATI,241,1,19,0,221,2,0,0,0,2,11,0,1,10,412,18,394,7,0,7,73,5,55,0,13,
3175061002,DKI JAKARTA,JAKARTA TIMUR,CAKUNG,RAWA TERATE,104,5,21,0,78,0,0,0,0,0,2,0,0,2,288,44,244,3,0,3,112,3,66,1,42,
3175021005,DKI JAKARTA,JAKARTA TIMUR,PULO GADUNG,RAWAMANGUN,289,3,20,0,266,0,0,0,0,0,7,0,0,7,713,61,652,29,0,29,206,10,160,4,32,
3171051003,DKI JAKARTA,JAKARTA PUSAT,CEMPAKA PUTIH,RAWASARI,608,3,26,2,577,3,0,0,1,2,6,0,0,6,1081,66,1015,30,0,30,358,9,297,4,48,
3173041010,DKI JAKARTA,JAKARTA BARAT,TAMBORA,ROA MALAKA,30,0,1,0,29,1,0,0,0,1,0,0,0,0,34,2,32,1,0,1,14,1,12,0,1,
3172041006,DKI JAKARTA,JAKARTA UTARA,CILINCING,ROROTAN,306,8,24,2,272,0,0,0,0,0,3,0,0,3,556,40,516,69,0,69,134,4,115,2,13,
3174071004,DKI JAKARTA,JAKARTA SELATAN,KEBAYORAN BARU,SELONG,56,1,13,0,42,0,0,0,0,0,3,0,0,3,98,12,86,1,0,1,21,0,20,1,0,
3173061002,DKI JAKARTA,JAKARTA BARAT,KALI DERES,SEMANAN,372,3,53,3,313,0,0,0,0,0,3,0,1,2,847,89,758,7,0,7,119,4,87,1,27,
3172041007,DKI JAKARTA,JAKARTA UTARA,CILINCING,SEMPER BARAT,576,8,37,1,530,3,1,0,0,2,12,0,0,12,1040,62,978,92,0,92,356,4,315,5,32,
3172041005,DKI JAKARTA,JAKARTA UTARA,CILINCING,SEMPER TIMUR,341,6,21,1,313,1,0,0,0,1,4,0,0,4,613,24,589,42,0,42,184,3,161,3,17,
3174071006,DKI JAKARTA,JAKARTA SELATAN,KEBAYORAN BARU,SENAYAN,106,0,68,0,38,0,0,0,0,0,9,0,0,9,199,8,191,0,0,0,64,2,52,0,10,
3171041001,DKI JAKARTA,JAKARTA PUSAT,SENEN,SENEN,163,4,2,0,157,1,0,0,0,1,7,0,1,6,633,38,595,26,0,26,137,4,113,2,18,
3171031004,DKI JAKARTA,JAKARTA PUSAT,KEMAYORAN,SERDANG,368,1,33,2,332,0,0,0,0,0,5,0,0,5,546,68,478,28,0,28,207,7,154,4,42,
3174021001,DKI JAKARTA,JAKARTA SELATAN,SETIA BUDI,SETIA BUDI,71,0,7,0,64,0,0,0,0,0,4,0,0,4,299,43,256,6,0,6,26,0,21,0,5,
3175101005,DKI JAKARTA,JAKARTA TIMUR,CIPAYUNG,SETU,220,2,11,0,207,1,1,0,0,0,2,0,0,2,263,36,227,13,0,13,88,2,74,1,11,
3173071002,DKI JAKARTA,JAKARTA BARAT,PALMERAH,SLIPI,446,0,33,2,411,0,0,0,0,0,2,0,0,2,829,86,743,40,0,40,243,11,179,3,50,
3173081004,DKI JAKARTA,JAKARTA BARAT,KEMBANGAN,SRENGSENG,405,5,95,3,302,1,0,0,0,1,6,0,1,5,934,119,815,22,0,22,220,4,180,4,32,
3174091002,DKI JAKARTA,JAKARTA SELATAN,JAGAKARSA,SRENGSENG SAWAH,576,6,37,0,533,8,0,0,0,8,11,0,1,10,644,59,585,26,0,26,186,7,126,7,46,
3173051003,DKI JAKARTA,JAKARTA BARAT,KEBON JERUK,SUKABUMI SELATAN,229,1,10,4,214,1,0,0,0,1,1,0,0,1,538,61,477,24,0,24,138,1,105,4,28,
3173051002,DKI JAKARTA,JAKARTA BARAT,KEBON JERUK,SUKABUMI UTARA,237,6,29,3,199,0,0,0,0,0,19,0,0,19,549,64,485,42,0,42,153,4,103,7,39,
3172041002,DKI JAKARTA,JAKARTA UTARA,CILINCING,SUKAPURA,496,3,33,2,458,0,0,0,0,0,6,0,0,6,811,38,773,82,0,82,288,3,243,4,38,
3171031007,DKI JAKARTA,JAKARTA PUSAT,KEMAYORAN,SUMUR BATU,317,4,28,1,284,1,0,0,0,1,5,0,0,5,441,45,396,26,0,26,177,8,154,2,13,
3172021004,DKI JAKARTA,JAKARTA UTARA,TANJUNG PRIOK,SUNGAI BAMBU,279,4,44,0,231,0,0,0,0,0,6,0,0,6,542,55,487,34,0,34,124,3,108,4,9,
3172021006,DKI JAKARTA,JAKARTA UTARA,TANJUNG PRIOK,SUNTER AGUNG,816,5,82,1,728,2,0,0,0,2,20,0,1,19,1687,103,1584,67,0,67,475,12,386,14,63,
3172021002,DKI JAKARTA,JAKARTA UTARA,TANJUNG PRIOK,SUNTER JAYA,715,4,77,6,628,0,0,0,0,0,9,0,1,8,1352,119,1233,156,0,156,439,3,342,17,77,
3175091004,DKI JAKARTA,JAKARTA TIMUR,CIRACAS,SUSUKAN,363,8,43,1,311,0,0,0,0,0,16,0,0,16,1023,29,994,69,0,69,122,4,79,4,35,
3173031001,DKI JAKARTA,JAKARTA BARAT,TAMAN SARI,TAMAN SARI,247,8,29,0,210,2,0,0,0,2,0,0,0,0,332,47,285,12,0,12,147,3,105,4,35,
3173041001,DKI JAKARTA,JAKARTA BARAT,TAMBORA,TAMBORA,169,3,9,3,154,0,0,0,0,0,1,0,0,1,262,9,253,2,0,2,69,3,49,3,14,
3173041004,DKI JAKARTA,JAKARTA BARAT,TAMBORA,TANAH SEREAL,258,5,16,2,235,1,0,0,0,1,4,0,0,4,229,15,214,3,0,3,135,2,115,6,12,
3171081004,DKI JAKARTA,JAKARTA PUSAT,JOHAR BARU,TANAH TINGGI,384,5,12,3,364,2,1,0,0,1,2,0,0,2,804,54,750,34,0,34,346,3,309,17,17,
3173031004,DKI JAKARTA,JAKARTA BARAT,TAMAN SARI,TANGKI,211,0,25,1,185,1,0,0,0,1,3,0,0,3,253,16,237,2,0,2,89,1,68,1,19,
3174091005,DKI JAKARTA,JAKARTA SELATAN,JAGAKARSA,TANJUNG BARAT,451,5,18,1,427,1,0,0,0,1,2,0,0,2,420,47,373,11,0,11,183,0,142,4,37,
3173021005,DKI JAKARTA,JAKARTA BARAT,GROGOL PETAMBURAN,TANJUNG DUREN SELATAN,328,1,14,1,312,0,0,0,0,0,19,0,0,19,536,38,498,19,0,19,225,5,175,7,38,
3173021002,DKI JAKARTA,JAKARTA BARAT,GROGOL PETAMBURAN,TANJUNG DUREN UTARA,228,1,5,0,222,1,0,0,0,1,20,0,0,20,420,31,389,18,0,18,101,5,68,5,23,
3172021001,DKI JAKARTA,JAKARTA UTARA,TANJUNG PRIOK,TANJUNG PRIOK,418,4,45,6,363,0,0,0,0,0,10,0,0,10,648,54,594,63,0,63,299,8,233,8,50,
3174011002,DKI JAKARTA,JAKARTA SELATAN,TEBET,TEBET BARAT,366,2,22,0,342,1,0,0,0,1,8,0,0,8,536,31,505,22,0,22,254,2,205,5,42,
3174011001,DKI JAKARTA,JAKARTA SELATAN,TEBET,TEBET TIMUR,311,5,46,2,258,0,0,0,0,0,6,0,0,6,453,48,405,28,0,28,144,2,91,3,48,
3173061003,DKI JAKARTA,JAKARTA BARAT,KALI DERES,TEGAL ALUR,555,1,57,6,491,0,0,0,0,0,7,0,0,7,1044,121,923,9,0,9,144,3,113,3,25,
3174031004,DKI JAKARTA,JAKARTA SELATAN,MAMPANG PRAPATAN,TEGAL PARANG,264,2,17,3,242,5,0,0,1,4,4,0,1,3,811,71,740,10,0,10,228,1,188,5,34,
3173021003,DKI JAKARTA,JAKARTA BARAT,GROGOL PETAMBURAN,TOMANG,340,1,15,2,322,0,0,0,0,0,14,0,0,14,595,50,545,74,0,74,210,2,170,3,35,
3172031005,DKI JAKARTA,JAKARTA UTARA,KOJA,TUGU SELATAN,342,3,34,1,304,0,0,0,0,0,2,0,0,2,387,29,358,64,0,64,179,2,143,5,29,
3172031002,DKI JAKARTA,JAKARTA UTARA,KOJA,TUGU UTARA,734,7,42,0,685,3,0,0,0,3,7,0,0,7,738,63,675,80,0,80,322,3,253,8,58,
3175061006,DKI JAKARTA,JAKARTA TIMUR,CAKUNG,UJUNG MENTENG,128,0,19,2,107,1,0,0,0,1,0,0,0,0,371,53,318,18,0,18,94,5,73,3,13,
3174101005,DKI JAKARTA,JAKARTA SELATAN,PESANGGRAHAN,ULUJAMI,473,4,26,2,441,0,0,0,0,0,0,0,0,0,992,47,945,26,0,26,173,4,136,5,28,
3175011006,DKI JAKARTA,JAKARTA TIMUR,MATRAMAN,UTAN KAYU SELATAN,414,3,27,8,376,2,0,0,0,2,2,0,0,2,689,42,647,83,0,83,215,5,171,7,32,
3175011002,DKI JAKARTA,JAKARTA TIMUR,MATRAMAN,UTAN KAYU UTARA,322,1,16,0,305,2,0,0,0,2,3,0,0,3,551,42,509,42,0,42,166,3,129,5,29,
3171031008,DKI JAKARTA,JAKARTA PUSAT,KEMAYORAN,UTAN PANJANG,312,4,16,2,290,0,0,0,0,0,2,0,0,2,379,43,336,25,0,25,203,3,150,8,42,
3172021007,DKI JAKARTA,JAKARTA UTARA,TANJUNG PRIOK,WARAKAS,396,13,56,2,325,0,0,0,0,0,10,0,0,10,764,76,688,50,0,50,216,3,184,5,24,
3173021007,DKI JAKARTA,JAKARTA BARAT,GROGOL PETAMBURAN,WIJAYA KUSUMA,296,2,11,2,281,0,0,0,0,0,7,0,0,7,671,61,610,22,0,22,184,3,132,6,43,
