id_kel,nama_provinsi,nama_kota,nama_kecamatan,nama_kelurahan,suspek,perawatan_rs,isolasi_di_rumah,suspek_meninggal,selesai_isolasi,probable,perawatan_rs,isolasi_di_rumah,probable_meninggal,selesai_isolasi,pelaku_perjalanan,perawatan_rs,isolasi_di_rumah,selesai_isolasi,kontak_erat,isolasi_di_rumah,selesai_isolasi,discarded,meninggal,selesai_isolasi,positif,dirawat,sembuh,meninggal,self_isolation,keterangan
3172051003,DKI JAKARTA,JAKARTA UTARA,PADEMANGAN,ANCOL,475,4,22,0,449,4,0,0,0,4,10,0,0,10,629,15,614,9,0,9,323,2,270,4,47,
3173041007,DKI JAKARTA,JAKARTA BARAT,TAMBORA,ANGKE,409,1,17,2,389,1,0,0,1,0,0,0,0,0,492,18,474,26,0,26,176,2,163,4,7,
3175041005,DKI JAKARTA,JAKARTA TIMUR,KRAMAT JATI,BALE KAMBANG,283,2,14,1,266,3,2,0,0,1,5,0,0,5,545,33,512,23,0,23,161,5,144,3,9,
3175031003,DKI JAKARTA,JAKARTA TIMUR,JATINEGARA,BALI MESTER,100,1,4,1,94,1,0,0,0,1,0,0,0,0,154,29,125,6,0,6,71,1,39,1,30,
3175101006,DKI JAKARTA,JAKARTA TIMUR,CIPAYUNG,BAMBU APUS,391,3,18,1,369,0,0,0,0,0,4,0,0,4,625,31,594,17,0,17,165,9,145,3,8,
3174031002,DKI JAKARTA,JAKARTA SELATAN,MAMPANG PRAPATAN,BANGKA,294,3,19,2,270,5,0,0,1,4,18,0,0,18,689,28,661,8,0,8,178,3,162,2,11,
3175051002,DKI JAKARTA,JAKARTA TIMUR,PASAR REBO,BARU,404,4,18,1,381,0,0,0,0,0,5,0,0,5,404,9,395,17,0,17,189,5,173,0,11,
3175041004,DKI JAKARTA,JAKARTA TIMUR,KRAMAT JATI,BATU AMPAR,520,4,38,1,477,3,0,0,0,3,3,0,0,3,1069,96,973,26,0,26,266,9,218,5,34,
3171071002,DKI JAKARTA,JAKARTA PUSAT,TANAH ABANG,BENDUNGAN HILIR,447,7,24,0,416,2,1,0,0,1,4,0,0,4,822,65,757,10,0,10,247,9,210,9,19,
3175031002,DKI JAKARTA,JAKARTA TIMUR,JATINEGARA,BIDARA CINA,387,7,20,3,357,1,0,0,0,1,8,0,0,8,591,75,516,33,0,33,282,5,236,10,31,
3174101002,DKI JAKARTA,JAKARTA SELATAN,PESANGGRAHAN,BINTARO,733,3,35,2,693,4,0,0,0,4,9,0,0,9,1501,68,1433,24,0,24,329,9,285,8,27,
3174011005,DKI JAKARTA,JAKARTA SELATAN,TEBET,BUKIT DURI,393,2,12,3,376,2,0,0,0,2,13,0,0,13,595,35,560,13,0,13,232,7,199,7,19,
3171041006,DKI JAKARTA,JAKARTA PUSAT,SENEN,BUNGUR,248,10,17,2,219,1,0,0,0,1,13,0,0,13,604,75,529,14,0,14,185,1,166,4,14,
3175061007,DKI JAKARTA,JAKARTA TIMUR,CAKUNG,CAKUNG BARAT,355,6,39,1,309,2,1,0,0,1,0,0,0,0,721,47,674,43,0,43,279,3,241,5,30,
3175061004,DKI JAKARTA,JAKARTA TIMUR,CAKUNG,CAKUNG TIMUR,412,2,31,2,377,2,0,0,1,1,6,0,0,6,845,57,788,43,0,43,289,8,253,6,22,
3175041007,DKI JAKARTA,JAKARTA TIMUR,KRAMAT JATI,CAWANG,336,3,20,0,313,1,0,0,0,1,6,0,0,6,980,196,784,18,0,18,320,10,258,6,46,
3175101008,DKI JAKARTA,JAKARTA TIMUR,CIPAYUNG,CEGER,243,1,9,0,233,0,0,0,0,0,1,0,0,1,420,25,395,9,0,9,129,2,102,3,22,
3171031006,DKI JAKARTA,JAKARTA PUSAT,KEMAYORAN,CEMPAKA BARU,661,3,27,2,629,1,0,0,0,1,7,0,0,7,1044,54,990,35,0,35,431,0,388,17,26,
3171051002,DKI JAKARTA,JAKARTA PUSAT,CEMPAKA PUTIH,CEMPAKA PUTIH BARAT,918,6,33,2,877,4,2,0,0,2,20,0,1,19,2023,102,1921,50,0,50,675,10,630,15,20,
3171051001,DKI JAKARTA,JAKARTA PUSAT,CEMPAKA PUTIH,CEMPAKA PUTIH TIMUR,651,7,44,1,599,1,0,0,0,1,12,0,0,12,1457,71,1386,57,0,57,360,7,335,6,12,
3173011001,DKI JAKARTA,JAKARTA BARAT,CENGKARENG,CENGKARENG BARAT,728,6,38,1,683,0,0,0,0,0,6,0,0,6,1333,70,1263,13,0,13,455,30,366,8,51,
3173011006,DKI JAKARTA,JAKARTA BARAT,CENGKARENG,CENGKARENG TIMUR,897,5,35,7,850,1,0,0,0,1,4,0,0,4,1828,145,1683,18,0,18,659,23,548,13,75,
3175091002,DKI JAKARTA,JAKARTA TIMUR,CIRACAS,CIBUBUR,903,1,38,4,860,1,0,0,0,1,30,0,0,30,1891,43,1848,90,0,90,337,12,294,7,24,
3171011002,DKI JAKARTA,JAKARTA PUSAT,GAMBIR,CIDENG,303,1,12,2,288,0,0,0,0,0,10,0,0,10,625,16,609,13,0,13,194,2,176,7,9,
3174091003,DKI JAKARTA,JAKARTA SELATAN,JAGAKARSA,CIGANJUR,707,4,49,1,653,2,0,0,0,2,12,0,0,12,774,101,673,14,0,14,195,3,164,4,24,
3175051003,DKI JAKARTA,JAKARTA TIMUR,PASAR REBO,CIJANTUNG,805,1,30,3,771,0,0,0,0,0,3,0,0,3,559,18,541,10,0,10,309,10,258,9,32,
3171061003,DKI JAKARTA,JAKARTA PUSAT,MENTENG,CIKINI,157,1,3,0,153,0,0,0,0,0,2,0,0,2,218,9,209,11,0,11,67,0,60,3,4,
3174081006,DKI JAKARTA,JAKARTA SELATAN,PANCORAN,CIKOKO,192,1,4,0,187,1,0,0,0,1,10,0,0,10,282,7,275,1,0,1,67,2,60,3,2,
3174061001,DKI JAKARTA,JAKARTA SELATAN,CILANDAK,CILANDAK BARAT,1174,19,125,5,1025,1,0,0,0,1,97,0,0,97,1591,107,1485,41,0,40,390,12,309,7,62,
3174041003,DKI JAKARTA,JAKARTA SELATAN,PASAR MINGGU,CILANDAK TIMUR,502,1,31,1,469,5,0,0,0,5,17,0,0,17,486,43,443,86,0,86,259,3,240,8,8,
3175101002,DKI JAKARTA,JAKARTA TIMUR,CIPAYUNG,CILANGKAP,355,2,13,1,339,1,0,0,0,1,3,0,0,3,626,18,608,21,0,21,178,4,165,1,8,
3175041006,DKI JAKARTA,JAKARTA TIMUR,KRAMAT JATI,CILILITAN,332,1,29,1,301,0,0,0,0,0,6,0,0,6,893,85,808,47,0,47,302,7,249,8,38,
3172041001,DKI JAKARTA,JAKARTA UTARA,CILINCING,CILINCING,610,4,30,1,575,1,1,0,0,0,6,0,0,6,1154,18,1136,98,0,98,412,4,373,11,24,
3175101001,DKI JAKARTA,JAKARTA TIMUR,CIPAYUNG,CIPAYUNG,522,1,30,2,489,3,0,0,1,2,7,0,0,7,681,28,653,27,0,27,220,6,190,3,21,
3174091006,DKI JAKARTA,JAKARTA SELATAN,JAGAKARSA,CIPEDAK,584,4,24,0,556,2,0,0,0,2,1,0,0,1,827,60,767,8,0,8,259,2,244,3,10,
3174061005,DKI JAKARTA,JAKARTA SELATAN,CILANDAK,CIPETE SELATAN,314,5,26,1,282,2,0,0,0,2,46,0,0,46,557,68,489,6,0,6,143,5,108,7,23,
3174071010,DKI JAKARTA,JAKARTA SELATAN,KEBAYORAN BARU,CIPETE UTARA,669,4,77,3,585,0,0,0,0,0,9,0,0,9,609,67,542,5,0,5,176,3,150,4,19,
3175021003,DKI JAKARTA,JAKARTA TIMUR,PULO GADUNG,CIPINANG,332,4,12,2,314,1,0,0,0,1,3,0,0,3,934,31,904,38,0,37,352,12,314,12,14,
3175031007,DKI JAKARTA,JAKARTA TIMUR,JATINEGARA,CIPINANG BESAR SELATAN,292,9,16,2,265,2,0,0,0,2,2,0,0,2,614,85,529,17,0,17,238,7,183,2,46,
3175031008,DKI JAKARTA,JAKARTA TIMUR,JATINEGARA,CIPINANG BESAR UTARA,447,4,32,0,411,2,0,0,0,2,3,0,0,3,907,183,724,19,0,19,362,3,287,6,66,
3175031005,DKI JAKARTA,JAKARTA TIMUR,JATINEGARA,CIPINANG CEMPEDAK,271,4,15,2,250,0,0,0,0,0,5,0,0,5,542,63,480,19,0,18,205,5,168,5,27,
3175081005,DKI JAKARTA,JAKARTA TIMUR,MAKASAR,CIPINANG MELAYU,387,0,23,2,362,3,0,0,0,3,4,0,0,4,776,33,743,20,0,20,285,2,258,7,18,
3175031006,DKI JAKARTA,JAKARTA TIMUR,JATINEGARA,CIPINANG MUARA,453,2,17,1,433,5,0,0,0,5,9,0,0,9,981,78,904,31,0,30,406,5,313,6,82,
3174051003,DKI JAKARTA,JAKARTA SELATAN,KEBAYORAN LAMA,CIPULIR,345,6,20,4,315,6,0,0,0,6,6,0,0,6,544,12,532,8,0,8,253,10,200,4,39,
3175091001,DKI JAKARTA,JAKARTA TIMUR,CIRACAS,CIRACAS,977,6,58,9,904,3,0,0,0,3,23,0,0,23,1637,39,1598,45,0,45,476,13,415,15,33,
3175041003,DKI JAKARTA,JAKARTA TIMUR,KRAMAT JATI,DUKUH,310,9,33,1,267,0,0,0,0,0,1,0,0,1,726,66,660,14,0,14,188,8,153,4,23,
3175071001,DKI JAKARTA,JAKARTA TIMUR,DUREN SAWIT,DUREN SAWIT,903,3,29,3,868,17,2,0,0,15,4,0,0,4,1176,58,1118,32,0,32,589,12,514,14,49,
3174081004,DKI JAKARTA,JAKARTA SELATAN,PANCORAN,DUREN TIGA,446,1,11,0,434,2,0,0,0,2,6,0,0,6,644,20,624,3,0,3,202,7,177,1,17,
3173051005,DKI JAKARTA,JAKARTA BARAT,KEBON JERUK,DURI KEPA,567,7,49,2,509,3,0,0,0,3,12,0,0,12,1339,51,1289,74,0,73,424,11,370,12,31,
3173011002,DKI JAKARTA,JAKARTA BARAT,CENGKARENG,DURI KOSAMBI,614,8,34,3,569,0,0,0,0,0,4,0,0,4,1110,90,1020,11,0,11,457,23,370,8,56,
3171011006,DKI JAKARTA,JAKARTA PUSAT,GAMBIR,DURI PULO,204,4,9,3,188,0,0,0,0,0,1,0,0,1,517,29,488,7,0,7,185,2,164,8,11,
3173041011,DKI JAKARTA,JAKARTA BARAT,TAMBORA,DURI SELATAN,179,2,4,1,172,0,0,0,0,0,2,0,0,2,173,4,169,4,0,4,80,1,69,3,7,
3173041003,DKI JAKARTA,JAKARTA BARAT,TAMBORA,DURI UTARA,219,2,6,2,209,1,0,0,0,1,2,0,0,2,238,3,235,4,0,4,142,3,128,4,7,
3171081003,DKI JAKARTA,JAKARTA PUSAT,JOHAR BARU,GALUR,225,0,5,0,220,3,0,0,0,3,3,0,0,3,549,22,527,46,0,46,218,3,203,10,2,
3171011001,DKI JAKARTA,JAKARTA PUSAT,GAMBIR,GAMBIR,103,3,9,0,91,1,0,0,0,1,17,0,0,17,423,12,411,6,0,6,186,0,174,1,11,
3174061004,DKI JAKARTA,JAKARTA SELATAN,CILANDAK,GANDARIA SELATAN,228,1,14,0,213,2,0,0,0,2,20,0,0,20,705,39,666,4,0,4,164,4,140,5,15,
3174071009,DKI JAKARTA,JAKARTA SELATAN,KEBAYORAN BARU,GANDARIA UTARA,664,3,52,2,607,0,0,0,0,0,3,0,0,3,699,48,651,5,0,5,226,5,197,4,20,
3175051001,DKI JAKARTA,JAKARTA TIMUR,PASAR REBO,GEDONG,781,3,35,0,743,0,0,0,0,0,4,0,0,4,444,22,422,24,0,24,258,3,227,4,24,
3171071001,DKI JAKARTA,JAKARTA PUSAT,TANAH ABANG,GELORA,74,0,0,1,73,0,0,0,0,0,5,0,0,5,228,2,226,0,0,0,112,1,107,2,2,
3173031007,DKI JAKARTA,JAKARTA BARAT,TAMAN SARI,GLODOK,116,2,2,0,112,0,0,0,0,0,1,0,0,1,173,5,168,1,0,1,43,2,36,2,3,
3171061004,DKI JAKARTA,JAKARTA PUSAT,MENTENG,GONDANGDIA,72,1,5,1,65,0,0,0,0,0,13,0,0,13,149,9,140,7,0,7,64,3,56,3,2,
3173021001,DKI JAKARTA,JAKARTA BARAT,GROGOL PETAMBURAN,GROGOL,521,2,34,4,481,1,0,0,0,1,45,0,0,45,1021,86,935,36,0,36,259,2,241,1,15,
3174051005,DKI JAKARTA,JAKARTA SELATAN,KEBAYORAN LAMA,GROGOL SELATAN,405,4,26,5,370,0,0,0,0,0,12,0,0,12,636,25,612,12,0,11,264,3,232,7,22,
3174051004,DKI JAKARTA,JAKARTA SELATAN,KEBAYORAN LAMA,GROGOL UTARA,440,6,27,4,403,0,0,0,0,0,24,0,0,24,644,18,626,16,0,16,330,8,275,9,38,
3174021007,DKI JAKARTA,JAKARTA SELATAN,SETIA BUDI,GUNTUR,66,2,5,0,59,0,0,0,0,0,1,0,0,1,208,12,196,1,0,1,56,1,44,1,10,
3174071002,DKI JAKARTA,JAKARTA SELATAN,KEBAYORAN BARU,GUNUNG,291,0,21,3,267,0,0,0,0,0,7,0,0,7,375,14,361,0,0,0,127,6,111,3,7,
3171031005,DKI JAKARTA,JAKARTA PUSAT,KEMAYORAN,GUNUNG SAHARI SELATAN,325,3,17,1,304,0,0,0,0,0,5,0,0,5,550,25,525,1,0,1,200,3,184,6,7,
3171021004,DKI JAKARTA,JAKARTA PUSAT,SAWAH BESAR,GUNUNG SAHARI UTARA,288,2,10,1,275,2,1,0,0,1,7,0,0,7,577,18,559,11,0,11,181,3,164,10,4,
3175081004,DKI JAKARTA,JAKARTA TIMUR,MAKASAR,HALIM PERDANA KUSUMAH,265,3,19,2,241,0,0,0,0,0,6,0,0,6,575,16,559,9,0,9,448,16,413,6,13,
3171031003,DKI JAKARTA,JAKARTA PUSAT,KEMAYORAN,HARAPAN MULIA,373,1,24,3,345,1,0,0,0,1,6,0,0,6,592,29,564,32,0,31,268,5,237,9,17,
3174091001,DKI JAKARTA,JAKARTA SELATAN,JAGAKARSA,JAGAKARSA,1070,8,34,2,1026,8,0,0,0,8,8,0,0,8,1203,86,1117,19,0,19,419,3,386,6,24,
3175021007,DKI JAKARTA,JAKARTA TIMUR,PULO GADUNG,JATI,381,2,17,1,361,0,0,0,0,0,8,0,0,8,964,39,925,37,0,37,277,6,254,6,11,
3174041002,DKI JAKARTA,JAKARTA SELATAN,PASAR MINGGU,JATI PADANG,536,5,27,2,502,0,0,0,0,0,4,0,1,3,690,36,654,69,0,69,220,9,190,5,16,
3173071004,DKI JAKARTA,JAKARTA BARAT,PALMERAH,JATI PULO,551,0,35,4,512,2,1,0,0,1,4,0,0,4,798,40,758,63,0,63,316,7,285,9,15,
3175061001,DKI JAKARTA,JAKARTA TIMUR,CAKUNG,JATINEGARA,740,3,113,3,621,1,0,0,0,1,4,0,1,3,1567,107,1460,44,0,44,587,9,524,10,44,
3175021004,DKI JAKARTA,JAKARTA TIMUR,PULO GADUNG,JATINEGARA KAUM,135,0,6,0,129,1,0,0,1,0,3,0,0,3,406,40,366,11,0,11,123,1,100,6,16,
3173021004,DKI JAKARTA,JAKARTA BARAT,GROGOL PETAMBURAN,JELAMBAR,476,4,25,5,442,2,0,0,0,2,27,0,1,26,845,55,790,13,0,13,270,13,201,7,49,
3173021006,DKI JAKARTA,JAKARTA BARAT,GROGOL PETAMBURAN,JELAMBAR BARU,403,4,28,2,369,2,0,0,0,2,4,0,0,4,682,49,633,20,0,20,211,4,165,5,37,
3173041006,DKI JAKARTA,JAKARTA BARAT,TAMBORA,JEMBATAN BESI,563,4,6,1,552,1,0,0,0,1,5,0,0,5,506,17,489,8,0,8,256,0,223,7,26,
3173041008,DKI JAKARTA,JAKARTA BARAT,TAMBORA,JEMBATAN LIMA,212,4,11,0,197,0,0,0,0,0,1,0,0,1,221,6,215,5,0,5,139,2,115,4,18,
3173081005,DKI JAKARTA,JAKARTA BARAT,KEMBANGAN,JOGLO,514,5,37,4,468,1,0,0,0,1,5,0,0,5,789,41,748,14,0,14,256,6,228,4,18,
3171081001,DKI JAKARTA,JAKARTA PUSAT,JOHAR BARU,JOHAR BARU,700,2,31,3,664,6,2,0,0,4,11,0,0,11,1924,76,1850,100,0,98,510,1,474,18,17,
3173041002,DKI JAKARTA,JAKARTA BARAT,TAMBORA,KALI ANYAR,390,3,10,0,377,1,0,0,0,1,4,0,1,3,361,8,353,14,0,14,201,2,180,7,12,
3172041004,DKI JAKARTA,JAKARTA UTARA,CILINCING,KALI BARU,551,10,41,5,495,0,0,0,0,0,5,0,0,5,682,25,657,44,0,44,350,0,329,8,13,
3174081002,DKI JAKARTA,JAKARTA SELATAN,PANCORAN,KALIBATA,631,3,25,4,599,7,0,0,0,7,12,0,0,12,892,42,850,12,0,12,332,6,296,7,23,
3173061001,DKI JAKARTA,JAKARTA BARAT,KALI DERES,KALIDERES,1232,10,76,4,1142,1,0,0,0,1,6,0,0,6,2351,113,2238,30,0,30,502,13,394,7,88,
3175051004,DKI JAKARTA,JAKARTA TIMUR,PASAR REBO,KALISARI,1085,7,17,0,1061,0,0,0,0,0,3,0,0,3,557,26,531,13,0,13,283,11,251,6,15,
3173061004,DKI JAKARTA,JAKARTA BARAT,KALI DERES,KAMAL,347,1,19,3,324,0,0,0,0,0,1,0,0,1,580,27,553,5,0,5,89,4,64,8,13,
3172011002,DKI JAKARTA,JAKARTA UTARA,PENJARINGAN,KAMAL MUARA,101,1,8,0,92,0,0,0,0,0,4,0,0,4,217,8,209,2,0,2,92,3,71,2,16,
3171071007,DKI JAKARTA,JAKARTA PUSAT,TANAH ABANG,KAMPUNG BALI,151,0,3,2,146,1,0,0,0,1,2,0,0,2,330,9,321,2,0,2,87,8,72,4,3,
3175031001,DKI JAKARTA,JAKARTA TIMUR,JATINEGARA,KAMPUNG MELAYU,248,5,19,5,219,2,0,0,0,2,7,0,0,7,353,34,319,5,0,5,257,9,196,4,48,
3171081002,DKI JAKARTA,JAKARTA PUSAT,JOHAR BARU,KAMPUNG RAWA,319,5,7,0,307,2,0,0,0,2,2,0,1,1,803,31,772,66,0,66,275,3,251,13,8,
3175041002,DKI JAKARTA,JAKARTA TIMUR,KRAMAT JATI,KAMPUNG TENGAH,601,5,38,1,557,3,1,0,0,2,9,0,0,9,1242,71,1171,52,0,52,326,17,276,12,21,
3173011005,DKI JAKARTA,JAKARTA BARAT,CENGKARENG,KAPUK,832,9,38,16,769,2,0,0,0,2,12,0,1,11,1624,108,1516,14,0,14,657,30,528,19,80,
3172011003,DKI JAKARTA,JAKARTA UTARA,PENJARINGAN,KAPUK MUARA,260,4,21,0,235,1,0,0,0,1,10,0,0,10,630,28,602,24,0,24,181,5,161,7,8,
3171021002,DKI JAKARTA,JAKARTA PUSAT,SAWAH BESAR,KARANG ANYAR,486,3,25,5,453,1,0,0,0,1,4,0,0,4,928,50,879,11,0,10,230,9,185,7,29,
3174021004,DKI JAKARTA,JAKARTA SELATAN,SETIA BUDI,KARET,145,0,4,0,141,0,0,0,0,0,11,0,0,11,402,13,389,4,0,4,133,0,131,0,2,
3174021003,DKI JAKARTA,JAKARTA SELATAN,SETIA BUDI,KARET KUNINGAN,309,0,28,1,280,0,0,0,0,0,22,0,1,21,441,39,402,4,0,4,234,9,180,5,40,
3174021002,DKI JAKARTA,JAKARTA SELATAN,SETIA BUDI,KARET SEMANGGI,67,0,6,1,60,0,0,0,0,0,3,0,0,3,92,7,85,2,0,2,26,0,22,2,2,
3171071003,DKI JAKARTA,JAKARTA PUSAT,TANAH ABANG,KARET TENGSIN,294,6,15,0,273,0,0,0,0,0,8,0,0,8,768,34,734,2,0,2,162,6,139,6,11,
3171021003,DKI JAKARTA,JAKARTA PUSAT,SAWAH BESAR,KARTINI,339,1,16,1,321,1,0,0,0,1,0,0,0,0,714,16,698,18,0,18,238,4,217,5,12,
3175011003,DKI JAKARTA,JAKARTA TIMUR,MATRAMAN,KAYU MANIS,397,2,25,0,370,3,0,0,0,3,2,0,0,2,744,40,704,29,0,29,245,5,212,6,22,
3175021006,DKI JAKARTA,JAKARTA TIMUR,PULO GADUNG,KAYU PUTIH,509,4,23,4,478,1,0,0,1,0,15,0,0,15,1141,48,1094,51,0,50,353,6,308,10,29,
3173031006,DKI JAKARTA,JAKARTA BARAT,TAMAN SARI,KEAGUNGAN,307,0,9,0,298,0,0,0,0,0,3,0,0,3,509,19,490,10,0,10,181,1,178,1,1,
3174041007,DKI JAKARTA,JAKARTA SELATAN,PASAR MINGGU,KEBAGUSAN,664,6,53,1,604,3,0,0,0,3,3,0,1,2,752,42,710,39,0,39,224,13,190,1,20,
3174051006,DKI JAKARTA,JAKARTA SELATAN,KEBAYORAN LAMA,KEBAYORAN LAMA SELATAN,625,6,33,0,586,5,0,0,0,5,2,0,0,2,804,22,782,14,0,14,298,10,262,6,20,
3174051001,DKI JAKARTA,JAKARTA SELATAN,KEBAYORAN LAMA,KEBAYORAN LAMA UTARA,437,5,34,1,397,1,0,0,0,1,15,0,0,15,535,19,516,4,0,4,227,3,189,5,30,
3174011004,DKI JAKARTA,JAKARTA SELATAN,TEBET,KEBON BARU,425,2,14,2,407,0,0,0,0,0,15,0,0,15,733,26,707,21,0,21,227,5,205,7,10,
3172021005,DKI JAKARTA,JAKARTA UTARA,TANJUNG PRIOK,KEBON BAWANG,759,4,57,1,697,0,0,0,0,0,15,0,0,15,1303,82,1221,86,0,86,426,6,405,3,12,
3173051001,DKI JAKARTA,JAKARTA BARAT,KEBON JERUK,KEBON JERUK,848,3,67,6,772,2,0,0,0,2,13,0,0,13,2072,147,1925,61,0,61,684,15,600,18,51,
3171071006,DKI JAKARTA,JAKARTA PUSAT,TANAH ABANG,KEBON KACANG,469,4,18,1,446,1,0,0,0,1,0,0,0,0,589,31,558,6,0,6,301,5,279,11,6,
3171011005,DKI JAKARTA,JAKARTA PUSAT,GAMBIR,KEBON KELAPA,157,0,6,1,150,3,0,0,0,3,4,0,0,4,317,17,300,3,0,3,98,2,88,1,7,
3171031002,DKI JAKARTA,JAKARTA PUSAT,KEMAYORAN,KEBON KOSONG,387,2,19,5,361,1,1,0,0,0,9,0,1,8,537,22,515,32,0,32,251,3,234,7,7,
3175011005,DKI JAKARTA,JAKARTA TIMUR,MATRAMAN,KEBON MANGGIS,207,0,11,4,192,0,0,0,0,0,2,0,0,2,293,15,278,24,0,24,157,0,143,3,11,
3171071005,DKI JAKARTA,JAKARTA PUSAT,TANAH ABANG,KEBON MELATI,533,3,21,3,506,1,1,0,0,0,5,0,0,5,1012,29,983,10,0,10,491,4,460,9,18,
3175081003,DKI JAKARTA,JAKARTA TIMUR,MAKASAR,KEBON PALA,382,1,35,1,345,1,0,0,0,1,6,0,0,6,1018,35,983,16,0,16,367,12,309,7,39,
3171061005,DKI JAKARTA,JAKARTA PUSAT,MENTENG,KEBON SIRIH,174,2,8,2,162,0,0,0,0,0,4,0,0,4,322,13,309,15,0,15,142,0,133,2,7,
3173011004,DKI JAKARTA,JAKARTA BARAT,CENGKARENG,KEDAUNG KALI ANGKE,505,6,28,0,471,0,0,0,0,0,1,0,0,1,624,40,584,6,0,6,348,14,290,6,38,
3173051007,DKI JAKARTA,JAKARTA BARAT,KEBON JERUK,KEDOYA SELATAN,440,1,34,5,400,2,0,0,0,2,8,0,0,8,732,40,693,22,0,21,234,5,200,7,22,
3173051006,DKI JAKARTA,JAKARTA BARAT,KEBON JERUK,KEDOYA UTARA,452,6,35,2,409,1,0,0,0,1,15,0,0,15,966,37,929,22,0,22,325,21,269,7,28,
3173051004,DKI JAKARTA,JAKARTA BARAT,KEBON JERUK,KELAPA DUA,329,3,15,0,311,0,0,0,0,0,5,0,0,5,724,47,677,22,0,22,198,3,175,3,17,
3175091003,DKI JAKARTA,JAKARTA TIMUR,CIRACAS,KELAPA DUA WETAN,645,3,26,1,615,1,0,0,0,1,8,0,0,8,1174,30,1145,37,0,36,239,9,210,3,17,
3172061003,DKI JAKARTA,JAKARTA UTARA,KELAPA GADING,KELAPA GADING BARAT,958,11,66,3,878,2,0,0,0,2,49,0,1,48,1353,65,1289,171,0,170,428,5,370,5,48,
3172061001,DKI JAKARTA,JAKARTA UTARA,KELAPA GADING,KELAPA GADING TIMUR,752,5,30,2,715,2,0,0,0,2,23,0,2,21,1307,31,1276,112,0,112,339,6,281,9,43,
3173071005,DKI JAKARTA,JAKARTA BARAT,PALMERAH,KEMANGGISAN,659,3,40,6,610,0,0,0,0,0,9,0,1,8,968,51,917,50,0,50,344,7,300,11,26,
3171031001,DKI JAKARTA,JAKARTA PUSAT,KEMAYORAN,KEMAYORAN,414,1,20,3,390,2,2,0,0,0,3,0,1,2,609,24,585,26,0,26,336,4,317,10,5,
3173081006,DKI JAKARTA,JAKARTA BARAT,KEMBANGAN,KEMBANGAN SELATAN,307,0,25,1,281,0,0,0,0,0,8,0,0,8,643,39,604,53,0,53,213,8,188,5,12,
3173081001,DKI JAKARTA,JAKARTA BARAT,KEMBANGAN,KEMBANGAN UTARA,678,6,52,3,617,4,0,0,1,3,3,0,0,3,1578,42,1536,11,0,11,339,12,287,6,34,
3171041002,DKI JAKARTA,JAKARTA PUSAT,SENEN,KENARI,250,8,8,1,233,1,0,0,0,1,8,0,0,8,565,43,522,46,0,46,182,0,172,3,7,
3173041005,DKI JAKARTA,JAKARTA BARAT,TAMBORA,KERENDANG,278,0,6,2,270,1,0,0,0,1,0,0,0,0,224,4,220,9,0,9,146,3,120,8,15,
3175071003,DKI JAKARTA,JAKARTA TIMUR,DUREN SAWIT,KLENDER,681,3,22,2,654,4,0,0,0,4,5,0,0,5,1116,46,1070,34,0,34,451,13,388,17,33,
3172031001,DKI JAKARTA,JAKARTA UTARA,KOJA,KOJA,330,4,12,0,314,0,0,0,0,0,4,0,0,4,459,11,448,41,0,41,366,1,313,9,43,
3173071006,DKI JAKARTA,JAKARTA BARAT,PALMERAH,KOTA BAMBU SELATAN,526,2,24,5,495,0,0,0,0,0,1,0,0,1,899,35,864,72,0,72,280,8,256,5,11,
3173071003,DKI JAKARTA,JAKARTA BARAT,PALMERAH,KOTA BAMBU UTARA,436,2,20,11,403,2,1,0,0,1,3,0,0,3,597,20,577,54,0,54,253,5,220,9,19,
3171041004,DKI JAKARTA,JAKARTA PUSAT,SENEN,KRAMAT,436,5,24,6,401,0,0,0,0,0,9,0,1,8,998,80,918,35,0,35,309,3,280,11,15,
3175041001,DKI JAKARTA,JAKARTA TIMUR,KRAMAT JATI,KRAMAT JATI,461,4,36,1,420,1,1,0,0,0,12,0,0,12,969,59,910,22,0,22,400,23,338,11,28,
3174071003,DKI JAKARTA,JAKARTA SELATAN,KEBAYORAN BARU,KRAMAT PELA,272,2,7,0,263,0,0,0,0,0,0,0,0,0,517,15,502,6,0,6,164,7,140,2,15,
3173031002,DKI JAKARTA,JAKARTA BARAT,TAMAN SARI,KRUKUT,294,1,14,6,273,2,1,0,0,1,3,0,0,3,485,19,466,12,0,12,194,1,172,4,17,
3174031005,DKI JAKARTA,JAKARTA SELATAN,MAMPANG PRAPATAN,KUNINGAN BARAT,147,0,21,1,125,1,0,0,0,1,0,0,0,0,491,16,475,5,0,5,149,2,127,2,18,
3174021008,DKI JAKARTA,JAKARTA SELATAN,SETIA BUDI,KUNINGAN TIMUR,157,0,23,1,133,1,0,0,0,1,20,0,0,20,229,14,215,1,0,1,129,1,104,2,22,
3171041005,DKI JAKARTA,JAKARTA PUSAT,SENEN,KWITANG,246,0,17,0,229,3,0,0,0,3,7,0,0,7,518,55,463,10,0,10,132,1,118,5,8,
3172031003,DKI JAKARTA,JAKARTA UTARA,KOJA,LAGOA,674,5,29,1,639,1,1,0,0,0,5,0,0,5,739,21,719,73,0,72,669,6,632,14,17,
3174061002,DKI JAKARTA,JAKARTA SELATAN,CILANDAK,LEBAK BULUS,471,3,43,2,423,3,0,0,0,3,27,0,0,27,1092,59,1033,22,0,22,462,8,429,9,16,
3174091004,DKI JAKARTA,JAKARTA SELATAN,JAGAKARSA,LENTENG AGUNG,844,3,49,0,792,3,0,0,0,3,6,0,0,6,787,61,726,16,0,16,256,9,222,2,23,
LUAR DKI JAKARTA,LUAR DKI JAKARTA,LUAR DKI JAKARTA,LUAR DKI JAKARTA,LUAR DKI JAKARTA,43170,300,3077,98,39695,90,11,0,0,79,662,0,10,652,66896,6376,60547,2298,0,2271,8403,408,7361,133,501,
3175101007,DKI JAKARTA,JAKARTA TIMUR,CIPAYUNG,LUBANG BUAYA,880,6,33,3,838,3,1,0,0,2,10,0,0,10,843,42,801,33,0,33,429,14,381,3,31,
3175081001,DKI JAKARTA,JAKARTA TIMUR,MAKASAR,MAKASAR,394,4,49,1,340,0,0,0,0,0,8,0,0,8,1283,35,1248,24,0,24,313,10,275,5,23,
3175071006,DKI JAKARTA,JAKARTA TIMUR,DUREN SAWIT,MALAKA JAYA,357,3,9,2,343,1,0,0,0,1,2,0,0,2,675,34,641,16,0,16,242,2,224,4,12,
3175071005,DKI JAKARTA,JAKARTA TIMUR,DUREN SAWIT,MALAKA SARI,330,4,9,1,316,0,0,0,0,0,1,0,0,1,596,21,575,15,0,15,214,7,186,4,17,
3174031001,DKI JAKARTA,JAKARTA SELATAN,MAMPANG PRAPATAN,MAMPANG PRAPATAN,333,2,16,2,313,2,1,0,0,1,0,0,0,0,1039,28,1011,10,0,10,319,7,285,9,18,
3173031005,DKI JAKARTA,JAKARTA BARAT,TAMAN SARI,MANGGA BESAR,157,1,6,1,149,1,0,0,0,1,0,0,0,0,196,14,182,6,0,6,77,1,64,4,8,
3171021005,DKI JAKARTA,JAKARTA PUSAT,SAWAH BESAR,MANGGA DUA SELATAN,422,6,20,1,395,3,0,0,0,3,1,0,0,1,875,34,841,17,0,17,255,5,232,5,13,
3174011007,DKI JAKARTA,JAKARTA SELATAN,TEBET,MANGGARAI,443,2,23,0,418,4,0,0,0,4,4,0,0,4,585,34,551,25,0,25,247,5,222,2,18,
3174011006,DKI JAKARTA,JAKARTA SELATAN,TEBET,MANGGARAI SELATAN,312,4,18,2,288,0,0,0,0,0,6,0,0,6,505,26,479,23,0,23,156,6,123,7,20,
3173031003,DKI JAKARTA,JAKARTA BARAT,TAMAN SARI,MAPHAR,245,0,21,1,223,0,0,0,0,0,6,0,0,6,405,10,395,40,0,40,214,5,197,2,10,
3172041003,DKI JAKARTA,JAKARTA UTARA,CILINCING,MARUNDA,301,2,20,0,279,3,0,0,0,3,0,0,0,0,370,9,361,15,0,15,141,0,114,1,26,
3174071001,DKI JAKARTA,JAKARTA SELATAN,KEBAYORAN BARU,MELAWAI,77,0,5,0,72,0,0,0,0,0,1,0,0,1,91,6,85,0,0,0,19,1,16,1,1,
3171061001,DKI JAKARTA,JAKARTA PUSAT,MENTENG,MENTENG,473,6,22,2,443,2,0,0,0,2,5,0,0,5,818,31,787,27,0,27,289,2,267,10,10,
3174021005,DKI JAKARTA,JAKARTA SELATAN,SETIA BUDI,MENTENG ATAS,413,8,24,3,378,2,0,0,0,2,55,0,0,55,1394,72,1323,38,0,37,308,3,275,7,23,
3174011003,DKI JAKARTA,JAKARTA SELATAN,TEBET,MENTENG DALAM,632,1,26,4,601,4,0,0,0,4,13,0,0,13,771,28,743,44,0,44,259,12,216,8,23,
3173081003,DKI JAKARTA,JAKARTA BARAT,KEMBANGAN,MERUYA SELATAN,414,3,34,1,376,1,0,0,0,1,5,0,0,5,824,40,784,17,0,17,245,3,210,3,29,
3173081002,DKI JAKARTA,JAKARTA BARAT,KEMBANGAN,MERUYA UTARA,614,5,25,6,578,1,0,0,1,0,7,0,0,7,1043,48,995,10,0,10,317,14,266,4,33,
3175101004,DKI JAKARTA,JAKARTA TIMUR,CIPAYUNG,MUNJUL,302,1,12,0,289,0,0,0,0,0,3,0,0,3,371,19,352,24,0,24,114,6,102,1,5,
3172051002,DKI JAKARTA,JAKARTA UTARA,PADEMANGAN,PADEMANGAN BARAT,1896,5,70,5,1816,5,0,0,0,5,15,0,0,15,2527,68,2459,35,0,35,768,5,718,23,22,
3172051001,DKI JAKARTA,JAKARTA UTARA,PADEMANGAN,PADEMANGAN TIMUR,664,1,44,3,616,2,0,0,0,2,15,0,2,13,914,19,896,21,0,20,307,4,270,6,27,
3175011004,DKI JAKARTA,JAKARTA TIMUR,MATRAMAN,PAL MERIAM,275,2,9,2,262,2,0,0,0,2,3,0,0,3,683,24,659,62,0,62,240,3,213,6,18,
3173071001,DKI JAKARTA,JAKARTA BARAT,PALMERAH,PALMERAH,1325,5,88,2,1230,0,0,0,0,0,2,0,0,2,1976,84,1892,78,0,78,572,14,496,22,40,
3174081001,DKI JAKARTA,JAKARTA SELATAN,PANCORAN,PANCORAN,429,1,16,0,412,1,0,0,0,1,9,0,0,9,628,27,601,7,0,7,278,9,242,4,23,
3172021003,DKI JAKARTA,JAKARTA UTARA,TANJUNG PRIOK,PAPANGGO,505,1,61,0,443,1,0,0,0,1,7,0,0,7,896,61,835,62,0,62,291,4,281,2,4,
3171021001,DKI JAKARTA,JAKARTA PUSAT,SAWAH BESAR,PASAR BARU,250,1,14,2,233,2,0,0,0,2,8,0,0,8,511,37,474,11,0,11,184,7,168,2,7,
3174021006,DKI JAKARTA,JAKARTA SELATAN,SETIA BUDI,PASAR MANGGIS,277,2,30,3,242,4,0,0,0,4,28,0,0,28,1005,50,955,18,0,18,273,4,226,9,34,
3174041001,DKI JAKARTA,JAKARTA SELATAN,PASAR MINGGU,PASAR MINGGU,483,16,31,1,435,3,0,0,0,3,7,0,0,7,668,60,608,20,0,20,257,8,228,7,14,
3171041003,DKI JAKARTA,JAKARTA PUSAT,SENEN,PASEBAN,583,4,19,1,559,4,1,0,0,3,21,0,0,21,1085,91,994,63,0,63,342,5,296,9,32,
3173061005,DKI JAKARTA,JAKARTA BARAT,KALI DERES,PEGADUNGAN,800,7,55,7,731,0,0,0,0,0,10,0,0,10,1576,60,1516,18,0,18,324,14,267,8,35,
3171061002,DKI JAKARTA,JAKARTA PUSAT,MENTENG,PEGANGSAAN,402,2,19,2,379,3,0,0,0,3,3,0,0,3,908,25,883,51,0,51,368,0,353,4,11,
3172061002,DKI JAKARTA,JAKARTA UTARA,KELAPA GADING,PEGANGSAAN DUA,893,4,51,1,837,2,0,0,0,2,43,0,1,42,1858,153,1706,190,0,189,491,6,428,11,46,
3172011004,DKI JAKARTA,JAKARTA UTARA,PENJARINGAN,PEJAGALAN,626,5,33,2,586,3,0,0,0,3,8,0,0,8,1072,67,1005,32,0,32,360,20,306,6,28,
3174041006,DKI JAKARTA,JAKARTA SELATAN,PASAR MINGGU,PEJATEN BARAT,530,7,31,2,490,8,0,0,0,8,2,0,0,2,764,50,714,74,0,74,252,6,221,2,23,
3174041005,DKI JAKARTA,JAKARTA SELATAN,PASAR MINGGU,PEJATEN TIMUR,564,6,35,1,522,4,0,0,0,4,3,0,0,3,735,53,682,40,0,40,278,10,225,12,31,
3175051005,DKI JAKARTA,JAKARTA TIMUR,PASAR REBO,PEKAYON,904,1,17,1,885,2,0,0,0,2,3,0,0,3,403,20,383,14,0,14,243,7,212,4,20,
3173041009,DKI JAKARTA,JAKARTA BARAT,TAMBORA,PEKOJAN,310,1,8,2,299,0,0,0,0,0,3,0,0,3,274,7,267,18,0,18,153,6,128,5,14,
3174031003,DKI JAKARTA,JAKARTA SELATAN,MAMPANG PRAPATAN,PELA MAMPANG,436,10,20,2,404,4,0,0,0,4,15,0,0,15,1552,63,1489,6,0,6,361,3,313,6,39,
3174081005,DKI JAKARTA,JAKARTA SELATAN,PANCORAN,PENGADEGAN,228,1,11,2,214,0,0,0,0,0,8,0,0,8,439,21,418,10,0,10,124,6,111,1,6,
3175061003,DKI JAKARTA,JAKARTA TIMUR,CAKUNG,PENGGILINGAN,807,2,91,1,713,2,0,0,0,2,10,0,1,9,1957,152,1805,80,0,80,633,12,556,12,53,
3172011001,DKI JAKARTA,JAKARTA UTARA,PENJARINGAN,PENJARINGAN,1259,10,88,4,1157,2,0,0,0,2,24,0,1,23,3053,82,2971,121,0,121,700,6,637,16,41,
3174101001,DKI JAKARTA,JAKARTA SELATAN,PESANGGRAHAN,PESANGGRAHAN,502,3,47,4,448,2,0,0,1,1,0,0,0,0,983,76,907,19,0,19,186,1,169,3,13,
3171071004,DKI JAKARTA,JAKARTA PUSAT,TANAH ABANG,PETAMBURAN,612,6,21,7,578,0,0,0,0,0,7,0,0,7,974,52,922,12,0,12,439,5,408,13,13,
3174071008,DKI JAKARTA,JAKARTA SELATAN,KEBAYORAN BARU,PETOGOGAN,249,3,38,0,208,0,0,0,0,0,3,0,0,3,304,28,276,1,0,1,110,5,75,0,30,
3171011004,DKI JAKARTA,JAKARTA PUSAT,GAMBIR,PETOJO SELATAN,257,2,9,1,245,0,0,0,0,0,28,0,0,28,802,17,785,16,0,16,285,2,269,8,6,
3171011003,DKI JAKARTA,JAKARTA PUSAT,GAMBIR,PETOJO UTARA,219,2,14,3,200,1,0,0,0,1,12,0,0,12,426,26,400,25,0,25,162,2,149,3,8,
3174101004,DKI JAKARTA,JAKARTA SELATAN,PESANGGRAHAN,PETUKANGAN SELATAN,517,6,60,2,449,1,1,0,0,0,2,0,0,2,1002,80,922,8,0,8,245,6,196,4,39,
3174101003,DKI JAKARTA,JAKARTA SELATAN,PESANGGRAHAN,PETUKANGAN UTARA,586,5,35,4,542,5,3,0,0,2,6,0,0,6,1700,34,1666,10,0,10,348,5,310,2,31,
3175081002,DKI JAKARTA,JAKARTA TIMUR,MAKASAR,PINANG RANTI,285,2,20,1,262,0,0,0,0,0,2,0,0,2,745,26,719,28,0,28,191,6,158,5,22,
3173031008,DKI JAKARTA,JAKARTA BARAT,TAMAN SARI,PINANGSIA,151,2,9,1,139,0,0,0,0,0,2,0,0,2,254,7,247,3,0,3,115,7,105,0,3,
3175011001,DKI JAKARTA,JAKARTA TIMUR,MATRAMAN,PISANGAN BARU,395,2,21,3,369,2,1,0,0,1,5,0,0,5,590,87,503,35,0,35,227,4,183,8,32,
3175021002,DKI JAKARTA,JAKARTA TIMUR,PULO GADUNG,PISANGAN TIMUR,382,3,10,4,365,1,0,0,0,1,10,0,0,10,888,103,785,30,0,30,255,6,226,5,18,
3172011005,DKI JAKARTA,JAKARTA UTARA,PENJARINGAN,PLUIT,485,5,40,4,436,0,0,0,0,0,13,0,0,13,1380,61,1319,18,0,18,293,14,238,9,32,
3175071002,DKI JAKARTA,JAKARTA TIMUR,DUREN SAWIT,PONDOK BAMBU,1046,9,38,1,998,5,0,0,0,5,3,0,0,3,1231,75,1157,35,0,34,467,13,400,9,45,
3175071004,DKI JAKARTA,JAKARTA TIMUR,DUREN SAWIT,PONDOK KELAPA,771,8,33,0,730,0,0,0,0,0,11,0,0,11,1326,80,1247,27,0,26,437,17,368,12,40,
3175071007,DKI JAKARTA,JAKARTA TIMUR,DUREN SAWIT,PONDOK KOPI,494,4,28,1,461,0,0,0,0,0,2,0,0,2,540,15,525,15,0,15,263,7,235,13,8,
3174061003,DKI JAKARTA,JAKARTA SELATAN,CILANDAK,PONDOK LABU,587,9,41,1,536,6,0,0,0,6,73,0,0,73,1217,92,1125,37,0,37,240,1,203,3,33,
3174051002,DKI JAKARTA,JAKARTA SELATAN,KEBAYORAN LAMA,PONDOK PINANG,682,6,56,4,616,0,0,0,0,0,44,0,0,44,926,40,886,11,0,11,352,15,292,9,36,
3175101003,DKI JAKARTA,JAKARTA TIMUR,CIPAYUNG,PONDOK RANGGON,305,1,13,3,288,0,0,0,0,0,3,0,0,3,459,28,431,21,0,21,197,4,172,1,20,
PROSES UPDATE DATA,PROSES UPDATE DATA,PROSES UPDATE DATA,PROSES UPDATE DATA,PROSES UPDATE DATA,15305,122,786,1696,12701,3474,2,0,3466,6,114,0,2,112,29003,5234,23772,167,1,163,25136,872,22690,471,1103,
3101011003,DKI JAKARTA,KAB.ADM.KEP.SERIBU,KEP. SERIBU UTARA,PULAU HARAPAN,66,0,1,0,65,0,0,0,0,0,0,0,0,0,87,10,77,0,0,0,6,0,6,0,0,
3101011002,DKI JAKARTA,KAB.ADM.KEP.SERIBU,KEP. SERIBU UTARA,PULAU KELAPA,82,0,2,1,79,0,0,0,0,0,3,0,0,3,206,24,182,1,0,1,8,0,8,0,0,
3101011001,DKI JAKARTA,KAB.ADM.KEP.SERIBU,KEP. SERIBU UTARA,PULAU PANGGANG,178,0,8,1,169,0,0,0,0,0,0,0,0,0,179,2,177,4,0,4,29,0,29,0,0,
3101021003,DKI JAKARTA,KAB.ADM.KEP.SERIBU,KEP. SERIBU SELATAN,PULAU PARI,12,0,3,0,9,0,0,0,0,0,0,0,0,0,198,7,191,1,0,1,6,0,5,0,1,
3101021002,DKI JAKARTA,KAB.ADM.KEP.SERIBU,KEP. SERIBU SELATAN,PULAU TIDUNG,38,0,0,0,38,1,0,0,1,0,1,0,1,0,394,6,388,1,0,1,37,0,37,0,0,
3101021001,DKI JAKARTA,KAB.ADM.KEP.SERIBU,KEP. SERIBU SELATAN,PULAU UNTUNG JAWA,25,0,0,0,25,0,0,0,0,0,0,0,0,0,112,3,109,0,0,0,5,0,5,0,0,
3174071007,DKI JAKARTA,JAKARTA SELATAN,KEBAYORAN BARU,PULO,301,0,6,1,294,1,0,0,0,1,1,0,0,1,228,8,220,0,0,0,58,2,55,0,1,
3175021001,DKI JAKARTA,JAKARTA TIMUR,PULO GADUNG,PULO GADUNG,443,3,24,2,414,0,0,0,0,0,11,0,0,11,949,34,915,36,0,36,289,3,267,6,13,
3175061005,DKI JAKARTA,JAKARTA TIMUR,CAKUNG,PULO GEBANG,652,2,64,2,584,1,0,0,0,1,9,0,0,9,1489,77,1413,65,0,64,466,10,385,12,59,
3174041004,DKI JAKARTA,JAKARTA SELATAN,PASAR MINGGU,RAGUNAN,862,9,93,2,758,1,0,0,0,1,2,0,0,2,803,60,743,25,0,25,244,6,203,6,29,
3175091005,DKI JAKARTA,JAKARTA TIMUR,CIRACAS,RAMBUTAN,478,5,20,1,452,2,0,0,0,2,12,0,0,12,763,23,740,29,0,29,213,9,182,3,19,
3172031006,DKI JAKARTA,JAKARTA UTARA,KOJA,RAWA BADAK SELATAN,532,5,27,2,498,2,0,0,0,2,2,0,0,2,609,25,585,55,0,54,331,3,312,5,11,
3172031004,DKI JAKARTA,JAKARTA UTARA,KOJA,RAWA BADAK UTARA,511,4,27,1,479,0,0,0,0,0,2,0,0,2,565,24,541,85,0,85,263,1,243,4,15,
3174071005,DKI JAKARTA,JAKARTA SELATAN,KEBAYORAN BARU,RAWA BARAT,106,0,5,2,99,0,0,0,0,0,2,0,0,2,175,9,166,0,0,0,44,1,31,1,11,
3173011003,DKI JAKARTA,JAKARTA BARAT,CENGKARENG,RAWA BUAYA,430,2,42,2,384,1,0,0,0,1,6,0,0,6,867,81,786,6,0,6,358,13,288,11,46,
3175031004,DKI JAKARTA,JAKARTA TIMUR,JATINEGARA,RAWA BUNGA,166,0,2,1,163,0,0,0,0,0,1,0,0,1,309,18,291,16,0,16,154,4,128,3,19,
3174081003,DKI JAKARTA,JAKARTA SELATAN,PANCORAN,RAWA JATI,321,1,16,0,304,2,0,0,0,2,11,0,0,11,561,59,502,7,0,7,133,8,99,0,26,
3175061002,DKI JAKARTA,JAKARTA TIMUR,CAKUNG,RAWA TERATE,170,0,29,0,141,0,0,0,0,0,2,0,0,2,417,41,376,8,0,8,192,2,171,1,18,
3175021005,DKI JAKARTA,JAKARTA TIMUR,PULO GADUNG,RAWAMANGUN,387,1,23,0,363,1,0,0,0,1,9,0,0,9,949,53,896,33,0,33,316,5,277,9,25,
3171051003,DKI JAKARTA,JAKARTA PUSAT,CEMPAKA PUTIH,RAWASARI,782,4,54,2,722,4,0,0,1,3,10,0,0,10,1419,77,1342,36,0,36,444,9,417,5,13,
3173041010,DKI JAKARTA,JAKARTA BARAT,TAMBORA,ROA MALAKA,41,0,2,0,39,1,0,0,0,1,0,0,0,0,45,1,45,2,0,1,15,0,14,0,1,
3172041006,DKI JAKARTA,JAKARTA UTARA,CILINCING,ROROTAN,431,6,28,2,395,0,0,0,0,0,4,0,0,4,648,10,638,79,0,79,194,4,168,2,20,
3174071004,DKI JAKARTA,JAKARTA SELATAN,KEBAYORAN BARU,SELONG,91,0,8,0,83,0,0,0,0,0,3,0,0,3,136,5,131,3,0,3,26,0,23,1,2,
3173061002,DKI JAKARTA,JAKARTA BARAT,KALI DERES,SEMANAN,617,6,62,3,546,1,0,0,0,1,3,0,0,3,1226,114,1112,9,0,9,247,7,197,3,40,
3172041007,DKI JAKARTA,JAKARTA UTARA,CILINCING,SEMPER BARAT,841,4,46,1,790,3,0,0,0,3,12,0,0,12,1236,43,1194,108,0,107,489,4,449,11,25,
3172041005,DKI JAKARTA,JAKARTA UTARA,CILINCING,SEMPER TIMUR,478,4,36,1,437,1,0,0,0,1,4,0,0,4,747,63,684,52,0,52,249,5,231,5,8,
3174071006,DKI JAKARTA,JAKARTA SELATAN,KEBAYORAN BARU,SENAYAN,430,0,60,0,370,0,0,0,0,0,10,0,0,10,716,78,638,0,0,0,196,1,134,0,61,
3171041001,DKI JAKARTA,JAKARTA PUSAT,SENEN,SENEN,208,3,6,0,199,1,0,0,0,1,8,0,0,8,758,72,686,26,0,26,159,1,151,3,4,
3171031004,DKI JAKARTA,JAKARTA PUSAT,KEMAYORAN,SERDANG,483,4,25,2,452,0,0,0,0,0,5,0,0,5,799,50,749,30,0,30,289,4,262,6,17,
3174021001,DKI JAKARTA,JAKARTA SELATAN,SETIA BUDI,SETIA BUDI,111,2,9,0,100,0,0,0,0,0,4,0,0,4,368,11,357,6,0,6,47,2,41,0,4,
3175101005,DKI JAKARTA,JAKARTA TIMUR,CIPAYUNG,SETU,282,1,11,0,270,2,0,0,0,2,2,0,0,2,457,22,435,14,0,14,130,6,116,1,7,
3173071002,DKI JAKARTA,JAKARTA BARAT,PALMERAH,SLIPI,571,2,18,2,549,0,0,0,0,0,2,0,0,2,1044,41,1003,41,0,41,317,4,296,4,13,
3173081004,DKI JAKARTA,JAKARTA BARAT,KEMBANGAN,SRENGSENG,598,4,40,3,551,1,0,0,0,1,6,0,0,6,1341,89,1252,26,0,26,344,10,293,5,36,
3174091002,DKI JAKARTA,JAKARTA SELATAN,JAGAKARSA,SRENGSENG SAWAH,932,9,46,0,877,8,0,0,0,8,11,0,0,11,1068,77,991,26,0,26,251,3,216,8,24,
3173051003,DKI JAKARTA,JAKARTA BARAT,KEBON JERUK,SUKABUMI SELATAN,349,7,34,4,304,1,0,0,0,1,1,0,0,1,761,57,705,25,0,24,234,8,193,5,28,
3173051002,DKI JAKARTA,JAKARTA BARAT,KEBON JERUK,SUKABUMI UTARA,390,4,39,3,344,0,0,0,0,0,19,0,0,19,817,42,775,46,0,46,274,5,213,9,47,
3172041002,DKI JAKARTA,JAKARTA UTARA,CILINCING,SUKAPURA,661,2,39,2,618,0,0,0,0,0,6,0,0,6,966,45,921,99,0,99,353,1,327,6,19,
3171031007,DKI JAKARTA,JAKARTA PUSAT,KEMAYORAN,SUMUR BATU,448,2,24,1,421,2,0,0,0,2,6,0,0,6,602,33,569,31,0,31,242,5,221,3,13,
3172021004,DKI JAKARTA,JAKARTA UTARA,TANJUNG PRIOK,SUNGAI BAMBU,415,2,54,0,359,0,0,0,0,0,7,0,0,7,702,39,663,40,0,40,238,1,203,5,29,
3172021006,DKI JAKARTA,JAKARTA UTARA,TANJUNG PRIOK,SUNTER AGUNG,1031,6,80,1,944,4,0,0,0,4,23,0,1,22,2093,121,1973,87,0,86,655,13,578,17,47,
3172021002,DKI JAKARTA,JAKARTA UTARA,TANJUNG PRIOK,SUNTER JAYA,976,8,117,6,845,1,0,0,0,1,10,0,0,10,1804,149,1655,178,0,178,608,10,544,19,35,
3175091004,DKI JAKARTA,JAKARTA TIMUR,CIRACAS,SUSUKAN,569,2,28,1,538,0,0,0,0,0,17,0,0,17,1350,38,1312,69,0,69,200,6,173,7,14,
3173031001,DKI JAKARTA,JAKARTA BARAT,TAMAN SARI,TAMAN SARI,293,3,13,0,277,2,0,0,0,2,1,0,0,1,441,18,423,17,0,17,198,1,170,4,23,
3173041001,DKI JAKARTA,JAKARTA BARAT,TAMBORA,TAMBORA,215,0,11,3,201,0,0,0,0,0,1,0,0,1,318,10,308,3,0,3,104,2,88,3,11,
3173041004,DKI JAKARTA,JAKARTA BARAT,TAMBORA,TANAH SEREAL,309,0,12,2,295,1,0,0,0,1,4,0,0,4,291,12,279,5,0,5,174,5,155,7,7,
3171081004,DKI JAKARTA,JAKARTA PUSAT,JOHAR BARU,TANAH TINGGI,492,6,16,3,467,4,0,0,0,4,6,0,0,6,1132,54,1078,35,0,35,409,10,368,16,15,
3173031004,DKI JAKARTA,JAKARTA BARAT,TAMAN SARI,TANGKI,251,4,7,1,239,1,0,0,0,1,3,0,0,3,328,21,307,2,0,2,131,2,116,1,12,
3174091005,DKI JAKARTA,JAKARTA SELATAN,JAGAKARSA,TANJUNG BARAT,730,1,27,1,701,1,0,0,0,1,2,0,0,2,640,28,612,12,0,12,272,5,239,6,22,
3173021005,DKI JAKARTA,JAKARTA BARAT,GROGOL PETAMBURAN,TANJUNG DUREN SELATAN,445,7,14,1,423,0,0,0,0,0,19,0,0,19,724,33,691,22,0,22,318,4,280,9,25,
3173021002,DKI JAKARTA,JAKARTA BARAT,GROGOL PETAMBURAN,TANJUNG DUREN UTARA,296,1,8,0,287,2,0,0,0,2,21,0,0,21,607,23,584,19,0,19,180,4,151,9,16,
3172021001,DKI JAKARTA,JAKARTA UTARA,TANJUNG PRIOK,TANJUNG PRIOK,565,3,53,6,503,1,1,0,0,0,13,0,1,12,821,43,778,68,0,68,383,2,346,9,26,
3174011002,DKI JAKARTA,JAKARTA SELATAN,TEBET,TEBET BARAT,504,7,27,0,470,2,0,0,0,2,8,0,0,8,684,27,657,24,0,24,332,2,295,7,28,
3174011001,DKI JAKARTA,JAKARTA SELATAN,TEBET,TEBET TIMUR,405,3,14,2,386,0,0,0,0,0,6,0,0,6,582,40,542,34,0,34,211,2,188,4,17,
3173061003,DKI JAKARTA,JAKARTA BARAT,KALI DERES,TEGAL ALUR,739,8,40,6,685,0,0,0,0,0,7,0,0,7,1297,58,1239,13,0,13,250,7,206,5,32,
3174031004,DKI JAKARTA,JAKARTA SELATAN,MAMPANG PRAPATAN,TEGAL PARANG,363,3,19,3,338,5,0,0,1,4,4,0,0,4,1056,56,1000,12,0,12,321,4,279,6,32,
3173021003,DKI JAKARTA,JAKARTA BARAT,GROGOL PETAMBURAN,TOMANG,493,2,20,2,469,0,0,0,0,0,15,0,0,15,798,32,766,84,0,84,306,6,279,8,13,
3172031005,DKI JAKARTA,JAKARTA UTARA,KOJA,TUGU SELATAN,465,7,11,1,446,0,0,0,0,0,2,0,0,2,485,19,467,81,0,80,304,4,256,7,37,
3172031002,DKI JAKARTA,JAKARTA UTARA,KOJA,TUGU UTARA,944,3,24,0,917,3,0,0,0,3,7,0,0,7,907,39,868,97,0,97,467,3,422,14,28,
3175061006,DKI JAKARTA,JAKARTA TIMUR,CAKUNG,UJUNG MENTENG,185,0,19,2,164,1,0,0,0,1,1,0,0,1,495,30,466,25,0,24,139,2,123,3,11,
3174101005,DKI JAKARTA,JAKARTA SELATAN,PESANGGRAHAN,ULUJAMI,594,7,25,2,560,0,0,0,0,0,0,0,0,0,1252,52,1200,26,0,26,278,8,235,6,29,
3175011006,DKI JAKARTA,JAKARTA TIMUR,MATRAMAN,UTAN KAYU SELATAN,525,1,20,8,496,2,0,0,0,2,7,0,0,7,888,42,847,91,0,90,292,7,254,8,23,
3175011002,DKI JAKARTA,JAKARTA TIMUR,MATRAMAN,UTAN KAYU UTARA,435,5,14,0,416,2,0,0,0,2,4,0,0,4,711,45,667,46,0,45,227,4,201,12,10,
3171031008,DKI JAKARTA,JAKARTA PUSAT,KEMAYORAN,UTAN PANJANG,425,3,18,2,402,0,0,0,0,0,4,0,0,4,639,59,580,28,0,28,303,3,274,9,17,
3172021007,DKI JAKARTA,JAKARTA UTARA,TANJUNG PRIOK,WARAKAS,579,4,80,2,493,0,0,0,0,0,11,0,0,11,1016,62,954,58,0,58,346,4,287,8,47,
3173021007,DKI JAKARTA,JAKARTA BARAT,GROGOL PETAMBURAN,WIJAYA KUSUMA,420,2,26,2,390,1,0,0,0,1,7,0,0,7,877,48,829,23,0,23,288,8,256,8,16,
