id_kel,nama_provinsi,nama_kota,nama_kecamatan,nama_kelurahan,suspek,perawatan_rs,isolasi_di_rumah,suspek_meninggal,selesai_isolasi,probable,perawatan_rs,isolasi_di_rumah,probable_meninggal,selesai_isolasi,pelaku_perjalanan,perawatan_rs,isolasi_di_rumah,selesai_isolasi,kontak_erat,isolasi_di_rumah,selesai_isolasi,discarded,meninggal,selesai_isolasi,positif,dirawat,sembuh,meninggal,self_isolation,keterangan
3172051003,DKI JAKARTA,JAKARTA UTARA,PADEMANGAN,ANCOL,477,4,23,0,450,4,0,0,0,4,10,0,0,10,633,18,615,10,0,10,328,1,279,4,44,
3173041007,DKI JAKARTA,JAKARTA BARAT,TAMBORA,ANGKE,415,2,21,2,390,1,0,0,1,0,0,0,0,0,495,20,475,26,0,26,177,2,164,4,7,
3175041005,DKI JAKARTA,JAKARTA TIMUR,KRAMAT JATI,BALE KAMBANG,284,2,14,1,267,3,2,0,0,1,5,0,0,5,545,33,512,23,0,23,162,3,147,3,9,
3175031003,DKI JAKARTA,JAKARTA TIMUR,JATINEGARA,BALI MESTER,102,2,4,1,95,1,0,0,0,1,0,0,0,0,154,28,126,6,0,6,72,1,40,1,30,
3175101006,DKI JAKARTA,JAKARTA TIMUR,CIPAYUNG,BAMBU APUS,397,3,17,1,376,0,0,0,0,0,4,0,0,4,636,40,596,17,0,17,166,9,146,3,8,
3174031002,DKI JAKARTA,JAKARTA SELATAN,MAMPANG PRAPATAN,BANGKA,298,3,22,2,271,5,0,0,1,4,18,0,0,18,695,34,661,8,0,8,179,3,163,2,11,
3175051002,DKI JAKARTA,JAKARTA TIMUR,PASAR REBO,BARU,416,4,30,1,381,0,0,0,0,0,5,0,0,5,405,10,395,17,0,17,189,3,179,0,7,
3175041004,DKI JAKARTA,JAKARTA TIMUR,KRAMAT JATI,BATU AMPAR,522,4,39,1,478,3,0,0,0,3,3,0,0,3,1086,110,976,26,0,26,269,6,228,5,30,
3171071002,DKI JAKARTA,JAKARTA PUSAT,TANAH ABANG,BENDUNGAN HILIR,448,6,23,0,419,2,1,0,0,1,4,0,0,4,827,64,763,10,0,10,247,6,217,9,15,
3175031002,DKI JAKARTA,JAKARTA TIMUR,JATINEGARA,BIDARA CINA,391,7,23,3,358,1,0,0,0,1,8,0,0,8,592,76,516,34,0,34,285,6,248,10,21,
3174101002,DKI JAKARTA,JAKARTA SELATAN,PESANGGRAHAN,BINTARO,740,3,38,2,697,4,0,0,0,4,9,0,0,9,1510,75,1435,25,0,25,338,10,291,8,29,
3174011005,DKI JAKARTA,JAKARTA SELATAN,TEBET,BUKIT DURI,396,2,11,3,380,2,0,0,0,2,13,0,0,13,599,36,563,13,0,13,237,7,200,8,22,
3171041006,DKI JAKARTA,JAKARTA PUSAT,SENEN,BUNGUR,250,10,15,2,223,1,0,0,0,1,13,0,0,13,605,76,529,14,0,14,186,1,174,4,7,
3175061007,DKI JAKARTA,JAKARTA TIMUR,CAKUNG,CAKUNG BARAT,360,7,41,1,311,2,1,0,0,1,0,0,0,0,733,56,677,44,0,44,281,1,258,5,17,
3175061004,DKI JAKARTA,JAKARTA TIMUR,CAKUNG,CAKUNG TIMUR,414,3,32,2,377,2,0,0,1,1,6,0,0,6,849,61,788,43,0,43,290,4,264,7,15,
3175041007,DKI JAKARTA,JAKARTA TIMUR,KRAMAT JATI,CAWANG,342,4,23,0,315,1,0,0,0,1,6,0,0,6,988,203,785,18,0,18,321,10,263,6,42,
3175101008,DKI JAKARTA,JAKARTA TIMUR,CIPAYUNG,CEGER,249,1,12,0,236,0,0,0,0,0,1,0,0,1,429,33,396,9,0,9,130,3,106,3,18,
3171031006,DKI JAKARTA,JAKARTA PUSAT,KEMAYORAN,CEMPAKA BARU,664,4,27,2,631,1,0,0,0,1,7,0,0,7,1046,56,990,35,0,35,433,0,391,17,25,
3171051002,DKI JAKARTA,JAKARTA PUSAT,CEMPAKA PUTIH,CEMPAKA PUTIH BARAT,920,6,34,2,878,4,2,0,0,2,21,0,2,19,2026,101,1925,50,0,50,678,9,635,15,19,
3171051001,DKI JAKARTA,JAKARTA PUSAT,CEMPAKA PUTIH,CEMPAKA PUTIH TIMUR,656,7,45,1,603,1,0,0,0,1,12,0,0,12,1461,72,1389,58,0,58,360,5,339,6,10,
3173011001,DKI JAKARTA,JAKARTA BARAT,CENGKARENG,CENGKARENG BARAT,745,9,51,1,684,0,0,0,0,0,6,0,0,6,1342,76,1266,13,0,13,455,29,376,9,41,
3173011006,DKI JAKARTA,JAKARTA BARAT,CENGKARENG,CENGKARENG TIMUR,915,10,45,7,853,1,0,0,0,1,4,0,0,4,1850,166,1684,18,0,18,660,22,558,14,66,
3175091002,DKI JAKARTA,JAKARTA TIMUR,CIRACAS,CIBUBUR,905,1,38,4,862,1,0,0,0,1,30,0,0,30,1894,46,1848,90,0,90,344,9,301,7,27,
3171011002,DKI JAKARTA,JAKARTA PUSAT,GAMBIR,CIDENG,303,1,10,2,290,0,0,0,0,0,10,0,0,10,625,16,609,13,0,13,195,2,177,7,9,
3174091003,DKI JAKARTA,JAKARTA SELATAN,JAGAKARSA,CIGANJUR,714,4,54,1,655,2,0,0,0,2,12,0,0,12,779,103,676,14,0,14,202,4,165,4,29,
3175051003,DKI JAKARTA,JAKARTA TIMUR,PASAR REBO,CIJANTUNG,815,3,37,3,772,0,0,0,0,0,3,0,0,3,561,19,542,10,0,10,311,10,268,9,24,
3171061003,DKI JAKARTA,JAKARTA PUSAT,MENTENG,CIKINI,157,1,3,0,153,0,0,0,0,0,2,0,0,2,221,10,211,11,0,11,67,0,61,3,3,
3174081006,DKI JAKARTA,JAKARTA SELATAN,PANCORAN,CIKOKO,193,1,5,0,187,1,0,0,0,1,10,0,0,10,282,7,275,1,0,1,69,3,61,3,2,
3174061001,DKI JAKARTA,JAKARTA SELATAN,CILANDAK,CILANDAK BARAT,1208,19,154,5,1030,1,0,0,0,1,97,0,0,97,1609,121,1489,41,0,40,397,12,331,7,47,
3174041003,DKI JAKARTA,JAKARTA SELATAN,PASAR MINGGU,CILANDAK TIMUR,510,3,36,1,470,5,0,0,0,5,17,0,0,17,489,43,446,86,0,86,260,3,240,8,9,
3175101002,DKI JAKARTA,JAKARTA TIMUR,CIPAYUNG,CILANGKAP,360,2,15,1,342,1,0,0,0,1,3,0,0,3,628,20,608,21,0,21,179,3,166,1,9,
3175041006,DKI JAKARTA,JAKARTA TIMUR,KRAMAT JATI,CILILITAN,339,2,33,1,303,0,0,0,0,0,6,0,0,6,898,90,808,47,0,47,303,6,260,8,29,
3172041001,DKI JAKARTA,JAKARTA UTARA,CILINCING,CILINCING,613,5,30,1,577,1,1,0,0,0,6,0,0,6,1157,21,1136,101,0,101,416,5,379,11,21,
3175101001,DKI JAKARTA,JAKARTA TIMUR,CIPAYUNG,CIPAYUNG,532,4,33,2,493,3,0,0,1,2,7,0,0,7,694,38,656,27,0,27,223,7,191,3,22,
3174091006,DKI JAKARTA,JAKARTA SELATAN,JAGAKARSA,CIPEDAK,588,4,28,0,556,2,0,0,0,2,1,0,0,1,838,70,768,8,0,8,259,2,245,3,9,
3174061005,DKI JAKARTA,JAKARTA SELATAN,CILANDAK,CIPETE SELATAN,317,6,28,1,282,2,0,0,0,2,46,0,0,46,558,69,489,6,0,6,148,6,114,7,21,
3174071010,DKI JAKARTA,JAKARTA SELATAN,KEBAYORAN BARU,CIPETE UTARA,672,5,79,3,585,0,0,0,0,0,9,0,0,9,614,71,543,5,0,5,178,4,151,4,19,
3175021003,DKI JAKARTA,JAKARTA TIMUR,PULO GADUNG,CIPINANG,337,7,13,2,315,1,0,0,0,1,3,0,0,3,940,36,905,38,0,37,353,11,318,12,12,
3175031007,DKI JAKARTA,JAKARTA TIMUR,JATINEGARA,CIPINANG BESAR SELATAN,296,10,18,2,266,2,0,0,0,2,2,0,0,2,617,87,530,17,0,17,239,5,190,2,42,
3175031008,DKI JAKARTA,JAKARTA TIMUR,JATINEGARA,CIPINANG BESAR UTARA,450,4,33,0,413,2,0,0,0,2,3,0,0,3,914,189,725,19,0,19,365,3,316,6,40,
3175031005,DKI JAKARTA,JAKARTA TIMUR,JATINEGARA,CIPINANG CEMPEDAK,273,5,16,2,250,0,0,0,0,0,5,0,0,5,544,65,480,20,0,19,207,5,178,5,19,
3175081005,DKI JAKARTA,JAKARTA TIMUR,MAKASAR,CIPINANG MELAYU,391,1,25,2,363,3,0,0,0,3,4,0,0,4,779,34,745,20,0,20,286,3,260,7,16,
3175031006,DKI JAKARTA,JAKARTA TIMUR,JATINEGARA,CIPINANG MUARA,459,3,19,1,436,5,0,0,0,5,9,0,0,9,985,79,907,31,0,30,411,5,331,6,69,
3174051003,DKI JAKARTA,JAKARTA SELATAN,KEBAYORAN LAMA,CIPULIR,353,6,28,4,315,6,0,0,0,6,6,0,0,6,548,16,532,8,0,8,254,7,216,4,27,
3175091001,DKI JAKARTA,JAKARTA TIMUR,CIRACAS,CIRACAS,981,7,59,9,906,3,0,0,0,3,23,0,0,23,1639,39,1600,45,0,45,486,9,438,15,24,
3175041003,DKI JAKARTA,JAKARTA TIMUR,KRAMAT JATI,DUKUH,313,10,35,1,267,0,0,0,0,0,1,0,0,1,736,75,661,14,0,14,188,8,155,4,21,
3175071001,DKI JAKARTA,JAKARTA TIMUR,DUREN SAWIT,DUREN SAWIT,912,5,32,3,872,17,2,0,0,15,4,0,0,4,1186,62,1124,33,0,33,600,11,520,14,55,
3174081004,DKI JAKARTA,JAKARTA SELATAN,PANCORAN,DUREN TIGA,453,5,12,0,436,2,0,0,0,2,6,0,0,6,645,21,624,3,0,3,204,7,182,1,14,
3173051005,DKI JAKARTA,JAKARTA BARAT,KEBON JERUK,DURI KEPA,573,10,50,2,511,3,0,0,0,3,12,0,0,12,1349,54,1296,74,0,73,427,7,386,12,22,
3173011002,DKI JAKARTA,JAKARTA BARAT,CENGKARENG,DURI KOSAMBI,638,13,50,3,572,1,1,0,0,0,4,0,0,4,1124,101,1023,11,0,11,460,24,385,8,43,
3171011006,DKI JAKARTA,JAKARTA PUSAT,GAMBIR,DURI PULO,205,4,10,3,188,0,0,0,0,0,1,0,0,1,517,29,488,7,0,7,188,0,167,8,13,
3173041011,DKI JAKARTA,JAKARTA BARAT,TAMBORA,DURI SELATAN,181,2,5,1,173,0,0,0,0,0,2,0,0,2,178,9,169,4,0,4,80,1,71,3,5,
3173041003,DKI JAKARTA,JAKARTA BARAT,TAMBORA,DURI UTARA,220,2,7,2,209,1,0,0,0,1,2,0,0,2,241,6,235,4,0,4,144,3,130,4,7,
3171081003,DKI JAKARTA,JAKARTA PUSAT,JOHAR BARU,GALUR,227,0,6,0,221,3,0,0,0,3,3,0,0,3,551,17,534,46,0,46,218,2,205,10,1,
3171011001,DKI JAKARTA,JAKARTA PUSAT,GAMBIR,GAMBIR,103,3,9,0,91,1,0,0,0,1,17,0,0,17,423,11,412,6,0,6,187,0,176,1,10,
3174061004,DKI JAKARTA,JAKARTA SELATAN,CILANDAK,GANDARIA SELATAN,231,1,16,0,214,2,0,0,0,2,20,0,0,20,707,40,667,4,0,4,165,0,152,5,8,
3174071009,DKI JAKARTA,JAKARTA SELATAN,KEBAYORAN BARU,GANDARIA UTARA,671,5,57,2,607,0,0,0,0,0,3,0,0,3,701,50,651,5,0,5,228,3,202,4,19,
3175051001,DKI JAKARTA,JAKARTA TIMUR,PASAR REBO,GEDONG,795,4,46,0,745,0,0,0,0,0,4,0,0,4,448,24,424,24,0,24,264,2,230,4,28,
3171071001,DKI JAKARTA,JAKARTA PUSAT,TANAH ABANG,GELORA,74,0,0,1,73,0,0,0,0,0,5,0,0,5,229,2,227,0,0,0,112,1,108,2,1,
3173031007,DKI JAKARTA,JAKARTA BARAT,TAMAN SARI,GLODOK,116,2,2,0,112,0,0,0,0,0,1,0,0,1,173,5,168,1,0,1,43,2,38,2,1,
3171061004,DKI JAKARTA,JAKARTA PUSAT,MENTENG,GONDANGDIA,73,1,6,1,65,0,0,0,0,0,13,0,0,13,149,8,141,7,0,7,64,3,56,3,2,
3173021001,DKI JAKARTA,JAKARTA BARAT,GROGOL PETAMBURAN,GROGOL,522,3,34,4,481,1,0,0,0,1,45,0,0,45,1024,85,939,36,0,36,260,1,243,1,15,
3174051005,DKI JAKARTA,JAKARTA SELATAN,KEBAYORAN LAMA,GROGOL SELATAN,418,4,38,5,371,0,0,0,0,0,12,0,0,12,649,37,613,12,0,11,267,4,237,7,19,
3174051004,DKI JAKARTA,JAKARTA SELATAN,KEBAYORAN LAMA,GROGOL UTARA,452,8,36,4,404,0,0,0,0,0,24,0,0,24,649,22,627,16,0,16,334,9,284,9,32,
3174021007,DKI JAKARTA,JAKARTA SELATAN,SETIA BUDI,GUNTUR,66,2,5,0,59,0,0,0,0,0,1,0,0,1,209,12,197,1,0,1,57,1,45,1,10,
3174071002,DKI JAKARTA,JAKARTA SELATAN,KEBAYORAN BARU,GUNUNG,299,0,29,3,267,0,0,0,0,0,7,0,0,7,377,16,361,0,0,0,127,6,113,3,5,
3171031005,DKI JAKARTA,JAKARTA PUSAT,KEMAYORAN,GUNUNG SAHARI SELATAN,326,3,17,1,305,0,0,0,0,0,5,0,0,5,555,30,525,1,0,1,201,3,187,6,5,
3171021004,DKI JAKARTA,JAKARTA PUSAT,SAWAH BESAR,GUNUNG SAHARI UTARA,288,2,9,1,276,2,1,0,0,1,7,0,0,7,582,23,559,11,0,11,183,2,167,10,4,
3175081004,DKI JAKARTA,JAKARTA TIMUR,MAKASAR,HALIM PERDANA KUSUMAH,267,3,21,2,241,0,0,0,0,0,6,0,0,6,579,20,559,9,0,9,450,12,422,6,10,
3171031003,DKI JAKARTA,JAKARTA PUSAT,KEMAYORAN,HARAPAN MULIA,374,1,21,3,349,1,0,0,0,1,6,0,0,6,593,30,564,32,0,31,269,4,241,9,15,
3174091001,DKI JAKARTA,JAKARTA SELATAN,JAGAKARSA,JAGAKARSA,1074,8,37,2,1027,8,0,0,0,8,8,0,0,8,1214,96,1118,19,0,19,419,3,391,6,19,
3175021007,DKI JAKARTA,JAKARTA TIMUR,PULO GADUNG,JATI,385,3,18,1,363,0,0,0,0,0,8,0,0,8,973,45,928,37,0,37,277,6,257,6,8,
3174041002,DKI JAKARTA,JAKARTA SELATAN,PASAR MINGGU,JATI PADANG,543,7,31,2,503,0,0,0,0,0,4,0,1,3,701,45,656,69,0,69,223,9,196,5,13,
3173071004,DKI JAKARTA,JAKARTA BARAT,PALMERAH,JATI PULO,551,0,33,4,514,2,1,0,0,1,4,0,0,4,804,44,760,63,0,63,318,4,291,9,14,
3175061001,DKI JAKARTA,JAKARTA TIMUR,CAKUNG,JATINEGARA,749,3,120,3,623,1,0,0,0,1,4,0,1,3,1577,116,1461,45,0,45,591,10,530,10,41,
3175021004,DKI JAKARTA,JAKARTA TIMUR,PULO GADUNG,JATINEGARA KAUM,136,1,6,0,129,1,0,0,1,0,3,0,0,3,407,41,366,11,0,11,123,1,101,6,15,
3173021004,DKI JAKARTA,JAKARTA BARAT,GROGOL PETAMBURAN,JELAMBAR,477,4,25,5,443,2,0,0,0,2,27,0,1,26,850,58,792,14,0,14,272,10,211,7,44,
3173021006,DKI JAKARTA,JAKARTA BARAT,GROGOL PETAMBURAN,JELAMBAR BARU,406,5,27,2,372,2,0,0,0,2,4,0,0,4,685,52,633,20,0,20,214,3,173,5,33,
3173041006,DKI JAKARTA,JAKARTA BARAT,TAMBORA,JEMBATAN BESI,567,7,7,1,552,1,0,0,0,1,5,0,0,5,507,17,490,8,0,8,256,0,226,8,22,
3173041008,DKI JAKARTA,JAKARTA BARAT,TAMBORA,JEMBATAN LIMA,213,4,12,0,197,0,0,0,0,0,1,0,0,1,221,5,216,5,0,5,144,2,124,4,14,
3173081005,DKI JAKARTA,JAKARTA BARAT,KEMBANGAN,JOGLO,521,6,43,4,468,1,0,0,0,1,5,0,0,5,794,44,750,14,0,14,260,4,233,4,19,
3171081001,DKI JAKARTA,JAKARTA PUSAT,JOHAR BARU,JOHAR BARU,703,4,30,3,666,6,2,0,0,4,11,0,0,11,1940,79,1863,100,0,98,510,1,475,18,16,
3173041002,DKI JAKARTA,JAKARTA BARAT,TAMBORA,KALI ANYAR,393,3,10,0,380,1,0,0,0,1,4,0,1,3,363,8,355,14,0,14,201,2,181,7,11,
3172041004,DKI JAKARTA,JAKARTA UTARA,CILINCING,KALI BARU,559,15,44,5,495,0,0,0,0,0,5,0,0,5,686,27,659,45,0,45,351,0,332,8,11,
3174081002,DKI JAKARTA,JAKARTA SELATAN,PANCORAN,KALIBATA,634,5,24,4,601,7,0,0,0,7,12,0,0,12,896,46,850,12,0,12,334,6,307,7,14,
3173061001,DKI JAKARTA,JAKARTA BARAT,KALI DERES,KALIDERES,1248,15,80,4,1149,1,0,0,0,1,6,0,0,6,2358,117,2241,30,0,30,504,11,404,8,81,
3175051004,DKI JAKARTA,JAKARTA TIMUR,PASAR REBO,KALISARI,1094,8,25,0,1061,0,0,0,0,0,3,0,0,3,558,27,531,13,0,13,284,11,253,6,14,
3173061004,DKI JAKARTA,JAKARTA BARAT,KALI DERES,KAMAL,350,2,20,3,325,0,0,0,0,0,1,0,0,1,581,28,553,5,0,5,91,4,66,8,13,
3172011002,DKI JAKARTA,JAKARTA UTARA,PENJARINGAN,KAMAL MUARA,104,4,8,0,92,0,0,0,0,0,4,0,0,4,224,13,211,2,0,2,93,3,71,2,17,
3171071007,DKI JAKARTA,JAKARTA PUSAT,TANAH ABANG,KAMPUNG BALI,152,0,2,2,148,1,0,0,0,1,2,0,0,2,332,10,322,2,0,2,87,8,72,4,3,
3175031001,DKI JAKARTA,JAKARTA TIMUR,JATINEGARA,KAMPUNG MELAYU,251,6,19,5,221,2,0,0,0,2,7,0,0,7,356,35,321,5,0,5,257,8,226,4,19,
3171081002,DKI JAKARTA,JAKARTA PUSAT,JOHAR BARU,KAMPUNG RAWA,319,5,7,0,307,2,0,0,0,2,2,0,1,1,807,32,775,66,0,66,276,4,251,13,8,
3175041002,DKI JAKARTA,JAKARTA TIMUR,KRAMAT JATI,KAMPUNG TENGAH,608,7,42,1,558,3,1,0,0,2,9,0,0,9,1255,84,1171,53,0,53,330,15,284,12,19,
3173011005,DKI JAKARTA,JAKARTA BARAT,CENGKARENG,KAPUK,852,13,48,16,775,2,0,0,0,2,12,0,1,11,1639,120,1519,14,0,14,662,28,546,19,69,
3172011003,DKI JAKARTA,JAKARTA UTARA,PENJARINGAN,KAPUK MUARA,264,6,23,0,235,1,0,0,0,1,10,0,0,10,640,35,605,24,0,24,185,5,163,7,10,
3171021002,DKI JAKARTA,JAKARTA PUSAT,SAWAH BESAR,KARANG ANYAR,486,3,25,5,453,1,0,0,0,1,4,0,0,4,929,50,880,13,0,12,231,9,190,7,25,
3174021004,DKI JAKARTA,JAKARTA SELATAN,SETIA BUDI,KARET,146,0,5,0,141,0,0,0,0,0,11,0,0,11,404,14,390,4,0,4,133,0,132,0,1,
3174021003,DKI JAKARTA,JAKARTA SELATAN,SETIA BUDI,KARET KUNINGAN,314,1,29,1,283,0,0,0,0,0,22,0,1,21,443,40,403,4,0,4,234,9,196,5,24,
3174021002,DKI JAKARTA,JAKARTA SELATAN,SETIA BUDI,KARET SEMANGGI,72,0,11,1,60,0,0,0,0,0,3,0,0,3,92,7,85,2,0,2,26,0,22,2,2,
3171071003,DKI JAKARTA,JAKARTA PUSAT,TANAH ABANG,KARET TENGSIN,294,6,15,0,273,0,0,0,0,0,8,0,0,8,769,35,734,2,0,2,162,6,140,6,10,
3171021003,DKI JAKARTA,JAKARTA PUSAT,SAWAH BESAR,KARTINI,343,1,16,1,325,1,0,0,0,1,0,0,0,0,715,16,699,18,0,18,243,4,218,5,16,
3175011003,DKI JAKARTA,JAKARTA TIMUR,MATRAMAN,KAYU MANIS,402,2,27,0,373,3,0,0,0,3,2,0,0,2,750,44,706,30,0,30,247,4,216,6,21,
3175021006,DKI JAKARTA,JAKARTA TIMUR,PULO GADUNG,KAYU PUTIH,513,6,23,4,480,1,0,0,1,0,15,0,0,15,1149,52,1098,51,0,50,357,5,324,10,18,
3173031006,DKI JAKARTA,JAKARTA BARAT,TAMAN SARI,KEAGUNGAN,309,0,11,0,298,0,0,0,0,0,3,0,0,3,510,19,491,10,0,10,183,1,178,1,3,
3174041007,DKI JAKARTA,JAKARTA SELATAN,PASAR MINGGU,KEBAGUSAN,670,7,55,1,607,3,0,0,0,3,3,0,1,2,773,62,711,39,0,39,225,12,193,1,19,
3174051006,DKI JAKARTA,JAKARTA SELATAN,KEBAYORAN LAMA,KEBAYORAN LAMA SELATAN,636,6,41,0,589,5,0,0,0,5,2,0,0,2,810,25,785,14,0,14,298,5,274,6,13,
3174051001,DKI JAKARTA,JAKARTA SELATAN,KEBAYORAN LAMA,KEBAYORAN LAMA UTARA,459,6,50,1,402,1,0,0,0,1,15,0,0,15,544,28,516,4,0,4,232,5,196,5,26,
3174011004,DKI JAKARTA,JAKARTA SELATAN,TEBET,KEBON BARU,427,2,15,2,408,0,0,0,0,0,15,0,0,15,734,26,708,21,0,21,226,5,205,7,9,
3172021005,DKI JAKARTA,JAKARTA UTARA,TANJUNG PRIOK,KEBON BAWANG,764,5,61,1,697,0,0,0,0,0,15,0,0,15,1313,88,1225,87,0,87,432,7,406,3,16,
3173051001,DKI JAKARTA,JAKARTA BARAT,KEBON JERUK,KEBON JERUK,860,4,75,6,775,2,0,0,0,2,13,0,0,13,2081,154,1927,62,0,62,694,13,616,18,47,
3171071006,DKI JAKARTA,JAKARTA PUSAT,TANAH ABANG,KEBON KACANG,471,4,19,1,447,1,0,0,0,1,0,0,0,0,590,31,559,6,0,6,301,5,283,11,2,
3171011005,DKI JAKARTA,JAKARTA PUSAT,GAMBIR,KEBON KELAPA,157,0,6,1,150,3,0,0,0,3,4,0,0,4,317,17,300,3,0,3,98,2,88,1,7,
3171031002,DKI JAKARTA,JAKARTA PUSAT,KEMAYORAN,KEBON KOSONG,390,3,20,5,362,1,1,0,0,0,9,0,1,8,541,22,519,32,0,32,257,3,234,7,13,
3175011005,DKI JAKARTA,JAKARTA TIMUR,MATRAMAN,KEBON MANGGIS,210,2,12,4,192,0,0,0,0,0,2,0,0,2,297,15,282,24,0,24,157,0,148,3,6,
3171071005,DKI JAKARTA,JAKARTA PUSAT,TANAH ABANG,KEBON MELATI,534,3,21,3,507,1,1,0,0,0,5,0,0,5,1015,29,986,10,0,10,491,4,465,9,13,
3175081003,DKI JAKARTA,JAKARTA TIMUR,MAKASAR,KEBON PALA,382,1,35,1,345,1,0,0,0,1,6,0,0,6,1023,40,983,16,0,16,369,11,317,8,33,
3171061005,DKI JAKARTA,JAKARTA PUSAT,MENTENG,KEBON SIRIH,176,3,9,2,162,0,0,0,0,0,4,0,0,4,323,14,309,17,0,17,142,0,134,2,6,
3173011004,DKI JAKARTA,JAKARTA BARAT,CENGKARENG,KEDAUNG KALI ANGKE,512,9,31,0,472,0,0,0,0,0,1,0,0,1,626,42,584,6,0,6,348,14,295,6,33,
3173051007,DKI JAKARTA,JAKARTA BARAT,KEBON JERUK,KEDOYA SELATAN,448,3,39,5,401,2,0,0,0,2,8,0,0,8,772,47,726,22,0,21,237,4,206,7,20,
3173051006,DKI JAKARTA,JAKARTA BARAT,KEBON JERUK,KEDOYA UTARA,456,7,36,2,411,1,0,0,0,1,15,0,0,15,973,42,931,22,0,22,327,13,285,7,22,
3173051004,DKI JAKARTA,JAKARTA BARAT,KEBON JERUK,KELAPA DUA,331,3,17,0,311,0,0,0,0,0,5,0,0,5,731,53,678,22,0,22,202,2,178,3,19,
3175091003,DKI JAKARTA,JAKARTA TIMUR,CIRACAS,KELAPA DUA WETAN,651,5,28,1,617,1,0,0,0,1,8,0,0,8,1175,30,1146,37,0,36,240,7,220,3,10,
3172061003,DKI JAKARTA,JAKARTA UTARA,KELAPA GADING,KELAPA GADING BARAT,969,11,74,3,881,2,0,0,0,2,49,0,1,48,1363,73,1291,183,0,182,431,5,387,5,34,
3172061001,DKI JAKARTA,JAKARTA UTARA,KELAPA GADING,KELAPA GADING TIMUR,754,5,31,2,716,2,0,0,0,2,23,0,2,21,1312,35,1277,115,0,115,340,6,291,9,34,
3173071005,DKI JAKARTA,JAKARTA BARAT,PALMERAH,KEMANGGISAN,662,3,43,6,610,0,0,0,0,0,9,0,1,8,970,53,917,50,0,50,346,6,302,11,27,
3171031001,DKI JAKARTA,JAKARTA PUSAT,KEMAYORAN,KEMAYORAN,416,3,17,3,393,2,2,0,0,0,3,0,1,2,611,23,588,27,0,27,337,2,320,10,5,
3173081006,DKI JAKARTA,JAKARTA BARAT,KEMBANGAN,KEMBANGAN SELATAN,314,2,29,1,282,0,0,0,0,0,8,0,0,8,648,42,606,53,0,53,215,8,192,5,10,
3173081001,DKI JAKARTA,JAKARTA BARAT,KEMBANGAN,KEMBANGAN UTARA,679,6,52,3,618,4,0,0,1,3,3,0,0,3,1586,49,1537,11,0,11,343,12,298,6,27,
3171041002,DKI JAKARTA,JAKARTA PUSAT,SENEN,KENARI,252,8,8,1,235,1,0,0,0,1,8,0,0,8,568,42,526,46,0,46,185,1,172,3,9,
3173041005,DKI JAKARTA,JAKARTA BARAT,TAMBORA,KERENDANG,281,1,8,2,270,1,0,0,0,1,0,0,0,0,224,4,220,9,0,9,148,4,122,8,14,
3175071003,DKI JAKARTA,JAKARTA TIMUR,DUREN SAWIT,KLENDER,685,5,23,2,655,4,0,0,0,4,5,0,0,5,1134,59,1075,34,0,34,458,9,393,17,39,
3172031001,DKI JAKARTA,JAKARTA UTARA,KOJA,KOJA,332,5,12,0,315,0,0,0,0,0,4,0,0,4,459,11,448,42,0,42,368,2,324,9,33,
3173071006,DKI JAKARTA,JAKARTA BARAT,PALMERAH,KOTA BAMBU SELATAN,530,2,26,5,497,0,0,0,0,0,1,0,0,1,900,33,867,72,0,72,280,4,262,5,9,
3173071003,DKI JAKARTA,JAKARTA BARAT,PALMERAH,KOTA BAMBU UTARA,438,2,21,11,404,2,1,0,0,1,3,0,0,3,599,21,578,54,0,54,253,4,222,9,18,
3171041004,DKI JAKARTA,JAKARTA PUSAT,SENEN,KRAMAT,438,6,24,6,402,0,0,0,0,0,9,0,1,8,998,78,920,35,0,35,310,2,282,11,15,
3175041001,DKI JAKARTA,JAKARTA TIMUR,KRAMAT JATI,KRAMAT JATI,464,6,37,1,420,1,1,0,0,0,12,0,0,12,996,84,912,22,0,22,404,22,347,11,24,
3174071003,DKI JAKARTA,JAKARTA SELATAN,KEBAYORAN BARU,KRAMAT PELA,274,3,8,0,263,0,0,0,0,0,0,0,0,0,518,16,502,6,0,6,164,6,142,3,13,
3173031002,DKI JAKARTA,JAKARTA BARAT,TAMAN SARI,KRUKUT,294,1,14,6,273,2,1,0,0,1,3,0,0,3,488,21,467,12,0,12,196,1,175,4,16,
3174031005,DKI JAKARTA,JAKARTA SELATAN,MAMPANG PRAPATAN,KUNINGAN BARAT,150,1,22,1,126,1,0,0,0,1,0,0,0,0,492,14,478,5,0,5,149,2,130,2,15,
3174021008,DKI JAKARTA,JAKARTA SELATAN,SETIA BUDI,KUNINGAN TIMUR,173,0,38,1,134,1,0,0,0,1,20,0,0,20,231,16,215,2,0,2,130,1,110,2,17,
3171041005,DKI JAKARTA,JAKARTA PUSAT,SENEN,KWITANG,251,1,19,0,231,3,0,0,0,3,7,0,0,7,519,56,463,11,0,11,133,1,118,5,9,
3172031003,DKI JAKARTA,JAKARTA UTARA,KOJA,LAGOA,681,5,34,1,641,1,1,0,0,0,5,0,0,5,750,30,721,74,0,73,673,6,637,14,16,
3174061002,DKI JAKARTA,JAKARTA SELATAN,CILANDAK,LEBAK BULUS,473,3,43,2,425,3,0,0,0,3,27,0,0,27,1107,74,1033,22,0,22,467,8,434,9,16,
3174091004,DKI JAKARTA,JAKARTA SELATAN,JAGAKARSA,LENTENG AGUNG,849,4,51,0,794,3,0,0,0,3,6,0,0,6,794,67,727,16,0,16,264,10,229,2,23,
LUAR DKI JAKARTA,LUAR DKI JAKARTA,LUAR DKI JAKARTA,LUAR DKI JAKARTA,LUAR DKI JAKARTA,43877,390,3306,98,40083,91,12,0,0,79,663,0,11,652,68095,6460,61662,2369,0,2342,8511,365,7421,131,594,
3175101007,DKI JAKARTA,JAKARTA TIMUR,CIPAYUNG,LUBANG BUAYA,889,9,38,3,839,3,1,0,0,2,10,0,0,10,845,44,801,33,0,33,428,9,398,3,18,
3175081001,DKI JAKARTA,JAKARTA TIMUR,MAKASAR,MAKASAR,399,4,54,1,340,0,0,0,0,0,8,0,0,8,1286,37,1249,24,0,24,317,9,279,5,24,
3175071006,DKI JAKARTA,JAKARTA TIMUR,DUREN SAWIT,MALAKA JAYA,360,5,9,2,344,1,0,0,0,1,2,0,0,2,680,32,648,16,0,16,247,3,225,4,15,
3175071005,DKI JAKARTA,JAKARTA TIMUR,DUREN SAWIT,MALAKA SARI,332,6,9,1,316,0,0,0,0,0,1,0,0,1,601,23,578,15,0,15,218,8,187,4,19,
3174031001,DKI JAKARTA,JAKARTA SELATAN,MAMPANG PRAPATAN,MAMPANG PRAPATAN,333,2,16,2,313,2,1,0,0,1,0,0,0,0,1050,37,1013,10,0,10,322,7,289,9,17,
3173031005,DKI JAKARTA,JAKARTA BARAT,TAMAN SARI,MANGGA BESAR,157,1,6,1,149,1,0,0,0,1,0,0,0,0,197,15,182,6,0,6,77,1,67,4,5,
3171021005,DKI JAKARTA,JAKARTA PUSAT,SAWAH BESAR,MANGGA DUA SELATAN,425,8,20,1,396,3,0,0,0,3,1,0,0,1,876,33,843,17,0,17,256,5,236,5,10,
3174011007,DKI JAKARTA,JAKARTA SELATAN,TEBET,MANGGARAI,444,2,22,0,420,4,0,0,0,4,4,0,0,4,587,34,553,27,0,27,248,4,227,2,15,
3174011006,DKI JAKARTA,JAKARTA SELATAN,TEBET,MANGGARAI SELATAN,314,5,18,2,289,0,0,0,0,0,6,0,0,6,507,28,479,23,0,23,156,4,127,8,17,
3173031003,DKI JAKARTA,JAKARTA BARAT,TAMAN SARI,MAPHAR,247,0,22,1,224,0,0,0,0,0,6,0,0,6,406,11,395,40,0,40,214,5,199,2,8,
3172041003,DKI JAKARTA,JAKARTA UTARA,CILINCING,MARUNDA,302,2,20,0,280,3,0,0,0,3,0,0,0,0,372,11,361,15,0,15,142,0,125,1,16,
3174071001,DKI JAKARTA,JAKARTA SELATAN,KEBAYORAN BARU,MELAWAI,80,0,6,0,74,0,0,0,0,0,1,0,0,1,91,5,86,0,0,0,19,1,16,1,1,
3171061001,DKI JAKARTA,JAKARTA PUSAT,MENTENG,MENTENG,478,6,23,2,447,2,0,0,0,2,5,0,0,5,826,33,793,27,0,27,289,1,271,10,7,
3174021005,DKI JAKARTA,JAKARTA SELATAN,SETIA BUDI,MENTENG ATAS,416,9,24,3,380,2,0,0,0,2,55,0,0,55,1398,74,1325,38,0,37,312,1,281,7,23,
3174011003,DKI JAKARTA,JAKARTA SELATAN,TEBET,MENTENG DALAM,639,4,28,4,603,4,0,0,0,4,13,0,0,13,772,25,747,46,0,46,264,12,218,8,26,
3173081003,DKI JAKARTA,JAKARTA BARAT,KEMBANGAN,MERUYA SELATAN,418,3,36,1,378,1,0,0,0,1,5,0,0,5,834,48,786,17,0,17,248,2,214,3,29,
3173081002,DKI JAKARTA,JAKARTA BARAT,KEMBANGAN,MERUYA UTARA,619,7,27,6,579,1,0,0,1,0,7,0,0,7,1059,63,996,10,0,10,317,10,275,4,28,
3175101004,DKI JAKARTA,JAKARTA TIMUR,CIPAYUNG,MUNJUL,313,1,21,0,291,0,0,0,0,0,3,0,0,3,371,18,353,24,0,24,115,6,105,1,3,
3172051002,DKI JAKARTA,JAKARTA UTARA,PADEMANGAN,PADEMANGAN BARAT,1914,9,82,5,1818,5,0,0,0,5,15,0,0,15,2539,79,2460,35,0,35,778,4,724,23,27,
3172051001,DKI JAKARTA,JAKARTA UTARA,PADEMANGAN,PADEMANGAN TIMUR,666,1,44,3,618,2,0,0,0,2,15,0,2,13,917,21,897,21,0,20,311,4,279,6,22,
3175011004,DKI JAKARTA,JAKARTA TIMUR,MATRAMAN,PAL MERIAM,282,2,16,2,262,2,0,0,0,2,3,0,0,3,684,24,660,62,0,62,240,3,215,6,16,
3173071001,DKI JAKARTA,JAKARTA BARAT,PALMERAH,PALMERAH,1329,6,90,2,1231,0,0,0,0,0,2,0,0,2,1985,90,1895,78,0,78,575,12,506,22,35,
3174081001,DKI JAKARTA,JAKARTA SELATAN,PANCORAN,PANCORAN,432,1,16,0,415,1,0,0,0,1,9,0,0,9,634,31,603,7,0,7,280,8,249,4,19,
3172021003,DKI JAKARTA,JAKARTA UTARA,TANJUNG PRIOK,PAPANGGO,509,2,63,0,444,1,0,0,0,1,7,0,0,7,900,64,836,63,0,63,293,3,284,2,4,
3171021001,DKI JAKARTA,JAKARTA PUSAT,SAWAH BESAR,PASAR BARU,252,1,16,2,233,2,0,0,0,2,9,0,1,8,513,38,475,12,0,12,184,7,168,2,7,
3174021006,DKI JAKARTA,JAKARTA SELATAN,SETIA BUDI,PASAR MANGGIS,279,2,28,3,246,4,0,0,0,4,28,0,0,28,1007,52,955,18,0,18,278,1,237,9,31,
3174041001,DKI JAKARTA,JAKARTA SELATAN,PASAR MINGGU,PASAR MINGGU,485,16,31,1,437,3,0,0,0,3,7,0,0,7,669,61,608,20,0,20,259,5,233,7,14,
3171041003,DKI JAKARTA,JAKARTA PUSAT,SENEN,PASEBAN,584,4,17,1,562,4,1,0,0,3,21,0,0,21,1090,93,997,63,0,63,342,5,302,9,26,
3173061005,DKI JAKARTA,JAKARTA BARAT,KALI DERES,PEGADUNGAN,809,12,56,7,734,1,1,0,0,0,10,0,0,10,1591,74,1517,18,0,18,324,14,270,8,32,
3171061002,DKI JAKARTA,JAKARTA PUSAT,MENTENG,PEGANGSAAN,402,2,19,2,379,3,0,0,0,3,3,0,0,3,916,31,885,51,0,51,368,0,357,4,7,
3172061002,DKI JAKARTA,JAKARTA UTARA,KELAPA GADING,PEGANGSAAN DUA,903,4,58,1,840,2,0,0,0,2,43,0,1,42,1864,154,1711,197,0,196,495,7,455,11,22,
3172011004,DKI JAKARTA,JAKARTA UTARA,PENJARINGAN,PEJAGALAN,630,6,34,2,588,3,0,0,0,3,8,0,0,8,1076,71,1005,32,0,32,363,20,317,6,20,
3174041006,DKI JAKARTA,JAKARTA SELATAN,PASAR MINGGU,PEJATEN BARAT,532,7,32,2,491,8,0,0,0,8,2,0,0,2,769,55,714,74,0,74,258,7,226,2,23,
3174041005,DKI JAKARTA,JAKARTA SELATAN,PASAR MINGGU,PEJATEN TIMUR,567,6,36,1,524,4,0,0,0,4,3,0,0,3,740,58,682,40,0,40,282,12,233,12,25,
3175051005,DKI JAKARTA,JAKARTA TIMUR,PASAR REBO,PEKAYON,922,1,33,1,887,2,0,0,0,2,3,0,0,3,403,20,383,14,0,14,244,6,217,4,17,
3173041009,DKI JAKARTA,JAKARTA BARAT,TAMBORA,PEKOJAN,315,2,10,2,301,0,0,0,0,0,3,0,0,3,274,7,267,18,0,18,153,5,132,5,11,
3174031003,DKI JAKARTA,JAKARTA SELATAN,MAMPANG PRAPATAN,PELA MAMPANG,442,13,21,2,406,4,0,0,0,4,15,0,0,15,1556,66,1490,6,0,6,363,3,319,6,35,
3174081005,DKI JAKARTA,JAKARTA SELATAN,PANCORAN,PENGADEGAN,228,1,10,2,215,0,0,0,0,0,8,0,0,8,444,24,420,11,0,11,126,8,111,1,6,
3175061003,DKI JAKARTA,JAKARTA TIMUR,CAKUNG,PENGGILINGAN,819,2,99,1,717,2,0,0,0,2,10,0,1,9,1960,151,1809,80,0,80,635,8,568,12,47,
3172011001,DKI JAKARTA,JAKARTA UTARA,PENJARINGAN,PENJARINGAN,1269,14,90,4,1161,2,0,0,0,2,24,0,1,23,3067,93,2974,121,0,121,705,6,650,16,33,
3174101001,DKI JAKARTA,JAKARTA SELATAN,PESANGGRAHAN,PESANGGRAHAN,503,3,48,4,448,2,0,0,1,1,0,0,0,0,986,78,908,19,0,19,188,1,170,3,14,
3171071004,DKI JAKARTA,JAKARTA PUSAT,TANAH ABANG,PETAMBURAN,613,6,21,7,579,0,0,0,0,0,7,0,0,7,977,53,924,12,0,12,439,5,411,13,10,
3174071008,DKI JAKARTA,JAKARTA SELATAN,KEBAYORAN BARU,PETOGOGAN,249,3,38,0,208,0,0,0,0,0,3,0,0,3,306,29,277,3,0,3,110,5,79,0,26,
3171011004,DKI JAKARTA,JAKARTA PUSAT,GAMBIR,PETOJO SELATAN,257,2,8,1,246,0,0,0,0,0,28,0,0,28,804,18,786,16,0,16,286,2,269,8,7,
3171011003,DKI JAKARTA,JAKARTA PUSAT,GAMBIR,PETOJO UTARA,223,3,14,3,203,1,0,0,0,1,12,0,0,12,431,28,403,25,0,25,164,1,151,3,9,
3174101004,DKI JAKARTA,JAKARTA SELATAN,PESANGGRAHAN,PETUKANGAN SELATAN,520,6,60,2,452,1,1,0,0,0,2,0,0,2,1005,83,922,8,0,8,255,5,212,4,34,
3174101003,DKI JAKARTA,JAKARTA SELATAN,PESANGGRAHAN,PETUKANGAN UTARA,590,6,34,4,546,5,3,0,0,2,6,0,0,6,1702,36,1666,10,0,10,353,3,315,2,33,
3175081002,DKI JAKARTA,JAKARTA TIMUR,MAKASAR,PINANG RANTI,289,3,17,1,268,0,0,0,0,0,2,0,0,2,749,28,721,28,0,28,192,5,161,5,21,
3173031008,DKI JAKARTA,JAKARTA BARAT,TAMAN SARI,PINANGSIA,152,3,9,1,139,0,0,0,0,0,2,0,0,2,254,7,247,3,0,3,116,5,107,0,4,
3175011001,DKI JAKARTA,JAKARTA TIMUR,MATRAMAN,PISANGAN BARU,399,3,22,3,371,2,1,0,0,1,5,0,0,5,600,96,504,35,0,35,228,3,197,8,20,
3175021002,DKI JAKARTA,JAKARTA TIMUR,PULO GADUNG,PISANGAN TIMUR,387,5,12,4,366,1,0,0,0,1,10,0,0,10,898,113,785,30,0,30,261,6,229,5,21,
3172011005,DKI JAKARTA,JAKARTA UTARA,PENJARINGAN,PLUIT,491,5,44,4,438,0,0,0,0,0,13,0,0,13,1396,71,1325,19,0,19,297,12,247,9,29,
3175071002,DKI JAKARTA,JAKARTA TIMUR,DUREN SAWIT,PONDOK BAMBU,1056,9,45,1,1001,5,0,0,0,5,3,0,0,3,1238,77,1162,36,0,35,478,12,413,10,43,
3175071004,DKI JAKARTA,JAKARTA TIMUR,DUREN SAWIT,PONDOK KELAPA,779,7,37,0,735,0,0,0,0,0,11,0,0,11,1333,81,1253,27,0,26,449,16,373,13,47,
3175071007,DKI JAKARTA,JAKARTA TIMUR,DUREN SAWIT,PONDOK KOPI,497,4,28,1,464,0,0,0,0,0,2,0,0,2,549,21,528,15,0,15,265,7,235,13,10,
3174061003,DKI JAKARTA,JAKARTA SELATAN,CILANDAK,PONDOK LABU,597,10,47,1,539,6,0,0,0,6,73,0,0,73,1228,102,1126,37,0,37,241,2,213,3,23,
3174051002,DKI JAKARTA,JAKARTA SELATAN,KEBAYORAN LAMA,PONDOK PINANG,686,6,58,4,618,0,0,0,0,0,44,0,0,44,939,51,888,11,0,11,358,14,304,9,31,
3175101003,DKI JAKARTA,JAKARTA TIMUR,CIPAYUNG,PONDOK RANGGON,308,2,13,3,290,0,0,0,0,0,3,0,0,3,474,43,431,21,0,21,199,4,179,1,15,
PROSES UPDATE DATA,PROSES UPDATE DATA,PROSES UPDATE DATA,PROSES UPDATE DATA,PROSES UPDATE DATA,15553,213,806,1696,12838,3474,2,0,3466,6,114,0,2,112,31095,3964,27134,187,1,183,25205,610,23195,472,928,
3101011003,DKI JAKARTA,KAB.ADM.KEP.SERIBU,KEP. SERIBU UTARA,PULAU HARAPAN,66,0,1,0,65,0,0,0,0,0,0,0,0,0,88,11,77,0,0,0,6,0,6,0,0,
3101011002,DKI JAKARTA,KAB.ADM.KEP.SERIBU,KEP. SERIBU UTARA,PULAU KELAPA,82,0,2,1,79,0,0,0,0,0,3,0,0,3,208,26,182,1,0,1,8,0,8,0,0,
3101011001,DKI JAKARTA,KAB.ADM.KEP.SERIBU,KEP. SERIBU UTARA,PULAU PANGGANG,178,0,8,1,169,0,0,0,0,0,0,0,0,0,179,2,177,4,0,4,29,0,29,0,0,
3101021003,DKI JAKARTA,KAB.ADM.KEP.SERIBU,KEP. SERIBU SELATAN,PULAU PARI,12,0,3,0,9,0,0,0,0,0,0,0,0,0,199,8,191,1,0,1,6,0,5,0,1,
3101021002,DKI JAKARTA,KAB.ADM.KEP.SERIBU,KEP. SERIBU SELATAN,PULAU TIDUNG,38,0,0,0,38,1,0,0,1,0,1,0,1,0,398,10,388,1,0,1,37,0,37,0,0,
3101021001,DKI JAKARTA,KAB.ADM.KEP.SERIBU,KEP. SERIBU SELATAN,PULAU UNTUNG JAWA,25,0,0,0,25,0,0,0,0,0,0,0,0,0,112,3,109,0,0,0,5,0,5,0,0,
3174071007,DKI JAKARTA,JAKARTA SELATAN,KEBAYORAN BARU,PULO,302,0,7,1,294,1,0,0,0,1,1,0,0,1,228,8,220,0,0,0,58,2,55,0,1,
3175021001,DKI JAKARTA,JAKARTA TIMUR,PULO GADUNG,PULO GADUNG,449,4,28,2,415,0,0,0,0,0,11,0,0,11,951,35,916,37,0,37,289,3,268,6,12,
3175061005,DKI JAKARTA,JAKARTA TIMUR,CAKUNG,PULO GEBANG,663,3,72,2,586,1,0,0,0,1,9,0,0,9,1503,88,1416,67,0,66,477,6,400,12,59,
3174041004,DKI JAKARTA,JAKARTA SELATAN,PASAR MINGGU,RAGUNAN,873,11,100,2,760,1,0,0,0,1,2,0,0,2,807,64,743,25,0,25,247,7,212,6,22,
3175091005,DKI JAKARTA,JAKARTA TIMUR,CIRACAS,RAMBUTAN,482,6,21,1,454,2,0,0,0,2,12,0,0,12,766,25,741,29,0,29,216,8,183,3,22,
3172031006,DKI JAKARTA,JAKARTA UTARA,KOJA,RAWA BADAK SELATAN,545,7,34,2,502,2,0,0,0,2,2,0,0,2,616,30,587,56,0,55,333,3,312,5,13,
3172031004,DKI JAKARTA,JAKARTA UTARA,KOJA,RAWA BADAK UTARA,514,5,27,1,481,0,0,0,0,0,2,0,0,2,570,27,543,87,0,87,264,2,243,4,15,
3174071005,DKI JAKARTA,JAKARTA SELATAN,KEBAYORAN BARU,RAWA BARAT,106,0,5,2,99,0,0,0,0,0,2,0,0,2,175,9,166,0,0,0,46,1,34,1,10,
3173011003,DKI JAKARTA,JAKARTA BARAT,CENGKARENG,RAWA BUAYA,436,3,47,2,384,1,0,0,0,1,6,0,0,6,875,89,786,6,0,6,359,11,293,13,42,
3175031004,DKI JAKARTA,JAKARTA TIMUR,JATINEGARA,RAWA BUNGA,168,0,3,1,164,0,0,0,0,0,1,0,0,1,310,17,293,16,0,16,154,4,136,3,11,
3174081003,DKI JAKARTA,JAKARTA SELATAN,PANCORAN,RAWA JATI,327,2,18,0,307,2,0,0,0,2,11,0,0,11,561,59,502,7,0,7,133,8,102,0,23,
3175061002,DKI JAKARTA,JAKARTA TIMUR,CAKUNG,RAWA TERATE,170,0,29,0,141,0,0,0,0,0,2,0,0,2,419,41,378,8,0,8,192,1,175,1,15,
3175021005,DKI JAKARTA,JAKARTA TIMUR,PULO GADUNG,RAWAMANGUN,390,1,24,0,365,1,0,0,0,1,9,0,0,9,963,65,898,33,0,33,318,5,281,9,23,
3171051003,DKI JAKARTA,JAKARTA PUSAT,CEMPAKA PUTIH,RAWASARI,784,5,55,2,722,4,0,0,1,3,10,0,0,10,1428,82,1346,37,0,37,446,10,418,5,13,
3173041010,DKI JAKARTA,JAKARTA BARAT,TAMBORA,ROA MALAKA,41,0,2,0,39,1,0,0,0,1,0,0,0,0,46,2,45,2,0,1,15,0,14,0,1,
3172041006,DKI JAKARTA,JAKARTA UTARA,CILINCING,ROROTAN,439,7,34,2,396,0,0,0,0,0,4,0,0,4,651,12,639,79,0,79,196,4,175,2,15,
3174071004,DKI JAKARTA,JAKARTA SELATAN,KEBAYORAN BARU,SELONG,93,0,10,0,83,0,0,0,0,0,3,0,0,3,136,5,131,3,0,3,26,0,23,1,2,
3173061002,DKI JAKARTA,JAKARTA BARAT,KALI DERES,SEMANAN,621,8,63,3,547,1,0,0,0,1,3,0,0,3,1239,125,1114,9,0,9,250,7,202,3,38,
3172041007,DKI JAKARTA,JAKARTA UTARA,CILINCING,SEMPER BARAT,847,4,52,1,790,3,0,0,0,3,12,0,0,12,1242,45,1198,110,0,109,490,2,454,11,23,
3172041005,DKI JAKARTA,JAKARTA UTARA,CILINCING,SEMPER TIMUR,480,6,35,1,438,1,0,0,0,1,4,0,0,4,751,65,686,55,0,55,251,6,235,5,5,
3174071006,DKI JAKARTA,JAKARTA SELATAN,KEBAYORAN BARU,SENAYAN,439,0,68,0,371,0,0,0,0,0,10,0,0,10,739,98,641,0,0,0,200,1,185,0,14,
3171041001,DKI JAKARTA,JAKARTA PUSAT,SENEN,SENEN,211,3,8,0,200,1,0,0,0,1,8,0,0,8,760,72,688,26,0,26,161,3,151,3,4,
3171031004,DKI JAKARTA,JAKARTA PUSAT,KEMAYORAN,SERDANG,485,4,27,2,452,0,0,0,0,0,5,0,0,5,801,51,750,30,0,30,291,4,268,6,13,
3174021001,DKI JAKARTA,JAKARTA SELATAN,SETIA BUDI,SETIA BUDI,111,2,8,0,101,0,0,0,0,0,4,0,0,4,370,9,361,6,0,6,48,1,42,0,5,
3175101005,DKI JAKARTA,JAKARTA TIMUR,CIPAYUNG,SETU,289,1,15,0,273,2,0,0,0,2,2,0,0,2,461,26,435,14,0,14,131,6,118,1,6,
3173071002,DKI JAKARTA,JAKARTA BARAT,PALMERAH,SLIPI,573,2,19,2,550,0,0,0,0,0,2,0,0,2,1045,41,1004,41,0,41,319,4,297,4,14,
3173081004,DKI JAKARTA,JAKARTA BARAT,KEMBANGAN,SRENGSENG,603,5,42,3,553,1,0,0,0,1,6,0,0,6,1357,104,1253,27,0,27,348,9,302,5,32,
3174091002,DKI JAKARTA,JAKARTA SELATAN,JAGAKARSA,SRENGSENG SAWAH,935,10,47,0,878,8,0,0,0,8,11,0,0,11,1078,86,992,26,0,26,255,4,225,8,18,
3173051003,DKI JAKARTA,JAKARTA BARAT,KEBON JERUK,SUKABUMI SELATAN,360,9,43,4,304,1,0,0,0,1,1,0,0,1,767,63,705,25,0,24,236,7,200,5,24,
3173051002,DKI JAKARTA,JAKARTA BARAT,KEBON JERUK,SUKABUMI UTARA,396,4,42,3,347,0,0,0,0,0,19,0,0,19,823,47,776,46,0,46,281,4,237,10,30,
3172041002,DKI JAKARTA,JAKARTA UTARA,CILINCING,SUKAPURA,668,4,43,2,619,0,0,0,0,0,6,0,0,6,970,48,922,99,0,99,353,1,329,8,15,
3171031007,DKI JAKARTA,JAKARTA PUSAT,KEMAYORAN,SUMUR BATU,449,3,24,1,421,2,0,0,0,2,6,0,0,6,604,33,571,31,0,31,244,4,224,3,13,
3172021004,DKI JAKARTA,JAKARTA UTARA,TANJUNG PRIOK,SUNGAI BAMBU,416,2,54,0,360,0,0,0,0,0,7,0,0,7,707,42,665,41,0,41,240,1,210,5,24,
3172021006,DKI JAKARTA,JAKARTA UTARA,TANJUNG PRIOK,SUNTER AGUNG,1045,7,81,1,956,4,0,0,0,4,23,0,1,22,2112,124,1989,93,0,92,658,13,593,17,35,
3172021002,DKI JAKARTA,JAKARTA UTARA,TANJUNG PRIOK,SUNTER JAYA,984,10,122,6,846,1,0,0,0,1,10,0,0,10,1814,157,1657,181,0,181,610,10,553,19,28,
3175091004,DKI JAKARTA,JAKARTA TIMUR,CIRACAS,SUSUKAN,570,3,28,1,538,0,0,0,0,0,17,0,0,17,1351,39,1312,69,0,69,203,5,181,7,10,
3173031001,DKI JAKARTA,JAKARTA BARAT,TAMAN SARI,TAMAN SARI,296,3,15,0,278,2,0,0,0,2,1,0,0,1,444,20,424,17,0,17,199,1,178,4,16,
3173041001,DKI JAKARTA,JAKARTA BARAT,TAMBORA,TAMBORA,217,0,12,3,202,0,0,0,0,0,1,0,0,1,320,12,308,3,0,3,104,2,91,3,8,
3173041004,DKI JAKARTA,JAKARTA BARAT,TAMBORA,TANAH SEREAL,309,0,12,2,295,1,0,0,0,1,4,0,0,4,291,12,279,5,0,5,175,4,156,7,8,
3171081004,DKI JAKARTA,JAKARTA PUSAT,JOHAR BARU,TANAH TINGGI,494,6,17,3,468,4,0,0,0,4,6,0,0,6,1135,52,1083,35,0,35,409,8,372,16,13,
3173031004,DKI JAKARTA,JAKARTA BARAT,TAMAN SARI,TANGKI,252,4,7,1,240,1,0,0,0,1,3,0,0,3,329,18,311,2,0,2,131,1,118,1,11,
3174091005,DKI JAKARTA,JAKARTA SELATAN,JAGAKARSA,TANJUNG BARAT,733,1,28,1,703,1,0,0,0,1,2,0,0,2,643,28,615,12,0,12,273,5,248,6,14,
3173021005,DKI JAKARTA,JAKARTA BARAT,GROGOL PETAMBURAN,TANJUNG DUREN SELATAN,454,8,18,1,427,0,0,0,0,0,19,0,0,19,729,36,693,22,0,22,320,5,287,9,19,
3173021002,DKI JAKARTA,JAKARTA BARAT,GROGOL PETAMBURAN,TANJUNG DUREN UTARA,298,1,10,0,287,2,0,0,0,2,21,0,0,21,610,26,584,19,0,19,181,0,167,9,5,
3172021001,DKI JAKARTA,JAKARTA UTARA,TANJUNG PRIOK,TANJUNG PRIOK,568,5,53,6,504,1,1,0,0,0,13,0,1,12,825,39,786,69,0,69,384,2,347,10,25,
3174011002,DKI JAKARTA,JAKARTA SELATAN,TEBET,TEBET BARAT,508,8,28,0,472,2,0,0,0,2,8,0,0,8,689,29,660,24,0,24,332,2,306,7,17,
3174011001,DKI JAKARTA,JAKARTA SELATAN,TEBET,TEBET TIMUR,408,3,17,2,386,0,0,0,0,0,6,0,0,6,584,40,544,35,0,35,211,2,189,4,16,
3173061003,DKI JAKARTA,JAKARTA BARAT,KALI DERES,TEGAL ALUR,748,13,44,6,685,0,0,0,0,0,7,0,0,7,1303,64,1239,13,0,13,252,7,208,5,32,
3174031004,DKI JAKARTA,JAKARTA SELATAN,MAMPANG PRAPATAN,TEGAL PARANG,368,4,22,3,339,5,0,0,1,4,4,0,0,4,1057,55,1002,12,0,12,325,6,283,6,30,
3173021003,DKI JAKARTA,JAKARTA BARAT,GROGOL PETAMBURAN,TOMANG,494,3,18,2,471,0,0,0,0,0,15,0,0,15,799,32,767,85,0,85,310,5,282,8,15,
3172031005,DKI JAKARTA,JAKARTA UTARA,KOJA,TUGU SELATAN,470,7,13,1,449,0,0,0,0,0,2,0,0,2,489,21,469,82,0,81,304,3,270,7,24,
3172031002,DKI JAKARTA,JAKARTA UTARA,KOJA,TUGU UTARA,952,7,27,0,918,3,0,0,0,3,7,0,0,7,917,42,875,99,0,99,470,3,429,14,24,
3175061006,DKI JAKARTA,JAKARTA TIMUR,CAKUNG,UJUNG MENTENG,186,0,20,2,164,1,0,0,0,1,1,0,0,1,500,32,469,25,0,24,141,2,125,3,11,
3174101005,DKI JAKARTA,JAKARTA SELATAN,PESANGGRAHAN,ULUJAMI,598,6,27,2,563,0,0,0,0,0,0,0,0,0,1253,53,1200,26,0,26,282,6,240,6,30,
3175011006,DKI JAKARTA,JAKARTA TIMUR,MATRAMAN,UTAN KAYU SELATAN,528,1,22,8,497,2,0,0,0,2,7,0,0,7,922,42,881,92,0,91,293,7,262,8,16,
3175011002,DKI JAKARTA,JAKARTA TIMUR,MATRAMAN,UTAN KAYU UTARA,439,7,15,0,417,2,0,0,0,2,4,0,0,4,721,55,667,46,0,45,227,4,202,12,9,
3171031008,DKI JAKARTA,JAKARTA PUSAT,KEMAYORAN,UTAN PANJANG,428,5,18,2,403,0,0,0,0,0,4,0,0,4,643,61,582,28,0,28,303,3,276,9,15,
3172021007,DKI JAKARTA,JAKARTA UTARA,TANJUNG PRIOK,WARAKAS,586,7,82,2,495,0,0,0,0,0,11,0,0,11,1018,63,955,59,0,59,348,3,303,8,34,
3173021007,DKI JAKARTA,JAKARTA BARAT,GROGOL PETAMBURAN,WIJAYA KUSUMA,421,2,25,2,392,1,0,0,0,1,7,0,0,7,878,49,829,23,0,23,291,6,266,8,11,
