id_kel,nama_provinsi,nama_kota,nama_kecamatan,nama_kelurahan,suspek,perawatan_rs,isolasi_di_rumah,suspek_meninggal,selesai_isolasi,probable,perawatan_rs,isolasi_di_rumah,probable_meninggal,selesai_isolasi,pelaku_perjalanan,perawatan_rs,isolasi_di_rumah,selesai_isolasi,kontak_erat,isolasi_di_rumah,selesai_isolasi,discarded,isolasi_di_rumah,meninggal,selesai_isolasi,positif,dirawat,sembuh,meninggal,self_isolation,keterangan
3172051003,DKI JAKARTA,JAKARTA UTARA,PADEMANGAN,ANCOL,599,3,46,0,550,4,0,0,0,4,16,0,4,12,803,50,753,10,0,0,10,369,1,356,4,8,
3173041007,DKI JAKARTA,JAKARTA BARAT,TAMBORA,ANGKE,604,5,29,2,568,3,0,0,1,2,1,0,0,1,597,19,578,27,0,0,27,224,1,211,4,8,
3175041005,DKI JAKARTA,JAKARTA TIMUR,KRAMAT JATI,BALE KAMBANG,395,0,47,1,347,7,0,0,0,7,5,0,0,5,719,43,676,25,0,0,25,226,7,206,3,10,
3175031003,DKI JAKARTA,JAKARTA TIMUR,JATINEGARA,BALI MESTER,148,3,7,1,137,2,0,0,0,2,1,0,0,1,290,68,222,7,0,0,7,208,7,187,3,11,
3175101006,DKI JAKARTA,JAKARTA TIMUR,CIPAYUNG,BAMBU APUS,576,1,48,1,526,0,0,0,0,0,4,0,0,4,886,106,780,19,0,0,19,243,9,211,3,20,
3174031002,DKI JAKARTA,JAKARTA SELATAN,MAMPANG PRAPATAN,BANGKA,422,0,39,2,381,5,0,0,1,4,18,0,0,18,947,110,837,8,0,0,8,248,8,223,2,15,
3175051002,DKI JAKARTA,JAKARTA TIMUR,PASAR REBO,BARU,539,2,42,1,494,0,0,0,0,0,5,0,0,5,503,37,466,19,0,0,19,254,3,235,2,14,
3175041004,DKI JAKARTA,JAKARTA TIMUR,KRAMAT JATI,BATU AMPAR,699,2,69,1,627,3,0,0,0,3,3,0,0,3,1429,150,1279,29,0,0,29,381,6,330,6,39,
3171071002,DKI JAKARTA,JAKARTA PUSAT,TANAH ABANG,BENDUNGAN HILIR,547,4,29,0,514,2,0,0,0,2,4,0,0,4,1017,100,917,11,0,0,11,361,10,299,10,42,
3175031002,DKI JAKARTA,JAKARTA TIMUR,JATINEGARA,BIDARA CINA,523,3,43,3,474,1,0,0,0,1,8,0,0,8,796,114,682,40,0,0,40,403,14,332,11,46,
3174101002,DKI JAKARTA,JAKARTA SELATAN,PESANGGRAHAN,BINTARO,990,6,93,2,889,5,0,0,0,5,9,0,0,9,1871,161,1710,28,0,0,28,511,11,444,11,45,
3174011005,DKI JAKARTA,JAKARTA SELATAN,TEBET,BUKIT DURI,506,1,30,3,472,2,0,0,0,2,15,0,0,15,754,54,700,17,0,0,17,282,11,257,8,6,
3171041006,DKI JAKARTA,JAKARTA PUSAT,SENEN,BUNGUR,303,4,13,2,284,2,1,0,0,1,13,0,0,13,691,34,657,18,0,0,18,234,3,216,6,9,
3175061007,DKI JAKARTA,JAKARTA TIMUR,CAKUNG,CAKUNG BARAT,548,4,113,1,430,3,0,0,0,3,0,0,0,0,954,99,855,55,0,0,55,432,5,396,7,24,
3175061004,DKI JAKARTA,JAKARTA TIMUR,CAKUNG,CAKUNG TIMUR,578,4,59,2,513,3,0,0,1,2,6,0,0,6,1107,121,986,51,0,0,51,379,4,340,9,26,
3175041007,DKI JAKARTA,JAKARTA TIMUR,KRAMAT JATI,CAWANG,519,3,65,0,451,1,0,0,0,1,6,0,0,6,1280,151,1129,22,0,0,22,421,18,373,7,23,
3175101008,DKI JAKARTA,JAKARTA TIMUR,CIPAYUNG,CEGER,316,3,17,0,296,0,0,0,0,0,1,0,0,1,534,46,488,10,0,0,10,167,6,145,3,13,
3171031006,DKI JAKARTA,JAKARTA PUSAT,KEMAYORAN,CEMPAKA BARU,820,2,50,2,766,1,0,0,0,1,7,0,0,7,1264,76,1188,39,0,0,39,524,7,472,17,28,
3171051002,DKI JAKARTA,JAKARTA PUSAT,CEMPAKA PUTIH,CEMPAKA PUTIH BARAT,1219,5,107,2,1105,10,2,0,0,8,22,0,0,22,2348,106,2242,52,0,0,52,763,8,719,16,20,
3171051001,DKI JAKARTA,JAKARTA PUSAT,CEMPAKA PUTIH,CEMPAKA PUTIH TIMUR,891,4,81,1,805,1,0,0,0,1,13,0,1,12,1864,141,1723,61,0,0,61,425,5,387,6,27,
3173011001,DKI JAKARTA,JAKARTA BARAT,CENGKARENG,CENGKARENG BARAT,1394,12,360,1,1021,0,0,0,0,0,6,0,0,6,2264,256,2008,14,0,0,14,651,6,609,11,25,
3173011006,DKI JAKARTA,JAKARTA BARAT,CENGKARENG,CENGKARENG TIMUR,1197,9,78,7,1103,2,0,0,0,2,4,0,0,4,2410,142,2268,20,0,0,20,875,22,792,17,44,
3175091002,DKI JAKARTA,JAKARTA TIMUR,CIRACAS,CIBUBUR,1166,4,108,4,1050,1,0,0,0,1,30,0,0,30,2270,76,2194,94,0,0,94,479,13,407,10,49,
3171011002,DKI JAKARTA,JAKARTA PUSAT,GAMBIR,CIDENG,374,4,19,2,349,0,0,0,0,0,12,0,0,12,789,88,701,14,0,0,14,244,10,215,8,11,
3174091003,DKI JAKARTA,JAKARTA SELATAN,JAGAKARSA,CIGANJUR,923,5,74,1,843,2,0,0,0,2,12,0,0,12,1013,110,903,15,0,0,15,291,5,260,4,22,
3175051003,DKI JAKARTA,JAKARTA TIMUR,PASAR REBO,CIJANTUNG,1057,8,72,3,974,0,0,0,0,0,5,0,0,5,700,40,660,13,0,0,13,411,4,372,10,25,
3171061003,DKI JAKARTA,JAKARTA PUSAT,MENTENG,CIKINI,199,2,7,0,190,2,1,0,0,1,2,0,0,2,290,33,257,11,0,0,11,95,2,91,2,0,
3174081006,DKI JAKARTA,JAKARTA SELATAN,PANCORAN,CIKOKO,262,1,29,0,232,1,0,0,0,1,10,0,0,10,376,27,349,1,0,0,1,114,5,94,3,12,
3174061001,DKI JAKARTA,JAKARTA SELATAN,CILANDAK,CILANDAK BARAT,1933,9,239,5,1680,3,2,0,0,1,99,0,0,99,2392,184,2208,42,0,0,42,639,19,543,10,67,
3174041003,DKI JAKARTA,JAKARTA SELATAN,PASAR MINGGU,CILANDAK TIMUR,652,2,68,1,581,5,0,0,0,5,17,0,0,17,650,70,580,88,0,0,88,338,11,297,8,22,
3175101002,DKI JAKARTA,JAKARTA TIMUR,CIPAYUNG,CILANGKAP,468,5,27,1,435,1,0,0,0,1,3,0,0,3,830,70,760,22,0,0,22,234,12,206,3,13,
3175041006,DKI JAKARTA,JAKARTA TIMUR,KRAMAT JATI,CILILITAN,445,2,38,1,404,2,1,0,0,1,7,0,0,7,1172,127,1045,49,0,0,49,418,12,370,8,28,
3172041001,DKI JAKARTA,JAKARTA UTARA,CILINCING,CILINCING,805,10,67,1,727,3,2,0,0,1,7,0,1,6,1375,44,1331,109,0,0,109,484,5,441,13,25,
3175101001,DKI JAKARTA,JAKARTA TIMUR,CIPAYUNG,CIPAYUNG,713,7,67,2,637,3,0,0,1,2,8,0,0,8,894,83,811,39,0,0,39,287,9,261,5,12,
3174091006,DKI JAKARTA,JAKARTA SELATAN,JAGAKARSA,CIPEDAK,726,2,30,0,694,5,0,0,0,5,1,0,0,1,1049,69,980,9,0,0,9,358,6,325,3,24,
3174061005,DKI JAKARTA,JAKARTA SELATAN,CILANDAK,CIPETE SELATAN,456,6,39,1,410,2,0,0,0,2,46,0,0,46,801,92,709,6,0,0,6,221,6,169,8,38,
3174071010,DKI JAKARTA,JAKARTA SELATAN,KEBAYORAN BARU,CIPETE UTARA,913,5,104,3,801,0,0,0,0,0,10,0,0,10,758,57,701,6,0,0,6,253,4,221,4,24,
3175021003,DKI JAKARTA,JAKARTA TIMUR,PULO GADUNG,CIPINANG,452,5,39,2,406,1,0,0,0,1,3,0,0,3,1247,109,1138,47,0,0,47,469,17,418,16,18,
3175031007,DKI JAKARTA,JAKARTA TIMUR,JATINEGARA,CIPINANG BESAR SELATAN,396,3,27,2,364,2,0,0,0,2,3,0,0,3,808,77,731,19,0,0,19,338,11,293,2,32,
3175031008,DKI JAKARTA,JAKARTA TIMUR,JATINEGARA,CIPINANG BESAR UTARA,543,2,20,0,521,2,0,0,0,2,3,0,0,3,1194,61,1133,25,0,0,25,473,3,449,7,14,
3175031005,DKI JAKARTA,JAKARTA TIMUR,JATINEGARA,CIPINANG CEMPEDAK,390,9,32,2,347,1,0,0,0,1,8,0,0,8,756,66,690,25,0,0,25,288,18,248,6,16,
3175081005,DKI JAKARTA,JAKARTA TIMUR,MAKASAR,CIPINANG MELAYU,516,4,29,2,481,5,1,0,0,4,5,0,0,5,958,79,879,21,0,0,21,360,8,328,7,17,
3175031006,DKI JAKARTA,JAKARTA TIMUR,JATINEGARA,CIPINANG MUARA,614,6,43,1,564,5,0,0,0,5,10,0,0,10,1363,179,1184,34,0,0,34,586,13,532,7,34,
3174051003,DKI JAKARTA,JAKARTA SELATAN,KEBAYORAN LAMA,CIPULIR,468,5,35,4,424,6,0,0,0,6,6,0,0,6,698,71,627,11,0,0,11,339,12,291,5,31,
3175091001,DKI JAKARTA,JAKARTA TIMUR,CIRACAS,CIRACAS,1356,8,129,9,1210,4,0,0,0,4,34,0,0,34,2055,70,1985,46,0,0,46,628,11,565,17,35,
3175041003,DKI JAKARTA,JAKARTA TIMUR,KRAMAT JATI,DUKUH,433,1,47,1,384,1,1,0,0,0,1,0,0,1,997,60,937,16,0,0,16,250,8,217,5,20,
3175071001,DKI JAKARTA,JAKARTA TIMUR,DUREN SAWIT,DUREN SAWIT,1115,13,68,3,1031,18,0,0,0,18,5,0,0,5,1550,109,1441,38,0,0,38,718,12,662,16,28,
3174081004,DKI JAKARTA,JAKARTA SELATAN,PANCORAN,DUREN TIGA,603,3,23,0,577,2,0,0,0,2,6,0,0,6,893,67,826,4,0,0,4,269,9,244,2,14,
3173051005,DKI JAKARTA,JAKARTA BARAT,KEBON JERUK,DURI KEPA,845,14,72,2,757,4,0,0,0,4,12,0,0,12,1672,141,1531,75,0,0,75,558,15,498,14,31,
3173011002,DKI JAKARTA,JAKARTA BARAT,CENGKARENG,DURI KOSAMBI,939,6,72,3,858,1,0,0,0,1,4,0,0,4,1529,103,1426,13,0,0,13,604,15,563,8,18,
3171011006,DKI JAKARTA,JAKARTA PUSAT,GAMBIR,DURI PULO,253,0,11,3,239,0,0,0,0,0,1,0,0,1,631,33,598,7,0,0,7,235,2,213,8,12,
3173041011,DKI JAKARTA,JAKARTA BARAT,TAMBORA,DURI SELATAN,239,3,17,1,218,0,0,0,0,0,2,0,0,2,228,9,219,4,0,0,4,99,3,90,3,3,
3173041003,DKI JAKARTA,JAKARTA BARAT,TAMBORA,DURI UTARA,272,3,9,2,258,1,0,0,0,1,2,0,0,2,300,16,284,5,0,0,5,163,0,157,4,2,
3171081003,DKI JAKARTA,JAKARTA PUSAT,JOHAR BARU,GALUR,271,0,10,0,261,4,0,0,0,4,3,0,0,3,620,23,597,50,0,0,50,230,3,203,10,14,
3171011001,DKI JAKARTA,JAKARTA PUSAT,GAMBIR,GAMBIR,186,1,48,0,137,1,0,0,0,1,17,0,0,17,570,32,538,6,0,0,6,222,1,204,1,16,
3174061004,DKI JAKARTA,JAKARTA SELATAN,CILANDAK,GANDARIA SELATAN,310,2,18,0,290,2,0,0,0,2,20,0,0,20,887,50,837,4,0,0,4,216,6,184,6,20,
3174071009,DKI JAKARTA,JAKARTA SELATAN,KEBAYORAN BARU,GANDARIA UTARA,934,7,105,2,820,0,0,0,0,0,3,0,0,3,861,55,806,8,0,0,8,317,10,273,6,28,
3175051001,DKI JAKARTA,JAKARTA TIMUR,PASAR REBO,GEDONG,968,9,65,0,894,0,0,0,0,0,5,0,0,5,669,54,615,26,0,0,26,368,4,335,5,24,
3171071001,DKI JAKARTA,JAKARTA PUSAT,TANAH ABANG,GELORA,96,0,6,1,89,0,0,0,0,0,6,0,0,6,397,19,378,0,0,0,0,124,0,119,2,3,
3173031007,DKI JAKARTA,JAKARTA BARAT,TAMAN SARI,GLODOK,142,1,7,0,134,0,0,0,0,0,1,0,0,1,263,49,214,1,0,0,1,54,1,50,2,1,
3171061004,DKI JAKARTA,JAKARTA PUSAT,MENTENG,GONDANGDIA,108,4,5,1,98,0,0,0,0,0,13,0,0,13,269,15,254,7,0,0,7,77,3,64,3,7,
3173021001,DKI JAKARTA,JAKARTA BARAT,GROGOL PETAMBURAN,GROGOL,676,5,47,4,620,1,0,0,0,1,45,0,0,45,1342,140,1202,38,0,0,38,328,11,301,2,14,
3174051005,DKI JAKARTA,JAKARTA SELATAN,KEBAYORAN LAMA,GROGOL SELATAN,610,4,40,5,561,0,0,0,0,0,12,0,0,12,857,61,796,14,0,0,14,404,12,356,8,28,
3174051004,DKI JAKARTA,JAKARTA SELATAN,KEBAYORAN LAMA,GROGOL UTARA,601,8,39,4,550,0,0,0,0,0,24,0,0,24,870,65,805,19,0,0,19,477,12,427,14,24,
3174021007,DKI JAKARTA,JAKARTA SELATAN,SETIA BUDI,GUNTUR,82,0,3,0,79,0,0,0,0,0,1,0,0,1,340,71,269,1,0,0,1,65,0,63,1,1,
3174071002,DKI JAKARTA,JAKARTA SELATAN,KEBAYORAN BARU,GUNUNG,372,4,24,3,341,0,0,0,0,0,7,0,0,7,1089,46,1043,0,0,0,0,187,41,138,4,4,
3171031005,DKI JAKARTA,JAKARTA PUSAT,KEMAYORAN,GUNUNG SAHARI SELATAN,421,1,47,1,372,0,0,0,0,0,5,0,0,5,959,135,824,2,0,0,2,236,3,219,7,7,
3171021004,DKI JAKARTA,JAKARTA PUSAT,SAWAH BESAR,GUNUNG SAHARI UTARA,349,1,16,1,331,2,0,0,0,2,7,0,0,7,735,93,642,12,0,0,12,216,5,193,11,7,
3175081004,DKI JAKARTA,JAKARTA TIMUR,MAKASAR,HALIM PERDANA KUSUMAH,320,1,13,2,304,0,0,0,0,0,6,0,0,6,1376,541,835,10,0,0,10,600,14,564,7,15,
3171031003,DKI JAKARTA,JAKARTA PUSAT,KEMAYORAN,HARAPAN MULIA,470,3,34,3,430,1,0,0,0,1,6,0,0,6,720,57,663,35,0,0,35,302,4,282,9,7,
3174091001,DKI JAKARTA,JAKARTA SELATAN,JAGAKARSA,JAGAKARSA,1297,10,73,2,1212,8,0,0,0,8,8,0,0,8,1592,152,1440,22,0,0,22,570,15,497,8,50,
3175021007,DKI JAKARTA,JAKARTA TIMUR,PULO GADUNG,JATI,484,2,32,1,449,0,0,0,0,0,9,0,0,9,1221,86,1135,44,0,0,44,345,9,316,7,13,
3174041002,DKI JAKARTA,JAKARTA SELATAN,PASAR MINGGU,JATI PADANG,774,6,64,2,702,0,0,0,0,0,4,0,0,4,968,95,873,73,0,0,73,337,10,296,6,25,
3173071004,DKI JAKARTA,JAKARTA BARAT,PALMERAH,JATI PULO,712,3,50,4,655,2,0,0,0,2,8,0,0,8,969,80,889,66,0,0,66,382,9,347,11,15,
3175061001,DKI JAKARTA,JAKARTA TIMUR,CAKUNG,JATINEGARA,1097,3,149,3,942,1,0,0,0,1,4,0,0,4,2087,215,1872,52,0,0,52,764,16,713,12,23,
3175021004,DKI JAKARTA,JAKARTA TIMUR,PULO GADUNG,JATINEGARA KAUM,183,2,12,0,169,1,0,0,1,0,4,0,0,4,545,50,495,12,0,0,12,176,9,147,7,13,
3173021004,DKI JAKARTA,JAKARTA BARAT,GROGOL PETAMBURAN,JELAMBAR,618,1,42,5,570,2,0,0,0,2,28,0,0,28,1108,129,979,14,0,0,14,375,16,327,9,23,
3173021006,DKI JAKARTA,JAKARTA BARAT,GROGOL PETAMBURAN,JELAMBAR BARU,513,2,42,2,467,2,0,0,0,2,4,0,0,4,889,93,796,23,0,0,23,294,14,262,7,11,
3173041006,DKI JAKARTA,JAKARTA BARAT,TAMBORA,JEMBATAN BESI,633,1,26,1,605,1,0,0,0,1,6,0,0,6,593,34,559,13,0,0,13,299,3,284,8,4,
3173041008,DKI JAKARTA,JAKARTA BARAT,TAMBORA,JEMBATAN LIMA,284,0,19,0,265,0,0,0,0,0,1,0,0,1,281,20,261,6,0,0,6,181,4,169,4,4,
3173081005,DKI JAKARTA,JAKARTA BARAT,KEMBANGAN,JOGLO,719,5,49,4,661,1,0,0,0,1,5,0,0,5,1023,99,924,15,0,0,15,333,11,305,5,12,
3171081001,DKI JAKARTA,JAKARTA PUSAT,JOHAR BARU,JOHAR BARU,900,2,37,3,858,9,2,0,0,7,12,0,0,12,2322,132,2190,108,0,0,108,681,8,601,19,53,
3173041002,DKI JAKARTA,JAKARTA BARAT,TAMBORA,KALI ANYAR,486,5,27,0,454,2,0,0,0,2,4,0,0,4,424,14,410,14,0,0,14,238,6,216,8,8,
3172041004,DKI JAKARTA,JAKARTA UTARA,CILINCING,KALI BARU,758,9,65,5,679,0,0,0,0,0,5,0,0,5,821,42,779,49,0,0,49,381,1,361,9,10,
3174081002,DKI JAKARTA,JAKARTA SELATAN,PANCORAN,KALIBATA,826,5,55,4,762,7,0,0,0,7,13,0,0,13,1262,161,1101,15,0,0,15,447,8,399,9,31,
3173061001,DKI JAKARTA,JAKARTA BARAT,KALI DERES,KALIDERES,1599,6,99,4,1490,1,0,0,0,1,7,0,0,7,2851,176,2675,32,0,0,32,743,14,667,12,50,
3175051004,DKI JAKARTA,JAKARTA TIMUR,PASAR REBO,KALISARI,1311,2,82,0,1227,0,0,0,0,0,3,0,0,3,740,49,691,15,0,0,15,398,6,355,7,30,
3173061004,DKI JAKARTA,JAKARTA BARAT,KALI DERES,KAMAL,469,9,35,3,422,0,0,0,0,0,1,0,0,1,760,84,676,6,0,0,6,165,5,136,10,14,
3172011002,DKI JAKARTA,JAKARTA UTARA,PENJARINGAN,KAMAL MUARA,149,3,9,0,137,0,0,0,0,0,4,0,0,4,290,21,269,2,0,0,2,116,2,109,2,3,
3171071007,DKI JAKARTA,JAKARTA PUSAT,TANAH ABANG,KAMPUNG BALI,184,2,13,2,167,1,0,0,0,1,2,0,0,2,402,35,367,2,0,0,2,105,4,93,5,3,
3175031001,DKI JAKARTA,JAKARTA TIMUR,JATINEGARA,KAMPUNG MELAYU,368,3,32,5,328,2,0,0,0,2,7,0,0,7,483,46,437,9,0,0,9,326,3,310,6,7,
3171081002,DKI JAKARTA,JAKARTA PUSAT,JOHAR BARU,KAMPUNG RAWA,395,3,14,0,378,3,0,0,0,3,3,0,0,3,946,60,886,67,0,0,67,324,2,294,14,14,
3175041002,DKI JAKARTA,JAKARTA TIMUR,KRAMAT JATI,KAMPUNG TENGAH,750,4,49,1,696,7,3,0,0,4,9,0,0,9,1597,124,1473,54,0,0,54,405,6,369,13,17,
3173011005,DKI JAKARTA,JAKARTA BARAT,CENGKARENG,KAPUK,1253,15,110,16,1112,2,0,0,0,2,12,0,0,12,2112,144,1968,15,0,0,15,959,31,854,27,47,
3172011003,DKI JAKARTA,JAKARTA UTARA,PENJARINGAN,KAPUK MUARA,353,0,42,0,311,1,0,0,0,1,20,0,0,20,885,99,786,28,0,0,28,239,1,222,7,9,
3171021002,DKI JAKARTA,JAKARTA PUSAT,SAWAH BESAR,KARANG ANYAR,582,2,27,5,548,1,0,0,0,1,4,0,0,4,1097,58,1039,15,0,0,15,284,4,263,7,10,
3174021004,DKI JAKARTA,JAKARTA SELATAN,SETIA BUDI,KARET,171,0,9,0,162,0,0,0,0,0,11,0,0,11,470,32,438,4,0,0,4,143,0,138,1,4,
3174021003,DKI JAKARTA,JAKARTA SELATAN,SETIA BUDI,KARET KUNINGAN,415,1,50,1,363,0,0,0,0,0,23,0,0,23,634,130,504,4,0,0,4,312,4,285,7,16,
3174021002,DKI JAKARTA,JAKARTA SELATAN,SETIA BUDI,KARET SEMANGGI,90,0,8,1,81,0,0,0,0,0,3,0,0,3,114,14,100,2,0,0,2,40,2,31,2,5,
3171071003,DKI JAKARTA,JAKARTA PUSAT,TANAH ABANG,KARET TENGSIN,366,2,18,0,346,1,0,0,0,1,8,0,0,8,1007,43,964,3,0,0,3,246,4,222,9,11,
3171021003,DKI JAKARTA,JAKARTA PUSAT,SAWAH BESAR,KARTINI,409,2,23,1,383,1,0,0,0,1,0,0,0,0,856,63,793,18,0,0,18,286,9,263,5,9,
3175011003,DKI JAKARTA,JAKARTA TIMUR,MATRAMAN,KAYU MANIS,507,7,33,0,467,3,0,0,0,3,3,0,0,3,992,139,853,37,0,0,37,293,4,269,7,13,
3175021006,DKI JAKARTA,JAKARTA TIMUR,PULO GADUNG,KAYU PUTIH,681,4,45,4,628,1,0,0,1,0,18,0,0,18,1398,97,1301,67,0,0,67,446,6,414,12,14,
3173031006,DKI JAKARTA,JAKARTA BARAT,TAMAN SARI,KEAGUNGAN,366,1,24,0,341,0,0,0,0,0,4,0,0,4,597,32,565,11,0,0,11,218,5,210,2,1,
3174041007,DKI JAKARTA,JAKARTA SELATAN,PASAR MINGGU,KEBAGUSAN,849,6,68,1,774,3,0,0,0,3,5,0,0,5,1050,122,928,43,0,0,43,357,11,308,3,35,
3174051006,DKI JAKARTA,JAKARTA SELATAN,KEBAYORAN LAMA,KEBAYORAN LAMA SELATAN,857,8,91,0,758,6,1,0,0,5,2,0,0,2,969,61,908,16,0,0,16,389,6,354,8,21,
3174051001,DKI JAKARTA,JAKARTA SELATAN,KEBAYORAN LAMA,KEBAYORAN LAMA UTARA,625,9,38,1,577,1,0,0,0,1,15,0,0,15,711,61,650,6,0,0,6,333,4,301,6,22,
3174011004,DKI JAKARTA,JAKARTA SELATAN,TEBET,KEBON BARU,543,1,33,2,507,0,0,0,0,0,15,0,0,15,871,47,824,22,0,0,22,290,11,258,8,13,
3172021005,DKI JAKARTA,JAKARTA UTARA,TANJUNG PRIOK,KEBON BAWANG,964,8,71,1,884,0,0,0,0,0,16,0,0,16,1640,138,1502,107,0,0,107,528,6,488,4,30,
3173051001,DKI JAKARTA,JAKARTA BARAT,KEBON JERUK,KEBON JERUK,1200,5,94,6,1095,2,0,0,0,2,15,0,0,15,2718,328,2390,64,0,0,64,803,17,716,21,49,
3171071006,DKI JAKARTA,JAKARTA PUSAT,TANAH ABANG,KEBON KACANG,517,4,11,1,501,1,0,0,0,1,0,0,0,0,686,39,647,8,0,0,8,338,2,311,13,12,
3171011005,DKI JAKARTA,JAKARTA PUSAT,GAMBIR,KEBON KELAPA,200,2,20,1,177,3,0,0,0,3,4,0,0,4,391,38,353,3,0,0,3,117,4,102,1,10,
3171031002,DKI JAKARTA,JAKARTA PUSAT,KEMAYORAN,KEBON KOSONG,497,1,45,5,446,1,0,0,0,1,9,0,0,9,1192,474,718,36,0,0,36,317,3,288,7,19,
3175011005,DKI JAKARTA,JAKARTA TIMUR,MATRAMAN,KEBON MANGGIS,283,1,25,4,253,0,0,0,0,0,2,0,0,2,408,45,363,24,0,0,24,201,3,185,3,10,
3171071005,DKI JAKARTA,JAKARTA PUSAT,TANAH ABANG,KEBON MELATI,610,3,14,3,590,3,2,0,0,1,5,0,0,5,1130,43,1087,10,0,0,10,523,5,492,9,17,
3175081003,DKI JAKARTA,JAKARTA TIMUR,MAKASAR,KEBON PALA,475,3,27,1,444,1,0,0,0,1,6,0,0,6,1252,122,1130,19,0,0,19,479,10,419,11,39,
3171061005,DKI JAKARTA,JAKARTA PUSAT,MENTENG,KEBON SIRIH,220,1,20,2,197,0,0,0,0,0,4,0,0,4,373,23,350,21,0,0,21,164,3,153,2,6,
3173011004,DKI JAKARTA,JAKARTA BARAT,CENGKARENG,KEDAUNG KALI ANGKE,619,6,32,0,581,0,0,0,0,0,1,0,0,1,838,65,773,7,0,0,7,431,9,404,8,10,
3173051007,DKI JAKARTA,JAKARTA BARAT,KEBON JERUK,KEDOYA SELATAN,634,7,55,5,567,2,0,0,0,2,8,0,0,8,995,98,897,23,0,0,23,313,9,275,9,20,
3173051006,DKI JAKARTA,JAKARTA BARAT,KEBON JERUK,KEDOYA UTARA,665,9,56,2,598,1,0,0,0,1,15,0,0,15,1275,92,1183,22,0,0,22,420,3,385,9,23,
3173051004,DKI JAKARTA,JAKARTA BARAT,KEBON JERUK,KELAPA DUA,466,2,42,0,422,0,0,0,0,0,6,0,0,6,929,90,839,28,0,0,28,256,4,237,3,12,
3175091003,DKI JAKARTA,JAKARTA TIMUR,CIRACAS,KELAPA DUA WETAN,856,6,81,1,768,1,0,0,0,1,9,0,0,9,1405,41,1364,39,0,0,39,331,2,299,4,26,
3172061003,DKI JAKARTA,JAKARTA UTARA,KELAPA GADING,KELAPA GADING BARAT,1260,7,87,3,1163,2,0,0,0,2,50,0,1,49,1642,118,1524,274,0,0,274,543,10,509,7,17,
3172061001,DKI JAKARTA,JAKARTA UTARA,KELAPA GADING,KELAPA GADING TIMUR,991,7,67,2,915,3,0,0,0,3,24,0,0,24,1656,193,1463,150,0,0,150,462,10,409,10,33,
3173071005,DKI JAKARTA,JAKARTA BARAT,PALMERAH,KEMANGGISAN,858,6,54,6,792,0,0,0,0,0,9,0,0,9,1191,102,1089,55,0,0,55,439,21,389,11,18,
3171031001,DKI JAKARTA,JAKARTA PUSAT,KEMAYORAN,KEMAYORAN,516,2,29,3,482,2,0,0,0,2,3,0,0,3,945,94,851,27,0,0,27,410,17,376,10,7,
3173081006,DKI JAKARTA,JAKARTA BARAT,KEMBANGAN,KEMBANGAN SELATAN,460,2,23,1,434,0,0,0,0,0,8,0,0,8,937,125,812,54,0,0,54,272,4,254,6,8,
3173081001,DKI JAKARTA,JAKARTA BARAT,KEMBANGAN,KEMBANGAN UTARA,869,6,52,3,808,4,0,0,1,3,3,0,0,3,2092,142,1950,11,0,0,11,451,12,402,10,27,
3171041002,DKI JAKARTA,JAKARTA PUSAT,SENEN,KENARI,294,1,7,1,285,1,0,0,0,1,8,0,0,8,687,43,644,46,0,0,46,214,0,196,3,15,
3173041005,DKI JAKARTA,JAKARTA BARAT,TAMBORA,KERENDANG,324,2,8,2,312,1,0,0,0,1,0,0,0,0,289,17,272,9,0,0,9,175,2,158,8,7,
3175071003,DKI JAKARTA,JAKARTA TIMUR,DUREN SAWIT,KLENDER,806,1,33,2,770,4,0,0,0,4,5,0,0,5,1469,115,1354,40,0,0,40,651,17,573,19,42,
3172031001,DKI JAKARTA,JAKARTA UTARA,KOJA,KOJA,452,4,43,0,405,0,0,0,0,0,4,0,0,4,783,196,587,59,0,0,59,428,3,397,9,19,
3173071006,DKI JAKARTA,JAKARTA BARAT,PALMERAH,KOTA BAMBU SELATAN,631,0,18,5,608,0,0,0,0,0,1,0,0,1,1035,44,991,73,0,0,73,328,1,315,6,6,
3173071003,DKI JAKARTA,JAKARTA BARAT,PALMERAH,KOTA BAMBU UTARA,549,3,41,11,494,3,0,0,0,3,3,0,0,3,873,192,681,54,0,0,54,303,3,278,9,13,
3171041004,DKI JAKARTA,JAKARTA PUSAT,SENEN,KRAMAT,546,5,15,6,520,0,0,0,0,0,10,0,0,10,1184,74,1110,37,0,0,37,363,3,338,11,11,
3175041001,DKI JAKARTA,JAKARTA TIMUR,KRAMAT JATI,KRAMAT JATI,606,2,54,1,549,1,0,0,0,1,13,0,0,13,1287,138,1149,25,0,0,25,517,8,464,16,29,
3174071003,DKI JAKARTA,JAKARTA SELATAN,KEBAYORAN BARU,KRAMAT PELA,354,2,30,0,322,0,0,0,0,0,1,0,0,1,585,22,563,8,0,0,8,188,5,174,3,6,
3173031002,DKI JAKARTA,JAKARTA BARAT,TAMAN SARI,KRUKUT,380,2,24,6,348,2,0,0,0,2,4,0,0,4,574,28,546,13,0,0,13,242,2,228,4,8,
3174031005,DKI JAKARTA,JAKARTA SELATAN,MAMPANG PRAPATAN,KUNINGAN BARAT,190,0,13,1,176,1,0,0,0,1,0,0,0,0,596,33,563,5,0,0,5,200,2,165,2,31,
3174021008,DKI JAKARTA,JAKARTA SELATAN,SETIA BUDI,KUNINGAN TIMUR,418,2,172,1,243,1,0,0,0,1,20,0,0,20,339,63,276,9,0,0,9,192,3,163,2,24,
3171041005,DKI JAKARTA,JAKARTA PUSAT,SENEN,KWITANG,294,2,14,0,278,3,0,0,0,3,7,0,0,7,636,78,558,11,0,0,11,159,3,138,6,12,
3172031003,DKI JAKARTA,JAKARTA UTARA,KOJA,LAGOA,883,4,66,1,812,1,0,0,0,1,6,0,0,6,968,40,928,89,0,0,89,760,3,717,17,23,
3174061002,DKI JAKARTA,JAKARTA SELATAN,CILANDAK,LEBAK BULUS,667,7,93,2,565,3,0,0,0,3,27,0,0,27,1464,104,1360,22,0,0,22,563,9,516,12,26,
3174091004,DKI JAKARTA,JAKARTA SELATAN,JAGAKARSA,LENTENG AGUNG,1032,8,57,0,967,5,1,0,0,4,7,0,0,7,1139,122,1017,16,0,0,16,401,3,368,4,26,
LUAR DKI JAKARTA,LUAR DKI JAKARTA,LUAR DKI JAKARTA,LUAR DKI JAKARTA,LUAR DKI JAKARTA,62549,372,4855,98,57224,112,10,0,0,102,721,0,11,710,97398,10518,86880,3390,0,0,3390,9806,282,9057,144,323,
3175101007,DKI JAKARTA,JAKARTA TIMUR,CIPAYUNG,LUBANG BUAYA,1141,6,93,3,1039,6,3,0,0,3,10,0,0,10,1070,66,1004,35,0,0,35,546,9,505,3,29,
3175081001,DKI JAKARTA,JAKARTA TIMUR,MAKASAR,MAKASAR,507,3,22,1,481,1,1,0,0,0,8,0,0,8,1562,109,1453,25,0,0,25,450,12,391,8,39,
3175071006,DKI JAKARTA,JAKARTA TIMUR,DUREN SAWIT,MALAKA JAYA,427,1,21,2,403,1,0,0,0,1,2,0,0,2,846,47,799,17,0,0,17,324,10,294,4,16,
3175071005,DKI JAKARTA,JAKARTA TIMUR,DUREN SAWIT,MALAKA SARI,398,4,15,1,378,0,0,0,0,0,1,0,0,1,776,49,727,16,0,0,16,280,2,257,4,17,
3174031001,DKI JAKARTA,JAKARTA SELATAN,MAMPANG PRAPATAN,MAMPANG PRAPATAN,430,1,25,2,402,2,0,0,0,2,1,0,0,1,1325,93,1232,10,0,0,10,401,7,363,11,20,
3173031005,DKI JAKARTA,JAKARTA BARAT,TAMAN SARI,MANGGA BESAR,194,1,18,1,174,1,0,0,0,1,0,0,0,0,243,20,223,6,0,0,6,97,3,82,4,8,
3171021005,DKI JAKARTA,JAKARTA PUSAT,SAWAH BESAR,MANGGA DUA SELATAN,510,5,18,1,486,3,0,0,0,3,1,0,0,1,1002,61,941,20,0,0,20,298,5,279,8,6,
3174011007,DKI JAKARTA,JAKARTA SELATAN,TEBET,MANGGARAI,553,2,30,0,521,4,0,0,0,4,5,0,1,4,749,40,709,27,0,0,27,319,4,299,2,14,
3174011006,DKI JAKARTA,JAKARTA SELATAN,TEBET,MANGGARAI SELATAN,392,4,20,2,366,0,0,0,0,0,6,0,0,6,633,43,590,24,0,0,24,226,7,188,10,21,
3173031003,DKI JAKARTA,JAKARTA BARAT,TAMAN SARI,MAPHAR,308,3,17,1,287,0,0,0,0,0,6,0,0,6,488,26,462,41,0,0,41,242,3,231,3,5,
3172041003,DKI JAKARTA,JAKARTA UTARA,CILINCING,MARUNDA,408,14,28,0,366,5,1,0,0,4,0,0,0,0,426,21,405,19,0,0,19,167,1,143,1,22,
3174071001,DKI JAKARTA,JAKARTA SELATAN,KEBAYORAN BARU,MELAWAI,117,2,10,0,105,0,0,0,0,0,1,0,0,1,129,10,119,1,0,0,1,27,1,22,1,3,
3171061001,DKI JAKARTA,JAKARTA PUSAT,MENTENG,MENTENG,635,1,42,2,590,3,1,0,0,2,5,0,0,5,1126,125,1001,27,0,0,27,347,4,315,10,18,
3174021005,DKI JAKARTA,JAKARTA SELATAN,SETIA BUDI,MENTENG ATAS,541,3,40,3,495,2,0,0,0,2,55,0,0,55,1787,138,1649,41,0,0,41,393,3,373,9,8,
3174011003,DKI JAKARTA,JAKARTA SELATAN,TEBET,MENTENG DALAM,786,5,30,4,747,4,0,0,0,4,13,0,0,13,997,75,922,48,0,0,48,367,12,333,9,13,
3173081003,DKI JAKARTA,JAKARTA BARAT,KEMBANGAN,MERUYA SELATAN,611,2,43,1,565,1,0,0,0,1,5,0,0,5,1113,161,952,17,0,0,17,343,2,321,4,16,
3173081002,DKI JAKARTA,JAKARTA BARAT,KEMBANGAN,MERUYA UTARA,827,4,52,6,765,1,0,0,1,0,8,0,0,8,1352,151,1201,12,0,0,12,431,13,397,4,17,
3175101004,DKI JAKARTA,JAKARTA TIMUR,CIPAYUNG,MUNJUL,436,4,38,0,394,1,1,0,0,0,3,0,0,3,532,21,511,27,0,0,27,177,8,156,1,12,
3172051002,DKI JAKARTA,JAKARTA UTARA,PADEMANGAN,PADEMANGAN BARAT,2228,9,110,5,2104,5,0,0,0,5,21,0,3,18,2938,129,2809,38,0,0,38,911,7,852,24,28,
3172051001,DKI JAKARTA,JAKARTA UTARA,PADEMANGAN,PADEMANGAN TIMUR,965,3,150,3,809,2,0,0,0,2,39,0,6,33,1259,169,1090,27,0,0,27,370,5,349,6,10,
3175011004,DKI JAKARTA,JAKARTA TIMUR,MATRAMAN,PAL MERIAM,439,2,105,2,330,2,0,0,0,2,4,0,0,4,826,31,795,66,0,0,66,281,1,264,7,9,
3173071001,DKI JAKARTA,JAKARTA BARAT,PALMERAH,PALMERAH,1822,4,154,2,1662,0,0,0,0,0,3,0,1,2,2438,175,2263,89,0,0,89,771,29,678,27,37,
3174081001,DKI JAKARTA,JAKARTA SELATAN,PANCORAN,PANCORAN,575,1,40,0,534,1,0,0,0,1,9,0,0,9,812,68,744,7,0,0,7,326,7,303,5,11,
3172021003,DKI JAKARTA,JAKARTA UTARA,TANJUNG PRIOK,PAPANGGO,651,3,49,0,599,1,0,0,0,1,8,0,0,8,1078,71,1007,73,0,0,73,351,2,336,3,10,
3171021001,DKI JAKARTA,JAKARTA PUSAT,SAWAH BESAR,PASAR BARU,307,3,14,2,288,2,0,0,0,2,9,0,0,9,644,42,602,13,0,0,13,213,0,200,4,9,
3174021006,DKI JAKARTA,JAKARTA SELATAN,SETIA BUDI,PASAR MANGGIS,353,4,24,3,322,4,0,0,0,4,29,0,0,29,1177,61,1116,19,0,0,19,341,6,311,12,12,
3174041001,DKI JAKARTA,JAKARTA SELATAN,PASAR MINGGU,PASAR MINGGU,865,6,198,1,660,3,0,0,0,3,7,0,0,7,852,91,761,25,0,0,25,335,7,274,8,46,
3171041003,DKI JAKARTA,JAKARTA PUSAT,SENEN,PASEBAN,686,0,22,1,663,4,0,0,0,4,26,0,0,26,1401,101,1300,64,0,0,64,436,3,408,10,15,
3173061005,DKI JAKARTA,JAKARTA BARAT,KALI DERES,PEGADUNGAN,1033,5,60,7,961,1,0,0,0,1,10,0,0,10,1877,119,1758,20,0,0,20,425,5,387,10,23,
3171061002,DKI JAKARTA,JAKARTA PUSAT,MENTENG,PEGANGSAAN,499,3,34,2,460,3,0,0,0,3,4,0,0,4,1071,58,1013,54,0,0,54,428,6,400,6,16,
3172061002,DKI JAKARTA,JAKARTA UTARA,KELAPA GADING,PEGANGSAAN DUA,1179,7,64,1,1107,2,0,0,0,2,45,0,0,45,2304,133,2171,237,0,0,237,625,5,577,11,32,
3172011004,DKI JAKARTA,JAKARTA UTARA,PENJARINGAN,PEJAGALAN,805,8,46,2,749,3,0,0,0,3,11,0,0,11,1361,104,1257,36,0,0,36,469,2,438,7,22,
3174041006,DKI JAKARTA,JAKARTA SELATAN,PASAR MINGGU,PEJATEN BARAT,834,8,175,2,649,8,0,0,0,8,2,0,0,2,1133,190,943,76,0,0,76,418,9,361,6,42,
3174041005,DKI JAKARTA,JAKARTA SELATAN,PASAR MINGGU,PEJATEN TIMUR,758,4,84,1,669,4,0,0,0,4,3,0,0,3,1022,116,906,42,0,0,42,403,9,346,13,35,
3175051005,DKI JAKARTA,JAKARTA TIMUR,PASAR REBO,PEKAYON,1137,6,50,1,1080,2,0,0,0,2,3,0,0,3,548,43,505,15,0,0,15,325,3,303,6,13,
3173041009,DKI JAKARTA,JAKARTA BARAT,TAMBORA,PEKOJAN,402,1,24,2,375,0,0,0,0,0,3,0,0,3,353,18,335,18,0,0,18,175,1,162,5,7,
3174031003,DKI JAKARTA,JAKARTA SELATAN,MAMPANG PRAPATAN,PELA MAMPANG,560,5,25,2,528,4,0,0,0,4,15,0,0,15,1942,117,1825,6,0,0,6,529,15,468,8,38,
3174081005,DKI JAKARTA,JAKARTA SELATAN,PANCORAN,PENGADEGAN,325,3,28,2,292,0,0,0,0,0,9,0,0,9,697,80,617,12,0,0,12,167,5,149,1,12,
3175061003,DKI JAKARTA,JAKARTA TIMUR,CAKUNG,PENGGILINGAN,1178,8,170,1,999,3,0,0,0,3,12,0,1,11,2464,209,2255,87,0,0,87,828,20,745,14,49,
3172011001,DKI JAKARTA,JAKARTA UTARA,PENJARINGAN,PENJARINGAN,1600,10,101,4,1485,4,0,0,0,4,24,0,0,24,3513,143,3370,123,0,0,123,872,4,822,17,29,
3174101001,DKI JAKARTA,JAKARTA SELATAN,PESANGGRAHAN,PESANGGRAHAN,679,10,97,4,568,2,0,0,1,1,0,0,0,0,1281,155,1126,20,0,0,20,243,5,222,4,12,
3171071004,DKI JAKARTA,JAKARTA PUSAT,TANAH ABANG,PETAMBURAN,713,4,25,7,677,0,0,0,0,0,7,0,0,7,1191,132,1059,15,0,0,15,538,16,474,13,35,
3174071008,DKI JAKARTA,JAKARTA SELATAN,KEBAYORAN BARU,PETOGOGAN,365,2,46,0,317,0,0,0,0,0,3,0,0,3,378,25,353,3,0,0,3,155,2,143,0,10,
3171011004,DKI JAKARTA,JAKARTA PUSAT,GAMBIR,PETOJO SELATAN,432,3,128,1,300,0,0,0,0,0,28,0,0,28,925,49,876,17,0,0,17,335,7,295,9,24,
3171011003,DKI JAKARTA,JAKARTA PUSAT,GAMBIR,PETOJO UTARA,279,2,9,3,265,1,0,0,0,1,14,0,0,14,587,59,528,26,0,0,26,188,1,178,3,6,
3174101004,DKI JAKARTA,JAKARTA SELATAN,PESANGGRAHAN,PETUKANGAN SELATAN,688,9,63,2,614,1,0,0,0,1,2,0,0,2,1189,86,1103,11,0,0,11,308,1,289,5,13,
3174101003,DKI JAKARTA,JAKARTA SELATAN,PESANGGRAHAN,PETUKANGAN UTARA,763,5,51,4,703,6,0,0,0,6,6,0,0,6,2031,148,1883,12,0,0,12,448,6,413,2,27,
3175081002,DKI JAKARTA,JAKARTA TIMUR,MAKASAR,PINANG RANTI,358,1,13,1,343,3,2,0,0,1,2,0,0,2,905,43,862,31,0,0,31,255,9,223,6,17,
3173031008,DKI JAKARTA,JAKARTA BARAT,TAMAN SARI,PINANGSIA,201,3,15,1,182,0,0,0,0,0,2,0,0,2,305,14,291,4,0,0,4,137,0,135,0,2,
3175011001,DKI JAKARTA,JAKARTA TIMUR,MATRAMAN,PISANGAN BARU,500,3,40,3,454,2,0,0,0,2,5,0,0,5,787,62,725,35,0,0,35,305,7,263,11,24,
3175021002,DKI JAKARTA,JAKARTA TIMUR,PULO GADUNG,PISANGAN TIMUR,501,7,34,4,456,1,0,0,0,1,10,0,0,10,1522,87,1435,33,0,0,33,354,7,320,5,22,
3172011005,DKI JAKARTA,JAKARTA UTARA,PENJARINGAN,PLUIT,744,3,83,4,654,0,0,0,0,0,14,0,0,14,1732,153,1579,22,0,0,22,406,15,372,9,10,
3175071002,DKI JAKARTA,JAKARTA TIMUR,DUREN SAWIT,PONDOK BAMBU,1271,6,69,1,1195,6,0,0,0,6,3,0,0,3,1646,119,1527,42,0,0,42,621,8,561,13,39,
3175071004,DKI JAKARTA,JAKARTA TIMUR,DUREN SAWIT,PONDOK KELAPA,961,9,49,0,903,2,1,0,0,1,12,0,0,12,1736,142,1594,36,0,0,36,614,18,536,16,44,
3175071007,DKI JAKARTA,JAKARTA TIMUR,DUREN SAWIT,PONDOK KOPI,597,7,31,1,558,0,0,0,0,0,3,0,1,2,721,66,655,18,0,0,18,328,2,292,13,21,
3174061003,DKI JAKARTA,JAKARTA SELATAN,CILANDAK,PONDOK LABU,814,9,58,1,746,6,0,0,0,6,74,0,0,74,1529,69,1460,37,0,0,37,342,6,306,4,26,
3174051002,DKI JAKARTA,JAKARTA SELATAN,KEBAYORAN LAMA,PONDOK PINANG,987,7,109,4,867,0,0,0,0,0,45,0,0,45,1195,92,1103,12,0,0,12,521,12,462,12,35,
3175101003,DKI JAKARTA,JAKARTA TIMUR,CIPAYUNG,PONDOK RANGGON,408,6,43,3,356,1,0,0,0,1,3,0,0,3,676,55,621,23,0,0,23,267,3,244,1,19,
PROSES UPDATE DATA,PROSES UPDATE DATA,PROSES UPDATE DATA,PROSES UPDATE DATA,PROSES UPDATE DATA,19652,29,332,1696,17595,4156,0,0,4136,20,121,0,2,119,46733,1382,45351,561,0,1,560,28383,720,26809,508,346,
3101011003,DKI JAKARTA,KAB.ADM.KEP.SERIBU,KEP. SERIBU UTARA,PULAU HARAPAN,70,0,2,0,68,0,0,0,0,0,0,0,0,0,97,6,91,0,0,0,0,6,0,6,0,0,
3101011002,DKI JAKARTA,KAB.ADM.KEP.SERIBU,KEP. SERIBU UTARA,PULAU KELAPA,94,0,2,1,91,0,0,0,0,0,3,0,0,3,231,13,218,1,0,0,1,19,0,19,0,0,
3101011001,DKI JAKARTA,KAB.ADM.KEP.SERIBU,KEP. SERIBU UTARA,PULAU PANGGANG,216,0,16,1,199,0,0,0,0,0,0,0,0,0,198,15,183,4,0,0,4,30,0,30,0,0,
3101021003,DKI JAKARTA,KAB.ADM.KEP.SERIBU,KEP. SERIBU SELATAN,PULAU PARI,14,0,0,0,14,0,0,0,0,0,0,0,0,0,218,0,218,1,0,0,1,7,0,7,0,0,
3101021002,DKI JAKARTA,KAB.ADM.KEP.SERIBU,KEP. SERIBU SELATAN,PULAU TIDUNG,47,0,3,0,44,1,0,0,1,0,1,0,0,1,416,1,415,1,0,0,1,38,0,37,0,1,
3101021001,DKI JAKARTA,KAB.ADM.KEP.SERIBU,KEP. SERIBU SELATAN,PULAU UNTUNG JAWA,26,0,1,0,25,0,0,0,0,0,1,0,1,0,117,2,115,0,0,0,0,5,0,5,0,0,
3174071007,DKI JAKARTA,JAKARTA SELATAN,KEBAYORAN BARU,PULO,368,0,37,1,330,1,0,0,0,1,1,0,0,1,277,27,250,0,0,0,0,80,1,76,0,3,
3175021001,DKI JAKARTA,JAKARTA TIMUR,PULO GADUNG,PULO GADUNG,604,6,41,2,555,0,0,0,0,0,12,0,0,12,1178,75,1103,49,0,0,49,346,1,321,9,15,
3175061005,DKI JAKARTA,JAKARTA TIMUR,CAKUNG,PULO GEBANG,1008,8,153,2,845,1,0,0,0,1,9,0,0,9,2161,386,1775,79,0,0,79,650,11,584,12,43,
3174041004,DKI JAKARTA,JAKARTA SELATAN,PASAR MINGGU,RAGUNAN,1315,6,190,2,1117,1,0,0,0,1,2,0,0,2,1043,85,958,25,0,0,25,379,11,332,8,28,
3175091005,DKI JAKARTA,JAKARTA TIMUR,CIRACAS,RAMBUTAN,719,12,68,1,638,2,0,0,0,2,12,0,0,12,943,37,906,30,0,0,30,322,4,286,5,27,
3172031006,DKI JAKARTA,JAKARTA UTARA,KOJA,RAWA BADAK SELATAN,711,9,65,2,635,3,1,0,0,2,2,0,0,2,782,72,710,65,0,0,65,449,5,401,5,38,
3172031004,DKI JAKARTA,JAKARTA UTARA,KOJA,RAWA BADAK UTARA,721,4,129,1,587,0,0,0,0,0,2,0,0,2,718,50,668,101,0,0,101,341,2,313,4,22,
3174071005,DKI JAKARTA,JAKARTA SELATAN,KEBAYORAN BARU,RAWA BARAT,180,3,20,2,155,0,0,0,0,0,2,0,0,2,220,5,215,0,0,0,0,77,5,62,1,9,
3173011003,DKI JAKARTA,JAKARTA BARAT,CENGKARENG,RAWA BUAYA,627,6,33,2,586,1,0,0,0,1,6,0,0,6,1227,92,1135,8,0,0,8,474,8,437,14,15,
3175031004,DKI JAKARTA,JAKARTA TIMUR,JATINEGARA,RAWA BUNGA,229,1,12,1,215,0,0,0,0,0,2,0,0,2,407,45,362,19,0,0,19,192,4,176,4,8,
3174081003,DKI JAKARTA,JAKARTA SELATAN,PANCORAN,RAWA JATI,451,3,40,0,408,2,0,0,0,2,12,0,0,12,832,68,764,8,0,0,8,183,2,162,1,18,
3175061002,DKI JAKARTA,JAKARTA TIMUR,CAKUNG,RAWA TERATE,220,0,16,0,204,0,0,0,0,0,2,0,0,2,556,78,478,12,0,0,12,236,2,218,1,15,
3175021005,DKI JAKARTA,JAKARTA TIMUR,PULO GADUNG,RAWAMANGUN,607,6,120,0,481,1,0,0,0,1,11,0,0,11,1260,108,1152,43,0,0,43,413,7,373,9,24,
3171051003,DKI JAKARTA,JAKARTA PUSAT,CEMPAKA PUTIH,RAWASARI,1072,2,133,2,935,8,1,0,1,6,10,0,0,10,1766,134,1632,40,0,0,40,526,8,491,8,19,
3173041010,DKI JAKARTA,JAKARTA BARAT,TAMBORA,ROA MALAKA,53,0,4,0,49,1,0,0,0,1,0,0,0,0,84,17,67,2,0,0,2,20,0,20,0,0,
3172041006,DKI JAKARTA,JAKARTA UTARA,CILINCING,ROROTAN,630,4,87,2,537,0,0,0,0,0,5,0,0,5,784,59,725,86,0,0,86,282,2,235,2,43,
3174071004,DKI JAKARTA,JAKARTA SELATAN,KEBAYORAN BARU,SELONG,134,1,20,0,113,0,0,0,0,0,3,0,0,3,181,16,165,3,0,0,3,39,1,32,1,5,
3173061002,DKI JAKARTA,JAKARTA BARAT,KALI DERES,SEMANAN,839,9,47,3,780,1,0,0,0,1,3,0,0,3,1498,107,1391,9,0,0,9,369,3,342,5,19,
3172041007,DKI JAKARTA,JAKARTA UTARA,CILINCING,SEMPER BARAT,1177,17,124,1,1035,3,0,0,0,3,12,0,0,12,1496,68,1428,131,0,0,131,638,6,575,11,46,
3172041005,DKI JAKARTA,JAKARTA UTARA,CILINCING,SEMPER TIMUR,637,11,53,1,572,1,0,0,0,1,5,0,0,5,887,39,848,61,0,0,61,318,2,303,6,7,
3174071006,DKI JAKARTA,JAKARTA SELATAN,KEBAYORAN BARU,SENAYAN,625,1,84,0,540,0,0,0,0,0,10,0,0,10,848,80,768,0,0,0,0,236,0,227,0,9,
3171041001,DKI JAKARTA,JAKARTA PUSAT,SENEN,SENEN,261,0,15,0,246,2,1,0,0,1,9,0,0,9,987,144,843,26,0,0,26,185,1,169,4,11,
3171031004,DKI JAKARTA,JAKARTA PUSAT,KEMAYORAN,SERDANG,647,5,57,2,583,0,0,0,0,0,5,0,0,5,997,80,917,33,0,0,33,375,3,348,10,14,
3174021001,DKI JAKARTA,JAKARTA SELATAN,SETIA BUDI,SETIA BUDI,141,1,8,0,132,0,0,0,0,0,4,0,0,4,427,23,404,6,0,0,6,69,3,59,1,6,
3175101005,DKI JAKARTA,JAKARTA TIMUR,CIPAYUNG,SETU,350,3,18,0,329,3,1,0,0,2,2,0,0,2,625,36,589,14,0,0,14,187,11,162,2,12,
3173071002,DKI JAKARTA,JAKARTA BARAT,PALMERAH,SLIPI,753,3,69,2,679,1,0,0,0,1,2,0,0,2,1294,83,1211,47,0,0,47,408,10,370,4,24,
3173081004,DKI JAKARTA,JAKARTA BARAT,KEMBANGAN,SRENGSENG,837,3,48,3,783,1,0,0,0,1,7,0,1,6,1770,162,1608,27,0,0,27,464,7,423,5,29,
3174091002,DKI JAKARTA,JAKARTA SELATAN,JAGAKARSA,SRENGSENG SAWAH,1124,4,69,0,1051,8,0,0,0,8,11,0,0,11,1357,81,1276,30,0,0,30,355,6,283,9,57,
3173051003,DKI JAKARTA,JAKARTA BARAT,KEBON JERUK,SUKABUMI SELATAN,476,2,39,4,431,1,0,0,0,1,1,0,0,1,938,72,866,25,0,0,25,298,3,270,7,18,
3173051002,DKI JAKARTA,JAKARTA BARAT,KEBON JERUK,SUKABUMI UTARA,608,1,49,3,555,1,0,0,0,1,21,0,0,21,1110,84,1026,49,0,0,49,389,9,348,11,21,
3172041002,DKI JAKARTA,JAKARTA UTARA,CILINCING,SUKAPURA,882,8,88,2,784,0,0,0,0,0,6,0,0,6,1347,181,1166,117,0,0,117,502,5,443,9,45,
3171031007,DKI JAKARTA,JAKARTA PUSAT,KEMAYORAN,SUMUR BATU,598,5,84,1,508,2,0,0,0,2,7,0,1,6,799,86,713,33,0,0,33,290,4,267,4,15,
3172021004,DKI JAKARTA,JAKARTA UTARA,TANJUNG PRIOK,SUNGAI BAMBU,568,2,49,0,517,0,0,0,0,0,7,0,0,7,851,63,788,52,0,0,52,292,2,264,6,20,
3172021006,DKI JAKARTA,JAKARTA UTARA,TANJUNG PRIOK,SUNTER AGUNG,1583,8,131,1,1443,5,0,0,0,5,24,0,1,23,2664,219,2445,115,0,0,115,842,14,779,22,27,
3172021002,DKI JAKARTA,JAKARTA UTARA,TANJUNG PRIOK,SUNTER JAYA,1270,5,98,6,1161,1,0,0,0,1,11,0,0,11,2282,217,2065,201,0,0,201,778,12,708,19,39,
3175091004,DKI JAKARTA,JAKARTA TIMUR,CIRACAS,SUSUKAN,767,1,73,1,692,0,0,0,0,0,18,0,0,18,1607,32,1575,73,0,0,73,265,0,241,8,16,
3173031001,DKI JAKARTA,JAKARTA BARAT,TAMAN SARI,TAMAN SARI,357,3,22,0,332,2,0,0,0,2,1,0,0,1,588,90,498,17,0,0,17,239,3,221,5,10,
3173041001,DKI JAKARTA,JAKARTA BARAT,TAMBORA,TAMBORA,273,3,16,3,251,1,0,0,0,1,2,0,0,2,371,16,355,4,0,0,4,133,2,123,3,5,
3173041004,DKI JAKARTA,JAKARTA BARAT,TAMBORA,TANAH SEREAL,392,1,18,2,371,1,0,0,0,1,4,0,0,4,379,29,350,6,0,0,6,216,0,197,7,12,
3171081004,DKI JAKARTA,JAKARTA PUSAT,JOHAR BARU,TANAH TINGGI,609,2,27,3,577,5,0,0,0,5,7,0,0,7,1313,43,1270,38,0,0,38,463,3,428,16,16,
3173031004,DKI JAKARTA,JAKARTA BARAT,TAMAN SARI,TANGKI,305,1,14,1,289,2,0,0,0,2,5,0,0,5,407,38,369,4,0,0,4,176,2,157,1,16,
3174091005,DKI JAKARTA,JAKARTA SELATAN,JAGAKARSA,TANJUNG BARAT,884,3,52,1,828,1,0,0,0,1,2,0,0,2,846,78,768,13,0,0,13,370,5,334,7,24,
3173021005,DKI JAKARTA,JAKARTA BARAT,GROGOL PETAMBURAN,TANJUNG DUREN SELATAN,589,1,59,1,528,0,0,0,0,0,19,0,0,19,935,88,847,25,0,0,25,413,10,373,12,18,
3173021002,DKI JAKARTA,JAKARTA BARAT,GROGOL PETAMBURAN,TANJUNG DUREN UTARA,380,0,24,0,356,2,0,0,0,2,21,0,0,21,803,66,737,21,0,0,21,229,4,211,9,5,
3172021001,DKI JAKARTA,JAKARTA UTARA,TANJUNG PRIOK,TANJUNG PRIOK,715,3,56,6,650,2,1,0,0,1,13,0,0,13,1023,81,942,76,0,0,76,468,1,443,12,12,
3174011002,DKI JAKARTA,JAKARTA SELATAN,TEBET,TEBET BARAT,976,6,318,0,652,2,0,0,0,2,8,0,0,8,856,53,803,25,0,0,25,533,17,444,8,64,
3174011001,DKI JAKARTA,JAKARTA SELATAN,TEBET,TEBET TIMUR,537,2,31,2,502,0,0,0,0,0,7,0,0,7,765,96,669,36,0,0,36,282,5,259,5,13,
3173061003,DKI JAKARTA,JAKARTA BARAT,KALI DERES,TEGAL ALUR,1016,14,80,6,916,0,0,0,0,0,7,0,0,7,1693,151,1542,13,0,0,13,410,8,356,10,36,
3174031004,DKI JAKARTA,JAKARTA SELATAN,MAMPANG PRAPATAN,TEGAL PARANG,447,6,17,3,421,5,0,0,1,4,4,0,0,4,1325,124,1201,12,0,0,12,412,6,372,7,27,
3173021003,DKI JAKARTA,JAKARTA BARAT,GROGOL PETAMBURAN,TOMANG,611,0,37,2,572,0,0,0,0,0,23,0,0,23,1089,152,937,87,0,0,87,406,10,360,8,28,
3172031005,DKI JAKARTA,JAKARTA UTARA,KOJA,TUGU SELATAN,643,2,73,1,567,0,0,0,0,0,2,0,0,2,734,167,567,99,0,0,99,412,3,375,8,26,
3172031002,DKI JAKARTA,JAKARTA UTARA,KOJA,TUGU UTARA,1255,16,94,0,1145,3,0,0,0,3,10,0,1,9,1179,68,1111,125,0,0,125,579,6,521,18,34,
3175061006,DKI JAKARTA,JAKARTA TIMUR,CAKUNG,UJUNG MENTENG,269,2,31,2,234,1,0,0,0,1,1,0,0,1,684,93,591,34,0,0,34,217,3,180,3,31,
3174101005,DKI JAKARTA,JAKARTA SELATAN,PESANGGRAHAN,ULUJAMI,743,3,54,2,684,0,0,0,0,0,0,0,0,0,1518,91,1427,26,0,0,26,365,3,321,10,31,
3175011006,DKI JAKARTA,JAKARTA TIMUR,MATRAMAN,UTAN KAYU SELATAN,680,11,57,8,604,2,0,0,0,2,8,0,0,8,1300,190,1110,98,0,0,98,389,6,357,9,17,
3175011002,DKI JAKARTA,JAKARTA TIMUR,MATRAMAN,UTAN KAYU UTARA,673,5,150,0,518,4,2,0,0,2,6,0,0,6,1085,199,886,49,0,0,49,331,6,286,14,25,
3171031008,DKI JAKARTA,JAKARTA PUSAT,KEMAYORAN,UTAN PANJANG,521,1,29,2,489,0,0,0,0,0,4,0,0,4,749,32,717,30,0,0,30,348,1,330,9,8,
3172021007,DKI JAKARTA,JAKARTA UTARA,TANJUNG PRIOK,WARAKAS,806,4,52,2,748,0,0,0,0,0,12,0,1,11,1232,106,1126,70,0,0,70,460,6,428,8,18,
3173021007,DKI JAKARTA,JAKARTA BARAT,GROGOL PETAMBURAN,WIJAYA KUSUMA,538,5,36,2,495,1,0,0,0,1,7,0,0,7,1065,60,1005,24,0,0,24,363,10,330,9,14,
