id_kel,nama_provinsi,nama_kota,nama_kecamatan,nama_kelurahan,suspek,perawatan_rs,isolasi_di_rumah,suspek_meninggal,selesai_isolasi,probable,perawatan_rs,isolasi_di_rumah,probable_meninggal,selesai_isolasi,pelaku_perjalanan,perawatan_rs,isolasi_di_rumah,selesai_isolasi,kontak_erat,isolasi_di_rumah,selesai_isolasi,discarded,isolasi_di_rumah,meninggal,selesai_isolasi,positif,dirawat,sembuh,meninggal,self_isolation,keterangan
3172051003,DKI JAKARTA,JAKARTA UTARA,PADEMANGAN,ANCOL,507,3,24,0,480,4,0,0,0,4,10,0,0,10,697,35,662,10,0,0,10,335,3,302,4,26,
3173041007,DKI JAKARTA,JAKARTA BARAT,TAMBORA,ANGKE,435,3,24,2,406,1,0,0,1,0,0,0,0,0,507,21,486,26,0,0,26,193,1,172,4,16,
3175041005,DKI JAKARTA,JAKARTA TIMUR,KRAMAT JATI,BALE KAMBANG,310,6,25,1,278,4,3,0,0,1,5,0,0,5,575,38,537,23,0,0,23,184,9,157,3,15,
3175031003,DKI JAKARTA,JAKARTA TIMUR,JATINEGARA,BALI MESTER,108,4,4,1,99,1,0,0,0,1,0,0,0,0,203,50,153,6,0,0,6,168,5,43,2,118,
3175101006,DKI JAKARTA,JAKARTA TIMUR,CIPAYUNG,BAMBU APUS,447,7,35,1,404,0,0,0,0,0,4,0,0,4,685,45,640,17,0,0,17,177,7,151,3,16,
3174031002,DKI JAKARTA,JAKARTA SELATAN,MAMPANG PRAPATAN,BANGKA,321,5,25,2,289,5,0,0,1,4,18,0,0,18,711,28,683,8,0,0,8,191,3,174,2,12,
3175051002,DKI JAKARTA,JAKARTA TIMUR,PASAR REBO,BARU,436,4,29,1,402,0,0,0,0,0,5,0,0,5,418,6,412,18,0,0,18,206,7,186,0,13,
3175041004,DKI JAKARTA,JAKARTA TIMUR,KRAMAT JATI,BATU AMPAR,553,7,43,1,502,3,0,0,0,3,3,0,0,3,1159,73,1086,26,0,0,26,280,4,257,5,14,
3171071002,DKI JAKARTA,JAKARTA PUSAT,TANAH ABANG,BENDUNGAN HILIR,470,1,20,0,449,2,0,0,0,2,4,0,0,4,859,33,826,10,0,0,10,265,1,235,8,21,
3175031002,DKI JAKARTA,JAKARTA TIMUR,JATINEGARA,BIDARA CINA,403,6,16,3,378,1,0,0,0,1,8,0,0,8,618,31,587,37,0,0,37,296,4,264,10,18,
3174101002,DKI JAKARTA,JAKARTA SELATAN,PESANGGRAHAN,BINTARO,783,9,38,2,734,5,1,0,0,4,9,0,0,9,1554,50,1504,26,0,0,26,367,16,311,9,31,
3174011005,DKI JAKARTA,JAKARTA SELATAN,TEBET,BUKIT DURI,420,4,18,3,395,2,0,0,0,2,14,0,1,13,645,52,593,13,0,0,13,243,4,222,8,9,
3171041006,DKI JAKARTA,JAKARTA PUSAT,SENEN,BUNGUR,259,4,12,2,241,1,0,0,0,1,13,0,0,13,627,31,596,16,0,0,16,199,2,175,4,18,
3175061007,DKI JAKARTA,JAKARTA TIMUR,CAKUNG,CAKUNG BARAT,380,6,26,1,347,3,1,0,0,2,0,0,0,0,768,59,709,47,0,0,47,335,6,268,5,56,
3175061004,DKI JAKARTA,JAKARTA TIMUR,CAKUNG,CAKUNG TIMUR,453,4,46,2,401,3,0,0,1,2,6,0,0,6,880,60,820,45,0,0,45,306,4,273,8,21,
3175041007,DKI JAKARTA,JAKARTA TIMUR,KRAMAT JATI,CAWANG,377,3,34,0,340,1,0,0,0,1,6,0,0,6,1033,48,985,21,0,0,21,342,9,307,6,20,
3175101008,DKI JAKARTA,JAKARTA TIMUR,CIPAYUNG,CEGER,261,2,13,0,246,0,0,0,0,0,1,0,0,1,451,25,426,9,0,0,9,139,7,111,3,18,
3171031006,DKI JAKARTA,JAKARTA PUSAT,KEMAYORAN,CEMPAKA BARU,694,7,26,2,659,1,0,0,0,1,7,0,0,7,1100,48,1052,35,0,0,35,454,2,413,17,22,
3171051002,DKI JAKARTA,JAKARTA PUSAT,CEMPAKA PUTIH,CEMPAKA PUTIH BARAT,941,6,18,2,915,7,3,0,0,4,21,0,1,20,2092,83,2009,51,0,0,51,693,6,655,15,17,
3171051001,DKI JAKARTA,JAKARTA PUSAT,CEMPAKA PUTIH,CEMPAKA PUTIH TIMUR,669,7,25,1,636,1,0,0,0,1,12,0,0,12,1488,36,1452,58,0,0,58,366,3,348,6,9,
3173011001,DKI JAKARTA,JAKARTA BARAT,CENGKARENG,CENGKARENG BARAT,787,13,45,1,728,0,0,0,0,0,6,0,0,6,1415,52,1363,13,0,0,13,491,21,415,9,46,
3173011006,DKI JAKARTA,JAKARTA BARAT,CENGKARENG,CENGKARENG TIMUR,966,9,51,7,899,2,0,0,0,2,4,0,0,4,1931,109,1822,18,0,0,18,702,3,620,17,62,
3175091002,DKI JAKARTA,JAKARTA TIMUR,CIRACAS,CIBUBUR,947,4,43,4,896,1,0,0,0,1,30,0,0,30,1992,34,1958,92,0,0,92,362,7,322,7,26,
3171011002,DKI JAKARTA,JAKARTA PUSAT,GAMBIR,CIDENG,316,1,12,2,301,0,0,0,0,0,10,0,0,10,642,16,626,13,0,0,13,201,2,184,7,8,
3174091003,DKI JAKARTA,JAKARTA SELATAN,JAGAKARSA,CIGANJUR,748,8,47,1,692,2,0,0,0,2,12,0,0,12,827,84,743,14,0,0,14,215,9,184,4,18,
3175051003,DKI JAKARTA,JAKARTA TIMUR,PASAR REBO,CIJANTUNG,856,7,37,3,809,0,0,0,0,0,4,0,1,3,588,20,568,10,0,0,10,322,5,287,9,21,
3171061003,DKI JAKARTA,JAKARTA PUSAT,MENTENG,CIKINI,166,4,6,0,156,0,0,0,0,0,2,0,0,2,227,9,218,11,0,0,11,71,1,63,3,4,
3174081006,DKI JAKARTA,JAKARTA SELATAN,PANCORAN,CIKOKO,195,1,2,0,192,1,0,0,0,1,10,0,0,10,284,0,284,1,0,0,1,73,5,62,3,3,
3174061001,DKI JAKARTA,JAKARTA SELATAN,CILANDAK,CILANDAK BARAT,1336,15,197,5,1119,1,0,0,0,1,97,0,0,97,1714,119,1595,42,0,0,42,418,12,370,7,29,
3174041003,DKI JAKARTA,JAKARTA SELATAN,PASAR MINGGU,CILANDAK TIMUR,534,3,33,1,497,5,0,0,0,5,17,0,0,17,508,26,482,86,0,0,86,269,3,249,8,9,
3175101002,DKI JAKARTA,JAKARTA TIMUR,CIPAYUNG,CILANGKAP,381,3,13,1,364,1,0,0,0,1,3,0,0,3,674,29,645,21,0,0,21,190,2,172,2,14,
3175041006,DKI JAKARTA,JAKARTA TIMUR,KRAMAT JATI,CILILITAN,350,4,17,1,328,0,0,0,0,0,6,0,0,6,933,61,872,48,0,0,48,334,12,287,8,27,
3172041001,DKI JAKARTA,JAKARTA UTARA,CILINCING,CILINCING,650,8,27,1,614,1,1,0,0,0,6,0,0,6,1183,22,1161,103,0,0,103,418,3,387,11,17,
3175101001,DKI JAKARTA,JAKARTA TIMUR,CIPAYUNG,CIPAYUNG,561,7,19,2,533,3,0,0,1,2,7,0,0,7,736,36,700,33,0,0,33,228,2,213,3,10,
3174091006,DKI JAKARTA,JAKARTA SELATAN,JAGAKARSA,CIPEDAK,619,2,34,0,583,4,2,0,0,2,1,0,0,1,878,51,827,8,0,0,8,274,1,253,3,17,
3174061005,DKI JAKARTA,JAKARTA SELATAN,CILANDAK,CIPETE SELATAN,345,6,31,1,307,2,0,0,0,2,46,0,0,46,601,55,546,6,0,0,6,154,5,127,7,15,
3174071010,DKI JAKARTA,JAKARTA SELATAN,KEBAYORAN BARU,CIPETE UTARA,734,6,99,3,626,0,0,0,0,0,9,0,0,9,643,58,585,6,0,0,6,190,5,164,4,17,
3175021003,DKI JAKARTA,JAKARTA TIMUR,PULO GADUNG,CIPINANG,359,7,17,2,333,1,0,0,0,1,3,0,0,3,1002,51,951,40,0,0,40,372,14,331,12,15,
3175031007,DKI JAKARTA,JAKARTA TIMUR,JATINEGARA,CIPINANG BESAR SELATAN,309,5,9,2,293,2,0,0,0,2,2,0,0,2,655,35,620,18,0,0,18,243,4,228,2,9,
3175031008,DKI JAKARTA,JAKARTA TIMUR,JATINEGARA,CIPINANG BESAR UTARA,482,5,22,0,455,2,0,0,0,2,3,0,0,3,1015,103,912,21,0,0,21,387,6,345,7,29,
3175031005,DKI JAKARTA,JAKARTA TIMUR,JATINEGARA,CIPINANG CEMPEDAK,282,4,14,2,262,0,0,0,0,0,6,0,0,6,570,25,545,21,0,0,21,221,11,197,5,8,
3175081005,DKI JAKARTA,JAKARTA TIMUR,MAKASAR,CIPINANG MELAYU,413,3,24,2,384,3,0,0,0,3,5,0,0,5,799,18,781,20,0,0,20,296,4,272,7,13,
3175031006,DKI JAKARTA,JAKARTA TIMUR,JATINEGARA,CIPINANG MUARA,484,5,13,1,465,5,0,0,0,5,9,0,0,9,1030,36,994,32,0,0,32,434,8,384,6,36,
3174051003,DKI JAKARTA,JAKARTA SELATAN,KEBAYORAN LAMA,CIPULIR,384,7,24,4,349,6,0,0,0,6,6,0,0,6,576,23,553,8,0,0,8,263,4,242,4,13,
3175091001,DKI JAKARTA,JAKARTA TIMUR,CIRACAS,CIRACAS,1044,5,74,9,956,3,0,0,0,3,23,0,0,23,1742,24,1718,45,0,0,45,509,10,459,16,24,
3175041003,DKI JAKARTA,JAKARTA TIMUR,KRAMAT JATI,DUKUH,328,3,19,1,305,0,0,0,0,0,1,0,0,1,765,54,711,14,0,0,14,200,4,181,4,11,
3175071001,DKI JAKARTA,JAKARTA TIMUR,DUREN SAWIT,DUREN SAWIT,940,9,26,3,902,18,0,0,0,18,4,0,0,4,1246,53,1193,37,0,0,37,620,11,561,14,34,
3174081004,DKI JAKARTA,JAKARTA SELATAN,PANCORAN,DUREN TIGA,473,12,13,0,448,2,0,0,0,2,6,0,0,6,673,8,665,3,0,0,3,221,10,199,1,11,
3173051005,DKI JAKARTA,JAKARTA BARAT,KEBON JERUK,DURI KEPA,616,11,44,2,559,3,0,0,0,3,12,0,0,12,1391,43,1348,74,0,0,74,440,12,400,13,15,
3173011002,DKI JAKARTA,JAKARTA BARAT,CENGKARENG,DURI KOSAMBI,689,14,51,3,621,1,1,0,0,0,4,0,0,4,1214,62,1152,11,0,0,11,490,7,433,8,42,
3171011006,DKI JAKARTA,JAKARTA PUSAT,GAMBIR,DURI PULO,218,3,15,3,197,0,0,0,0,0,1,0,0,1,539,32,507,7,0,0,7,192,1,175,7,9,
3173041011,DKI JAKARTA,JAKARTA BARAT,TAMBORA,DURI SELATAN,194,5,7,1,181,0,0,0,0,0,2,0,0,2,193,22,171,4,0,0,4,88,1,77,3,7,
3173041003,DKI JAKARTA,JAKARTA BARAT,TAMBORA,DURI UTARA,230,3,10,2,215,1,0,0,0,1,2,0,0,2,251,12,239,5,0,0,5,149,2,138,4,5,
3171081003,DKI JAKARTA,JAKARTA PUSAT,JOHAR BARU,GALUR,241,0,12,0,229,4,1,0,0,3,3,0,0,3,566,17,549,46,0,0,46,216,1,203,10,2,
3171011001,DKI JAKARTA,JAKARTA PUSAT,GAMBIR,GAMBIR,113,0,3,0,110,1,0,0,0,1,17,0,0,17,436,9,427,6,0,0,6,190,1,178,1,10,
3174061004,DKI JAKARTA,JAKARTA SELATAN,CILANDAK,GANDARIA SELATAN,247,2,12,0,233,2,0,0,0,2,20,0,0,20,750,29,721,4,0,0,4,171,0,159,5,7,
3174071009,DKI JAKARTA,JAKARTA SELATAN,KEBAYORAN BARU,GANDARIA UTARA,720,9,46,2,663,0,0,0,0,0,3,0,0,3,729,36,693,6,0,0,6,240,6,210,5,19,
3175051001,DKI JAKARTA,JAKARTA TIMUR,PASAR REBO,GEDONG,814,4,29,0,781,0,0,0,0,0,4,0,0,4,504,48,456,25,0,0,25,286,6,247,4,29,
3171071001,DKI JAKARTA,JAKARTA PUSAT,TANAH ABANG,GELORA,81,0,4,1,76,0,0,0,0,0,5,0,0,5,233,5,228,0,0,0,0,114,0,107,2,5,
3173031007,DKI JAKARTA,JAKARTA BARAT,TAMAN SARI,GLODOK,119,2,1,0,116,0,0,0,0,0,1,0,0,1,187,12,175,1,0,0,1,43,0,40,2,1,
3171061004,DKI JAKARTA,JAKARTA PUSAT,MENTENG,GONDANGDIA,77,1,5,1,70,0,0,0,0,0,13,0,0,13,155,5,150,7,0,0,7,61,3,52,3,3,
3173021001,DKI JAKARTA,JAKARTA BARAT,GROGOL PETAMBURAN,GROGOL,542,0,19,4,519,1,0,0,0,1,45,0,0,45,1054,39,1015,36,0,0,36,269,1,256,2,10,
3174051005,DKI JAKARTA,JAKARTA SELATAN,KEBAYORAN LAMA,GROGOL SELATAN,447,5,27,5,410,0,0,0,0,0,12,0,0,12,665,28,637,13,0,0,13,301,4,250,7,40,
3174051004,DKI JAKARTA,JAKARTA SELATAN,KEBAYORAN LAMA,GROGOL UTARA,476,6,22,4,444,0,0,0,0,0,24,0,0,24,675,25,650,17,0,0,17,366,4,308,12,42,
3174021007,DKI JAKARTA,JAKARTA SELATAN,SETIA BUDI,GUNTUR,67,2,2,0,63,0,0,0,0,0,1,0,0,1,219,12,207,1,0,0,1,62,2,52,1,7,
3174071002,DKI JAKARTA,JAKARTA SELATAN,KEBAYORAN BARU,GUNUNG,313,0,18,3,292,0,0,0,0,0,7,0,0,7,400,11,389,0,0,0,0,131,2,123,3,3,
3171031005,DKI JAKARTA,JAKARTA PUSAT,KEMAYORAN,GUNUNG SAHARI SELATAN,338,0,12,1,325,0,0,0,0,0,5,0,0,5,582,28,554,1,0,0,1,205,1,190,7,7,
3171021004,DKI JAKARTA,JAKARTA PUSAT,SAWAH BESAR,GUNUNG SAHARI UTARA,299,3,7,1,288,2,1,0,0,1,7,0,0,7,590,12,578,11,0,0,11,182,0,170,10,2,
3175081004,DKI JAKARTA,JAKARTA TIMUR,MAKASAR,HALIM PERDANA KUSUMAH,277,3,10,2,262,0,0,0,0,0,6,0,0,6,609,30,579,9,0,0,9,467,16,436,6,9,
3171031003,DKI JAKARTA,JAKARTA PUSAT,KEMAYORAN,HARAPAN MULIA,391,1,16,3,371,1,0,0,0,1,6,0,0,6,614,23,591,33,0,0,33,280,3,260,9,8,
3174091001,DKI JAKARTA,JAKARTA SELATAN,JAGAKARSA,JAGAKARSA,1107,9,29,2,1067,8,0,0,0,8,8,0,0,8,1288,87,1201,20,0,0,20,430,3,408,6,13,
3175021007,DKI JAKARTA,JAKARTA TIMUR,PULO GADUNG,JATI,393,3,9,1,380,0,0,0,0,0,9,0,0,9,1015,33,982,38,0,0,38,285,4,267,6,8,
3174041002,DKI JAKARTA,JAKARTA SELATAN,PASAR MINGGU,JATI PADANG,587,15,44,2,526,0,0,0,0,0,4,0,0,4,733,45,688,72,0,0,72,247,11,209,5,22,
3173071004,DKI JAKARTA,JAKARTA BARAT,PALMERAH,JATI PULO,569,0,21,4,544,2,0,0,0,2,4,0,0,4,838,45,793,64,0,0,64,328,3,300,10,15,
3175061001,DKI JAKARTA,JAKARTA TIMUR,CAKUNG,JATINEGARA,819,7,86,3,723,1,0,0,0,1,4,0,1,3,1668,100,1568,49,0,0,49,620,7,567,10,36,
3175021004,DKI JAKARTA,JAKARTA TIMUR,PULO GADUNG,JATINEGARA KAUM,142,1,5,0,136,1,0,0,1,0,3,0,0,3,431,31,400,12,0,0,12,132,2,111,6,13,
3173021004,DKI JAKARTA,JAKARTA BARAT,GROGOL PETAMBURAN,JELAMBAR,515,6,32,5,472,2,0,0,0,2,27,0,0,27,902,57,845,14,0,0,14,303,6,238,7,52,
3173021006,DKI JAKARTA,JAKARTA BARAT,GROGOL PETAMBURAN,JELAMBAR BARU,425,3,18,2,402,2,0,0,0,2,4,0,0,4,723,58,665,22,0,0,22,234,4,201,5,24,
3173041006,DKI JAKARTA,JAKARTA BARAT,TAMBORA,JEMBATAN BESI,580,5,13,1,561,1,0,0,0,1,5,0,0,5,520,19,501,9,0,0,9,271,2,237,8,24,
3173041008,DKI JAKARTA,JAKARTA BARAT,TAMBORA,JEMBATAN LIMA,232,1,21,0,210,0,0,0,0,0,1,0,0,1,232,9,223,5,0,0,5,159,0,134,4,21,
3173081005,DKI JAKARTA,JAKARTA BARAT,KEMBANGAN,JOGLO,581,9,64,4,504,1,0,0,0,1,5,0,0,5,829,47,782,15,0,0,15,277,6,243,5,23,
3171081001,DKI JAKARTA,JAKARTA PUSAT,JOHAR BARU,JOHAR BARU,752,12,30,3,707,6,1,0,0,5,11,0,0,11,2037,100,1937,101,0,0,101,546,6,490,19,31,
3173041002,DKI JAKARTA,JAKARTA BARAT,TAMBORA,KALI ANYAR,408,4,14,0,390,1,0,0,0,1,4,0,0,4,373,11,362,14,0,0,14,207,0,193,7,7,
3172041004,DKI JAKARTA,JAKARTA UTARA,CILINCING,KALI BARU,600,13,38,5,544,0,0,0,0,0,5,0,0,5,717,26,691,46,0,0,46,366,1,342,9,14,
3174081002,DKI JAKARTA,JAKARTA SELATAN,PANCORAN,KALIBATA,659,4,16,4,635,7,0,0,0,7,12,0,0,12,928,27,901,12,0,0,12,351,7,321,8,15,
3173061001,DKI JAKARTA,JAKARTA BARAT,KALI DERES,KALIDERES,1342,17,84,4,1237,1,0,0,0,1,6,0,0,6,2439,108,2331,30,0,0,30,548,7,479,9,53,
3175051004,DKI JAKARTA,JAKARTA TIMUR,PASAR REBO,KALISARI,1129,9,40,0,1080,0,0,0,0,0,3,0,0,3,597,29,568,13,0,0,13,308,11,273,6,18,
3173061004,DKI JAKARTA,JAKARTA BARAT,KALI DERES,KAMAL,375,2,26,3,344,0,0,0,0,0,1,0,0,1,614,33,581,5,0,0,5,104,4,72,9,19,
3172011002,DKI JAKARTA,JAKARTA UTARA,PENJARINGAN,KAMAL MUARA,118,6,4,0,108,0,0,0,0,0,4,0,0,4,241,23,218,2,0,0,2,99,2,89,2,6,
3171071007,DKI JAKARTA,JAKARTA PUSAT,TANAH ABANG,KAMPUNG BALI,154,0,3,2,149,1,0,0,0,1,2,0,0,2,344,14,330,2,0,0,2,82,2,74,4,2,
3175031001,DKI JAKARTA,JAKARTA TIMUR,JATINEGARA,KAMPUNG MELAYU,265,9,5,5,246,2,0,0,0,2,7,0,0,7,370,16,354,7,0,0,7,274,6,249,5,14,
3171081002,DKI JAKARTA,JAKARTA PUSAT,JOHAR BARU,KAMPUNG RAWA,342,0,24,0,318,2,0,0,0,2,2,0,1,1,834,29,805,66,0,0,66,291,4,260,14,13,
3175041002,DKI JAKARTA,JAKARTA TIMUR,KRAMAT JATI,KAMPUNG TENGAH,650,10,45,1,594,4,2,0,0,2,9,0,0,9,1326,93,1233,54,0,0,54,347,4,312,12,19,
3173011005,DKI JAKARTA,JAKARTA BARAT,CENGKARENG,KAPUK,930,8,58,16,848,2,0,0,0,2,12,0,0,12,1729,97,1632,14,0,0,14,745,22,604,21,98,
3172011003,DKI JAKARTA,JAKARTA UTARA,PENJARINGAN,KAPUK MUARA,280,4,15,0,261,1,0,0,0,1,18,0,8,10,681,46,635,26,0,0,26,200,5,170,7,18,
3171021002,DKI JAKARTA,JAKARTA PUSAT,SAWAH BESAR,KARANG ANYAR,498,3,13,5,477,1,0,0,0,1,4,0,0,4,968,37,931,14,0,0,14,239,4,203,7,25,
3174021004,DKI JAKARTA,JAKARTA SELATAN,SETIA BUDI,KARET,153,1,9,0,143,0,0,0,0,0,11,0,0,11,412,9,403,4,0,0,4,136,0,134,0,2,
3174021003,DKI JAKARTA,JAKARTA SELATAN,SETIA BUDI,KARET KUNINGAN,334,3,28,1,302,0,0,0,0,0,22,0,0,22,457,31,426,4,0,0,4,241,5,219,5,12,
3174021002,DKI JAKARTA,JAKARTA SELATAN,SETIA BUDI,KARET SEMANGGI,75,0,11,1,63,0,0,0,0,0,3,0,0,3,93,3,90,2,0,0,2,29,0,25,2,2,
3171071003,DKI JAKARTA,JAKARTA PUSAT,TANAH ABANG,KARET TENGSIN,306,4,15,0,287,1,0,0,0,1,8,0,0,8,796,33,763,2,0,0,2,178,7,152,7,12,
3171021003,DKI JAKARTA,JAKARTA PUSAT,SAWAH BESAR,KARTINI,355,1,13,1,340,1,0,0,0,1,0,0,0,0,737,31,706,18,0,0,18,249,0,230,5,14,
3175011003,DKI JAKARTA,JAKARTA TIMUR,MATRAMAN,KAYU MANIS,420,7,13,0,400,3,0,0,0,3,2,0,0,2,766,17,749,30,0,0,30,251,1,235,6,9,
3175021006,DKI JAKARTA,JAKARTA TIMUR,PULO GADUNG,KAYU PUTIH,547,8,20,4,515,1,0,0,1,0,15,0,0,15,1188,33,1155,59,0,0,59,372,7,338,11,16,
3173031006,DKI JAKARTA,JAKARTA BARAT,TAMAN SARI,KEAGUNGAN,319,2,8,0,309,0,0,0,0,0,3,0,0,3,518,10,508,10,0,0,10,195,2,179,1,13,
3174041007,DKI JAKARTA,JAKARTA SELATAN,PASAR MINGGU,KEBAGUSAN,705,8,42,1,654,3,0,0,0,3,3,0,0,3,835,88,747,39,0,0,39,249,4,218,1,26,
3174051006,DKI JAKARTA,JAKARTA SELATAN,KEBAYORAN LAMA,KEBAYORAN LAMA SELATAN,676,6,39,0,631,5,0,0,0,5,2,0,0,2,832,26,806,14,0,0,14,315,3,287,6,19,
3174051001,DKI JAKARTA,JAKARTA SELATAN,KEBAYORAN LAMA,KEBAYORAN LAMA UTARA,493,10,32,1,450,1,0,0,0,1,15,0,0,15,568,36,532,4,0,0,4,252,4,207,5,36,
3174011004,DKI JAKARTA,JAKARTA SELATAN,TEBET,KEBON BARU,453,3,25,2,423,0,0,0,0,0,15,0,0,15,757,26,731,22,0,0,22,241,5,217,8,11,
3172021005,DKI JAKARTA,JAKARTA UTARA,TANJUNG PRIOK,KEBON BAWANG,809,3,44,1,761,0,0,0,0,0,15,0,0,15,1397,76,1321,89,0,0,89,449,8,418,4,19,
3173051001,DKI JAKARTA,JAKARTA BARAT,KEBON JERUK,KEBON JERUK,917,4,55,6,852,2,0,0,0,2,13,0,0,13,2159,94,2065,62,0,0,62,730,10,656,18,46,
3171071006,DKI JAKARTA,JAKARTA PUSAT,TANAH ABANG,KEBON KACANG,477,3,12,1,461,1,0,0,0,1,0,0,0,0,610,26,584,7,0,0,7,307,4,286,12,5,
3171011005,DKI JAKARTA,JAKARTA PUSAT,GAMBIR,KEBON KELAPA,166,2,6,1,157,3,0,0,0,3,4,0,0,4,333,10,323,3,0,0,3,97,0,94,1,2,
3171031002,DKI JAKARTA,JAKARTA PUSAT,KEMAYORAN,KEBON KOSONG,413,6,27,5,375,1,1,0,0,0,9,0,1,8,565,23,542,33,0,0,33,261,6,237,7,11,
3175011005,DKI JAKARTA,JAKARTA TIMUR,MATRAMAN,KEBON MANGGIS,218,2,11,4,201,0,0,0,0,0,2,0,0,2,311,9,302,24,0,0,24,162,1,154,3,4,
3171071005,DKI JAKARTA,JAKARTA PUSAT,TANAH ABANG,KEBON MELATI,557,3,21,3,530,1,0,0,0,1,5,0,0,5,1032,19,1013,10,0,0,10,496,3,474,9,10,
3175081003,DKI JAKARTA,JAKARTA TIMUR,MAKASAR,KEBON PALA,399,6,9,1,383,1,0,0,0,1,6,0,0,6,1055,37,1018,18,0,0,18,385,7,354,11,13,
3171061005,DKI JAKARTA,JAKARTA PUSAT,MENTENG,KEBON SIRIH,186,3,9,2,172,0,0,0,0,0,4,0,0,4,328,6,322,20,0,0,20,148,2,136,2,8,
3173011004,DKI JAKARTA,JAKARTA BARAT,CENGKARENG,KEDAUNG KALI ANGKE,529,7,29,0,493,0,0,0,0,0,1,0,0,1,661,26,635,7,0,0,7,364,4,329,7,24,
3173051007,DKI JAKARTA,JAKARTA BARAT,KEBON JERUK,KEDOYA SELATAN,465,3,25,5,432,2,0,0,0,2,8,0,0,8,818,47,771,22,0,0,22,252,5,215,7,25,
3173051006,DKI JAKARTA,JAKARTA BARAT,KEBON JERUK,KEDOYA UTARA,481,3,26,2,450,1,0,0,0,1,15,0,0,15,1028,63,965,22,0,0,22,344,7,306,8,23,
3173051004,DKI JAKARTA,JAKARTA BARAT,KEBON JERUK,KELAPA DUA,352,3,16,0,333,0,0,0,0,0,5,0,0,5,759,44,715,23,0,0,23,212,6,192,3,11,
3175091003,DKI JAKARTA,JAKARTA TIMUR,CIRACAS,KELAPA DUA WETAN,675,4,27,1,643,1,0,0,0,1,8,0,0,8,1211,13,1198,37,0,0,37,256,4,232,3,17,
3172061003,DKI JAKARTA,JAKARTA UTARA,KELAPA GADING,KELAPA GADING BARAT,1022,12,46,3,961,2,0,0,0,2,49,0,0,49,1431,67,1364,215,0,0,215,451,8,410,6,27,
3172061001,DKI JAKARTA,JAKARTA UTARA,KELAPA GADING,KELAPA GADING TIMUR,787,7,36,2,742,3,0,0,0,3,23,0,0,23,1360,52,1308,129,0,0,129,366,5,326,9,26,
3173071005,DKI JAKARTA,JAKARTA BARAT,PALMERAH,KEMANGGISAN,715,2,53,6,654,0,0,0,0,0,9,0,1,8,1017,50,967,51,0,0,51,370,15,323,11,21,
3171031001,DKI JAKARTA,JAKARTA PUSAT,KEMAYORAN,KEMAYORAN,442,4,20,3,415,2,2,0,0,0,3,0,0,3,643,18,625,27,0,0,27,340,0,324,10,6,
3173081006,DKI JAKARTA,JAKARTA BARAT,KEMBANGAN,KEMBANGAN SELATAN,334,4,23,1,306,0,0,0,0,0,8,0,0,8,698,50,648,53,0,0,53,227,3,205,5,14,
3173081001,DKI JAKARTA,JAKARTA BARAT,KEMBANGAN,KEMBANGAN UTARA,711,8,29,3,671,4,0,0,1,3,3,0,0,3,1670,54,1616,11,0,0,11,364,7,320,6,31,
3171041002,DKI JAKARTA,JAKARTA PUSAT,SENEN,KENARI,260,0,8,1,251,1,0,0,0,1,8,0,0,8,593,26,567,46,0,0,46,194,1,174,3,16,
3173041005,DKI JAKARTA,JAKARTA BARAT,TAMBORA,KERENDANG,290,2,9,2,277,1,0,0,0,1,0,0,0,0,228,5,223,9,0,0,9,152,4,131,8,9,
3175071003,DKI JAKARTA,JAKARTA TIMUR,DUREN SAWIT,KLENDER,710,12,24,2,672,4,0,0,0,4,5,0,0,5,1191,57,1134,35,0,0,35,492,7,427,17,41,
3172031001,DKI JAKARTA,JAKARTA UTARA,KOJA,KOJA,356,7,17,0,332,0,0,0,0,0,4,0,0,4,486,7,479,48,0,0,48,383,2,340,9,32,
3173071006,DKI JAKARTA,JAKARTA BARAT,PALMERAH,KOTA BAMBU SELATAN,545,1,14,5,525,0,0,0,0,0,1,0,0,1,913,20,893,73,0,0,73,294,7,270,5,12,
3173071003,DKI JAKARTA,JAKARTA BARAT,PALMERAH,KOTA BAMBU UTARA,456,1,21,11,423,2,1,0,0,1,3,0,0,3,621,30,591,54,0,0,54,261,7,233,9,12,
3171041004,DKI JAKARTA,JAKARTA PUSAT,SENEN,KRAMAT,475,3,41,6,425,0,0,0,0,0,10,0,2,8,1038,60,978,35,0,0,35,326,2,298,11,15,
3175041001,DKI JAKARTA,JAKARTA TIMUR,KRAMAT JATI,KRAMAT JATI,485,6,28,1,450,1,0,0,0,1,12,0,0,12,1041,88,953,23,0,0,23,430,25,373,12,20,
3174071003,DKI JAKARTA,JAKARTA SELATAN,KEBAYORAN BARU,KRAMAT PELA,286,3,10,0,273,0,0,0,0,0,0,0,0,0,533,18,515,7,0,0,7,169,2,156,3,8,
3173031002,DKI JAKARTA,JAKARTA BARAT,TAMAN SARI,KRUKUT,314,2,19,6,287,2,1,0,0,1,3,0,0,3,516,31,485,13,0,0,13,212,2,180,4,26,
3174031005,DKI JAKARTA,JAKARTA SELATAN,MAMPANG PRAPATAN,KUNINGAN BARAT,153,2,8,1,142,1,0,0,0,1,0,0,0,0,508,16,492,5,0,0,5,154,5,141,2,6,
3174021008,DKI JAKARTA,JAKARTA SELATAN,SETIA BUDI,KUNINGAN TIMUR,198,2,47,1,148,1,0,0,0,1,20,0,0,20,243,20,223,3,0,0,3,134,1,120,2,11,
3171041005,DKI JAKARTA,JAKARTA PUSAT,SENEN,KWITANG,264,3,10,0,251,3,0,0,0,3,7,0,0,7,531,36,495,11,0,0,11,137,0,122,6,9,
3172031003,DKI JAKARTA,JAKARTA UTARA,KOJA,LAGOA,733,8,25,1,699,1,0,0,0,1,5,0,0,5,794,25,769,79,0,0,79,686,7,651,15,13,
3174061002,DKI JAKARTA,JAKARTA SELATAN,CILANDAK,LEBAK BULUS,505,5,51,2,447,3,0,0,0,3,27,0,0,27,1158,59,1099,22,0,0,22,483,9,445,11,18,
3174091004,DKI JAKARTA,JAKARTA SELATAN,JAGAKARSA,LENTENG AGUNG,883,3,39,0,841,4,1,0,0,3,6,0,0,6,872,90,782,16,0,0,16,293,9,247,3,34,
LUAR DKI JAKARTA,LUAR DKI JAKARTA,LUAR DKI JAKARTA,LUAR DKI JAKARTA,LUAR DKI JAKARTA,47267,550,3297,98,43322,94,5,0,0,89,671,0,8,663,73406,6611,66795,2570,0,0,2570,8329,198,7693,135,303,
3175101007,DKI JAKARTA,JAKARTA TIMUR,CIPAYUNG,LUBANG BUAYA,926,8,26,3,889,3,1,0,0,2,10,0,0,10,898,30,868,34,0,0,34,451,7,418,3,23,
3175081001,DKI JAKARTA,JAKARTA TIMUR,MAKASAR,MAKASAR,428,8,31,1,388,0,0,0,0,0,8,0,0,8,1318,37,1281,25,0,0,25,339,6,304,6,23,
3175071006,DKI JAKARTA,JAKARTA TIMUR,DUREN SAWIT,MALAKA JAYA,371,6,10,2,353,1,0,0,0,1,2,0,0,2,712,26,686,16,0,0,16,256,5,235,4,12,
3175071005,DKI JAKARTA,JAKARTA TIMUR,DUREN SAWIT,MALAKA SARI,341,7,8,1,325,0,0,0,0,0,1,0,0,1,644,28,616,15,0,0,15,228,4,205,4,15,
3174031001,DKI JAKARTA,JAKARTA SELATAN,MAMPANG PRAPATAN,MAMPANG PRAPATAN,346,3,14,2,327,2,1,0,0,1,0,0,0,0,1068,21,1047,10,0,0,10,330,2,308,11,9,
3173031005,DKI JAKARTA,JAKARTA BARAT,TAMAN SARI,MANGGA BESAR,165,1,10,1,153,1,0,0,0,1,0,0,0,0,205,8,197,6,0,0,6,80,0,72,4,4,
3171021005,DKI JAKARTA,JAKARTA PUSAT,SAWAH BESAR,MANGGA DUA SELATAN,450,9,21,1,419,3,0,0,0,3,1,0,0,1,904,44,860,19,0,0,19,271,0,241,6,24,
3174011007,DKI JAKARTA,JAKARTA SELATAN,TEBET,MANGGARAI,469,5,20,0,444,4,0,0,0,4,4,0,0,4,639,56,583,27,0,0,27,266,5,239,2,20,
3174011006,DKI JAKARTA,JAKARTA SELATAN,TEBET,MANGGARAI SELATAN,332,4,16,2,310,0,0,0,0,0,6,0,0,6,534,36,498,24,0,0,24,161,3,142,8,8,
3173031003,DKI JAKARTA,JAKARTA BARAT,TAMAN SARI,MAPHAR,259,3,17,1,238,0,0,0,0,0,6,0,0,6,418,14,404,41,0,0,41,220,3,208,3,6,
3172041003,DKI JAKARTA,JAKARTA UTARA,CILINCING,MARUNDA,325,4,21,0,300,3,0,0,0,3,0,0,0,0,382,10,372,16,0,0,16,127,0,117,1,9,
3174071001,DKI JAKARTA,JAKARTA SELATAN,KEBAYORAN BARU,MELAWAI,91,1,15,0,75,0,0,0,0,0,1,0,0,1,96,6,90,0,0,0,0,21,1,18,1,1,
3171061001,DKI JAKARTA,JAKARTA PUSAT,MENTENG,MENTENG,505,11,20,2,472,2,0,0,0,2,5,0,0,5,893,56,837,27,0,0,27,301,3,278,10,10,
3174021005,DKI JAKARTA,JAKARTA SELATAN,SETIA BUDI,MENTENG ATAS,439,7,31,3,398,2,0,0,0,2,55,0,0,55,1458,65,1393,39,0,0,39,327,4,293,8,22,
3174011003,DKI JAKARTA,JAKARTA SELATAN,TEBET,MENTENG DALAM,681,11,35,4,631,4,0,0,0,4,13,0,0,13,820,49,771,46,0,0,46,295,17,248,8,22,
3173081003,DKI JAKARTA,JAKARTA BARAT,KEMBANGAN,MERUYA SELATAN,456,2,35,1,418,1,0,0,0,1,5,0,0,5,864,45,819,17,0,0,17,271,6,237,4,24,
3173081002,DKI JAKARTA,JAKARTA BARAT,KEMBANGAN,MERUYA UTARA,662,9,41,6,606,1,0,0,1,0,8,0,0,8,1094,62,1032,11,0,0,11,334,5,299,4,26,
3175101004,DKI JAKARTA,JAKARTA TIMUR,CIPAYUNG,MUNJUL,326,2,24,0,300,0,0,0,0,0,3,0,0,3,423,13,410,25,0,0,25,136,4,112,1,19,
3172051002,DKI JAKARTA,JAKARTA UTARA,PADEMANGAN,PADEMANGAN BARAT,1967,13,72,5,1877,5,0,0,0,5,16,0,1,15,2595,73,2522,37,0,0,37,797,4,745,23,25,
3172051001,DKI JAKARTA,JAKARTA UTARA,PADEMANGAN,PADEMANGAN TIMUR,696,2,33,3,658,2,0,0,0,2,15,0,2,13,953,26,927,23,0,0,23,321,4,294,6,17,
3175011004,DKI JAKARTA,JAKARTA TIMUR,MATRAMAN,PAL MERIAM,299,7,18,2,272,2,0,0,0,2,3,0,0,3,709,11,698,64,0,0,64,253,4,231,6,12,
3173071001,DKI JAKARTA,JAKARTA BARAT,PALMERAH,PALMERAH,1414,6,93,2,1313,0,0,0,0,0,2,0,0,2,2079,107,1972,80,0,0,80,611,14,538,22,37,
3174081001,DKI JAKARTA,JAKARTA SELATAN,PANCORAN,PANCORAN,453,4,13,0,436,1,0,0,0,1,9,0,0,9,663,34,629,7,0,0,7,286,7,264,4,11,
3172021003,DKI JAKARTA,JAKARTA UTARA,TANJUNG PRIOK,PAPANGGO,533,5,32,0,496,1,0,0,0,1,7,0,0,7,939,37,902,69,0,0,69,300,0,289,3,8,
3171021001,DKI JAKARTA,JAKARTA PUSAT,SAWAH BESAR,PASAR BARU,262,0,16,2,244,2,0,0,0,2,9,0,1,8,548,45,503,12,0,0,12,195,1,179,2,13,
3174021006,DKI JAKARTA,JAKARTA SELATAN,SETIA BUDI,PASAR MANGGIS,287,4,13,3,267,4,0,0,0,4,29,0,0,29,1040,56,984,18,0,0,18,291,1,255,11,24,
3174041001,DKI JAKARTA,JAKARTA SELATAN,PASAR MINGGU,PASAR MINGGU,512,6,29,1,476,3,0,0,0,3,7,0,0,7,688,21,667,21,0,0,21,260,3,241,7,9,
3171041003,DKI JAKARTA,JAKARTA PUSAT,SENEN,PASEBAN,601,3,15,1,582,4,0,0,0,4,23,0,1,22,1157,77,1080,63,0,0,63,367,6,323,9,29,
3173061005,DKI JAKARTA,JAKARTA BARAT,KALI DERES,PEGADUNGAN,862,14,66,7,775,1,1,0,0,0,10,0,0,10,1653,75,1578,18,0,0,18,347,8,292,8,39,
3171061002,DKI JAKARTA,JAKARTA PUSAT,MENTENG,PEGANGSAAN,421,1,14,2,404,3,0,0,0,3,3,0,0,3,950,31,919,52,0,0,52,381,1,366,5,9,
3172061002,DKI JAKARTA,JAKARTA UTARA,KELAPA GADING,PEGANGSAAN DUA,975,3,78,1,893,2,0,0,0,2,45,0,2,43,1993,110,1883,208,0,0,208,527,11,473,11,32,
3172011004,DKI JAKARTA,JAKARTA UTARA,PENJARINGAN,PEJAGALAN,665,6,33,2,624,3,0,0,0,3,11,0,3,8,1126,68,1058,32,0,0,32,389,12,342,7,28,
3174041006,DKI JAKARTA,JAKARTA SELATAN,PASAR MINGGU,PEJATEN BARAT,569,6,34,2,527,8,0,0,0,8,2,0,0,2,821,52,769,74,0,0,74,290,16,244,2,28,
3174041005,DKI JAKARTA,JAKARTA SELATAN,PASAR MINGGU,PEJATEN TIMUR,595,7,33,1,554,4,0,0,0,4,3,0,0,3,790,49,741,40,0,0,40,298,8,251,12,27,
3175051005,DKI JAKARTA,JAKARTA TIMUR,PASAR REBO,PEKAYON,971,5,35,1,930,2,0,0,0,2,3,0,0,3,434,21,413,14,0,0,14,265,10,232,5,18,
3173041009,DKI JAKARTA,JAKARTA BARAT,TAMBORA,PEKOJAN,327,3,10,2,312,0,0,0,0,0,3,0,0,3,284,8,276,18,0,0,18,151,6,135,5,5,
3174031003,DKI JAKARTA,JAKARTA SELATAN,MAMPANG PRAPATAN,PELA MAMPANG,469,9,17,2,441,4,0,0,0,4,15,0,0,15,1602,47,1555,6,0,0,6,383,4,343,6,30,
3174081005,DKI JAKARTA,JAKARTA SELATAN,PANCORAN,PENGADEGAN,245,3,5,2,235,0,0,0,0,0,8,0,0,8,457,16,441,11,0,0,11,132,6,121,1,4,
3175061003,DKI JAKARTA,JAKARTA TIMUR,CAKUNG,PENGGILINGAN,866,4,65,1,796,2,0,0,0,2,11,0,0,11,2042,99,1943,85,0,0,85,654,8,603,13,30,
3172011001,DKI JAKARTA,JAKARTA UTARA,PENJARINGAN,PENJARINGAN,1327,15,73,4,1235,3,1,0,0,2,24,0,0,24,3138,96,3042,122,0,0,122,747,8,677,16,46,
3174101001,DKI JAKARTA,JAKARTA SELATAN,PESANGGRAHAN,PESANGGRAHAN,531,7,49,4,471,2,0,0,1,1,0,0,0,0,1013,38,975,19,0,0,19,199,4,178,4,13,
3171071004,DKI JAKARTA,JAKARTA PUSAT,TANAH ABANG,PETAMBURAN,630,3,11,7,609,0,0,0,0,0,7,0,0,7,1001,39,962,12,0,0,12,457,12,418,13,14,
3174071008,DKI JAKARTA,JAKARTA SELATAN,KEBAYORAN BARU,PETOGOGAN,268,2,25,0,241,0,0,0,0,0,3,0,0,3,324,14,310,3,0,0,3,123,1,103,0,19,
3171011004,DKI JAKARTA,JAKARTA PUSAT,GAMBIR,PETOJO SELATAN,266,1,10,1,254,0,0,0,0,0,28,0,0,28,832,27,805,16,0,0,16,282,3,264,8,7,
3171011003,DKI JAKARTA,JAKARTA PUSAT,GAMBIR,PETOJO UTARA,238,4,12,3,219,1,0,0,0,1,12,0,0,12,444,25,419,26,0,0,26,167,1,157,3,6,
3174101004,DKI JAKARTA,JAKARTA SELATAN,PESANGGRAHAN,PETUKANGAN SELATAN,563,8,54,2,499,1,0,0,0,1,2,0,0,2,1045,63,982,9,0,0,9,270,2,233,4,31,
3174101003,DKI JAKARTA,JAKARTA SELATAN,PESANGGRAHAN,PETUKANGAN UTARA,615,8,35,4,568,6,3,0,0,3,6,0,0,6,1741,38,1703,10,0,0,10,368,3,335,2,28,
3175081002,DKI JAKARTA,JAKARTA TIMUR,MAKASAR,PINANG RANTI,310,7,15,1,287,0,0,0,0,0,2,0,0,2,770,31,739,28,0,0,28,205,3,185,5,12,
3173031008,DKI JAKARTA,JAKARTA BARAT,TAMAN SARI,PINANGSIA,164,2,10,1,151,0,0,0,0,0,2,0,0,2,273,17,256,3,0,0,3,123,3,115,0,5,
3175011001,DKI JAKARTA,JAKARTA TIMUR,MATRAMAN,PISANGAN BARU,408,2,8,3,395,2,1,0,0,1,5,0,0,5,634,25,609,35,0,0,35,234,5,214,8,7,
3175021002,DKI JAKARTA,JAKARTA TIMUR,PULO GADUNG,PISANGAN TIMUR,413,7,20,4,382,1,0,0,0,1,10,0,0,10,1095,90,1005,32,0,0,32,280,6,246,5,23,
3172011005,DKI JAKARTA,JAKARTA UTARA,PENJARINGAN,PLUIT,548,2,58,4,484,0,0,0,0,0,13,0,0,13,1436,63,1373,20,0,0,20,327,14,258,9,46,
3175071002,DKI JAKARTA,JAKARTA TIMUR,DUREN SAWIT,PONDOK BAMBU,1077,8,27,1,1041,5,0,0,0,5,3,0,0,3,1322,57,1265,36,0,0,36,503,12,444,11,36,
3175071004,DKI JAKARTA,JAKARTA TIMUR,DUREN SAWIT,PONDOK KELAPA,818,12,36,0,770,1,0,0,0,1,11,0,0,11,1392,68,1324,29,0,0,29,479,21,407,14,37,
3175071007,DKI JAKARTA,JAKARTA TIMUR,DUREN SAWIT,PONDOK KOPI,509,3,25,1,480,0,0,0,0,0,2,0,0,2,570,17,553,17,0,0,17,270,1,247,13,9,
3174061003,DKI JAKARTA,JAKARTA SELATAN,CILANDAK,PONDOK LABU,655,10,67,1,577,6,0,0,0,6,73,0,0,73,1269,48,1221,37,0,0,37,255,2,226,4,23,
3174051002,DKI JAKARTA,JAKARTA SELATAN,KEBAYORAN LAMA,PONDOK PINANG,721,8,40,4,669,0,0,0,0,0,44,0,0,44,987,54,933,12,0,0,12,384,8,334,10,32,
3175101003,DKI JAKARTA,JAKARTA TIMUR,CIPAYUNG,PONDOK RANGGON,319,1,11,3,304,0,0,0,0,0,3,0,0,3,524,36,488,22,0,0,22,216,6,190,1,19,
PROSES UPDATE DATA,PROSES UPDATE DATA,PROSES UPDATE DATA,PROSES UPDATE DATA,PROSES UPDATE DATA,16497,232,907,1696,13662,3714,2,0,3702,10,116,0,1,115,37483,4314,33169,307,0,1,306,25953,348,24230,483,892,
3101011003,DKI JAKARTA,KAB.ADM.KEP.SERIBU,KEP. SERIBU UTARA,PULAU HARAPAN,66,0,1,0,65,0,0,0,0,0,0,0,0,0,88,11,77,0,0,0,0,6,0,6,0,0,
3101011002,DKI JAKARTA,KAB.ADM.KEP.SERIBU,KEP. SERIBU UTARA,PULAU KELAPA,83,0,2,1,80,0,0,0,0,0,3,0,0,3,215,32,183,1,0,0,1,9,1,8,0,0,
3101011001,DKI JAKARTA,KAB.ADM.KEP.SERIBU,KEP. SERIBU UTARA,PULAU PANGGANG,179,0,7,1,171,0,0,0,0,0,0,0,0,0,179,0,179,4,0,0,4,29,0,29,0,0,
3101021003,DKI JAKARTA,KAB.ADM.KEP.SERIBU,KEP. SERIBU SELATAN,PULAU PARI,13,0,1,0,12,0,0,0,0,0,0,0,0,0,200,2,198,1,0,0,1,7,0,6,0,1,
3101021002,DKI JAKARTA,KAB.ADM.KEP.SERIBU,KEP. SERIBU SELATAN,PULAU TIDUNG,39,0,1,0,38,1,0,0,1,0,1,0,0,1,398,4,394,1,0,0,1,37,0,37,0,0,
3101021001,DKI JAKARTA,KAB.ADM.KEP.SERIBU,KEP. SERIBU SELATAN,PULAU UNTUNG JAWA,25,0,0,0,25,0,0,0,0,0,0,0,0,0,112,0,112,0,0,0,0,5,0,5,0,0,
3174071007,DKI JAKARTA,JAKARTA SELATAN,KEBAYORAN BARU,PULO,305,0,4,1,300,1,0,0,0,1,1,0,0,1,232,4,228,0,0,0,0,59,1,57,0,1,
3175021001,DKI JAKARTA,JAKARTA TIMUR,PULO GADUNG,PULO GADUNG,471,4,17,2,448,0,0,0,0,0,11,0,0,11,1005,43,962,39,0,0,39,299,2,280,7,10,
3175061005,DKI JAKARTA,JAKARTA TIMUR,CAKUNG,PULO GEBANG,733,6,96,2,629,1,0,0,0,1,9,0,0,9,1578,87,1491,72,0,0,72,521,17,444,12,48,
3174041004,DKI JAKARTA,JAKARTA SELATAN,PASAR MINGGU,RAGUNAN,962,14,131,2,815,1,0,0,0,1,2,0,0,2,863,64,799,25,0,0,25,268,10,228,6,24,
3175091005,DKI JAKARTA,JAKARTA TIMUR,CIRACAS,RAMBUTAN,536,9,46,1,480,2,0,0,0,2,12,0,0,12,831,27,804,29,0,0,29,243,8,208,3,24,
3172031006,DKI JAKARTA,JAKARTA UTARA,KOJA,RAWA BADAK SELATAN,568,10,21,2,535,2,0,0,0,2,2,0,0,2,647,26,621,59,0,0,59,362,3,327,5,27,
3172031004,DKI JAKARTA,JAKARTA UTARA,KOJA,RAWA BADAK UTARA,535,8,12,1,514,0,0,0,0,0,2,0,0,2,609,25,584,96,0,0,96,286,3,254,4,25,
3174071005,DKI JAKARTA,JAKARTA SELATAN,KEBAYORAN BARU,RAWA BARAT,115,0,8,2,105,0,0,0,0,0,2,0,0,2,193,5,188,0,0,0,0,49,0,40,1,8,
3173011003,DKI JAKARTA,JAKARTA BARAT,CENGKARENG,RAWA BUAYA,467,10,32,2,423,1,0,0,0,1,6,0,0,6,918,38,880,6,0,0,6,384,9,330,14,31,
3175031004,DKI JAKARTA,JAKARTA TIMUR,JATINEGARA,RAWA BUNGA,182,5,4,1,172,0,0,0,0,0,1,0,0,1,332,18,314,16,0,0,16,161,3,144,3,11,
3174081003,DKI JAKARTA,JAKARTA SELATAN,PANCORAN,RAWA JATI,342,3,9,0,330,2,0,0,0,2,11,0,0,11,610,27,583,7,0,0,7,138,2,117,0,19,
3175061002,DKI JAKARTA,JAKARTA TIMUR,CAKUNG,RAWA TERATE,182,0,16,0,166,0,0,0,0,0,2,0,0,2,442,41,401,8,0,0,8,198,1,186,1,10,
3175021005,DKI JAKARTA,JAKARTA TIMUR,PULO GADUNG,RAWAMANGUN,417,4,28,0,385,1,0,0,0,1,9,0,0,9,1032,54,978,36,0,0,36,336,5,298,10,23,
3171051003,DKI JAKARTA,JAKARTA PUSAT,CEMPAKA PUTIH,RAWASARI,819,5,16,2,796,5,1,0,1,3,10,0,0,10,1512,67,1445,38,0,0,38,442,8,418,6,10,
3173041010,DKI JAKARTA,JAKARTA BARAT,TAMBORA,ROA MALAKA,41,0,1,0,40,1,0,0,0,1,0,0,0,0,48,3,45,2,0,0,2,16,1,14,0,1,
3172041006,DKI JAKARTA,JAKARTA UTARA,CILINCING,ROROTAN,468,6,33,2,427,0,0,0,0,0,4,0,0,4,669,15,654,81,0,0,81,188,5,174,2,7,
3174071004,DKI JAKARTA,JAKARTA SELATAN,KEBAYORAN BARU,SELONG,100,0,7,0,93,0,0,0,0,0,3,0,0,3,148,7,141,3,0,0,3,26,0,24,1,1,
3173061002,DKI JAKARTA,JAKARTA BARAT,KALI DERES,SEMANAN,678,10,37,3,628,1,0,0,0,1,3,0,0,3,1292,67,1225,9,0,0,9,271,4,228,4,35,
3172041007,DKI JAKARTA,JAKARTA UTARA,CILINCING,SEMPER BARAT,921,7,63,1,850,3,0,0,0,3,12,0,0,12,1302,41,1261,115,0,0,115,529,3,490,11,25,
3172041005,DKI JAKARTA,JAKARTA UTARA,CILINCING,SEMPER TIMUR,505,7,20,1,477,1,0,0,0,1,4,0,0,4,772,21,751,57,0,0,57,277,8,255,6,8,
3174071006,DKI JAKARTA,JAKARTA SELATAN,KEBAYORAN BARU,SENAYAN,504,2,123,0,379,0,0,0,0,0,10,0,0,10,745,95,650,0,0,0,0,210,0,195,0,15,
3171041001,DKI JAKARTA,JAKARTA PUSAT,SENEN,SENEN,220,2,8,0,210,1,0,0,0,1,8,0,0,8,781,59,722,26,0,0,26,170,6,152,3,9,
3171031004,DKI JAKARTA,JAKARTA PUSAT,KEMAYORAN,SERDANG,517,4,25,2,486,0,0,0,0,0,5,0,0,5,839,39,800,31,0,0,31,306,4,282,6,14,
3174021001,DKI JAKARTA,JAKARTA SELATAN,SETIA BUDI,SETIA BUDI,115,0,4,0,111,0,0,0,0,0,4,0,0,4,381,12,369,6,0,0,6,48,0,46,0,2,
3175101005,DKI JAKARTA,JAKARTA TIMUR,CIPAYUNG,SETU,298,1,9,0,288,2,0,0,0,2,2,0,0,2,500,29,471,14,0,0,14,148,6,122,1,19,
3173071002,DKI JAKARTA,JAKARTA BARAT,PALMERAH,SLIPI,600,2,19,2,577,0,0,0,0,0,2,0,0,2,1073,23,1050,43,0,0,43,337,4,311,4,18,
3173081004,DKI JAKARTA,JAKARTA BARAT,KEMBANGAN,SRENGSENG,645,11,39,3,592,1,0,0,0,1,6,0,0,6,1411,50,1361,27,0,0,27,366,12,330,5,19,
3174091002,DKI JAKARTA,JAKARTA SELATAN,JAGAKARSA,SRENGSENG SAWAH,974,4,23,0,947,8,0,0,0,8,11,0,0,11,1128,50,1078,26,0,0,26,261,6,236,8,11,
3173051003,DKI JAKARTA,JAKARTA BARAT,KEBON JERUK,SUKABUMI SELATAN,383,5,30,4,344,1,0,0,0,1,1,0,0,1,797,38,759,25,0,0,25,245,4,221,5,15,
3173051002,DKI JAKARTA,JAKARTA BARAT,KEBON JERUK,SUKABUMI UTARA,438,1,50,3,384,0,0,0,0,0,19,0,0,19,890,73,817,46,0,0,46,297,8,258,10,21,
3172041002,DKI JAKARTA,JAKARTA UTARA,CILINCING,SUKAPURA,711,10,38,2,661,0,0,0,0,0,6,0,0,6,1023,58,965,102,0,0,102,380,1,340,8,31,
3171031007,DKI JAKARTA,JAKARTA PUSAT,KEMAYORAN,SUMUR BATU,464,5,13,1,445,2,0,0,0,2,6,0,0,6,646,45,601,33,0,0,33,246,2,225,3,16,
3172021004,DKI JAKARTA,JAKARTA UTARA,TANJUNG PRIOK,SUNGAI BAMBU,456,1,42,0,413,0,0,0,0,0,7,0,0,7,732,26,706,43,0,0,43,250,2,224,6,18,
3172021006,DKI JAKARTA,JAKARTA UTARA,TANJUNG PRIOK,SUNTER AGUNG,1108,8,70,1,1029,4,0,0,0,4,23,0,1,22,2220,112,2108,101,0,0,101,696,9,634,19,34,
3172021002,DKI JAKARTA,JAKARTA UTARA,TANJUNG PRIOK,SUNTER JAYA,1032,12,58,6,956,1,0,0,0,1,10,0,0,10,1903,77,1826,188,0,0,188,640,3,585,19,33,
3175091004,DKI JAKARTA,JAKARTA TIMUR,CIRACAS,SUSUKAN,598,2,28,1,567,0,0,0,0,0,17,0,0,17,1407,29,1378,69,0,0,69,218,4,192,8,14,
3173031001,DKI JAKARTA,JAKARTA BARAT,TAMAN SARI,TAMAN SARI,309,4,16,0,289,2,0,0,0,2,1,0,0,1,466,26,440,17,0,0,17,207,0,189,4,14,
3173041001,DKI JAKARTA,JAKARTA BARAT,TAMBORA,TAMBORA,226,3,9,3,211,0,0,0,0,0,1,0,0,1,335,14,321,3,0,0,3,123,5,98,3,17,
3173041004,DKI JAKARTA,JAKARTA BARAT,TAMBORA,TANAH SEREAL,313,1,6,2,304,1,0,0,0,1,4,0,0,4,298,10,288,5,0,0,5,181,0,165,7,9,
3171081004,DKI JAKARTA,JAKARTA PUSAT,JOHAR BARU,TANAH TINGGI,521,5,19,3,494,4,0,0,0,4,6,0,0,6,1176,57,1119,35,0,0,35,430,14,389,16,11,
3173031004,DKI JAKARTA,JAKARTA BARAT,TAMAN SARI,TANGKI,269,1,15,1,252,1,0,0,0,1,3,0,0,3,345,12,333,2,0,0,2,138,1,127,1,9,
3174091005,DKI JAKARTA,JAKARTA SELATAN,JAGAKARSA,TANJUNG BARAT,771,7,29,1,734,1,0,0,0,1,2,0,0,2,673,31,642,13,0,0,13,293,6,257,6,24,
3173021005,DKI JAKARTA,JAKARTA BARAT,GROGOL PETAMBURAN,TANJUNG DUREN SELATAN,478,4,23,1,450,0,0,0,0,0,19,0,0,19,751,29,722,24,0,0,24,342,7,303,11,21,
3173021002,DKI JAKARTA,JAKARTA BARAT,GROGOL PETAMBURAN,TANJUNG DUREN UTARA,309,1,8,0,300,2,0,0,0,2,21,0,0,21,641,30,611,19,0,0,19,192,2,169,9,12,
3172021001,DKI JAKARTA,JAKARTA UTARA,TANJUNG PRIOK,TANJUNG PRIOK,594,5,31,6,552,1,1,0,0,0,13,0,0,13,863,36,827,69,0,0,69,397,2,371,10,14,
3174011002,DKI JAKARTA,JAKARTA SELATAN,TEBET,TEBET BARAT,525,10,23,0,492,2,0,0,0,2,8,0,0,8,724,32,692,24,0,0,24,344,5,325,7,7,
3174011001,DKI JAKARTA,JAKARTA SELATAN,TEBET,TEBET TIMUR,429,5,17,2,405,0,0,0,0,0,6,0,0,6,604,19,585,35,0,0,35,220,3,205,4,8,
3173061003,DKI JAKARTA,JAKARTA BARAT,KALI DERES,TEGAL ALUR,809,13,61,6,729,0,0,0,0,0,7,0,0,7,1358,70,1288,13,0,0,13,286,9,222,6,49,
3174031004,DKI JAKARTA,JAKARTA SELATAN,MAMPANG PRAPATAN,TEGAL PARANG,379,6,11,3,359,5,0,0,1,4,4,0,0,4,1100,46,1054,12,0,0,12,338,7,312,6,13,
3173021003,DKI JAKARTA,JAKARTA BARAT,GROGOL PETAMBURAN,TOMANG,511,2,18,2,489,0,0,0,0,0,15,0,0,15,832,35,797,85,0,0,85,332,5,292,8,27,
3172031005,DKI JAKARTA,JAKARTA UTARA,KOJA,TUGU SELATAN,500,5,19,1,475,0,0,0,0,0,2,0,0,2,519,24,495,90,0,0,90,315,2,294,8,11,
3172031002,DKI JAKARTA,JAKARTA UTARA,KOJA,TUGU UTARA,1010,10,38,0,962,3,0,0,0,3,8,0,1,7,978,42,936,103,0,0,103,480,0,449,16,15,
3175061006,DKI JAKARTA,JAKARTA TIMUR,CAKUNG,UJUNG MENTENG,200,1,15,2,182,1,0,0,0,1,1,0,0,1,524,36,488,29,0,0,29,143,0,133,3,7,
3174101005,DKI JAKARTA,JAKARTA SELATAN,PESANGGRAHAN,ULUJAMI,624,6,20,2,596,0,0,0,0,0,0,0,0,0,1279,25,1254,26,0,0,26,291,4,264,7,16,
3175011006,DKI JAKARTA,JAKARTA TIMUR,MATRAMAN,UTAN KAYU SELATAN,548,3,13,8,524,2,0,0,0,2,8,0,0,8,948,22,926,93,0,0,93,299,5,279,8,7,
3175011002,DKI JAKARTA,JAKARTA TIMUR,MATRAMAN,UTAN KAYU UTARA,462,10,13,0,439,2,0,0,0,2,4,0,0,4,777,31,746,46,0,0,46,247,6,212,12,17,
3171031008,DKI JAKARTA,JAKARTA PUSAT,KEMAYORAN,UTAN PANJANG,440,4,11,2,423,0,0,0,0,0,4,0,0,4,660,31,629,28,0,0,28,304,1,289,9,5,
3172021007,DKI JAKARTA,JAKARTA UTARA,TANJUNG PRIOK,WARAKAS,629,10,47,2,570,0,0,0,0,0,11,0,0,11,1062,43,1019,61,0,0,61,382,3,332,8,39,
3173021007,DKI JAKARTA,JAKARTA BARAT,GROGOL PETAMBURAN,WIJAYA KUSUMA,442,2,24,2,414,1,0,0,0,1,7,0,0,7,924,58,866,23,0,0,23,310,7,273,8,22,
