id_kel,nama_provinsi,nama_kota,nama_kecamatan,nama_kelurahan,suspek,perawatan_rs,isolasi_di_rumah,suspek_meninggal,selesai_isolasi,probable,perawatan_rs,isolasi_di_rumah,probable_meninggal,selesai_isolasi,pelaku_perjalanan,perawatan_rs,isolasi_di_rumah,selesai_isolasi,kontak_erat,isolasi_di_rumah,selesai_isolasi,discarded,isolasi_di_rumah,meninggal,selesai_isolasi,positif,dirawat,sembuh,meninggal,self_isolation,keterangan
3172051003,DKI JAKARTA,JAKARTA UTARA,PADEMANGAN,ANCOL,618,2,63,0,553,4,0,0,0,4,16,0,3,13,842,72,770,10,0,0,10,383,3,358,4,18,
3173041007,DKI JAKARTA,JAKARTA BARAT,TAMBORA,ANGKE,618,5,35,2,576,3,0,0,1,2,1,0,0,1,603,18,585,27,0,0,27,226,0,213,4,9,
3175041005,DKI JAKARTA,JAKARTA TIMUR,KRAMAT JATI,BALE KAMBANG,419,1,56,1,361,7,0,0,0,7,5,0,0,5,753,61,692,25,0,0,25,237,4,215,3,15,
3175031003,DKI JAKARTA,JAKARTA TIMUR,JATINEGARA,BALI MESTER,155,2,10,1,142,2,0,0,0,2,1,0,0,1,310,83,227,7,0,0,7,210,3,199,3,5,
3175101006,DKI JAKARTA,JAKARTA TIMUR,CIPAYUNG,BAMBU APUS,780,1,39,1,739,0,0,0,0,0,5,0,0,5,1081,106,975,20,0,0,20,247,9,218,3,17,
3174031002,DKI JAKARTA,JAKARTA SELATAN,MAMPANG PRAPATAN,BANGKA,456,5,61,2,388,5,0,0,1,4,18,0,0,18,1001,124,877,8,0,0,8,258,4,238,2,14,
3175051002,DKI JAKARTA,JAKARTA TIMUR,PASAR REBO,BARU,575,2,66,1,506,0,0,0,0,0,5,0,0,5,513,40,473,19,0,0,19,268,10,233,2,23,
3175041004,DKI JAKARTA,JAKARTA TIMUR,KRAMAT JATI,BATU AMPAR,736,4,89,1,642,4,1,0,0,3,3,0,0,3,1483,173,1310,29,0,0,29,403,9,345,6,43,
3171071002,DKI JAKARTA,JAKARTA PUSAT,TANAH ABANG,BENDUNGAN HILIR,564,4,31,0,529,2,0,0,0,2,4,0,0,4,1051,116,935,11,0,0,11,370,9,312,10,39,
3175031002,DKI JAKARTA,JAKARTA TIMUR,JATINEGARA,BIDARA CINA,541,5,50,3,483,1,0,0,0,1,8,0,0,8,836,137,699,40,0,0,40,418,14,365,11,28,
3174101002,DKI JAKARTA,JAKARTA SELATAN,PESANGGRAHAN,BINTARO,1037,4,129,2,902,5,0,0,0,5,9,0,0,9,1935,167,1768,28,0,0,28,521,11,455,11,44,
3174011005,DKI JAKARTA,JAKARTA SELATAN,TEBET,BUKIT DURI,516,3,34,3,476,2,0,0,0,2,15,0,0,15,803,82,721,17,0,0,17,297,9,261,8,19,
3171041006,DKI JAKARTA,JAKARTA PUSAT,SENEN,BUNGUR,308,3,12,2,291,2,1,0,0,1,13,0,0,13,725,59,666,18,0,0,18,238,4,220,6,8,
3175061007,DKI JAKARTA,JAKARTA TIMUR,CAKUNG,CAKUNG BARAT,580,2,137,1,440,3,0,0,0,3,0,0,0,0,992,118,874,56,0,0,56,447,3,409,7,28,
3175061004,DKI JAKARTA,JAKARTA TIMUR,CAKUNG,CAKUNG TIMUR,599,5,64,2,528,3,0,0,1,2,6,0,0,6,1147,140,1007,51,0,0,51,392,2,346,9,35,
3175041007,DKI JAKARTA,JAKARTA TIMUR,KRAMAT JATI,CAWANG,547,4,69,0,474,1,0,0,0,1,6,0,0,6,1324,152,1172,22,0,0,22,436,14,392,7,23,
3175101008,DKI JAKARTA,JAKARTA TIMUR,CIPAYUNG,CEGER,429,4,20,0,405,0,0,0,0,0,1,0,0,1,708,53,655,10,0,0,10,171,3,152,3,13,
3171031006,DKI JAKARTA,JAKARTA PUSAT,KEMAYORAN,CEMPAKA BARU,851,5,61,2,783,1,0,0,0,1,7,0,0,7,1292,93,1199,39,0,0,39,536,6,490,17,23,
3171051002,DKI JAKARTA,JAKARTA PUSAT,CEMPAKA PUTIH,CEMPAKA PUTIH BARAT,1275,7,131,2,1135,10,2,0,0,8,23,0,0,23,2391,127,2264,52,0,0,52,777,5,726,16,30,
3171051001,DKI JAKARTA,JAKARTA PUSAT,CEMPAKA PUTIH,CEMPAKA PUTIH TIMUR,1002,27,136,1,838,1,0,0,0,1,13,0,1,12,1934,184,1750,61,0,0,61,434,5,391,6,32,
3173011001,DKI JAKARTA,JAKARTA BARAT,CENGKARENG,CENGKARENG BARAT,1480,7,361,1,1111,0,0,0,0,0,6,0,0,6,2310,259,2051,14,0,0,14,662,8,611,13,30,
3173011006,DKI JAKARTA,JAKARTA BARAT,CENGKARENG,CENGKARENG TIMUR,1274,6,106,7,1155,2,0,0,0,2,4,0,0,4,2492,177,2315,20,0,0,20,913,17,807,18,71,
3175091002,DKI JAKARTA,JAKARTA TIMUR,CIRACAS,CIBUBUR,1262,3,151,4,1104,1,0,0,0,1,31,0,1,30,2339,89,2250,97,0,0,97,502,10,441,10,41,
3171011002,DKI JAKARTA,JAKARTA PUSAT,GAMBIR,CIDENG,391,3,26,2,360,0,0,0,0,0,14,0,0,14,813,92,721,14,0,0,14,249,7,224,8,10,
3174091003,DKI JAKARTA,JAKARTA SELATAN,JAGAKARSA,CIGANJUR,979,4,87,1,887,2,0,0,0,2,12,0,0,12,1080,146,934,16,0,0,16,303,4,268,4,27,
3175051003,DKI JAKARTA,JAKARTA TIMUR,PASAR REBO,CIJANTUNG,1083,7,83,3,990,0,0,0,0,0,8,0,0,8,736,50,686,13,0,0,13,420,7,376,11,26,
3171061003,DKI JAKARTA,JAKARTA PUSAT,MENTENG,CIKINI,204,3,7,0,194,2,0,0,0,2,2,0,0,2,344,79,265,11,0,0,11,98,1,93,2,2,
3174081006,DKI JAKARTA,JAKARTA SELATAN,PANCORAN,CIKOKO,272,1,37,0,234,1,0,0,0,1,10,0,0,10,392,34,358,1,0,0,1,123,4,97,3,19,
3174061001,DKI JAKARTA,JAKARTA SELATAN,CILANDAK,CILANDAK BARAT,2067,5,286,5,1771,3,0,0,0,3,100,0,0,100,2512,245,2267,42,0,0,42,672,10,575,11,76,
3174041003,DKI JAKARTA,JAKARTA SELATAN,PASAR MINGGU,CILANDAK TIMUR,692,1,96,1,594,5,0,0,0,5,17,0,0,17,668,82,586,88,0,0,88,351,14,306,8,23,
3175101002,DKI JAKARTA,JAKARTA TIMUR,CIPAYUNG,CILANGKAP,565,4,39,1,521,1,0,0,0,1,4,0,0,4,1017,90,927,22,0,0,22,244,9,213,3,19,
3175041006,DKI JAKARTA,JAKARTA TIMUR,KRAMAT JATI,CILILITAN,472,1,52,1,418,2,1,0,0,1,7,0,0,7,1222,140,1082,49,0,0,49,440,8,385,8,39,
3172041001,DKI JAKARTA,JAKARTA UTARA,CILINCING,CILINCING,833,13,76,1,743,3,2,0,0,1,8,0,1,7,1399,52,1347,110,0,0,110,495,5,444,13,33,
3175101001,DKI JAKARTA,JAKARTA TIMUR,CIPAYUNG,CIPAYUNG,901,9,56,2,834,3,0,0,1,2,8,0,0,8,1075,98,977,39,0,0,39,293,5,269,5,14,
3174091006,DKI JAKARTA,JAKARTA SELATAN,JAGAKARSA,CIPEDAK,756,3,35,0,718,5,0,0,0,5,1,0,0,1,1132,89,1043,9,0,0,9,377,8,336,3,30,
3174061005,DKI JAKARTA,JAKARTA SELATAN,CILANDAK,CIPETE SELATAN,485,4,49,1,431,2,0,0,0,2,46,0,0,46,837,113,724,7,0,0,7,235,5,180,8,42,
3174071010,DKI JAKARTA,JAKARTA SELATAN,KEBAYORAN BARU,CIPETE UTARA,968,4,142,3,819,0,0,0,0,0,10,0,0,10,793,71,722,6,0,0,6,262,0,235,4,23,
3175021003,DKI JAKARTA,JAKARTA TIMUR,PULO GADUNG,CIPINANG,466,4,40,2,420,1,0,0,0,1,3,0,0,3,1324,137,1187,48,0,0,48,499,24,426,16,33,
3175031007,DKI JAKARTA,JAKARTA TIMUR,JATINEGARA,CIPINANG BESAR SELATAN,409,1,32,2,374,3,0,0,0,3,3,0,0,3,853,102,751,19,0,0,19,355,14,305,2,34,
3175031008,DKI JAKARTA,JAKARTA TIMUR,JATINEGARA,CIPINANG BESAR UTARA,556,0,28,0,528,2,0,0,0,2,3,0,0,3,1239,86,1153,25,0,0,25,491,4,455,7,25,
3175031005,DKI JAKARTA,JAKARTA TIMUR,JATINEGARA,CIPINANG CEMPEDAK,404,5,35,2,362,1,0,0,0,1,8,0,0,8,793,91,702,25,0,0,25,300,10,262,8,20,
3175081005,DKI JAKARTA,JAKARTA TIMUR,MAKASAR,CIPINANG MELAYU,574,3,28,2,541,5,1,0,0,4,5,0,0,5,1030,104,926,21,0,0,21,367,10,331,7,19,
3175031006,DKI JAKARTA,JAKARTA TIMUR,JATINEGARA,CIPINANG MUARA,651,6,58,1,586,5,0,0,0,5,11,0,0,11,1468,234,1234,34,0,0,34,593,11,551,7,24,
3174051003,DKI JAKARTA,JAKARTA SELATAN,KEBAYORAN LAMA,CIPULIR,500,6,47,4,443,6,0,0,0,6,6,0,0,6,727,89,638,11,0,0,11,357,8,305,5,39,
3175091001,DKI JAKARTA,JAKARTA TIMUR,CIRACAS,CIRACAS,1485,9,203,9,1264,4,0,0,0,4,35,0,0,35,2132,70,2062,46,0,0,46,668,18,591,17,42,
3175041003,DKI JAKARTA,JAKARTA TIMUR,KRAMAT JATI,DUKUH,444,1,36,1,406,1,1,0,0,0,1,0,0,1,1036,79,957,16,0,0,16,255,5,225,5,20,
3175071001,DKI JAKARTA,JAKARTA TIMUR,DUREN SAWIT,DUREN SAWIT,1151,8,84,3,1056,18,0,0,0,18,5,0,0,5,1633,161,1472,38,0,0,38,740,9,680,16,35,
3174081004,DKI JAKARTA,JAKARTA SELATAN,PANCORAN,DUREN TIGA,617,2,25,0,590,2,0,0,0,2,6,0,0,6,919,70,849,4,0,0,4,279,7,251,2,19,
3173051005,DKI JAKARTA,JAKARTA BARAT,KEBON JERUK,DURI KEPA,882,11,90,2,779,4,0,0,0,4,12,0,0,12,1711,145,1566,75,0,0,75,580,16,516,15,33,
3173011002,DKI JAKARTA,JAKARTA BARAT,CENGKARENG,DURI KOSAMBI,991,5,88,3,895,1,0,0,0,1,4,0,0,4,1570,112,1458,14,0,0,14,630,7,577,8,38,
3171011006,DKI JAKARTA,JAKARTA PUSAT,GAMBIR,DURI PULO,268,2,20,3,243,0,0,0,0,0,1,0,0,1,657,48,609,7,0,0,7,245,1,215,10,19,
3173041011,DKI JAKARTA,JAKARTA BARAT,TAMBORA,DURI SELATAN,248,4,19,1,224,0,0,0,0,0,2,0,0,2,236,14,222,4,0,0,4,99,1,92,3,3,
3173041003,DKI JAKARTA,JAKARTA BARAT,TAMBORA,DURI UTARA,278,1,9,2,266,1,0,0,0,1,2,0,0,2,312,23,289,5,0,0,5,167,0,156,5,6,
3171081003,DKI JAKARTA,JAKARTA PUSAT,JOHAR BARU,GALUR,276,2,9,0,265,4,0,0,0,4,3,0,0,3,641,37,604,52,0,0,52,241,3,204,10,24,
3171011001,DKI JAKARTA,JAKARTA PUSAT,GAMBIR,GAMBIR,196,0,17,0,179,1,0,0,0,1,17,0,0,17,642,82,560,6,0,0,6,238,2,213,1,22,
3174061004,DKI JAKARTA,JAKARTA SELATAN,CILANDAK,GANDARIA SELATAN,326,5,23,0,298,2,0,0,0,2,20,0,0,20,912,44,868,4,0,0,4,224,7,193,6,18,
3174071009,DKI JAKARTA,JAKARTA SELATAN,KEBAYORAN BARU,GANDARIA UTARA,976,5,128,2,841,0,0,0,0,0,3,0,0,3,886,49,837,8,0,0,8,335,6,286,7,36,
3175051001,DKI JAKARTA,JAKARTA TIMUR,PASAR REBO,GEDONG,1008,7,88,0,913,0,0,0,0,0,5,0,0,5,706,72,634,26,0,0,26,382,5,342,5,30,
3171071001,DKI JAKARTA,JAKARTA PUSAT,TANAH ABANG,GELORA,110,0,8,1,101,0,0,0,0,0,6,0,0,6,407,18,389,0,0,0,0,125,0,121,2,2,
3173031007,DKI JAKARTA,JAKARTA BARAT,TAMAN SARI,GLODOK,147,0,7,0,140,0,0,0,0,0,1,0,0,1,273,38,235,1,0,0,1,56,2,49,3,2,
3171061004,DKI JAKARTA,JAKARTA PUSAT,MENTENG,GONDANGDIA,114,2,10,1,101,0,0,0,0,0,13,0,0,13,272,12,260,7,0,0,7,82,2,67,3,10,
3173021001,DKI JAKARTA,JAKARTA BARAT,GROGOL PETAMBURAN,GROGOL,716,1,65,4,646,1,0,0,0,1,45,0,0,45,1383,139,1244,38,0,0,38,341,9,309,2,21,
3174051005,DKI JAKARTA,JAKARTA SELATAN,KEBAYORAN LAMA,GROGOL SELATAN,643,3,56,5,579,0,0,0,0,0,13,0,1,12,893,78,815,14,0,0,14,424,9,369,8,38,
3174051004,DKI JAKARTA,JAKARTA SELATAN,KEBAYORAN LAMA,GROGOL UTARA,634,7,44,4,579,0,0,0,0,0,26,0,0,26,906,74,832,19,0,0,19,490,10,439,14,27,
3174021007,DKI JAKARTA,JAKARTA SELATAN,SETIA BUDI,GUNTUR,86,0,7,0,79,0,0,0,0,0,1,0,0,1,346,69,277,1,0,0,1,66,0,63,1,2,
3174071002,DKI JAKARTA,JAKARTA SELATAN,KEBAYORAN BARU,GUNUNG,388,2,29,3,354,0,0,0,0,0,7,0,0,7,1217,104,1113,0,0,0,0,188,1,179,4,4,
3171031005,DKI JAKARTA,JAKARTA PUSAT,KEMAYORAN,GUNUNG SAHARI SELATAN,437,1,57,1,378,0,0,0,0,0,5,0,0,5,989,128,861,2,0,0,2,244,6,222,7,9,
3171021004,DKI JAKARTA,JAKARTA PUSAT,SAWAH BESAR,GUNUNG SAHARI UTARA,359,1,23,1,334,2,0,0,0,2,7,0,0,7,767,116,651,12,0,0,12,224,2,200,11,11,
3175081004,DKI JAKARTA,JAKARTA TIMUR,MAKASAR,HALIM PERDANA KUSUMAH,391,0,15,2,374,0,0,0,0,0,6,0,0,6,1671,748,923,10,0,0,10,617,13,576,7,21,
3171031003,DKI JAKARTA,JAKARTA PUSAT,KEMAYORAN,HARAPAN MULIA,482,4,38,3,437,1,0,0,0,1,6,0,0,6,735,69,666,35,0,0,35,316,3,286,9,18,
3174091001,DKI JAKARTA,JAKARTA SELATAN,JAGAKARSA,JAGAKARSA,1361,14,98,2,1247,8,0,0,0,8,8,0,0,8,1715,219,1496,22,0,0,22,588,19,523,9,37,
3175021007,DKI JAKARTA,JAKARTA TIMUR,PULO GADUNG,JATI,491,2,29,1,459,0,0,0,0,0,9,0,0,9,1271,99,1172,45,0,0,45,359,9,323,8,19,
3174041002,DKI JAKARTA,JAKARTA SELATAN,PASAR MINGGU,JATI PADANG,856,8,123,2,723,1,0,0,0,1,4,0,0,4,1021,122,899,73,0,0,73,363,16,305,6,36,
3173071004,DKI JAKARTA,JAKARTA BARAT,PALMERAH,JATI PULO,732,0,60,4,668,2,0,0,0,2,9,0,0,9,1031,120,911,66,0,0,66,393,7,359,11,16,
3175061001,DKI JAKARTA,JAKARTA TIMUR,CAKUNG,JATINEGARA,1136,5,154,3,974,1,0,0,0,1,4,0,0,4,2149,232,1917,54,0,0,54,787,12,730,12,33,
3175021004,DKI JAKARTA,JAKARTA TIMUR,PULO GADUNG,JATINEGARA KAUM,198,3,21,0,174,1,0,0,1,0,4,0,0,4,588,80,508,12,0,0,12,188,11,152,8,17,
3173021004,DKI JAKARTA,JAKARTA BARAT,GROGOL PETAMBURAN,JELAMBAR,645,2,59,5,579,2,0,0,0,2,28,0,0,28,1224,180,1044,14,0,0,14,394,16,339,9,30,
3173021006,DKI JAKARTA,JAKARTA BARAT,GROGOL PETAMBURAN,JELAMBAR BARU,533,2,47,2,482,2,0,0,0,2,4,0,0,4,928,96,832,23,0,0,23,304,7,271,8,18,
3173041006,DKI JAKARTA,JAKARTA BARAT,TAMBORA,JEMBATAN BESI,643,1,25,1,616,1,0,0,0,1,6,0,0,6,623,39,584,13,0,0,13,306,2,286,8,10,
3173041008,DKI JAKARTA,JAKARTA BARAT,TAMBORA,JEMBATAN LIMA,306,0,36,0,270,0,0,0,0,0,1,0,0,1,293,27,266,6,0,0,6,186,1,173,4,8,
3173081005,DKI JAKARTA,JAKARTA BARAT,KEMBANGAN,JOGLO,732,7,44,4,677,1,0,0,0,1,5,0,0,5,1055,104,951,15,0,0,15,347,13,310,5,19,
3171081001,DKI JAKARTA,JAKARTA PUSAT,JOHAR BARU,JOHAR BARU,920,4,36,3,877,9,2,0,0,7,14,0,0,14,2402,185,2217,109,0,0,109,689,3,635,19,32,
3173041002,DKI JAKARTA,JAKARTA BARAT,TAMBORA,KALI ANYAR,503,6,32,0,465,2,0,0,0,2,4,0,0,4,435,21,414,14,0,0,14,241,4,220,8,9,
3172041004,DKI JAKARTA,JAKARTA UTARA,CILINCING,KALI BARU,787,11,72,5,699,0,0,0,0,0,5,0,0,5,847,53,794,49,0,0,49,381,1,364,9,7,
3174081002,DKI JAKARTA,JAKARTA SELATAN,PANCORAN,KALIBATA,846,4,57,4,781,7,0,0,0,7,13,0,0,13,1339,191,1148,15,0,0,15,474,11,416,9,38,
3173061001,DKI JAKARTA,JAKARTA BARAT,KALI DERES,KALIDERES,1660,2,116,4,1538,1,0,0,0,1,7,0,0,7,2929,211,2718,32,0,0,32,777,12,683,16,66,
3175051004,DKI JAKARTA,JAKARTA TIMUR,PASAR REBO,KALISARI,1361,4,107,0,1250,0,0,0,0,0,3,0,0,3,787,73,714,15,0,0,15,414,8,360,8,38,
3173061004,DKI JAKARTA,JAKARTA BARAT,KALI DERES,KAMAL,487,3,41,3,440,0,0,0,0,0,2,0,1,1,828,139,689,6,0,0,6,183,6,138,10,29,
3172011002,DKI JAKARTA,JAKARTA UTARA,PENJARINGAN,KAMAL MUARA,150,1,9,0,140,0,0,0,0,0,4,0,0,4,304,27,277,2,0,0,2,123,2,111,2,8,
3171071007,DKI JAKARTA,JAKARTA PUSAT,TANAH ABANG,KAMPUNG BALI,185,1,7,2,175,1,0,0,0,1,2,0,0,2,422,43,379,2,0,0,2,107,2,96,5,4,
3175031001,DKI JAKARTA,JAKARTA TIMUR,JATINEGARA,KAMPUNG MELAYU,382,1,32,5,344,2,0,0,0,2,7,0,0,7,500,53,447,10,0,0,10,327,3,313,6,5,
3171081002,DKI JAKARTA,JAKARTA PUSAT,JOHAR BARU,KAMPUNG RAWA,403,2,16,0,385,3,0,0,0,3,3,0,0,3,974,65,909,67,0,0,67,330,1,298,14,17,
3175041002,DKI JAKARTA,JAKARTA TIMUR,KRAMAT JATI,KAMPUNG TENGAH,774,5,59,1,709,7,3,0,0,4,10,0,1,9,1654,150,1504,54,0,0,54,415,5,372,15,23,
3173011005,DKI JAKARTA,JAKARTA BARAT,CENGKARENG,KAPUK,1327,11,133,16,1167,2,0,0,0,2,12,0,0,12,2172,161,2011,15,0,0,15,1001,18,878,27,78,
3172011003,DKI JAKARTA,JAKARTA UTARA,PENJARINGAN,KAPUK MUARA,397,0,76,0,321,1,0,0,0,1,20,0,0,20,917,113,804,28,0,0,28,245,1,224,7,13,
3171021002,DKI JAKARTA,JAKARTA PUSAT,SAWAH BESAR,KARANG ANYAR,595,1,31,5,558,1,0,0,0,1,4,0,0,4,1124,71,1053,15,0,0,15,293,7,267,7,12,
3174021004,DKI JAKARTA,JAKARTA SELATAN,SETIA BUDI,KARET,188,1,23,0,164,0,0,0,0,0,11,0,0,11,561,114,447,4,0,0,4,150,3,139,1,7,
3174021003,DKI JAKARTA,JAKARTA SELATAN,SETIA BUDI,KARET KUNINGAN,432,2,51,1,378,0,0,0,0,0,23,0,0,23,709,159,550,4,0,0,4,326,3,291,7,25,
3174021002,DKI JAKARTA,JAKARTA SELATAN,SETIA BUDI,KARET SEMANGGI,94,0,9,1,84,0,0,0,0,0,4,0,0,4,119,17,102,2,0,0,2,42,1,32,2,7,
3171071003,DKI JAKARTA,JAKARTA PUSAT,TANAH ABANG,KARET TENGSIN,389,4,21,0,364,1,0,0,0,1,8,0,0,8,1043,60,983,3,0,0,3,255,7,225,9,14,
3171021003,DKI JAKARTA,JAKARTA PUSAT,SAWAH BESAR,KARTINI,417,2,23,1,391,1,0,0,0,1,0,0,0,0,899,98,801,19,0,0,19,296,6,269,5,16,
3175011003,DKI JAKARTA,JAKARTA TIMUR,MATRAMAN,KAYU MANIS,537,8,58,0,471,3,0,0,0,3,3,0,0,3,1025,161,864,37,0,0,37,296,4,269,7,16,
3175021006,DKI JAKARTA,JAKARTA TIMUR,PULO GADUNG,KAYU PUTIH,709,3,61,4,641,1,0,0,1,0,18,0,0,18,1467,129,1338,67,0,0,67,464,8,422,12,22,
3173031006,DKI JAKARTA,JAKARTA BARAT,TAMAN SARI,KEAGUNGAN,377,0,27,0,350,0,0,0,0,0,4,0,0,4,608,32,576,11,0,0,11,221,2,213,2,4,
3174041007,DKI JAKARTA,JAKARTA SELATAN,PASAR MINGGU,KEBAGUSAN,889,7,88,1,793,3,0,0,0,3,5,0,0,5,1113,170,943,43,0,0,43,379,9,317,4,49,
3174051006,DKI JAKARTA,JAKARTA SELATAN,KEBAYORAN LAMA,KEBAYORAN LAMA SELATAN,921,7,110,0,804,6,1,0,0,5,4,0,0,4,1027,97,930,16,0,0,16,413,6,363,8,36,
3174051001,DKI JAKARTA,JAKARTA SELATAN,KEBAYORAN LAMA,KEBAYORAN LAMA UTARA,710,10,99,1,600,1,0,0,0,1,15,0,0,15,787,122,665,6,0,0,6,355,7,306,6,36,
3174011004,DKI JAKARTA,JAKARTA SELATAN,TEBET,KEBON BARU,555,3,36,2,514,0,0,0,0,0,15,0,0,15,910,63,847,22,0,0,22,303,10,263,8,22,
3172021005,DKI JAKARTA,JAKARTA UTARA,TANJUNG PRIOK,KEBON BAWANG,1016,10,100,1,905,0,0,0,0,0,16,0,0,16,1722,185,1537,108,0,0,108,554,10,497,4,43,
3173051001,DKI JAKARTA,JAKARTA BARAT,KEBON JERUK,KEBON JERUK,1252,3,119,6,1124,2,0,0,0,2,15,0,0,15,2849,379,2470,64,0,0,64,833,20,734,22,57,
3171071006,DKI JAKARTA,JAKARTA PUSAT,TANAH ABANG,KEBON KACANG,526,1,17,1,507,1,0,0,0,1,0,0,0,0,730,54,676,8,0,0,8,342,1,313,13,15,
3171011005,DKI JAKARTA,JAKARTA PUSAT,GAMBIR,KEBON KELAPA,204,2,21,1,180,3,0,0,0,3,4,0,0,4,431,74,357,3,0,0,3,154,2,109,1,42,
3171031002,DKI JAKARTA,JAKARTA PUSAT,KEMAYORAN,KEBON KOSONG,550,4,85,5,456,1,0,0,0,1,9,0,0,9,1375,622,753,36,0,0,36,344,13,301,7,23,
3175011005,DKI JAKARTA,JAKARTA TIMUR,MATRAMAN,KEBON MANGGIS,313,1,46,4,262,0,0,0,0,0,2,0,0,2,437,67,370,24,0,0,24,202,5,183,3,11,
3171071005,DKI JAKARTA,JAKARTA PUSAT,TANAH ABANG,KEBON MELATI,619,3,18,3,595,3,2,0,0,1,5,0,0,5,1210,112,1098,10,0,0,10,536,3,494,9,30,
3175081003,DKI JAKARTA,JAKARTA TIMUR,MAKASAR,KEBON PALA,559,2,33,1,523,1,0,0,0,1,6,0,0,6,1380,200,1180,20,0,0,20,495,10,433,11,41,
3171061005,DKI JAKARTA,JAKARTA PUSAT,MENTENG,KEBON SIRIH,229,3,22,2,202,0,0,0,0,0,4,0,0,4,389,33,356,21,0,0,21,171,2,156,2,11,
3173011004,DKI JAKARTA,JAKARTA BARAT,CENGKARENG,KEDAUNG KALI ANGKE,667,5,47,0,615,0,0,0,0,0,1,0,0,1,869,54,815,7,0,0,7,453,8,413,8,24,
3173051007,DKI JAKARTA,JAKARTA BARAT,KEBON JERUK,KEDOYA SELATAN,658,5,65,5,583,2,0,0,0,2,8,0,0,8,1018,97,921,23,0,0,23,322,10,277,9,26,
3173051006,DKI JAKARTA,JAKARTA BARAT,KEBON JERUK,KEDOYA UTARA,699,9,75,2,613,1,0,0,0,1,16,0,0,16,1318,110,1208,22,0,0,22,440,6,393,9,32,
3173051004,DKI JAKARTA,JAKARTA BARAT,KEBON JERUK,KELAPA DUA,487,1,55,0,431,0,0,0,0,0,6,0,0,6,977,100,877,28,0,0,28,261,1,241,3,16,
3175091003,DKI JAKARTA,JAKARTA TIMUR,CIRACAS,KELAPA DUA WETAN,928,10,116,1,801,1,0,0,0,1,10,0,0,10,1463,56,1407,39,0,0,39,348,3,307,5,33,
3172061003,DKI JAKARTA,JAKARTA UTARA,KELAPA GADING,KELAPA GADING BARAT,1313,7,121,3,1182,4,1,0,0,3,51,0,1,50,1714,152,1562,283,0,0,283,563,10,516,8,29,
3172061001,DKI JAKARTA,JAKARTA UTARA,KELAPA GADING,KELAPA GADING TIMUR,1039,8,94,2,935,3,0,0,0,3,24,0,0,24,1757,255,1502,152,0,0,152,483,9,417,10,47,
3173071005,DKI JAKARTA,JAKARTA BARAT,PALMERAH,KEMANGGISAN,895,3,75,6,811,0,0,0,0,0,11,0,1,10,1238,121,1117,55,0,0,55,453,20,399,11,23,
3171031001,DKI JAKARTA,JAKARTA PUSAT,KEMAYORAN,KEMAYORAN,533,2,36,3,492,2,0,0,0,2,3,0,0,3,1245,312,933,27,0,0,27,428,25,378,10,15,
3173081006,DKI JAKARTA,JAKARTA BARAT,KEMBANGAN,KEMBANGAN SELATAN,484,2,28,1,453,0,0,0,0,0,8,0,0,8,1004,146,858,54,0,0,54,283,5,256,7,15,
3173081001,DKI JAKARTA,JAKARTA BARAT,KEMBANGAN,KEMBANGAN UTARA,895,3,60,3,829,4,0,0,1,3,3,0,0,3,2153,154,1999,11,0,0,11,477,13,408,10,46,
3171041002,DKI JAKARTA,JAKARTA PUSAT,SENEN,KENARI,303,1,13,1,288,1,0,0,0,1,8,0,0,8,720,69,651,46,0,0,46,222,4,206,3,9,
3173041005,DKI JAKARTA,JAKARTA BARAT,TAMBORA,KERENDANG,328,2,13,2,311,1,0,0,0,1,0,0,0,0,297,18,279,9,0,0,9,179,2,159,8,10,
3175071003,DKI JAKARTA,JAKARTA TIMUR,DUREN SAWIT,KLENDER,835,5,34,2,794,4,0,0,0,4,6,0,0,6,1535,145,1390,42,0,0,42,680,16,597,20,47,
3172031001,DKI JAKARTA,JAKARTA UTARA,KOJA,KOJA,473,4,47,0,422,0,0,0,0,0,4,0,0,4,862,227,635,60,0,0,60,436,2,407,9,18,
3173071006,DKI JAKARTA,JAKARTA BARAT,PALMERAH,KOTA BAMBU SELATAN,647,0,21,5,621,0,0,0,0,0,1,0,0,1,1063,46,1017,73,0,0,73,333,1,316,6,10,
3173071003,DKI JAKARTA,JAKARTA BARAT,PALMERAH,KOTA BAMBU UTARA,564,2,48,11,503,3,0,0,0,3,3,0,0,3,955,232,723,54,0,0,54,308,4,285,9,10,
3171041004,DKI JAKARTA,JAKARTA PUSAT,SENEN,KRAMAT,572,4,24,6,538,0,0,0,0,0,10,0,0,10,1234,99,1135,37,0,0,37,370,4,341,11,14,
3175041001,DKI JAKARTA,JAKARTA TIMUR,KRAMAT JATI,KRAMAT JATI,644,5,72,1,566,1,0,0,0,1,13,0,0,13,1330,155,1175,25,0,0,25,536,9,478,16,33,
3174071003,DKI JAKARTA,JAKARTA SELATAN,KEBAYORAN BARU,KRAMAT PELA,366,3,36,0,327,0,0,0,0,0,1,0,0,1,596,24,572,8,0,0,8,192,1,181,3,7,
3173031002,DKI JAKARTA,JAKARTA BARAT,TAMAN SARI,KRUKUT,392,1,25,6,360,2,0,0,0,2,4,0,0,4,600,44,556,13,0,0,13,243,4,229,4,6,
3174031005,DKI JAKARTA,JAKARTA SELATAN,MAMPANG PRAPATAN,KUNINGAN BARAT,196,0,17,1,178,1,0,0,0,1,0,0,0,0,611,44,567,5,0,0,5,201,0,171,2,28,
3174021008,DKI JAKARTA,JAKARTA SELATAN,SETIA BUDI,KUNINGAN TIMUR,442,2,85,1,354,1,0,0,0,1,20,0,0,20,366,54,312,11,0,0,11,201,6,174,2,19,
3171041005,DKI JAKARTA,JAKARTA PUSAT,SENEN,KWITANG,307,2,20,0,285,3,0,0,0,3,7,0,0,7,674,110,564,11,0,0,11,166,6,140,6,14,
3172031003,DKI JAKARTA,JAKARTA UTARA,KOJA,LAGOA,940,6,100,1,833,1,0,0,0,1,6,0,0,6,999,60,939,90,0,0,90,782,4,727,17,34,
3174061002,DKI JAKARTA,JAKARTA SELATAN,CILANDAK,LEBAK BULUS,704,9,100,2,593,3,0,0,0,3,27,0,0,27,1528,137,1391,22,0,0,22,574,7,528,12,27,
3174091004,DKI JAKARTA,JAKARTA SELATAN,JAGAKARSA,LENTENG AGUNG,1066,10,71,0,985,5,0,0,0,5,7,0,0,7,1235,176,1059,16,0,0,16,410,1,380,4,25,
LUAR DKI JAKARTA,LUAR DKI JAKARTA,LUAR DKI JAKARTA,LUAR DKI JAKARTA,LUAR DKI JAKARTA,65391,353,5489,98,59451,114,10,0,0,104,746,0,15,731,102263,11484,90779,3488,0,0,3488,10125,251,9331,146,397,
3175101007,DKI JAKARTA,JAKARTA TIMUR,CIPAYUNG,LUBANG BUAYA,1353,3,97,3,1250,6,3,0,0,3,10,0,0,10,1320,84,1236,35,0,0,35,563,13,509,3,38,
3175081001,DKI JAKARTA,JAKARTA TIMUR,MAKASAR,MAKASAR,623,3,26,1,593,1,1,0,0,0,8,0,0,8,1684,183,1501,26,0,0,26,458,14,411,8,25,
3175071006,DKI JAKARTA,JAKARTA TIMUR,DUREN SAWIT,MALAKA JAYA,446,0,27,2,417,2,1,0,0,1,2,0,0,2,906,82,824,17,0,0,17,345,12,304,4,25,
3175071005,DKI JAKARTA,JAKARTA TIMUR,DUREN SAWIT,MALAKA SARI,412,4,22,1,385,0,0,0,0,0,2,0,1,1,814,71,743,16,0,0,16,304,2,264,4,34,
3174031001,DKI JAKARTA,JAKARTA SELATAN,MAMPANG PRAPATAN,MAMPANG PRAPATAN,447,3,31,2,411,2,0,0,0,2,1,0,0,1,1383,128,1255,10,0,0,10,414,8,371,11,24,
3173031005,DKI JAKARTA,JAKARTA BARAT,TAMAN SARI,MANGGA BESAR,199,0,20,1,178,1,0,0,0,1,0,0,0,0,251,24,227,6,0,0,6,102,2,83,4,13,
3171021005,DKI JAKARTA,JAKARTA PUSAT,SAWAH BESAR,MANGGA DUA SELATAN,526,3,26,1,496,3,0,0,0,3,1,0,0,1,1046,92,954,20,0,0,20,307,10,282,8,7,
3174011007,DKI JAKARTA,JAKARTA SELATAN,TEBET,MANGGARAI,573,3,40,0,530,4,0,0,0,4,6,0,1,5,794,70,724,28,0,0,28,332,2,306,2,22,
3174011006,DKI JAKARTA,JAKARTA SELATAN,TEBET,MANGGARAI SELATAN,402,4,24,2,372,0,0,0,0,0,6,0,0,6,679,68,611,24,0,0,24,234,7,194,10,23,
3173031003,DKI JAKARTA,JAKARTA BARAT,TAMAN SARI,MAPHAR,316,3,22,1,290,0,0,0,0,0,6,0,0,6,505,33,472,41,0,0,41,246,2,235,3,6,
3172041003,DKI JAKARTA,JAKARTA UTARA,CILINCING,MARUNDA,429,11,40,0,378,5,1,0,0,4,0,0,0,0,435,26,409,19,0,0,19,175,0,148,1,26,
3174071001,DKI JAKARTA,JAKARTA SELATAN,KEBAYORAN BARU,MELAWAI,122,1,14,0,107,0,0,0,0,0,1,0,0,1,134,11,123,1,0,0,1,28,2,23,1,2,
3171061001,DKI JAKARTA,JAKARTA PUSAT,MENTENG,MENTENG,656,5,52,2,597,3,1,0,0,2,5,0,0,5,1173,142,1031,27,0,0,27,359,6,324,11,18,
3174021005,DKI JAKARTA,JAKARTA SELATAN,SETIA BUDI,MENTENG ATAS,562,6,44,3,509,2,0,0,0,2,55,0,0,55,1857,130,1727,41,0,0,41,397,2,376,9,10,
3174011003,DKI JAKARTA,JAKARTA SELATAN,TEBET,MENTENG DALAM,807,4,40,4,759,4,0,0,0,4,13,0,0,13,1054,97,957,48,0,0,48,383,10,340,10,23,
3173081003,DKI JAKARTA,JAKARTA BARAT,KEMBANGAN,MERUYA SELATAN,633,1,55,1,576,1,0,0,0,1,5,0,0,5,1157,170,987,17,0,0,17,353,4,326,4,19,
3173081002,DKI JAKARTA,JAKARTA BARAT,KEMBANGAN,MERUYA UTARA,859,4,66,6,783,1,0,0,1,0,8,0,0,8,1385,155,1230,13,0,0,13,446,12,400,4,30,
3175101004,DKI JAKARTA,JAKARTA TIMUR,CIPAYUNG,MUNJUL,663,1,51,0,611,1,1,0,0,0,15,0,0,15,708,60,648,27,0,0,27,202,15,157,1,29,
3172051002,DKI JAKARTA,JAKARTA UTARA,PADEMANGAN,PADEMANGAN BARAT,2270,7,133,5,2125,5,0,0,0,5,21,0,2,19,3020,167,2853,38,0,0,38,931,6,858,24,43,
3172051001,DKI JAKARTA,JAKARTA UTARA,PADEMANGAN,PADEMANGAN TIMUR,999,2,178,3,816,2,0,0,0,2,41,0,7,34,1319,197,1122,27,0,0,27,385,4,354,6,21,
3175011004,DKI JAKARTA,JAKARTA TIMUR,MATRAMAN,PAL MERIAM,499,5,155,2,337,2,0,0,0,2,4,0,0,4,844,45,799,66,0,0,66,282,1,267,7,7,
3173071001,DKI JAKARTA,JAKARTA BARAT,PALMERAH,PALMERAH,1913,4,184,2,1723,0,0,0,0,0,3,0,1,2,2523,209,2314,89,0,0,89,814,29,698,27,60,
3174081001,DKI JAKARTA,JAKARTA SELATAN,PANCORAN,PANCORAN,592,2,34,0,556,1,0,0,0,1,9,0,0,9,842,81,761,7,0,0,7,338,5,313,5,15,
3172021003,DKI JAKARTA,JAKARTA UTARA,TANJUNG PRIOK,PAPANGGO,690,4,68,0,618,1,0,0,0,1,9,0,0,9,1115,95,1020,73,0,0,73,359,1,339,3,16,
3171021001,DKI JAKARTA,JAKARTA PUSAT,SAWAH BESAR,PASAR BARU,314,2,19,2,291,2,0,0,0,2,9,0,0,9,683,66,617,13,0,0,13,218,1,206,4,7,
3174021006,DKI JAKARTA,JAKARTA SELATAN,SETIA BUDI,PASAR MANGGIS,366,3,32,3,328,4,0,0,0,4,29,0,0,29,1219,85,1134,19,0,0,19,349,6,313,12,18,
3174041001,DKI JAKARTA,JAKARTA SELATAN,PASAR MINGGU,PASAR MINGGU,925,6,196,1,722,3,0,0,0,3,7,0,0,7,913,129,784,25,0,0,25,355,6,290,8,51,
3171041003,DKI JAKARTA,JAKARTA PUSAT,SENEN,PASEBAN,703,2,28,1,672,4,0,0,0,4,28,0,0,28,1455,124,1331,64,0,0,64,449,5,413,10,21,
3173061005,DKI JAKARTA,JAKARTA BARAT,KALI DERES,PEGADUNGAN,1066,5,80,7,974,1,0,0,0,1,10,0,0,10,1938,141,1797,20,0,0,20,451,8,397,10,36,
3171061002,DKI JAKARTA,JAKARTA PUSAT,MENTENG,PEGANGSAAN,515,4,41,2,468,3,0,0,0,3,4,0,0,4,1108,84,1024,54,0,0,54,438,7,406,7,18,
3172061002,DKI JAKARTA,JAKARTA UTARA,KELAPA GADING,PEGANGSAAN DUA,1280,5,104,1,1170,2,0,0,0,2,46,0,0,46,2408,194,2214,240,0,0,240,637,5,587,11,34,
3172011004,DKI JAKARTA,JAKARTA UTARA,PENJARINGAN,PEJAGALAN,846,5,69,2,770,4,0,0,0,4,11,0,0,11,1415,137,1278,36,0,0,36,485,4,448,7,26,
3174041006,DKI JAKARTA,JAKARTA SELATAN,PASAR MINGGU,PEJATEN BARAT,883,6,209,2,666,8,0,0,0,8,2,0,0,2,1231,240,991,76,0,0,76,437,7,376,7,47,
3174041005,DKI JAKARTA,JAKARTA SELATAN,PASAR MINGGU,PEJATEN TIMUR,778,6,92,1,679,4,0,0,0,4,3,0,0,3,1146,215,931,42,0,0,42,422,14,357,14,37,
3175051005,DKI JAKARTA,JAKARTA TIMUR,PASAR REBO,PEKAYON,1174,4,60,1,1109,2,0,0,0,2,3,0,0,3,577,51,526,16,0,0,16,336,1,311,6,18,
3173041009,DKI JAKARTA,JAKARTA BARAT,TAMBORA,PEKOJAN,413,1,33,2,377,0,0,0,0,0,3,0,0,3,360,21,339,18,0,0,18,182,3,163,5,11,
3174031003,DKI JAKARTA,JAKARTA SELATAN,MAMPANG PRAPATAN,PELA MAMPANG,592,6,44,2,540,4,0,0,0,4,15,0,0,15,1990,149,1841,6,0,0,6,544,18,483,8,35,
3174081005,DKI JAKARTA,JAKARTA SELATAN,PANCORAN,PENGADEGAN,344,1,43,2,298,0,0,0,0,0,9,0,0,9,733,91,642,12,0,0,12,178,3,158,1,16,
3175061003,DKI JAKARTA,JAKARTA TIMUR,CAKUNG,PENGGILINGAN,1227,6,173,1,1047,3,0,0,0,3,12,0,1,11,2580,253,2327,89,0,0,89,866,17,767,14,68,
3172011001,DKI JAKARTA,JAKARTA UTARA,PENJARINGAN,PENJARINGAN,1642,9,127,4,1502,4,0,0,0,4,24,0,0,24,3599,188,3411,123,0,0,123,892,2,835,18,37,
3174101001,DKI JAKARTA,JAKARTA SELATAN,PESANGGRAHAN,PESANGGRAHAN,689,6,64,4,615,2,0,0,1,1,1,0,0,1,1339,153,1186,20,0,0,20,253,3,227,4,19,
3171071004,DKI JAKARTA,JAKARTA PUSAT,TANAH ABANG,PETAMBURAN,735,7,31,7,690,0,0,0,0,0,7,0,0,7,1267,188,1079,15,0,0,15,556,13,480,13,50,
3174071008,DKI JAKARTA,JAKARTA SELATAN,KEBAYORAN BARU,PETOGOGAN,371,2,48,0,321,0,0,0,0,0,3,0,0,3,385,28,357,3,0,0,3,165,0,146,0,19,
3171011004,DKI JAKARTA,JAKARTA PUSAT,GAMBIR,PETOJO SELATAN,456,2,38,1,415,0,0,0,0,0,28,0,0,28,990,68,922,17,0,0,17,343,7,315,9,12,
3171011003,DKI JAKARTA,JAKARTA PUSAT,GAMBIR,PETOJO UTARA,283,1,10,3,269,1,0,0,0,1,14,0,0,14,653,114,539,26,0,0,26,191,2,180,3,6,
3174101004,DKI JAKARTA,JAKARTA SELATAN,PESANGGRAHAN,PETUKANGAN SELATAN,703,5,65,2,631,1,0,0,0,1,2,0,0,2,1243,130,1113,11,0,0,11,319,3,293,5,18,
3174101003,DKI JAKARTA,JAKARTA SELATAN,PESANGGRAHAN,PETUKANGAN UTARA,788,7,60,4,717,6,0,0,0,6,6,0,0,6,2080,160,1920,12,0,0,12,455,3,425,2,25,
3175081002,DKI JAKARTA,JAKARTA TIMUR,MAKASAR,PINANG RANTI,413,2,23,1,387,4,3,0,0,1,2,0,0,2,941,65,876,31,0,0,31,267,7,238,6,16,
3173031008,DKI JAKARTA,JAKARTA BARAT,TAMAN SARI,PINANGSIA,209,3,20,1,185,0,0,0,0,0,2,0,0,2,310,12,298,4,0,0,4,139,0,136,0,3,
3175011001,DKI JAKARTA,JAKARTA TIMUR,MATRAMAN,PISANGAN BARU,509,2,43,3,461,2,0,0,0,2,5,0,0,5,825,75,750,35,0,0,35,310,3,267,11,29,
3175021002,DKI JAKARTA,JAKARTA TIMUR,PULO GADUNG,PISANGAN TIMUR,522,5,39,4,474,1,0,0,0,1,10,0,0,10,1579,113,1466,34,0,0,34,374,7,327,5,35,
3172011005,DKI JAKARTA,JAKARTA UTARA,PENJARINGAN,PLUIT,789,1,101,4,683,0,0,0,0,0,14,0,0,14,1787,157,1630,22,0,0,22,423,15,382,9,17,
3175071002,DKI JAKARTA,JAKARTA TIMUR,DUREN SAWIT,PONDOK BAMBU,1295,7,57,1,1230,6,0,0,0,6,3,0,0,3,1729,164,1565,42,0,0,42,653,10,574,14,55,
3175071004,DKI JAKARTA,JAKARTA TIMUR,DUREN SAWIT,PONDOK KELAPA,999,6,59,0,934,2,1,0,0,1,13,0,0,13,1865,216,1649,36,0,0,36,639,18,550,16,55,
3175071007,DKI JAKARTA,JAKARTA TIMUR,DUREN SAWIT,PONDOK KOPI,609,7,33,1,568,1,0,0,0,1,3,0,1,2,759,79,680,18,0,0,18,336,2,301,13,20,
3174061003,DKI JAKARTA,JAKARTA SELATAN,CILANDAK,PONDOK LABU,847,6,60,1,780,6,0,0,0,6,74,0,0,74,1652,124,1528,37,0,0,37,358,7,320,4,27,
3174051002,DKI JAKARTA,JAKARTA SELATAN,KEBAYORAN LAMA,PONDOK PINANG,1059,6,141,4,908,0,0,0,0,0,45,0,0,45,1271,120,1151,12,0,0,12,550,7,484,12,47,
3175101003,DKI JAKARTA,JAKARTA TIMUR,CIPAYUNG,PONDOK RANGGON,508,3,40,3,462,1,0,0,0,1,3,0,0,3,797,85,712,24,0,0,24,276,3,247,1,25,
PROSES UPDATE DATA,PROSES UPDATE DATA,PROSES UPDATE DATA,PROSES UPDATE DATA,PROSES UPDATE DATA,19848,33,425,1696,17694,4296,3,0,4272,21,123,0,2,121,47197,1494,45703,593,0,1,592,28888,422,27235,511,720,
3101011003,DKI JAKARTA,KAB.ADM.KEP.SERIBU,KEP. SERIBU UTARA,PULAU HARAPAN,71,0,1,0,70,0,0,0,0,0,0,0,0,0,99,6,93,0,0,0,0,6,0,6,0,0,
3101011002,DKI JAKARTA,KAB.ADM.KEP.SERIBU,KEP. SERIBU UTARA,PULAU KELAPA,94,0,2,1,91,0,0,0,0,0,3,0,0,3,235,5,230,1,0,0,1,20,0,19,0,1,
3101011001,DKI JAKARTA,KAB.ADM.KEP.SERIBU,KEP. SERIBU UTARA,PULAU PANGGANG,216,0,16,1,199,0,0,0,0,0,0,0,0,0,204,17,187,4,0,0,4,31,0,30,0,1,
3101021003,DKI JAKARTA,KAB.ADM.KEP.SERIBU,KEP. SERIBU SELATAN,PULAU PARI,15,0,1,0,14,0,0,0,0,0,0,0,0,0,227,8,219,1,0,0,1,7,0,7,0,0,
3101021002,DKI JAKARTA,KAB.ADM.KEP.SERIBU,KEP. SERIBU SELATAN,PULAU TIDUNG,47,0,3,0,44,1,0,0,1,0,1,0,0,1,424,7,417,1,0,0,1,39,0,38,0,1,
3101021001,DKI JAKARTA,KAB.ADM.KEP.SERIBU,KEP. SERIBU SELATAN,PULAU UNTUNG JAWA,26,0,0,0,26,0,0,0,0,0,1,0,0,1,117,1,116,0,0,0,0,5,0,5,0,0,
3174071007,DKI JAKARTA,JAKARTA SELATAN,KEBAYORAN BARU,PULO,377,0,35,1,341,1,0,0,0,1,1,0,0,1,291,30,261,0,0,0,0,86,1,76,0,9,
3175021001,DKI JAKARTA,JAKARTA TIMUR,PULO GADUNG,PULO GADUNG,627,4,51,2,570,0,0,0,0,0,12,0,0,12,1235,102,1133,50,0,0,50,353,3,328,9,13,
3175061005,DKI JAKARTA,JAKARTA TIMUR,CAKUNG,PULO GEBANG,1124,9,238,2,875,1,0,0,0,1,9,0,0,9,2272,441,1831,79,0,0,79,686,10,603,13,60,
3174041004,DKI JAKARTA,JAKARTA SELATAN,PASAR MINGGU,RAGUNAN,1372,5,192,2,1173,1,0,0,0,1,2,0,0,2,1101,106,995,25,0,0,25,406,14,346,9,37,
3175091005,DKI JAKARTA,JAKARTA TIMUR,CIRACAS,RAMBUTAN,786,11,106,1,668,2,0,0,0,2,12,0,0,12,988,38,950,30,0,0,30,345,8,294,5,38,
3172031006,DKI JAKARTA,JAKARTA UTARA,KOJA,RAWA BADAK SELATAN,749,6,82,2,659,3,1,0,0,2,2,0,0,2,803,75,728,66,0,0,66,475,1,415,5,54,
3172031004,DKI JAKARTA,JAKARTA UTARA,KOJA,RAWA BADAK UTARA,768,2,139,1,626,0,0,0,0,0,4,0,0,4,780,53,727,103,0,0,103,353,5,318,5,25,
3174071005,DKI JAKARTA,JAKARTA SELATAN,KEBAYORAN BARU,RAWA BARAT,187,4,23,2,158,0,0,0,0,0,2,0,0,2,223,7,216,1,0,0,1,81,4,69,1,7,
3173011003,DKI JAKARTA,JAKARTA BARAT,CENGKARENG,RAWA BUAYA,682,4,66,2,610,1,0,0,0,1,6,0,0,6,1253,85,1168,8,0,0,8,489,7,440,14,28,
3175031004,DKI JAKARTA,JAKARTA TIMUR,JATINEGARA,RAWA BUNGA,234,1,15,1,217,0,0,0,0,0,2,0,0,2,425,50,375,19,0,0,19,194,5,181,4,4,
3174081003,DKI JAKARTA,JAKARTA SELATAN,PANCORAN,RAWA JATI,472,2,46,0,424,2,0,0,0,2,12,0,0,12,872,92,780,8,0,0,8,195,6,169,1,19,
3175061002,DKI JAKARTA,JAKARTA TIMUR,CAKUNG,RAWA TERATE,225,1,16,0,208,1,1,0,0,0,2,0,0,2,575,79,496,12,0,0,12,242,3,222,1,16,
3175021005,DKI JAKARTA,JAKARTA TIMUR,PULO GADUNG,RAWAMANGUN,635,6,134,0,495,1,0,0,0,1,11,0,0,11,1304,122,1182,45,0,0,45,423,10,384,9,20,
3171051003,DKI JAKARTA,JAKARTA PUSAT,CEMPAKA PUTIH,RAWASARI,1105,2,162,2,939,8,1,0,1,6,12,0,1,11,1784,154,1630,40,0,0,40,532,2,499,9,22,
3173041010,DKI JAKARTA,JAKARTA BARAT,TAMBORA,ROA MALAKA,56,0,6,0,50,1,0,0,0,1,0,0,0,0,95,15,80,2,0,0,2,21,0,20,0,1,
3172041006,DKI JAKARTA,JAKARTA UTARA,CILINCING,ROROTAN,660,5,97,2,556,0,0,0,0,0,5,0,0,5,813,73,740,87,0,0,87,292,4,251,2,35,
3174071004,DKI JAKARTA,JAKARTA SELATAN,KEBAYORAN BARU,SELONG,139,0,23,0,116,0,0,0,0,0,3,0,0,3,189,17,172,3,0,0,3,40,2,36,1,1,
3173061002,DKI JAKARTA,JAKARTA BARAT,KALI DERES,SEMANAN,877,5,68,3,801,1,0,0,0,1,4,0,0,4,1543,127,1416,9,0,0,9,385,2,351,5,27,
3172041007,DKI JAKARTA,JAKARTA UTARA,CILINCING,SEMPER BARAT,1233,12,154,1,1066,3,0,0,0,3,12,0,0,12,1554,115,1439,133,0,0,133,657,9,584,12,52,
3172041005,DKI JAKARTA,JAKARTA UTARA,CILINCING,SEMPER TIMUR,665,11,59,1,594,1,0,0,0,1,5,0,0,5,905,46,859,61,0,0,61,330,1,304,6,19,
3174071006,DKI JAKARTA,JAKARTA SELATAN,KEBAYORAN BARU,SENAYAN,630,1,86,0,543,0,0,0,0,0,10,0,0,10,850,79,771,0,0,0,0,234,0,227,0,7,
3171041001,DKI JAKARTA,JAKARTA PUSAT,SENEN,SENEN,270,0,14,0,256,2,1,0,0,1,9,0,0,9,1075,217,858,26,0,0,26,185,1,172,4,8,
3171031004,DKI JAKARTA,JAKARTA PUSAT,KEMAYORAN,SERDANG,691,4,90,2,595,0,0,0,0,0,5,0,0,5,1029,77,952,33,0,0,33,392,3,351,11,27,
3174021001,DKI JAKARTA,JAKARTA SELATAN,SETIA BUDI,SETIA BUDI,150,2,10,0,138,0,0,0,0,0,4,0,0,4,447,35,412,6,0,0,6,73,4,60,1,8,
3175101005,DKI JAKARTA,JAKARTA TIMUR,CIPAYUNG,SETU,457,2,19,0,436,3,1,0,0,2,2,0,0,2,699,41,658,14,0,0,14,193,8,168,2,15,
3173071002,DKI JAKARTA,JAKARTA BARAT,PALMERAH,SLIPI,836,0,129,2,705,1,0,0,0,1,2,0,0,2,1335,95,1240,47,0,0,47,413,7,378,4,24,
3173081004,DKI JAKARTA,JAKARTA BARAT,KEMBANGAN,SRENGSENG,860,4,56,3,797,1,0,0,0,1,7,0,1,6,1820,156,1664,28,0,0,28,474,3,429,6,36,
3174091002,DKI JAKARTA,JAKARTA SELATAN,JAGAKARSA,SRENGSENG SAWAH,1175,3,83,0,1089,8,0,0,0,8,11,0,0,11,1466,148,1318,30,0,0,30,396,8,293,9,86,
3173051003,DKI JAKARTA,JAKARTA BARAT,KEBON JERUK,SUKABUMI SELATAN,493,1,47,4,441,1,0,0,0,1,1,0,0,1,973,94,879,25,0,0,25,307,6,273,7,21,
3173051002,DKI JAKARTA,JAKARTA BARAT,KEBON JERUK,SUKABUMI UTARA,633,1,63,3,566,1,0,0,0,1,21,0,0,21,1194,125,1069,49,0,0,49,401,6,352,11,32,
3172041002,DKI JAKARTA,JAKARTA UTARA,CILINCING,SUKAPURA,909,3,99,2,805,0,0,0,0,0,6,0,0,6,1400,199,1201,119,0,0,119,512,4,456,9,43,
3171031007,DKI JAKARTA,JAKARTA PUSAT,KEMAYORAN,SUMUR BATU,616,7,91,1,517,2,0,0,0,2,7,0,1,6,829,87,742,34,0,0,34,307,4,271,5,27,
3172021004,DKI JAKARTA,JAKARTA UTARA,TANJUNG PRIOK,SUNGAI BAMBU,589,1,58,0,530,0,0,0,0,0,7,0,0,7,878,73,805,53,0,0,53,300,2,266,6,26,
3172021006,DKI JAKARTA,JAKARTA UTARA,TANJUNG PRIOK,SUNTER AGUNG,1726,5,199,1,1521,6,0,0,0,6,26,0,1,25,2785,280,2505,117,0,0,117,874,14,805,22,33,
3172021002,DKI JAKARTA,JAKARTA UTARA,TANJUNG PRIOK,SUNTER JAYA,1332,6,133,6,1187,2,0,0,0,2,12,0,0,12,2379,257,2122,203,0,0,203,801,16,721,19,45,
3175091004,DKI JAKARTA,JAKARTA TIMUR,CIRACAS,SUSUKAN,833,4,115,1,713,1,0,0,0,1,18,0,0,18,1637,34,1603,73,0,0,73,272,1,247,8,16,
3173031001,DKI JAKARTA,JAKARTA BARAT,TAMAN SARI,TAMAN SARI,364,2,23,0,339,2,0,0,0,2,1,0,0,1,605,92,513,17,0,0,17,249,2,225,7,15,
3173041001,DKI JAKARTA,JAKARTA BARAT,TAMBORA,TAMBORA,284,1,20,3,260,3,0,0,0,3,2,0,0,2,382,21,361,4,0,0,4,138,2,125,3,8,
3173041004,DKI JAKARTA,JAKARTA BARAT,TAMBORA,TANAH SEREAL,405,2,25,2,376,1,0,0,0,1,4,0,0,4,392,35,357,6,0,0,6,220,2,202,7,9,
3171081004,DKI JAKARTA,JAKARTA PUSAT,JOHAR BARU,TANAH TINGGI,638,3,40,3,592,5,0,0,0,5,7,0,0,7,1353,72,1281,39,0,0,39,470,5,435,16,14,
3173031004,DKI JAKARTA,JAKARTA BARAT,TAMAN SARI,TANGKI,309,0,17,1,291,2,0,0,0,2,5,0,0,5,415,40,375,4,0,0,4,181,2,166,1,12,
3174091005,DKI JAKARTA,JAKARTA SELATAN,JAGAKARSA,TANJUNG BARAT,923,6,64,1,852,1,0,0,0,1,2,0,0,2,926,117,809,13,0,0,13,385,6,349,7,23,
3173021005,DKI JAKARTA,JAKARTA BARAT,GROGOL PETAMBURAN,TANJUNG DUREN SELATAN,613,3,64,1,545,1,0,0,0,1,19,0,0,19,974,105,869,25,0,0,25,433,4,382,12,35,
3173021002,DKI JAKARTA,JAKARTA BARAT,GROGOL PETAMBURAN,TANJUNG DUREN UTARA,401,0,37,0,364,2,0,0,0,2,22,0,0,22,837,83,754,22,0,0,22,244,5,215,9,15,
3172021001,DKI JAKARTA,JAKARTA UTARA,TANJUNG PRIOK,TANJUNG PRIOK,747,5,75,6,661,2,1,0,0,1,13,0,0,13,1075,116,959,78,0,0,78,481,2,443,13,23,
3174011002,DKI JAKARTA,JAKARTA SELATAN,TEBET,TEBET BARAT,1027,3,256,0,768,2,0,0,0,2,8,0,0,8,908,78,830,26,0,0,26,579,14,465,8,92,
3174011001,DKI JAKARTA,JAKARTA SELATAN,TEBET,TEBET TIMUR,553,0,36,2,515,0,0,0,0,0,7,0,0,7,811,120,691,36,0,0,36,289,4,268,5,12,
3173061003,DKI JAKARTA,JAKARTA BARAT,KALI DERES,TEGAL ALUR,1061,12,103,6,940,0,0,0,0,0,7,0,0,7,1787,214,1573,13,0,0,13,434,8,374,10,42,
3174031004,DKI JAKARTA,JAKARTA SELATAN,MAMPANG PRAPATAN,TEGAL PARANG,463,6,26,3,428,5,0,0,1,4,4,0,0,4,1362,144,1218,12,0,0,12,424,6,380,7,31,
3173021003,DKI JAKARTA,JAKARTA BARAT,GROGOL PETAMBURAN,TOMANG,635,1,43,2,589,0,0,0,0,0,23,0,0,23,1151,151,1000,87,0,0,87,417,14,367,9,27,
3172031005,DKI JAKARTA,JAKARTA UTARA,KOJA,TUGU SELATAN,693,3,110,1,579,0,0,0,0,0,2,0,0,2,759,183,576,101,0,0,101,426,4,381,9,32,
3172031002,DKI JAKARTA,JAKARTA UTARA,KOJA,TUGU UTARA,1308,14,122,0,1172,3,0,0,0,3,11,0,1,10,1231,102,1129,125,0,0,125,597,5,535,18,39,
3175061006,DKI JAKARTA,JAKARTA TIMUR,CAKUNG,UJUNG MENTENG,286,1,42,2,241,1,0,0,0,1,1,0,0,1,711,110,601,35,0,0,35,225,3,183,3,36,
3174101005,DKI JAKARTA,JAKARTA SELATAN,PESANGGRAHAN,ULUJAMI,763,3,55,2,703,0,0,0,0,0,0,0,0,0,1603,121,1482,26,0,0,26,381,6,329,10,36,
3175011006,DKI JAKARTA,JAKARTA TIMUR,MATRAMAN,UTAN KAYU SELATAN,702,15,46,8,633,2,0,0,0,2,8,0,0,8,1393,244,1149,98,0,0,98,394,3,362,9,20,
3175011002,DKI JAKARTA,JAKARTA TIMUR,MATRAMAN,UTAN KAYU UTARA,781,7,243,0,531,4,2,0,0,2,6,0,0,6,1198,277,921,49,0,0,49,339,2,301,14,22,
3171031008,DKI JAKARTA,JAKARTA PUSAT,KEMAYORAN,UTAN PANJANG,540,1,46,2,491,0,0,0,0,0,4,0,0,4,778,51,727,31,0,0,31,354,0,333,9,12,
3172021007,DKI JAKARTA,JAKARTA UTARA,TANJUNG PRIOK,WARAKAS,856,1,79,2,774,0,0,0,0,0,12,0,0,12,1316,153,1163,70,0,0,70,471,4,438,8,21,
3173021007,DKI JAKARTA,JAKARTA BARAT,GROGOL PETAMBURAN,WIJAYA KUSUMA,560,1,48,2,509,1,0,0,0,1,7,0,0,7,1097,68,1029,24,0,0,24,372,9,338,9,16,
