id_kel,nama_provinsi,nama_kota,nama_kecamatan,nama_kelurahan,suspek,perawatan_rs,isolasi_di_rumah,suspek_meninggal,selesai_isolasi,probable,perawatan_rs,isolasi_di_rumah,probable_meninggal,selesai_isolasi,pelaku_perjalanan,perawatan_rs,isolasi_di_rumah,selesai_isolasi,kontak_erat,isolasi_di_rumah,selesai_isolasi,discarded,isolasi_di_rumah,meninggal,selesai_isolasi,positif,dirawat,sembuh,meninggal,self_isolation,keterangan
3172051003,DKI JAKARTA,JAKARTA UTARA,PADEMANGAN,ANCOL,512,2,27,0,483,4,0,0,0,4,10,0,0,10,699,37,662,10,0,0,10,337,3,314,4,16,
3173041007,DKI JAKARTA,JAKARTA BARAT,TAMBORA,ANGKE,438,3,25,2,408,1,0,0,1,0,0,0,0,0,508,18,490,26,0,0,26,195,1,172,4,18,
3175041005,DKI JAKARTA,JAKARTA TIMUR,KRAMAT JATI,BALE KAMBANG,312,4,26,1,281,4,1,0,0,3,5,0,0,5,586,47,539,23,0,0,23,186,9,157,3,17,
3175031003,DKI JAKARTA,JAKARTA TIMUR,JATINEGARA,BALI MESTER,109,4,5,1,99,1,0,0,0,1,1,0,0,1,204,51,153,6,0,0,6,170,5,45,2,118,
3175101006,DKI JAKARTA,JAKARTA TIMUR,CIPAYUNG,BAMBU APUS,457,6,39,1,411,0,0,0,0,0,4,0,0,4,690,48,642,17,0,0,17,179,5,158,3,13,
3174031002,DKI JAKARTA,JAKARTA SELATAN,MAMPANG PRAPATAN,BANGKA,324,5,22,2,295,5,0,0,1,4,18,0,0,18,716,32,684,8,0,0,8,192,3,177,2,10,
3175051002,DKI JAKARTA,JAKARTA TIMUR,PASAR REBO,BARU,445,3,35,1,406,0,0,0,0,0,5,0,0,5,422,10,412,18,0,0,18,211,7,189,0,15,
3175041004,DKI JAKARTA,JAKARTA TIMUR,KRAMAT JATI,BATU AMPAR,562,7,47,1,507,3,0,0,0,3,3,0,0,3,1164,73,1091,27,0,0,27,285,5,259,5,16,
3171071002,DKI JAKARTA,JAKARTA PUSAT,TANAH ABANG,BENDUNGAN HILIR,473,2,20,0,451,2,0,0,0,2,4,0,0,4,861,31,830,10,0,0,10,271,2,235,8,26,
3175031002,DKI JAKARTA,JAKARTA TIMUR,JATINEGARA,BIDARA CINA,415,5,26,3,381,1,0,0,0,1,8,0,0,8,629,38,591,37,0,0,37,298,4,267,10,17,
3174101002,DKI JAKARTA,JAKARTA SELATAN,PESANGGRAHAN,BINTARO,788,9,40,2,737,5,1,0,0,4,9,0,0,9,1567,59,1508,26,0,0,26,375,21,317,9,28,
3174011005,DKI JAKARTA,JAKARTA SELATAN,TEBET,BUKIT DURI,425,4,23,3,395,2,0,0,0,2,14,0,1,13,651,54,597,13,0,0,13,246,4,224,8,10,
3171041006,DKI JAKARTA,JAKARTA PUSAT,SENEN,BUNGUR,263,3,13,2,245,1,0,0,0,1,13,0,0,13,631,35,596,16,0,0,16,205,2,180,4,19,
3175061007,DKI JAKARTA,JAKARTA TIMUR,CAKUNG,CAKUNG BARAT,386,5,30,1,350,3,1,0,0,2,0,0,0,0,785,75,710,47,0,0,47,340,6,270,5,59,
3175061004,DKI JAKARTA,JAKARTA TIMUR,CAKUNG,CAKUNG TIMUR,461,4,49,2,406,3,0,0,1,2,6,0,0,6,891,69,822,45,0,0,45,311,5,278,8,20,
3175041007,DKI JAKARTA,JAKARTA TIMUR,KRAMAT JATI,CAWANG,380,3,36,0,341,1,0,0,0,1,6,0,0,6,1040,52,988,22,0,0,22,343,10,307,6,20,
3175101008,DKI JAKARTA,JAKARTA TIMUR,CIPAYUNG,CEGER,264,2,16,0,246,0,0,0,0,0,1,0,0,1,451,25,426,9,0,0,9,139,6,112,3,18,
3171031006,DKI JAKARTA,JAKARTA PUSAT,KEMAYORAN,CEMPAKA BARU,701,9,30,2,660,1,0,0,0,1,7,0,0,7,1107,51,1056,35,0,0,35,458,2,415,17,24,
3171051002,DKI JAKARTA,JAKARTA PUSAT,CEMPAKA PUTIH,CEMPAKA PUTIH BARAT,951,5,22,2,922,8,4,0,0,4,21,0,1,20,2108,90,2018,51,0,0,51,696,5,656,15,20,
3171051001,DKI JAKARTA,JAKARTA PUSAT,CEMPAKA PUTIH,CEMPAKA PUTIH TIMUR,674,5,21,1,647,1,0,0,0,1,12,0,0,12,1490,35,1455,58,0,0,58,370,4,348,6,12,
3173011001,DKI JAKARTA,JAKARTA BARAT,CENGKARENG,CENGKARENG BARAT,795,12,45,1,737,0,0,0,0,0,6,0,0,6,1453,66,1387,13,0,0,13,509,4,440,9,56,
3173011006,DKI JAKARTA,JAKARTA BARAT,CENGKARENG,CENGKARENG TIMUR,981,9,62,7,903,2,0,0,0,2,4,0,0,4,1970,109,1861,18,0,0,18,718,3,628,17,70,
3175091002,DKI JAKARTA,JAKARTA TIMUR,CIRACAS,CIBUBUR,958,4,45,4,905,1,0,0,0,1,30,0,0,30,2028,46,1982,92,0,0,92,366,5,325,7,29,
3171011002,DKI JAKARTA,JAKARTA PUSAT,GAMBIR,CIDENG,316,1,12,2,301,0,0,0,0,0,10,0,0,10,649,22,627,13,0,0,13,202,2,186,7,7,
3174091003,DKI JAKARTA,JAKARTA SELATAN,JAGAKARSA,CIGANJUR,752,7,49,1,695,2,0,0,0,2,12,0,0,12,831,84,747,14,0,0,14,228,8,188,4,28,
3175051003,DKI JAKARTA,JAKARTA TIMUR,PASAR REBO,CIJANTUNG,883,6,59,3,815,0,0,0,0,0,4,0,1,3,592,19,573,10,0,0,10,332,3,293,9,27,
3171061003,DKI JAKARTA,JAKARTA PUSAT,MENTENG,CIKINI,169,5,8,0,156,0,0,0,0,0,2,0,0,2,229,10,219,11,0,0,11,71,1,64,3,3,
3174081006,DKI JAKARTA,JAKARTA SELATAN,PANCORAN,CIKOKO,198,1,3,0,194,1,0,0,0,1,10,0,0,10,288,4,284,1,0,0,1,77,5,63,3,6,
3174061001,DKI JAKARTA,JAKARTA SELATAN,CILANDAK,CILANDAK BARAT,1376,16,202,5,1153,1,0,0,0,1,97,0,0,97,1724,120,1604,42,0,0,42,428,14,373,8,33,
3174041003,DKI JAKARTA,JAKARTA SELATAN,PASAR MINGGU,CILANDAK TIMUR,538,3,34,1,500,5,0,0,0,5,17,0,0,17,508,23,485,86,0,0,86,272,4,249,8,11,
3175101002,DKI JAKARTA,JAKARTA TIMUR,CIPAYUNG,CILANGKAP,388,3,17,1,367,1,0,0,0,1,3,0,0,3,679,33,646,21,0,0,21,191,2,173,2,14,
3175041006,DKI JAKARTA,JAKARTA TIMUR,KRAMAT JATI,CILILITAN,354,3,20,1,330,0,0,0,0,0,7,0,1,6,941,69,872,48,0,0,48,340,12,293,8,27,
3172041001,DKI JAKARTA,JAKARTA UTARA,CILINCING,CILINCING,655,9,31,1,614,1,0,0,0,1,6,0,0,6,1191,30,1161,103,0,0,103,419,4,389,11,15,
3175101001,DKI JAKARTA,JAKARTA TIMUR,CIPAYUNG,CIPAYUNG,574,7,29,2,536,3,0,0,1,2,7,0,0,7,743,43,700,33,0,0,33,233,2,215,3,13,
3174091006,DKI JAKARTA,JAKARTA SELATAN,JAGAKARSA,CIPEDAK,632,2,47,0,583,4,2,0,0,2,1,0,0,1,887,59,828,8,0,0,8,277,1,256,3,17,
3174061005,DKI JAKARTA,JAKARTA SELATAN,CILANDAK,CIPETE SELATAN,349,5,34,1,309,2,0,0,0,2,46,0,0,46,605,57,548,6,0,0,6,157,6,135,7,9,
3174071010,DKI JAKARTA,JAKARTA SELATAN,KEBAYORAN BARU,CIPETE UTARA,737,5,96,3,633,0,0,0,0,0,9,0,0,9,650,59,591,6,0,0,6,193,6,165,4,18,
3175021003,DKI JAKARTA,JAKARTA TIMUR,PULO GADUNG,CIPINANG,362,5,19,2,336,1,0,0,0,1,3,0,0,3,1020,67,953,40,0,0,40,374,12,334,13,15,
3175031007,DKI JAKARTA,JAKARTA TIMUR,JATINEGARA,CIPINANG BESAR SELATAN,311,5,9,2,295,2,0,0,0,2,2,0,0,2,661,40,621,18,0,0,18,247,4,231,2,10,
3175031008,DKI JAKARTA,JAKARTA TIMUR,JATINEGARA,CIPINANG BESAR UTARA,485,4,24,0,457,2,0,0,0,2,3,0,0,3,1057,140,917,21,0,0,21,397,8,349,7,33,
3175031005,DKI JAKARTA,JAKARTA TIMUR,JATINEGARA,CIPINANG CEMPEDAK,283,2,12,2,267,0,0,0,0,0,6,0,0,6,577,28,549,21,0,0,21,222,11,198,5,8,
3175081005,DKI JAKARTA,JAKARTA TIMUR,MAKASAR,CIPINANG MELAYU,415,3,23,2,387,3,0,0,0,3,5,0,0,5,805,21,784,20,0,0,20,300,4,276,7,13,
3175031006,DKI JAKARTA,JAKARTA TIMUR,JATINEGARA,CIPINANG MUARA,491,5,17,1,468,5,0,0,0,5,9,0,0,9,1048,46,1002,32,0,0,32,446,10,389,6,41,
3174051003,DKI JAKARTA,JAKARTA SELATAN,KEBAYORAN LAMA,CIPULIR,390,4,30,4,352,6,0,0,0,6,6,0,0,6,580,26,554,8,0,0,8,265,5,245,4,11,
3175091001,DKI JAKARTA,JAKARTA TIMUR,CIRACAS,CIRACAS,1058,4,81,9,964,3,0,0,0,3,29,0,6,23,1764,26,1738,45,0,0,45,518,10,462,16,30,
3175041003,DKI JAKARTA,JAKARTA TIMUR,KRAMAT JATI,DUKUH,337,2,25,1,309,0,0,0,0,0,1,0,0,1,819,106,713,14,0,0,14,200,2,183,4,11,
3175071001,DKI JAKARTA,JAKARTA TIMUR,DUREN SAWIT,DUREN SAWIT,948,9,30,3,906,18,0,0,0,18,4,0,0,4,1260,65,1195,37,0,0,37,624,9,569,14,32,
3174081004,DKI JAKARTA,JAKARTA SELATAN,PANCORAN,DUREN TIGA,482,13,17,0,452,2,0,0,0,2,6,0,0,6,681,14,667,3,0,0,3,221,8,201,2,10,
3173051005,DKI JAKARTA,JAKARTA BARAT,KEBON JERUK,DURI KEPA,626,10,49,2,565,3,0,0,0,3,12,0,0,12,1400,48,1352,74,0,0,74,447,13,403,13,18,
3173011002,DKI JAKARTA,JAKARTA BARAT,CENGKARENG,DURI KOSAMBI,701,12,57,3,629,1,1,0,0,0,4,0,0,4,1264,63,1201,11,0,0,11,504,3,447,8,46,
3171011006,DKI JAKARTA,JAKARTA PUSAT,GAMBIR,DURI PULO,218,2,13,3,200,0,0,0,0,0,1,0,0,1,541,33,508,7,0,0,7,195,1,175,7,12,
3173041011,DKI JAKARTA,JAKARTA BARAT,TAMBORA,DURI SELATAN,196,5,7,1,183,0,0,0,0,0,2,0,0,2,193,20,173,4,0,0,4,90,2,79,3,6,
3173041003,DKI JAKARTA,JAKARTA BARAT,TAMBORA,DURI UTARA,234,3,12,2,217,1,0,0,0,1,2,0,0,2,252,13,239,5,0,0,5,150,2,139,4,5,
3171081003,DKI JAKARTA,JAKARTA PUSAT,JOHAR BARU,GALUR,243,0,13,0,230,4,1,0,0,3,3,0,0,3,575,24,551,46,0,0,46,217,1,203,10,3,
3171011001,DKI JAKARTA,JAKARTA PUSAT,GAMBIR,GAMBIR,116,0,3,0,113,1,0,0,0,1,17,0,0,17,436,8,428,6,0,0,6,189,1,178,1,9,
3174061004,DKI JAKARTA,JAKARTA SELATAN,CILANDAK,GANDARIA SELATAN,251,1,16,0,234,2,0,0,0,2,20,0,0,20,755,31,724,4,0,0,4,173,0,160,5,8,
3174071009,DKI JAKARTA,JAKARTA SELATAN,KEBAYORAN BARU,GANDARIA UTARA,731,7,54,2,668,0,0,0,0,0,3,0,0,3,736,37,699,6,0,0,6,243,7,212,5,19,
3175051001,DKI JAKARTA,JAKARTA TIMUR,PASAR REBO,GEDONG,826,4,35,0,787,0,0,0,0,0,4,0,0,4,509,46,463,25,0,0,25,299,6,249,4,40,
3171071001,DKI JAKARTA,JAKARTA PUSAT,TANAH ABANG,GELORA,83,0,5,1,77,0,0,0,0,0,5,0,0,5,233,5,228,0,0,0,0,115,0,107,2,6,
3173031007,DKI JAKARTA,JAKARTA BARAT,TAMAN SARI,GLODOK,119,2,1,0,116,0,0,0,0,0,1,0,0,1,187,12,175,1,0,0,1,45,0,41,2,2,
3171061004,DKI JAKARTA,JAKARTA PUSAT,MENTENG,GONDANGDIA,77,1,5,1,70,0,0,0,0,0,13,0,0,13,157,4,153,7,0,0,7,62,2,53,3,4,
3173021001,DKI JAKARTA,JAKARTA BARAT,GROGOL PETAMBURAN,GROGOL,553,0,27,4,522,1,0,0,0,1,45,0,0,45,1067,43,1024,36,0,0,36,270,2,256,2,10,
3174051005,DKI JAKARTA,JAKARTA SELATAN,KEBAYORAN LAMA,GROGOL SELATAN,469,5,48,5,411,0,0,0,0,0,12,0,0,12,671,33,638,14,0,0,14,303,4,252,7,40,
3174051004,DKI JAKARTA,JAKARTA SELATAN,KEBAYORAN LAMA,GROGOL UTARA,483,4,25,4,450,0,0,0,0,0,24,0,0,24,682,31,651,17,0,0,17,370,4,313,12,41,
3174021007,DKI JAKARTA,JAKARTA SELATAN,SETIA BUDI,GUNTUR,68,2,3,0,63,0,0,0,0,0,1,0,0,1,220,12,208,1,0,0,1,62,2,55,1,4,
3174071002,DKI JAKARTA,JAKARTA SELATAN,KEBAYORAN BARU,GUNUNG,314,0,18,3,293,0,0,0,0,0,7,0,0,7,401,11,390,0,0,0,0,132,2,123,3,4,
3171031005,DKI JAKARTA,JAKARTA PUSAT,KEMAYORAN,GUNUNG SAHARI SELATAN,347,0,14,1,332,0,0,0,0,0,5,0,0,5,587,33,554,1,0,0,1,205,1,190,7,7,
3171021004,DKI JAKARTA,JAKARTA PUSAT,SAWAH BESAR,GUNUNG SAHARI UTARA,304,3,12,1,288,2,1,0,0,1,7,0,0,7,591,12,579,11,0,0,11,183,0,170,10,3,
3175081004,DKI JAKARTA,JAKARTA TIMUR,MAKASAR,HALIM PERDANA KUSUMAH,278,1,11,2,264,0,0,0,0,0,6,0,0,6,619,36,583,9,0,0,9,473,17,438,6,12,
3171031003,DKI JAKARTA,JAKARTA PUSAT,KEMAYORAN,HARAPAN MULIA,394,1,18,3,372,1,0,0,0,1,6,0,0,6,619,27,592,33,0,0,33,282,3,264,9,6,
3174091001,DKI JAKARTA,JAKARTA SELATAN,JAGAKARSA,JAGAKARSA,1120,7,30,2,1081,8,0,0,0,8,8,0,0,8,1299,92,1207,20,0,0,20,435,4,412,6,13,
3175021007,DKI JAKARTA,JAKARTA TIMUR,PULO GADUNG,JATI,398,3,12,1,382,0,0,0,0,0,9,0,0,9,1040,49,991,38,0,0,38,288,1,270,6,11,
3174041002,DKI JAKARTA,JAKARTA SELATAN,PASAR MINGGU,JATI PADANG,590,12,46,2,530,0,0,0,0,0,4,0,0,4,744,54,690,72,0,0,72,248,9,213,5,21,
3173071004,DKI JAKARTA,JAKARTA BARAT,PALMERAH,JATI PULO,583,0,31,4,548,2,0,0,0,2,4,0,0,4,842,43,799,64,0,0,64,330,3,302,10,15,
3175061001,DKI JAKARTA,JAKARTA TIMUR,CAKUNG,JATINEGARA,851,7,113,3,728,1,0,0,0,1,4,0,1,3,1692,119,1573,49,0,0,49,645,9,571,10,55,
3175021004,DKI JAKARTA,JAKARTA TIMUR,PULO GADUNG,JATINEGARA KAUM,147,2,8,0,137,1,0,0,1,0,3,0,0,3,441,40,401,12,0,0,12,135,2,111,6,16,
3173021004,DKI JAKARTA,JAKARTA BARAT,GROGOL PETAMBURAN,JELAMBAR,518,6,32,5,475,2,0,0,0,2,27,0,0,27,907,61,846,14,0,0,14,307,6,260,7,34,
3173021006,DKI JAKARTA,JAKARTA BARAT,GROGOL PETAMBURAN,JELAMBAR BARU,428,2,19,2,405,2,0,0,0,2,4,0,0,4,747,72,675,22,0,0,22,235,3,205,5,22,
3173041006,DKI JAKARTA,JAKARTA BARAT,TAMBORA,JEMBATAN BESI,581,3,14,1,563,1,0,0,0,1,5,0,0,5,524,21,503,9,0,0,9,272,3,239,8,22,
3173041008,DKI JAKARTA,JAKARTA BARAT,TAMBORA,JEMBATAN LIMA,235,1,22,0,212,0,0,0,0,0,1,0,0,1,234,8,226,5,0,0,5,161,0,135,4,22,
3173081005,DKI JAKARTA,JAKARTA BARAT,KEMBANGAN,JOGLO,592,7,68,4,513,1,0,0,0,1,5,0,0,5,849,49,800,15,0,0,15,276,6,245,5,20,
3171081001,DKI JAKARTA,JAKARTA PUSAT,JOHAR BARU,JOHAR BARU,767,12,40,3,712,7,2,0,0,5,11,0,0,11,2052,112,1940,101,0,0,101,550,8,492,19,31,
3173041002,DKI JAKARTA,JAKARTA BARAT,TAMBORA,KALI ANYAR,410,3,16,0,391,1,0,0,0,1,4,0,0,4,375,13,362,14,0,0,14,208,1,194,7,6,
3172041004,DKI JAKARTA,JAKARTA UTARA,CILINCING,KALI BARU,610,12,44,5,549,0,0,0,0,0,5,0,0,5,719,27,692,46,0,0,46,367,1,343,9,14,
3174081002,DKI JAKARTA,JAKARTA SELATAN,PANCORAN,KALIBATA,665,3,15,4,643,7,0,0,0,7,12,0,0,12,946,35,911,12,0,0,12,355,7,323,8,17,
3173061001,DKI JAKARTA,JAKARTA BARAT,KALI DERES,KALIDERES,1348,15,84,4,1245,1,0,0,0,1,6,0,0,6,2453,109,2344,30,0,0,30,553,6,486,9,52,
3175051004,DKI JAKARTA,JAKARTA TIMUR,PASAR REBO,KALISARI,1145,6,51,0,1088,0,0,0,0,0,3,0,0,3,609,32,577,13,0,0,13,316,10,276,6,24,
3173061004,DKI JAKARTA,JAKARTA BARAT,KALI DERES,KAMAL,379,2,27,3,347,0,0,0,0,0,1,0,0,1,617,35,582,5,0,0,5,106,4,73,9,20,
3172011002,DKI JAKARTA,JAKARTA UTARA,PENJARINGAN,KAMAL MUARA,119,6,4,0,109,0,0,0,0,0,4,0,0,4,244,24,220,2,0,0,2,99,1,90,2,6,
3171071007,DKI JAKARTA,JAKARTA PUSAT,TANAH ABANG,KAMPUNG BALI,154,0,3,2,149,1,0,0,0,1,2,0,0,2,344,13,331,2,0,0,2,84,1,75,4,4,
3175031001,DKI JAKARTA,JAKARTA TIMUR,JATINEGARA,KAMPUNG MELAYU,266,9,5,5,247,2,0,0,0,2,7,0,0,7,371,16,355,7,0,0,7,277,6,251,5,15,
3171081002,DKI JAKARTA,JAKARTA PUSAT,JOHAR BARU,KAMPUNG RAWA,345,0,25,0,320,2,0,0,0,2,2,0,1,1,836,31,805,66,0,0,66,291,4,262,14,11,
3175041002,DKI JAKARTA,JAKARTA TIMUR,KRAMAT JATI,KAMPUNG TENGAH,661,9,50,1,601,4,2,0,0,2,9,0,0,9,1348,107,1241,54,0,0,54,352,4,313,13,22,
3173011005,DKI JAKARTA,JAKARTA BARAT,CENGKARENG,KAPUK,948,6,68,16,858,2,0,0,0,2,12,0,0,12,1759,95,1664,14,0,0,14,758,20,617,21,100,
3172011003,DKI JAKARTA,JAKARTA UTARA,PENJARINGAN,KAPUK MUARA,283,4,14,0,265,1,0,0,0,1,20,0,10,10,691,53,638,26,0,0,26,203,7,171,7,18,
3171021002,DKI JAKARTA,JAKARTA PUSAT,SAWAH BESAR,KARANG ANYAR,503,3,18,5,477,1,0,0,0,1,4,0,0,4,971,38,933,14,0,0,14,240,4,220,7,9,
3174021004,DKI JAKARTA,JAKARTA SELATAN,SETIA BUDI,KARET,154,1,8,0,145,0,0,0,0,0,11,0,0,11,412,7,405,4,0,0,4,136,0,134,0,2,
3174021003,DKI JAKARTA,JAKARTA SELATAN,SETIA BUDI,KARET KUNINGAN,336,3,25,1,307,0,0,0,0,0,22,0,0,22,461,32,429,4,0,0,4,241,5,221,5,10,
3174021002,DKI JAKARTA,JAKARTA SELATAN,SETIA BUDI,KARET SEMANGGI,76,0,10,1,65,0,0,0,0,0,3,0,0,3,93,2,91,2,0,0,2,29,0,25,2,2,
3171071003,DKI JAKARTA,JAKARTA PUSAT,TANAH ABANG,KARET TENGSIN,307,2,14,0,291,1,0,0,0,1,8,0,0,8,802,39,763,2,0,0,2,183,8,153,7,15,
3171021003,DKI JAKARTA,JAKARTA PUSAT,SAWAH BESAR,KARTINI,357,1,14,1,341,1,0,0,0,1,0,0,0,0,738,32,706,18,0,0,18,249,0,233,5,11,
3175011003,DKI JAKARTA,JAKARTA TIMUR,MATRAMAN,KAYU MANIS,422,7,14,0,401,3,0,0,0,3,2,0,0,2,788,35,753,30,0,0,30,252,1,236,6,9,
3175021006,DKI JAKARTA,JAKARTA TIMUR,PULO GADUNG,KAYU PUTIH,555,7,21,4,523,1,0,0,1,0,15,0,0,15,1208,49,1159,59,0,0,59,373,7,340,11,15,
3173031006,DKI JAKARTA,JAKARTA BARAT,TAMAN SARI,KEAGUNGAN,320,2,9,0,309,0,0,0,0,0,3,0,0,3,518,10,508,10,0,0,10,195,1,180,1,13,
3174041007,DKI JAKARTA,JAKARTA SELATAN,PASAR MINGGU,KEBAGUSAN,711,9,45,1,656,3,0,0,0,3,4,0,1,3,846,96,750,39,0,0,39,265,5,219,1,40,
3174051006,DKI JAKARTA,JAKARTA SELATAN,KEBAYORAN LAMA,KEBAYORAN LAMA SELATAN,679,4,40,0,635,5,0,0,0,5,2,0,0,2,836,27,809,14,0,0,14,318,4,287,6,21,
3174051001,DKI JAKARTA,JAKARTA SELATAN,KEBAYORAN LAMA,KEBAYORAN LAMA UTARA,501,10,37,1,453,1,0,0,0,1,15,0,0,15,572,35,537,4,0,0,4,256,4,217,5,30,
3174011004,DKI JAKARTA,JAKARTA SELATAN,TEBET,KEBON BARU,458,1,28,2,427,0,0,0,0,0,15,0,0,15,769,37,732,22,0,0,22,244,5,218,8,13,
3172021005,DKI JAKARTA,JAKARTA UTARA,TANJUNG PRIOK,KEBON BAWANG,819,3,46,1,769,0,0,0,0,0,15,0,0,15,1410,84,1326,89,0,0,89,452,8,420,4,20,
3173051001,DKI JAKARTA,JAKARTA BARAT,KEBON JERUK,KEBON JERUK,928,4,53,6,865,2,0,0,0,2,13,0,0,13,2197,93,2104,62,0,0,62,722,12,652,18,40,
3171071006,DKI JAKARTA,JAKARTA PUSAT,TANAH ABANG,KEBON KACANG,481,3,9,1,468,1,0,0,0,1,0,0,0,0,614,27,587,7,0,0,7,308,5,286,12,5,
3171011005,DKI JAKARTA,JAKARTA PUSAT,GAMBIR,KEBON KELAPA,167,2,5,1,159,3,0,0,0,3,4,0,0,4,334,10,324,3,0,0,3,99,0,96,1,2,
3171031002,DKI JAKARTA,JAKARTA PUSAT,KEMAYORAN,KEBON KOSONG,417,6,30,5,376,1,1,0,0,0,9,0,1,8,570,26,544,33,0,0,33,262,6,239,7,10,
3175011005,DKI JAKARTA,JAKARTA TIMUR,MATRAMAN,KEBON MANGGIS,222,2,10,4,206,0,0,0,0,0,2,0,0,2,320,14,306,24,0,0,24,163,2,154,3,4,
3171071005,DKI JAKARTA,JAKARTA PUSAT,TANAH ABANG,KEBON MELATI,560,2,23,3,532,1,0,0,0,1,5,0,0,5,1037,21,1016,10,0,0,10,496,3,474,9,10,
3175081003,DKI JAKARTA,JAKARTA TIMUR,MAKASAR,KEBON PALA,403,5,11,1,386,1,0,0,0,1,6,0,0,6,1059,34,1025,18,0,0,18,388,7,357,11,13,
3171061005,DKI JAKARTA,JAKARTA PUSAT,MENTENG,KEBON SIRIH,187,3,7,2,175,0,0,0,0,0,4,0,0,4,332,9,323,20,0,0,20,151,3,137,2,9,
3173011004,DKI JAKARTA,JAKARTA BARAT,CENGKARENG,KEDAUNG KALI ANGKE,532,6,31,0,495,0,0,0,0,0,1,0,0,1,676,31,645,7,0,0,7,367,3,338,7,19,
3173051007,DKI JAKARTA,JAKARTA BARAT,KEBON JERUK,KEDOYA SELATAN,470,3,30,5,432,2,0,0,0,2,8,0,0,8,831,48,783,22,0,0,22,254,5,219,7,23,
3173051006,DKI JAKARTA,JAKARTA BARAT,KEBON JERUK,KEDOYA UTARA,498,3,31,2,462,1,0,0,0,1,15,0,0,15,1036,65,971,22,0,0,22,354,8,310,8,28,
3173051004,DKI JAKARTA,JAKARTA BARAT,KEBON JERUK,KELAPA DUA,361,3,20,0,338,0,0,0,0,0,5,0,0,5,763,37,726,23,0,0,23,216,8,195,3,10,
3175091003,DKI JAKARTA,JAKARTA TIMUR,CIRACAS,KELAPA DUA WETAN,683,4,30,1,648,1,0,0,0,1,8,0,0,8,1234,24,1210,37,0,0,37,257,2,235,3,17,
3172061003,DKI JAKARTA,JAKARTA UTARA,KELAPA GADING,KELAPA GADING BARAT,1038,11,52,3,972,2,0,0,0,2,49,0,0,49,1444,74,1370,215,0,0,215,451,8,420,6,17,
3172061001,DKI JAKARTA,JAKARTA UTARA,KELAPA GADING,KELAPA GADING TIMUR,789,4,37,2,746,3,0,0,0,3,23,0,0,23,1370,55,1315,129,0,0,129,367,5,327,9,26,
3173071005,DKI JAKARTA,JAKARTA BARAT,PALMERAH,KEMANGGISAN,727,4,57,6,660,0,0,0,0,0,9,0,1,8,1027,48,979,52,0,0,52,374,17,331,11,15,
3171031001,DKI JAKARTA,JAKARTA PUSAT,KEMAYORAN,KEMAYORAN,451,4,26,3,418,2,2,0,0,0,3,0,0,3,651,22,629,27,0,0,27,343,1,324,10,8,
3173081006,DKI JAKARTA,JAKARTA BARAT,KEMBANGAN,KEMBANGAN SELATAN,344,4,27,1,312,0,0,0,0,0,8,0,0,8,703,38,665,54,0,0,54,228,4,205,5,14,
3173081001,DKI JAKARTA,JAKARTA BARAT,KEMBANGAN,KEMBANGAN UTARA,727,3,37,3,684,4,0,0,1,3,3,0,0,3,1727,65,1662,11,0,0,11,370,9,322,6,33,
3171041002,DKI JAKARTA,JAKARTA PUSAT,SENEN,KENARI,260,0,7,1,252,1,0,0,0,1,8,0,0,8,599,32,567,46,0,0,46,195,1,178,3,13,
3173041005,DKI JAKARTA,JAKARTA BARAT,TAMBORA,KERENDANG,294,2,13,2,277,1,0,0,0,1,0,0,0,0,230,7,223,9,0,0,9,153,2,134,8,9,
3175071003,DKI JAKARTA,JAKARTA TIMUR,DUREN SAWIT,KLENDER,715,12,25,2,676,4,0,0,0,4,5,0,0,5,1209,68,1141,35,0,0,35,497,7,431,17,42,
3172031001,DKI JAKARTA,JAKARTA UTARA,KOJA,KOJA,364,5,21,0,338,0,0,0,0,0,4,0,0,4,489,8,481,48,0,0,48,384,2,357,9,16,
3173071006,DKI JAKARTA,JAKARTA BARAT,PALMERAH,KOTA BAMBU SELATAN,547,1,15,5,526,0,0,0,0,0,1,0,0,1,918,22,896,73,0,0,73,295,7,274,5,9,
3173071003,DKI JAKARTA,JAKARTA BARAT,PALMERAH,KOTA BAMBU UTARA,463,2,23,11,427,3,2,0,0,1,3,0,0,3,625,27,598,54,0,0,54,265,8,238,9,10,
3171041004,DKI JAKARTA,JAKARTA PUSAT,SENEN,KRAMAT,481,4,40,6,431,0,0,0,0,0,10,0,2,8,1041,61,980,35,0,0,35,329,3,299,11,16,
3175041001,DKI JAKARTA,JAKARTA TIMUR,KRAMAT JATI,KRAMAT JATI,494,6,35,1,452,1,0,0,0,1,12,0,0,12,1050,94,956,23,0,0,23,432,24,374,12,22,
3174071003,DKI JAKARTA,JAKARTA SELATAN,KEBAYORAN BARU,KRAMAT PELA,289,3,12,0,274,0,0,0,0,0,0,0,0,0,535,18,517,7,0,0,7,169,2,156,3,8,
3173031002,DKI JAKARTA,JAKARTA BARAT,TAMAN SARI,KRUKUT,317,2,21,6,288,2,1,0,0,1,3,0,0,3,519,34,485,13,0,0,13,213,2,188,4,19,
3174031005,DKI JAKARTA,JAKARTA SELATAN,MAMPANG PRAPATAN,KUNINGAN BARAT,155,2,9,1,143,1,0,0,0,1,0,0,0,0,510,18,492,5,0,0,5,153,4,142,2,5,
3174021008,DKI JAKARTA,JAKARTA SELATAN,SETIA BUDI,KUNINGAN TIMUR,202,2,42,1,157,1,0,0,0,1,20,0,0,20,251,26,225,3,0,0,3,134,1,124,2,7,
3171041005,DKI JAKARTA,JAKARTA PUSAT,SENEN,KWITANG,265,3,10,0,252,3,0,0,0,3,7,0,0,7,532,36,496,11,0,0,11,137,0,125,6,6,
3172031003,DKI JAKARTA,JAKARTA UTARA,KOJA,LAGOA,743,8,28,1,706,1,0,0,0,1,5,0,0,5,817,28,789,79,0,0,79,689,8,652,15,14,
3174061002,DKI JAKARTA,JAKARTA SELATAN,CILANDAK,LEBAK BULUS,509,4,53,2,450,3,0,0,0,3,27,0,0,27,1168,65,1103,22,0,0,22,490,12,445,11,22,
3174091004,DKI JAKARTA,JAKARTA SELATAN,JAGAKARSA,LENTENG AGUNG,893,3,46,0,844,4,1,0,0,3,6,0,0,6,888,101,787,16,0,0,16,298,8,253,3,34,
LUAR DKI JAKARTA,LUAR DKI JAKARTA,LUAR DKI JAKARTA,LUAR DKI JAKARTA,LUAR DKI JAKARTA,48185,507,3442,98,44138,97,4,0,0,93,676,0,7,669,74775,7076,67699,2629,0,0,2629,8410,217,7752,135,306,
3175101007,DKI JAKARTA,JAKARTA TIMUR,CIPAYUNG,LUBANG BUAYA,936,9,32,3,892,3,1,0,0,2,10,0,0,10,908,35,873,34,0,0,34,455,8,421,3,23,
3175081001,DKI JAKARTA,JAKARTA TIMUR,MAKASAR,MAKASAR,431,7,31,1,392,0,0,0,0,0,8,0,0,8,1326,40,1286,25,0,0,25,343,6,304,7,26,
3175071006,DKI JAKARTA,JAKARTA TIMUR,DUREN SAWIT,MALAKA JAYA,373,4,12,2,355,1,0,0,0,1,2,0,0,2,728,32,696,16,0,0,16,258,4,237,4,13,
3175071005,DKI JAKARTA,JAKARTA TIMUR,DUREN SAWIT,MALAKA SARI,346,6,9,1,330,0,0,0,0,0,1,0,0,1,654,32,622,15,0,0,15,230,4,208,4,14,
3174031001,DKI JAKARTA,JAKARTA SELATAN,MAMPANG PRAPATAN,MAMPANG PRAPATAN,353,3,14,2,334,2,1,0,0,1,0,0,0,0,1085,34,1051,10,0,0,10,333,1,311,11,10,
3173031005,DKI JAKARTA,JAKARTA BARAT,TAMAN SARI,MANGGA BESAR,165,1,10,1,153,1,0,0,0,1,0,0,0,0,205,8,197,6,0,0,6,80,0,72,4,4,
3171021005,DKI JAKARTA,JAKARTA PUSAT,SAWAH BESAR,MANGGA DUA SELATAN,457,9,26,1,421,3,0,0,0,3,1,0,0,1,908,47,861,19,0,0,19,273,1,247,6,19,
3174011007,DKI JAKARTA,JAKARTA SELATAN,TEBET,MANGGARAI,473,4,20,0,449,4,0,0,0,4,4,0,0,4,657,70,587,27,0,0,27,267,6,242,2,17,
3174011006,DKI JAKARTA,JAKARTA SELATAN,TEBET,MANGGARAI SELATAN,333,3,17,2,311,0,0,0,0,0,6,0,0,6,536,38,498,24,0,0,24,165,2,145,8,10,
3173031003,DKI JAKARTA,JAKARTA BARAT,TAMAN SARI,MAPHAR,262,3,18,1,240,0,0,0,0,0,6,0,0,6,420,14,406,41,0,0,41,220,3,209,3,5,
3172041003,DKI JAKARTA,JAKARTA UTARA,CILINCING,MARUNDA,328,4,22,0,302,3,0,0,0,3,0,0,0,0,382,9,373,16,0,0,16,127,0,118,1,8,
3174071001,DKI JAKARTA,JAKARTA SELATAN,KEBAYORAN BARU,MELAWAI,92,1,16,0,75,0,0,0,0,0,1,0,0,1,102,11,91,0,0,0,0,21,1,18,1,1,
3171061001,DKI JAKARTA,JAKARTA PUSAT,MENTENG,MENTENG,509,10,22,2,475,2,0,0,0,2,5,0,0,5,905,61,844,27,0,0,27,302,3,280,10,9,
3174021005,DKI JAKARTA,JAKARTA SELATAN,SETIA BUDI,MENTENG ATAS,450,8,35,3,404,2,0,0,0,2,55,0,0,55,1472,76,1396,39,0,0,39,332,6,296,8,22,
3174011003,DKI JAKARTA,JAKARTA SELATAN,TEBET,MENTENG DALAM,682,11,32,4,635,4,0,0,0,4,13,0,0,13,828,55,773,46,0,0,46,297,18,250,8,21,
3173081003,DKI JAKARTA,JAKARTA BARAT,KEMBANGAN,MERUYA SELATAN,464,0,41,1,422,1,0,0,0,1,5,0,0,5,870,44,826,17,0,0,17,278,6,239,4,29,
3173081002,DKI JAKARTA,JAKARTA BARAT,KEMBANGAN,MERUYA UTARA,680,6,56,6,612,1,0,0,1,0,8,0,0,8,1106,56,1050,11,0,0,11,337,5,306,4,22,
3175101004,DKI JAKARTA,JAKARTA TIMUR,CIPAYUNG,MUNJUL,336,2,33,0,301,0,0,0,0,0,3,0,0,3,432,15,417,25,0,0,25,138,5,113,1,19,
3172051002,DKI JAKARTA,JAKARTA UTARA,PADEMANGAN,PADEMANGAN BARAT,1982,13,82,5,1882,5,0,0,0,5,16,0,1,15,2610,85,2525,37,0,0,37,802,5,748,23,26,
3172051001,DKI JAKARTA,JAKARTA UTARA,PADEMANGAN,PADEMANGAN TIMUR,707,2,37,3,665,2,0,0,0,2,15,0,2,13,955,28,927,23,0,0,23,322,4,300,6,12,
3175011004,DKI JAKARTA,JAKARTA TIMUR,MATRAMAN,PAL MERIAM,307,6,18,2,281,2,0,0,0,2,3,0,0,3,725,25,700,64,0,0,64,258,5,231,6,16,
3173071001,DKI JAKARTA,JAKARTA BARAT,PALMERAH,PALMERAH,1440,6,110,2,1322,0,0,0,0,0,2,0,0,2,2098,116,1982,80,0,0,80,624,15,542,22,45,
3174081001,DKI JAKARTA,JAKARTA SELATAN,PANCORAN,PANCORAN,463,4,13,0,446,1,0,0,0,1,9,0,0,9,669,35,634,7,0,0,7,287,7,267,4,9,
3172021003,DKI JAKARTA,JAKARTA UTARA,TANJUNG PRIOK,PAPANGGO,543,5,39,0,499,1,0,0,0,1,7,0,0,7,947,45,902,69,0,0,69,301,1,289,3,8,
3171021001,DKI JAKARTA,JAKARTA PUSAT,SAWAH BESAR,PASAR BARU,267,0,18,2,247,2,0,0,0,2,9,0,1,8,549,45,504,12,0,0,12,195,1,184,2,8,
3174021006,DKI JAKARTA,JAKARTA SELATAN,SETIA BUDI,PASAR MANGGIS,294,4,17,3,270,4,0,0,0,4,29,0,0,29,1052,66,986,18,0,0,18,294,1,257,11,25,
3174041001,DKI JAKARTA,JAKARTA SELATAN,PASAR MINGGU,PASAR MINGGU,515,6,27,1,481,3,0,0,0,3,7,0,0,7,700,28,672,21,0,0,21,261,3,244,7,7,
3171041003,DKI JAKARTA,JAKARTA PUSAT,SENEN,PASEBAN,605,2,15,1,587,4,0,0,0,4,23,0,1,22,1185,98,1087,63,0,0,63,368,7,325,9,27,
3173061005,DKI JAKARTA,JAKARTA BARAT,KALI DERES,PEGADUNGAN,869,12,62,7,788,1,1,0,0,0,10,0,0,10,1659,77,1582,18,0,0,18,352,5,301,8,38,
3171061002,DKI JAKARTA,JAKARTA PUSAT,MENTENG,PEGANGSAAN,423,1,16,2,404,3,0,0,0,3,3,0,0,3,961,39,922,52,0,0,52,382,1,367,5,9,
3172061002,DKI JAKARTA,JAKARTA UTARA,KELAPA GADING,PEGANGSAAN DUA,980,3,77,1,899,2,0,0,0,2,45,0,2,43,2010,125,1885,208,0,0,208,528,10,475,11,32,
3172011004,DKI JAKARTA,JAKARTA UTARA,PENJARINGAN,PEJAGALAN,674,4,36,2,632,3,0,0,0,3,11,0,3,8,1140,74,1066,34,0,0,34,394,12,346,7,29,
3174041006,DKI JAKARTA,JAKARTA SELATAN,PASAR MINGGU,PEJATEN BARAT,578,3,37,2,536,8,0,0,0,8,2,0,0,2,831,58,773,74,0,0,74,301,16,247,2,36,
3174041005,DKI JAKARTA,JAKARTA SELATAN,PASAR MINGGU,PEJATEN TIMUR,602,6,31,1,564,4,0,0,0,4,3,0,0,3,805,58,747,40,0,0,40,305,8,259,12,26,
3175051005,DKI JAKARTA,JAKARTA TIMUR,PASAR REBO,PEKAYON,997,5,56,1,935,2,0,0,0,2,3,0,0,3,439,19,420,14,0,0,14,268,12,236,5,15,
3173041009,DKI JAKARTA,JAKARTA BARAT,TAMBORA,PEKOJAN,331,4,13,2,312,0,0,0,0,0,3,0,0,3,284,6,278,18,0,0,18,151,6,136,5,4,
3174031003,DKI JAKARTA,JAKARTA SELATAN,MAMPANG PRAPATAN,PELA MAMPANG,480,5,22,2,451,4,0,0,0,4,15,0,0,15,1617,59,1558,6,0,0,6,392,5,345,6,36,
3174081005,DKI JAKARTA,JAKARTA SELATAN,PANCORAN,PENGADEGAN,249,3,9,2,235,0,0,0,0,0,8,0,0,8,465,17,448,11,0,0,11,139,8,121,1,9,
3175061003,DKI JAKARTA,JAKARTA TIMUR,CAKUNG,PENGGILINGAN,879,3,74,1,801,2,0,0,0,2,11,0,0,11,2066,118,1948,85,0,0,85,668,8,614,14,32,
3172011001,DKI JAKARTA,JAKARTA UTARA,PENJARINGAN,PENJARINGAN,1343,17,75,4,1247,3,1,0,0,2,24,0,0,24,3165,111,3054,122,0,0,122,754,7,681,16,50,
3174101001,DKI JAKARTA,JAKARTA SELATAN,PESANGGRAHAN,PESANGGRAHAN,537,5,53,4,475,2,0,0,1,1,0,0,0,0,1021,41,980,19,0,0,19,203,5,182,4,12,
3171071004,DKI JAKARTA,JAKARTA PUSAT,TANAH ABANG,PETAMBURAN,632,2,8,7,615,0,0,0,0,0,7,0,0,7,1007,43,964,12,0,0,12,464,15,418,13,18,
3174071008,DKI JAKARTA,JAKARTA SELATAN,KEBAYORAN BARU,PETOGOGAN,268,2,25,0,241,0,0,0,0,0,3,0,0,3,326,16,310,3,0,0,3,128,1,109,0,18,
3171011004,DKI JAKARTA,JAKARTA PUSAT,GAMBIR,PETOJO SELATAN,267,1,10,1,255,0,0,0,0,0,28,0,0,28,835,27,808,16,0,0,16,283,3,266,8,6,
3171011003,DKI JAKARTA,JAKARTA PUSAT,GAMBIR,PETOJO UTARA,238,4,12,3,219,1,0,0,0,1,12,0,0,12,449,27,422,26,0,0,26,167,1,159,3,4,
3174101004,DKI JAKARTA,JAKARTA SELATAN,PESANGGRAHAN,PETUKANGAN SELATAN,564,8,53,2,501,1,0,0,0,1,2,0,0,2,1050,67,983,9,0,0,9,272,2,234,4,32,
3174101003,DKI JAKARTA,JAKARTA SELATAN,PESANGGRAHAN,PETUKANGAN UTARA,630,7,44,4,575,6,2,0,0,4,6,0,0,6,1750,46,1704,10,0,0,10,372,6,339,2,25,
3175081002,DKI JAKARTA,JAKARTA TIMUR,MAKASAR,PINANG RANTI,313,6,16,1,290,0,0,0,0,0,2,0,0,2,773,33,740,29,0,0,29,206,3,185,5,13,
3173031008,DKI JAKARTA,JAKARTA BARAT,TAMAN SARI,PINANGSIA,167,2,13,1,151,0,0,0,0,0,2,0,0,2,273,15,258,4,0,0,4,124,3,115,0,6,
3175011001,DKI JAKARTA,JAKARTA TIMUR,MATRAMAN,PISANGAN BARU,412,1,9,3,399,2,1,0,0,1,5,0,0,5,653,42,611,35,0,0,35,242,6,215,8,13,
3175021002,DKI JAKARTA,JAKARTA TIMUR,PULO GADUNG,PISANGAN TIMUR,418,6,21,4,387,1,0,0,0,1,10,0,0,10,1200,190,1010,33,0,0,33,281,6,246,5,24,
3172011005,DKI JAKARTA,JAKARTA UTARA,PENJARINGAN,PLUIT,568,2,70,4,492,0,0,0,0,0,13,0,0,13,1457,79,1378,20,0,0,20,334,8,278,9,39,
3175071002,DKI JAKARTA,JAKARTA TIMUR,DUREN SAWIT,PONDOK BAMBU,1088,6,36,1,1045,5,0,0,0,5,3,0,0,3,1366,92,1274,36,0,0,36,508,12,451,12,33,
3175071004,DKI JAKARTA,JAKARTA TIMUR,DUREN SAWIT,PONDOK KELAPA,827,10,36,0,781,1,0,0,0,1,11,0,0,11,1422,84,1338,29,0,0,29,482,13,419,14,36,
3175071007,DKI JAKARTA,JAKARTA TIMUR,DUREN SAWIT,PONDOK KOPI,512,1,27,1,483,0,0,0,0,0,2,0,0,2,576,17,559,17,0,0,17,273,2,249,13,9,
3174061003,DKI JAKARTA,JAKARTA SELATAN,CILANDAK,PONDOK LABU,664,7,74,1,582,6,0,0,0,6,73,0,0,73,1278,45,1233,37,0,0,37,259,2,236,4,17,
3174051002,DKI JAKARTA,JAKARTA SELATAN,KEBAYORAN LAMA,PONDOK PINANG,737,5,49,4,679,0,0,0,0,0,44,0,0,44,991,54,937,12,0,0,12,399,11,340,10,38,
3175101003,DKI JAKARTA,JAKARTA TIMUR,CIPAYUNG,PONDOK RANGGON,323,1,14,3,305,0,0,0,0,0,3,0,0,3,536,38,498,22,0,0,22,221,6,194,1,20,
PROSES UPDATE DATA,PROSES UPDATE DATA,PROSES UPDATE DATA,PROSES UPDATE DATA,PROSES UPDATE DATA,16920,212,1090,1696,13922,3715,3,0,3702,10,116,0,1,115,39351,5248,34103,355,0,1,354,26079,323,24329,484,943,
3101011003,DKI JAKARTA,KAB.ADM.KEP.SERIBU,KEP. SERIBU UTARA,PULAU HARAPAN,67,0,1,0,66,0,0,0,0,0,0,0,0,0,88,11,77,0,0,0,0,6,0,6,0,0,
3101011002,DKI JAKARTA,KAB.ADM.KEP.SERIBU,KEP. SERIBU UTARA,PULAU KELAPA,83,0,2,1,80,0,0,0,0,0,3,0,0,3,215,32,183,1,0,0,1,9,1,8,0,0,
3101011001,DKI JAKARTA,KAB.ADM.KEP.SERIBU,KEP. SERIBU UTARA,PULAU PANGGANG,179,0,6,1,172,0,0,0,0,0,0,0,0,0,179,0,179,4,0,0,4,29,0,29,0,0,
3101021003,DKI JAKARTA,KAB.ADM.KEP.SERIBU,KEP. SERIBU SELATAN,PULAU PARI,13,0,1,0,12,0,0,0,0,0,0,0,0,0,200,2,198,1,0,0,1,7,0,6,0,1,
3101021002,DKI JAKARTA,KAB.ADM.KEP.SERIBU,KEP. SERIBU SELATAN,PULAU TIDUNG,39,0,1,0,38,1,0,0,1,0,1,0,0,1,398,4,394,1,0,0,1,37,0,37,0,0,
3101021001,DKI JAKARTA,KAB.ADM.KEP.SERIBU,KEP. SERIBU SELATAN,PULAU UNTUNG JAWA,25,0,0,0,25,0,0,0,0,0,0,0,0,0,112,0,112,0,0,0,0,5,0,5,0,0,
3174071007,DKI JAKARTA,JAKARTA SELATAN,KEBAYORAN BARU,PULO,306,0,4,1,301,1,0,0,0,1,1,0,0,1,234,6,228,0,0,0,0,59,1,57,0,1,
3175021001,DKI JAKARTA,JAKARTA TIMUR,PULO GADUNG,PULO GADUNG,483,5,26,2,450,0,0,0,0,0,11,0,0,11,1019,54,965,39,0,0,39,305,2,280,7,16,
3175061005,DKI JAKARTA,JAKARTA TIMUR,CAKUNG,PULO GEBANG,747,6,95,2,644,1,0,0,0,1,9,0,0,9,1595,100,1495,72,0,0,72,531,17,449,12,53,
3174041004,DKI JAKARTA,JAKARTA SELATAN,PASAR MINGGU,RAGUNAN,971,14,124,2,831,1,0,0,0,1,2,0,0,2,872,69,803,25,0,0,25,275,10,236,6,23,
3175091005,DKI JAKARTA,JAKARTA TIMUR,CIRACAS,RAMBUTAN,544,9,52,1,482,2,0,0,0,2,12,0,0,12,838,31,807,29,0,0,29,249,11,209,4,25,
3172031006,DKI JAKARTA,JAKARTA UTARA,KOJA,RAWA BADAK SELATAN,588,12,23,2,551,2,0,0,0,2,2,0,0,2,651,27,624,59,0,0,59,364,2,328,5,29,
3172031004,DKI JAKARTA,JAKARTA UTARA,KOJA,RAWA BADAK UTARA,542,5,15,1,521,0,0,0,0,0,2,0,0,2,621,26,595,96,0,0,96,287,4,255,4,24,
3174071005,DKI JAKARTA,JAKARTA SELATAN,KEBAYORAN BARU,RAWA BARAT,117,0,7,2,108,0,0,0,0,0,2,0,0,2,193,4,189,0,0,0,0,50,0,42,1,7,
3173011003,DKI JAKARTA,JAKARTA BARAT,CENGKARENG,RAWA BUAYA,481,8,36,2,435,1,0,0,0,1,6,0,0,6,931,37,894,6,0,0,6,393,8,339,14,32,
3175031004,DKI JAKARTA,JAKARTA TIMUR,JATINEGARA,RAWA BUNGA,185,5,6,1,173,0,0,0,0,0,1,0,0,1,335,20,315,16,0,0,16,162,2,147,3,10,
3174081003,DKI JAKARTA,JAKARTA SELATAN,PANCORAN,RAWA JATI,348,3,9,0,336,2,0,0,0,2,11,0,0,11,629,33,596,7,0,0,7,139,2,124,0,13,
3175061002,DKI JAKARTA,JAKARTA TIMUR,CAKUNG,RAWA TERATE,190,0,23,0,167,0,0,0,0,0,2,0,0,2,447,44,403,8,0,0,8,199,1,191,1,6,
3175021005,DKI JAKARTA,JAKARTA TIMUR,PULO GADUNG,RAWAMANGUN,420,4,24,0,392,1,0,0,0,1,9,0,0,9,1047,64,983,36,0,0,36,341,4,300,10,27,
3171051003,DKI JAKARTA,JAKARTA PUSAT,CEMPAKA PUTIH,RAWASARI,829,5,22,2,800,7,3,0,1,3,10,0,0,10,1525,73,1452,38,0,0,38,447,9,420,6,12,
3173041010,DKI JAKARTA,JAKARTA BARAT,TAMBORA,ROA MALAKA,41,0,1,0,40,1,0,0,0,1,0,0,0,0,48,3,45,2,0,0,2,16,1,15,0,0,
3172041006,DKI JAKARTA,JAKARTA UTARA,CILINCING,ROROTAN,480,5,42,2,431,0,0,0,0,0,4,0,0,4,678,21,657,81,0,0,81,190,6,175,2,7,
3174071004,DKI JAKARTA,JAKARTA SELATAN,KEBAYORAN BARU,SELONG,100,0,7,0,93,0,0,0,0,0,3,0,0,3,151,8,143,3,0,0,3,28,1,25,1,1,
3173061002,DKI JAKARTA,JAKARTA BARAT,KALI DERES,SEMANAN,691,7,41,3,640,1,0,0,0,1,3,0,0,3,1299,60,1239,9,0,0,9,285,4,251,4,26,
3172041007,DKI JAKARTA,JAKARTA UTARA,CILINCING,SEMPER BARAT,932,8,69,1,854,3,0,0,0,3,12,0,0,12,1309,44,1265,115,0,0,115,532,6,493,11,22,
3172041005,DKI JAKARTA,JAKARTA UTARA,CILINCING,SEMPER TIMUR,512,7,25,1,479,1,0,0,0,1,4,0,0,4,779,23,756,57,0,0,57,281,10,256,6,9,
3174071006,DKI JAKARTA,JAKARTA SELATAN,KEBAYORAN BARU,SENAYAN,505,2,123,0,380,0,0,0,0,0,10,0,0,10,748,98,650,0,0,0,0,212,0,196,0,16,
3171041001,DKI JAKARTA,JAKARTA PUSAT,SENEN,SENEN,225,2,12,0,211,1,0,0,0,1,8,0,0,8,785,59,726,26,0,0,26,171,6,154,3,8,
3171031004,DKI JAKARTA,JAKARTA PUSAT,KEMAYORAN,SERDANG,526,4,31,2,489,0,0,0,0,0,5,0,0,5,851,48,803,31,0,0,31,310,3,286,6,15,
3174021001,DKI JAKARTA,JAKARTA SELATAN,SETIA BUDI,SETIA BUDI,116,0,4,0,112,0,0,0,0,0,4,0,0,4,384,14,370,6,0,0,6,50,0,46,0,4,
3175101005,DKI JAKARTA,JAKARTA TIMUR,CIPAYUNG,SETU,298,1,9,0,288,2,0,0,0,2,2,0,0,2,510,34,476,14,0,0,14,154,4,127,1,22,
3173071002,DKI JAKARTA,JAKARTA BARAT,PALMERAH,SLIPI,620,2,30,2,586,1,1,0,0,0,2,0,0,2,1094,39,1055,43,0,0,43,338,4,312,4,18,
3173081004,DKI JAKARTA,JAKARTA BARAT,KEMBANGAN,SRENGSENG,655,7,44,3,601,1,0,0,0,1,6,0,0,6,1418,50,1368,27,0,0,27,372,10,338,5,19,
3174091002,DKI JAKARTA,JAKARTA SELATAN,JAGAKARSA,SRENGSENG SAWAH,982,4,24,0,954,8,0,0,0,8,11,0,0,11,1140,56,1084,26,0,0,26,265,8,240,8,9,
3173051003,DKI JAKARTA,JAKARTA BARAT,KEBON JERUK,SUKABUMI SELATAN,388,5,29,4,350,1,0,0,0,1,1,0,0,1,811,45,766,25,0,0,25,250,5,223,5,17,
3173051002,DKI JAKARTA,JAKARTA BARAT,KEBON JERUK,SUKABUMI UTARA,449,1,52,3,393,0,0,0,0,0,19,0,0,19,903,82,821,46,0,0,46,299,8,261,10,20,
3172041002,DKI JAKARTA,JAKARTA UTARA,CILINCING,SUKAPURA,716,9,41,2,664,0,0,0,0,0,6,0,0,6,1032,65,967,102,0,0,102,382,3,343,8,28,
3171031007,DKI JAKARTA,JAKARTA PUSAT,KEMAYORAN,SUMUR BATU,466,5,15,1,445,2,0,0,0,2,6,0,0,6,650,48,602,33,0,0,33,247,2,229,3,13,
3172021004,DKI JAKARTA,JAKARTA UTARA,TANJUNG PRIOK,SUNGAI BAMBU,460,1,44,0,415,0,0,0,0,0,7,0,0,7,739,31,708,43,0,0,43,253,2,232,6,13,
3172021006,DKI JAKARTA,JAKARTA UTARA,TANJUNG PRIOK,SUNTER AGUNG,1122,7,76,1,1038,4,0,0,0,4,23,0,1,22,2233,114,2119,101,0,0,101,705,12,635,19,39,
3172021002,DKI JAKARTA,JAKARTA UTARA,TANJUNG PRIOK,SUNTER JAYA,1054,11,72,6,965,1,0,0,0,1,10,0,0,10,1920,88,1832,188,0,0,188,642,2,587,19,34,
3175091004,DKI JAKARTA,JAKARTA TIMUR,CIRACAS,SUSUKAN,603,2,30,1,570,0,0,0,0,0,17,0,0,17,1427,34,1393,69,0,0,69,221,5,195,8,13,
3173031001,DKI JAKARTA,JAKARTA BARAT,TAMAN SARI,TAMAN SARI,313,3,19,0,291,2,0,0,0,2,1,0,0,1,467,27,440,17,0,0,17,207,0,190,4,13,
3173041001,DKI JAKARTA,JAKARTA BARAT,TAMBORA,TAMBORA,227,3,9,3,212,0,0,0,0,0,1,0,0,1,336,13,323,3,0,0,3,116,5,98,3,10,
3173041004,DKI JAKARTA,JAKARTA BARAT,TAMBORA,TANAH SEREAL,314,1,7,2,304,1,0,0,0,1,4,0,0,4,301,11,290,5,0,0,5,186,2,166,7,11,
3171081004,DKI JAKARTA,JAKARTA PUSAT,JOHAR BARU,TANAH TINGGI,527,5,23,3,496,5,0,0,0,5,6,0,0,6,1191,70,1121,35,0,0,35,431,14,391,16,10,
3173031004,DKI JAKARTA,JAKARTA BARAT,TAMAN SARI,TANGKI,273,0,18,1,254,1,0,0,0,1,3,0,0,3,346,10,336,2,0,0,2,140,1,130,1,8,
3174091005,DKI JAKARTA,JAKARTA SELATAN,JAGAKARSA,TANJUNG BARAT,776,7,31,1,737,1,0,0,0,1,2,0,0,2,685,40,645,13,0,0,13,298,6,257,6,29,
3173021005,DKI JAKARTA,JAKARTA BARAT,GROGOL PETAMBURAN,TANJUNG DUREN SELATAN,486,5,22,1,458,0,0,0,0,0,19,0,0,19,768,33,735,24,0,0,24,344,8,305,11,20,
3173021002,DKI JAKARTA,JAKARTA BARAT,GROGOL PETAMBURAN,TANJUNG DUREN UTARA,313,1,10,0,302,2,0,0,0,2,21,0,0,21,671,37,634,19,0,0,19,194,2,169,9,14,
3172021001,DKI JAKARTA,JAKARTA UTARA,TANJUNG PRIOK,TANJUNG PRIOK,600,3,35,6,556,1,1,0,0,0,13,0,0,13,866,38,828,69,0,0,69,400,3,373,10,14,
3174011002,DKI JAKARTA,JAKARTA SELATAN,TEBET,TEBET BARAT,530,9,21,0,500,2,0,0,0,2,8,0,0,8,728,32,696,24,0,0,24,350,6,326,7,11,
3174011001,DKI JAKARTA,JAKARTA SELATAN,TEBET,TEBET TIMUR,433,4,19,2,408,0,0,0,0,0,6,0,0,6,605,19,586,35,0,0,35,223,4,206,4,9,
3173061003,DKI JAKARTA,JAKARTA BARAT,KALI DERES,TEGAL ALUR,817,12,67,6,732,0,0,0,0,0,7,0,0,7,1366,73,1293,13,0,0,13,291,6,237,7,41,
3174031004,DKI JAKARTA,JAKARTA SELATAN,MAMPANG PRAPATAN,TEGAL PARANG,386,8,11,3,364,5,0,0,1,4,4,0,0,4,1109,54,1055,12,0,0,12,344,7,315,6,16,
3173021003,DKI JAKARTA,JAKARTA BARAT,GROGOL PETAMBURAN,TOMANG,521,2,21,2,496,0,0,0,0,0,15,0,0,15,844,38,806,85,0,0,85,334,5,292,8,29,
3172031005,DKI JAKARTA,JAKARTA UTARA,KOJA,TUGU SELATAN,511,3,27,1,480,0,0,0,0,0,2,0,0,2,525,21,504,90,0,0,90,317,2,295,8,12,
3172031002,DKI JAKARTA,JAKARTA UTARA,KOJA,TUGU UTARA,1035,10,59,0,966,3,0,0,0,3,8,0,1,7,1006,45,961,103,0,0,103,484,1,450,17,16,
3175061006,DKI JAKARTA,JAKARTA TIMUR,CAKUNG,UJUNG MENTENG,202,1,14,2,185,1,0,0,0,1,1,0,0,1,534,46,488,29,0,0,29,146,0,134,3,9,
3174101005,DKI JAKARTA,JAKARTA SELATAN,PESANGGRAHAN,ULUJAMI,626,6,21,2,597,0,0,0,0,0,0,0,0,0,1281,24,1257,26,0,0,26,293,3,268,7,15,
3175011006,DKI JAKARTA,JAKARTA TIMUR,MATRAMAN,UTAN KAYU SELATAN,554,4,16,8,526,2,0,0,0,2,8,0,0,8,980,46,934,93,0,0,93,307,4,281,8,14,
3175011002,DKI JAKARTA,JAKARTA TIMUR,MATRAMAN,UTAN KAYU UTARA,467,8,16,0,443,2,0,0,0,2,4,0,0,4,782,33,749,46,0,0,46,254,6,213,12,23,
3171031008,DKI JAKARTA,JAKARTA PUSAT,KEMAYORAN,UTAN PANJANG,442,4,12,2,424,0,0,0,0,0,4,0,0,4,665,35,630,28,0,0,28,309,2,291,9,7,
3172021007,DKI JAKARTA,JAKARTA UTARA,TANJUNG PRIOK,WARAKAS,644,10,58,2,574,0,0,0,0,0,11,0,0,11,1069,48,1021,61,0,0,61,385,3,338,8,36,
3173021007,DKI JAKARTA,JAKARTA BARAT,GROGOL PETAMBURAN,WIJAYA KUSUMA,450,0,30,2,418,1,0,0,0,1,7,0,0,7,935,62,873,23,0,0,23,312,6,275,8,23,
