id_kel,nama_provinsi,nama_kota,nama_kecamatan,nama_kelurahan,suspek,perawatan_rs,isolasi_di_rumah,suspek_meninggal,selesai_isolasi,probable,perawatan_rs,isolasi_di_rumah,probable_meninggal,selesai_isolasi,pelaku_perjalanan,perawatan_rs,isolasi_di_rumah,selesai_isolasi,kontak_erat,isolasi_di_rumah,selesai_isolasi,discarded,isolasi_di_rumah,meninggal,selesai_isolasi,positif,dirawat,sembuh,meninggal,self_isolation,keterangan
3172051003,DKI JAKARTA,JAKARTA UTARA,PADEMANGAN,ANCOL,515,2,27,0,486,4,0,0,0,4,10,0,0,10,701,39,662,10,0,0,10,339,0,317,4,18,
3173041007,DKI JAKARTA,JAKARTA BARAT,TAMBORA,ANGKE,440,3,26,2,409,1,0,0,1,0,1,0,1,0,510,19,491,26,0,0,26,197,1,172,4,20,
3175041005,DKI JAKARTA,JAKARTA TIMUR,KRAMAT JATI,BALE KAMBANG,314,4,26,1,283,5,2,0,0,3,5,0,0,5,592,53,539,23,0,0,23,187,8,159,3,17,
3175031003,DKI JAKARTA,JAKARTA TIMUR,JATINEGARA,BALI MESTER,111,4,7,1,99,1,0,0,0,1,1,0,0,1,205,52,153,6,0,0,6,171,5,67,2,97,
3175101006,DKI JAKARTA,JAKARTA TIMUR,CIPAYUNG,BAMBU APUS,461,6,43,1,411,0,0,0,0,0,4,0,0,4,693,51,642,17,0,0,17,182,3,162,3,14,
3174031002,DKI JAKARTA,JAKARTA SELATAN,MAMPANG PRAPATAN,BANGKA,328,5,26,2,295,5,0,0,1,4,18,0,0,18,723,36,687,8,0,0,8,193,3,178,2,10,
3175051002,DKI JAKARTA,JAKARTA TIMUR,PASAR REBO,BARU,448,3,38,1,406,0,0,0,0,0,5,0,0,5,424,10,414,18,0,0,18,212,6,191,0,15,
3175041004,DKI JAKARTA,JAKARTA TIMUR,KRAMAT JATI,BATU AMPAR,565,8,47,1,509,3,0,0,0,3,3,0,0,3,1169,77,1092,27,0,0,27,285,4,259,6,16,
3171071002,DKI JAKARTA,JAKARTA PUSAT,TANAH ABANG,BENDUNGAN HILIR,479,2,23,0,454,2,0,0,0,2,4,0,0,4,864,34,830,10,0,0,10,274,2,236,8,28,
3175031002,DKI JAKARTA,JAKARTA TIMUR,JATINEGARA,BIDARA CINA,422,5,32,3,382,1,0,0,0,1,8,0,0,8,633,42,591,37,0,0,37,300,3,272,10,15,
3174101002,DKI JAKARTA,JAKARTA SELATAN,PESANGGRAHAN,BINTARO,791,9,43,2,737,5,1,0,0,4,9,0,0,9,1576,65,1511,26,0,0,26,380,17,326,9,28,
3174011005,DKI JAKARTA,JAKARTA SELATAN,TEBET,BUKIT DURI,427,4,25,3,395,2,0,0,0,2,14,0,1,13,657,59,598,13,0,0,13,248,4,224,8,12,
3171041006,DKI JAKARTA,JAKARTA PUSAT,SENEN,BUNGUR,265,3,15,2,245,1,0,0,0,1,13,0,0,13,635,39,596,16,0,0,16,205,1,181,4,19,
3175061007,DKI JAKARTA,JAKARTA TIMUR,CAKUNG,CAKUNG BARAT,386,4,26,1,355,3,1,0,0,2,0,0,0,0,788,75,713,47,0,0,47,346,6,275,5,60,
3175061004,DKI JAKARTA,JAKARTA TIMUR,CAKUNG,CAKUNG TIMUR,464,4,52,2,406,3,0,0,1,2,6,0,0,6,893,69,824,45,0,0,45,313,3,282,8,20,
3175041007,DKI JAKARTA,JAKARTA TIMUR,KRAMAT JATI,CAWANG,385,3,38,0,344,1,0,0,0,1,6,0,0,6,1046,58,988,22,0,0,22,344,7,314,6,17,
3175101008,DKI JAKARTA,JAKARTA TIMUR,CIPAYUNG,CEGER,267,3,18,0,246,0,0,0,0,0,1,0,0,1,455,28,427,9,0,0,9,140,5,125,3,7,
3171031006,DKI JAKARTA,JAKARTA PUSAT,KEMAYORAN,CEMPAKA BARU,704,9,32,2,661,1,0,0,0,1,7,0,0,7,1111,54,1057,35,0,0,35,461,2,416,17,26,
3171051002,DKI JAKARTA,JAKARTA PUSAT,CEMPAKA PUTIH,CEMPAKA PUTIH BARAT,956,5,23,2,926,8,4,0,0,4,21,0,0,21,2123,103,2020,51,0,0,51,700,4,660,15,21,
3171051001,DKI JAKARTA,JAKARTA PUSAT,CEMPAKA PUTIH,CEMPAKA PUTIH TIMUR,676,4,23,1,648,1,0,0,0,1,12,0,0,12,1498,42,1456,59,0,0,59,375,2,350,6,17,
3173011001,DKI JAKARTA,JAKARTA BARAT,CENGKARENG,CENGKARENG BARAT,798,11,47,1,739,0,0,0,0,0,6,0,0,6,1465,78,1387,13,0,0,13,527,2,446,9,70,
3173011006,DKI JAKARTA,JAKARTA BARAT,CENGKARENG,CENGKARENG TIMUR,990,9,70,7,904,2,0,0,0,2,4,0,0,4,1987,122,1865,18,0,0,18,729,3,641,17,68,
3175091002,DKI JAKARTA,JAKARTA TIMUR,CIRACAS,CIBUBUR,959,4,44,4,907,1,0,0,0,1,30,0,0,30,2033,51,1982,92,0,0,92,369,5,330,8,26,
3171011002,DKI JAKARTA,JAKARTA PUSAT,GAMBIR,CIDENG,321,3,13,2,303,0,0,0,0,0,10,0,0,10,652,25,627,13,0,0,13,202,2,187,7,6,
3174091003,DKI JAKARTA,JAKARTA SELATAN,JAGAKARSA,CIGANJUR,753,5,49,1,698,2,0,0,0,2,12,0,0,12,839,92,747,14,0,0,14,229,8,189,4,28,
3175051003,DKI JAKARTA,JAKARTA TIMUR,PASAR REBO,CIJANTUNG,899,6,75,3,815,0,0,0,0,0,4,0,1,3,597,24,573,10,0,0,10,335,2,299,9,25,
3171061003,DKI JAKARTA,JAKARTA PUSAT,MENTENG,CIKINI,171,5,10,0,156,0,0,0,0,0,2,0,0,2,230,11,219,11,0,0,11,77,1,64,3,9,
3174081006,DKI JAKARTA,JAKARTA SELATAN,PANCORAN,CIKOKO,201,1,6,0,194,1,0,0,0,1,10,0,0,10,291,7,284,1,0,0,1,80,5,64,3,8,
3174061001,DKI JAKARTA,JAKARTA SELATAN,CILANDAK,CILANDAK BARAT,1389,8,192,5,1184,1,0,0,0,1,97,0,0,97,1734,123,1611,42,0,0,42,436,10,382,8,36,
3174041003,DKI JAKARTA,JAKARTA SELATAN,PASAR MINGGU,CILANDAK TIMUR,543,3,35,1,504,5,0,0,0,5,17,0,0,17,513,28,485,86,0,0,86,273,4,251,8,10,
3175101002,DKI JAKARTA,JAKARTA TIMUR,CIPAYUNG,CILANGKAP,392,3,21,1,367,1,0,0,0,1,3,0,0,3,682,35,647,21,0,0,21,191,2,176,2,11,
3175041006,DKI JAKARTA,JAKARTA TIMUR,KRAMAT JATI,CILILITAN,354,3,20,1,330,0,0,0,0,0,7,0,1,6,943,71,872,48,0,0,48,343,12,294,8,29,
3172041001,DKI JAKARTA,JAKARTA UTARA,CILINCING,CILINCING,657,9,32,1,615,1,0,0,0,1,6,0,0,6,1194,33,1161,103,0,0,103,422,4,391,11,16,
3175101001,DKI JAKARTA,JAKARTA TIMUR,CIPAYUNG,CIPAYUNG,579,6,31,2,540,3,0,0,1,2,7,0,0,7,747,46,701,34,0,0,34,233,1,215,3,14,
3174091006,DKI JAKARTA,JAKARTA SELATAN,JAGAKARSA,CIPEDAK,639,2,51,0,586,4,2,0,0,2,1,0,0,1,890,62,828,8,0,0,8,287,2,255,3,27,
3174061005,DKI JAKARTA,JAKARTA SELATAN,CILANDAK,CIPETE SELATAN,353,5,36,1,311,2,0,0,0,2,46,0,0,46,608,59,549,6,0,0,6,158,5,136,7,10,
3174071010,DKI JAKARTA,JAKARTA SELATAN,KEBAYORAN BARU,CIPETE UTARA,741,5,100,3,633,0,0,0,0,0,9,0,0,9,653,61,592,6,0,0,6,197,4,172,4,17,
3175021003,DKI JAKARTA,JAKARTA TIMUR,PULO GADUNG,CIPINANG,368,5,22,2,339,1,0,0,0,1,3,0,0,3,1027,71,956,41,0,0,41,376,8,341,13,14,
3175031007,DKI JAKARTA,JAKARTA TIMUR,JATINEGARA,CIPINANG BESAR SELATAN,315,4,11,2,298,2,0,0,0,2,2,0,0,2,663,41,622,18,0,0,18,252,3,233,2,14,
3175031008,DKI JAKARTA,JAKARTA TIMUR,JATINEGARA,CIPINANG BESAR UTARA,486,4,24,0,458,2,0,0,0,2,3,0,0,3,1061,142,919,21,0,0,21,403,8,354,7,34,
3175031005,DKI JAKARTA,JAKARTA TIMUR,JATINEGARA,CIPINANG CEMPEDAK,285,3,13,2,267,0,0,0,0,0,7,0,0,7,582,33,549,21,0,0,21,224,10,201,5,8,
3175081005,DKI JAKARTA,JAKARTA TIMUR,MAKASAR,CIPINANG MELAYU,421,3,28,2,388,3,0,0,0,3,5,0,0,5,813,28,785,21,0,0,21,303,4,278,7,14,
3175031006,DKI JAKARTA,JAKARTA TIMUR,JATINEGARA,CIPINANG MUARA,495,5,19,1,470,5,0,0,0,5,9,0,0,9,1062,56,1006,32,0,0,32,455,8,399,6,42,
3174051003,DKI JAKARTA,JAKARTA SELATAN,KEBAYORAN LAMA,CIPULIR,395,4,35,4,352,6,0,0,0,6,6,0,0,6,583,28,555,8,0,0,8,269,5,248,4,12,
3175091001,DKI JAKARTA,JAKARTA TIMUR,CIRACAS,CIRACAS,1067,4,90,9,964,3,0,0,0,3,30,0,6,24,1771,32,1739,45,0,0,45,523,9,462,17,35,
3175041003,DKI JAKARTA,JAKARTA TIMUR,KRAMAT JATI,DUKUH,340,2,27,1,310,0,0,0,0,0,1,0,0,1,824,111,713,14,0,0,14,200,2,183,4,11,
3175071001,DKI JAKARTA,JAKARTA TIMUR,DUREN SAWIT,DUREN SAWIT,951,10,31,3,907,18,0,0,0,18,4,0,0,4,1270,74,1196,37,0,0,37,628,7,573,14,34,
3174081004,DKI JAKARTA,JAKARTA SELATAN,PANCORAN,DUREN TIGA,488,11,21,0,456,2,0,0,0,2,6,0,0,6,686,18,668,3,0,0,3,221,7,205,2,7,
3173051005,DKI JAKARTA,JAKARTA BARAT,KEBON JERUK,DURI KEPA,632,10,48,2,572,3,0,0,0,3,12,0,0,12,1409,54,1355,74,0,0,74,450,12,409,13,16,
3173011002,DKI JAKARTA,JAKARTA BARAT,CENGKARENG,DURI KOSAMBI,708,12,62,3,631,1,1,0,0,0,4,0,0,4,1272,67,1205,11,0,0,11,509,3,453,8,45,
3171011006,DKI JAKARTA,JAKARTA PUSAT,GAMBIR,DURI PULO,221,3,14,3,201,0,0,0,0,0,1,0,0,1,541,33,508,7,0,0,7,196,1,175,7,13,
3173041011,DKI JAKARTA,JAKARTA BARAT,TAMBORA,DURI SELATAN,197,5,8,1,183,0,0,0,0,0,2,0,0,2,195,22,173,4,0,0,4,90,2,79,3,6,
3173041003,DKI JAKARTA,JAKARTA BARAT,TAMBORA,DURI UTARA,240,3,17,2,218,1,0,0,0,1,2,0,0,2,254,14,240,5,0,0,5,152,2,140,4,6,
3171081003,DKI JAKARTA,JAKARTA PUSAT,JOHAR BARU,GALUR,244,0,13,0,231,4,1,0,0,3,3,0,0,3,578,25,553,46,0,0,46,217,1,203,10,3,
3171011001,DKI JAKARTA,JAKARTA PUSAT,GAMBIR,GAMBIR,117,0,4,0,113,1,0,0,0,1,17,0,0,17,436,8,428,6,0,0,6,190,1,182,1,6,
3174061004,DKI JAKARTA,JAKARTA SELATAN,CILANDAK,GANDARIA SELATAN,255,1,18,0,236,2,0,0,0,2,20,0,0,20,755,31,724,4,0,0,4,173,0,160,5,8,
3174071009,DKI JAKARTA,JAKARTA SELATAN,KEBAYORAN BARU,GANDARIA UTARA,741,7,61,2,671,0,0,0,0,0,3,0,0,3,738,39,699,6,0,0,6,247,6,219,5,17,
3175051001,DKI JAKARTA,JAKARTA TIMUR,PASAR REBO,GEDONG,830,4,39,0,787,0,0,0,0,0,4,0,0,4,511,45,466,25,0,0,25,305,6,251,4,44,
3171071001,DKI JAKARTA,JAKARTA PUSAT,TANAH ABANG,GELORA,83,0,5,1,77,0,0,0,0,0,5,0,0,5,235,7,228,0,0,0,0,115,0,108,2,5,
3173031007,DKI JAKARTA,JAKARTA BARAT,TAMAN SARI,GLODOK,125,2,6,0,117,0,0,0,0,0,1,0,0,1,191,16,175,1,0,0,1,46,0,41,2,3,
3171061004,DKI JAKARTA,JAKARTA PUSAT,MENTENG,GONDANGDIA,78,1,6,1,70,0,0,0,0,0,13,0,0,13,160,7,153,7,0,0,7,64,1,55,3,5,
3173021001,DKI JAKARTA,JAKARTA BARAT,GROGOL PETAMBURAN,GROGOL,561,0,33,4,524,1,0,0,0,1,45,0,0,45,1072,46,1026,36,0,0,36,271,2,257,2,10,
3174051005,DKI JAKARTA,JAKARTA SELATAN,KEBAYORAN LAMA,GROGOL SELATAN,478,5,56,5,412,0,0,0,0,0,12,0,0,12,681,39,642,14,0,0,14,308,3,256,7,42,
3174051004,DKI JAKARTA,JAKARTA SELATAN,KEBAYORAN LAMA,GROGOL UTARA,487,5,27,4,451,0,0,0,0,0,24,0,0,24,687,33,654,18,0,0,18,373,3,320,12,38,
3174021007,DKI JAKARTA,JAKARTA SELATAN,SETIA BUDI,GUNTUR,68,2,3,0,63,0,0,0,0,0,1,0,0,1,229,20,209,1,0,0,1,62,1,56,1,4,
3174071002,DKI JAKARTA,JAKARTA SELATAN,KEBAYORAN BARU,GUNUNG,320,0,24,3,293,0,0,0,0,0,7,0,0,7,403,13,390,0,0,0,0,132,2,123,3,4,
3171031005,DKI JAKARTA,JAKARTA PUSAT,KEMAYORAN,GUNUNG SAHARI SELATAN,349,0,15,1,333,0,0,0,0,0,5,0,0,5,590,35,555,1,0,0,1,205,1,190,7,7,
3171021004,DKI JAKARTA,JAKARTA PUSAT,SAWAH BESAR,GUNUNG SAHARI UTARA,305,3,13,1,288,2,0,0,0,2,7,0,0,7,592,13,579,12,0,0,12,183,0,170,10,3,
3175081004,DKI JAKARTA,JAKARTA TIMUR,MAKASAR,HALIM PERDANA KUSUMAH,279,1,10,2,266,0,0,0,0,0,6,0,0,6,634,51,583,9,0,0,9,478,15,442,7,14,
3171031003,DKI JAKARTA,JAKARTA PUSAT,KEMAYORAN,HARAPAN MULIA,394,1,18,3,372,1,0,0,0,1,6,0,0,6,620,27,593,33,0,0,33,283,3,264,9,7,
3174091001,DKI JAKARTA,JAKARTA SELATAN,JAGAKARSA,JAGAKARSA,1130,8,35,2,1085,8,0,0,0,8,8,0,0,8,1310,103,1207,20,0,0,20,438,3,414,6,15,
3175021007,DKI JAKARTA,JAKARTA TIMUR,PULO GADUNG,JATI,400,3,13,1,383,0,0,0,0,0,9,0,0,9,1045,53,992,38,0,0,38,288,0,274,6,8,
3174041002,DKI JAKARTA,JAKARTA SELATAN,PASAR MINGGU,JATI PADANG,597,12,51,2,532,0,0,0,0,0,4,0,0,4,748,56,692,72,0,0,72,252,6,216,5,25,
3173071004,DKI JAKARTA,JAKARTA BARAT,PALMERAH,JATI PULO,600,2,45,4,549,2,0,0,0,2,5,0,0,5,843,43,800,64,0,0,64,331,3,305,10,13,
3175061001,DKI JAKARTA,JAKARTA TIMUR,CAKUNG,JATINEGARA,852,6,112,3,731,1,0,0,0,1,4,0,1,3,1698,122,1576,49,0,0,49,657,6,576,10,65,
3175021004,DKI JAKARTA,JAKARTA TIMUR,PULO GADUNG,JATINEGARA KAUM,149,2,9,0,138,1,0,0,1,0,3,0,0,3,445,44,401,12,0,0,12,135,1,116,6,12,
3173021004,DKI JAKARTA,JAKARTA BARAT,GROGOL PETAMBURAN,JELAMBAR,524,7,34,5,478,2,0,0,0,2,27,0,0,27,911,64,847,14,0,0,14,317,3,267,7,40,
3173021006,DKI JAKARTA,JAKARTA BARAT,GROGOL PETAMBURAN,JELAMBAR BARU,431,2,20,2,407,2,0,0,0,2,4,0,0,4,749,74,675,22,0,0,22,236,3,206,5,22,
3173041006,DKI JAKARTA,JAKARTA BARAT,TAMBORA,JEMBATAN BESI,582,3,14,1,564,1,0,0,0,1,5,0,0,5,527,21,506,10,0,0,10,273,3,247,8,15,
3173041008,DKI JAKARTA,JAKARTA BARAT,TAMBORA,JEMBATAN LIMA,235,1,22,0,212,0,0,0,0,0,1,0,0,1,234,8,226,5,0,0,5,163,0,135,4,24,
3173081005,DKI JAKARTA,JAKARTA BARAT,KEMBANGAN,JOGLO,598,7,69,4,518,1,0,0,0,1,5,0,0,5,856,54,802,15,0,0,15,276,6,250,5,15,
3171081001,DKI JAKARTA,JAKARTA PUSAT,JOHAR BARU,JOHAR BARU,773,12,43,3,715,7,1,0,0,6,11,0,0,11,2066,124,1942,103,0,0,103,553,8,493,19,33,
3173041002,DKI JAKARTA,JAKARTA BARAT,TAMBORA,KALI ANYAR,414,3,18,0,393,1,0,0,0,1,4,0,0,4,377,13,364,14,0,0,14,210,1,197,7,5,
3172041004,DKI JAKARTA,JAKARTA UTARA,CILINCING,KALI BARU,614,12,47,5,550,0,0,0,0,0,5,0,0,5,720,24,696,47,0,0,47,367,1,346,9,11,
3174081002,DKI JAKARTA,JAKARTA SELATAN,PANCORAN,KALIBATA,674,3,23,4,644,7,0,0,0,7,12,0,0,12,967,55,912,12,0,0,12,360,7,326,8,19,
3173061001,DKI JAKARTA,JAKARTA BARAT,KALI DERES,KALIDERES,1358,14,90,4,1250,1,0,0,0,1,7,0,1,6,2481,136,2345,30,0,0,30,564,3,493,9,59,
3175051004,DKI JAKARTA,JAKARTA TIMUR,PASAR REBO,KALISARI,1152,6,56,0,1090,0,0,0,0,0,3,0,0,3,613,33,580,13,0,0,13,319,10,279,6,24,
3173061004,DKI JAKARTA,JAKARTA BARAT,KALI DERES,KAMAL,390,2,38,3,347,0,0,0,0,0,1,0,0,1,631,49,582,5,0,0,5,108,6,78,9,15,
3172011002,DKI JAKARTA,JAKARTA UTARA,PENJARINGAN,KAMAL MUARA,120,6,5,0,109,0,0,0,0,0,4,0,0,4,245,24,221,2,0,0,2,99,1,90,2,6,
3171071007,DKI JAKARTA,JAKARTA PUSAT,TANAH ABANG,KAMPUNG BALI,156,1,3,2,150,1,0,0,0,1,2,0,0,2,348,15,333,2,0,0,2,86,0,76,4,6,
3175031001,DKI JAKARTA,JAKARTA TIMUR,JATINEGARA,KAMPUNG MELAYU,268,9,6,5,248,2,0,0,0,2,7,0,0,7,374,18,356,7,0,0,7,280,5,256,5,14,
3171081002,DKI JAKARTA,JAKARTA PUSAT,JOHAR BARU,KAMPUNG RAWA,346,0,25,0,321,2,0,0,0,2,2,0,1,1,842,36,806,66,0,0,66,295,7,262,14,12,
3175041002,DKI JAKARTA,JAKARTA TIMUR,KRAMAT JATI,KAMPUNG TENGAH,661,9,50,1,601,4,2,0,0,2,9,0,0,9,1351,110,1241,54,0,0,54,356,4,314,13,25,
3173011005,DKI JAKARTA,JAKARTA BARAT,CENGKARENG,KAPUK,958,6,76,16,860,2,0,0,0,2,12,0,0,12,1771,106,1665,14,0,0,14,765,8,637,21,99,
3172011003,DKI JAKARTA,JAKARTA UTARA,PENJARINGAN,KAPUK MUARA,284,4,15,0,265,1,0,0,0,1,20,0,10,10,695,57,638,26,0,0,26,206,6,174,7,19,
3171021002,DKI JAKARTA,JAKARTA PUSAT,SAWAH BESAR,KARANG ANYAR,503,3,18,5,477,1,0,0,0,1,4,0,0,4,972,37,935,14,0,0,14,240,2,222,7,9,
3174021004,DKI JAKARTA,JAKARTA SELATAN,SETIA BUDI,KARET,154,1,6,0,147,0,0,0,0,0,11,0,0,11,413,7,406,4,0,0,4,136,0,134,0,2,
3174021003,DKI JAKARTA,JAKARTA SELATAN,SETIA BUDI,KARET KUNINGAN,341,3,26,1,311,0,0,0,0,0,22,0,0,22,464,35,429,4,0,0,4,243,2,228,5,8,
3174021002,DKI JAKARTA,JAKARTA SELATAN,SETIA BUDI,KARET SEMANGGI,78,0,11,1,66,0,0,0,0,0,3,0,0,3,95,4,91,2,0,0,2,29,0,25,2,2,
3171071003,DKI JAKARTA,JAKARTA PUSAT,TANAH ABANG,KARET TENGSIN,311,2,16,0,293,1,0,0,0,1,8,0,0,8,808,45,763,3,0,0,3,186,8,153,7,18,
3171021003,DKI JAKARTA,JAKARTA PUSAT,SAWAH BESAR,KARTINI,359,1,15,1,342,1,0,0,0,1,0,0,0,0,742,35,707,18,0,0,18,250,0,233,5,12,
3175011003,DKI JAKARTA,JAKARTA TIMUR,MATRAMAN,KAYU MANIS,424,7,16,0,401,3,0,0,0,3,2,0,0,2,796,41,755,30,0,0,30,254,2,238,6,8,
3175021006,DKI JAKARTA,JAKARTA TIMUR,PULO GADUNG,KAYU PUTIH,556,6,21,4,525,1,0,0,1,0,15,0,0,15,1210,48,1162,61,0,0,61,384,9,342,11,22,
3173031006,DKI JAKARTA,JAKARTA BARAT,TAMAN SARI,KEAGUNGAN,323,2,12,0,309,0,0,0,0,0,3,0,0,3,520,12,508,10,0,0,10,195,1,180,1,13,
3174041007,DKI JAKARTA,JAKARTA SELATAN,PASAR MINGGU,KEBAGUSAN,714,10,45,1,658,3,0,0,0,3,4,0,1,3,851,100,751,39,0,0,39,268,5,225,1,37,
3174051006,DKI JAKARTA,JAKARTA SELATAN,KEBAYORAN LAMA,KEBAYORAN LAMA SELATAN,686,4,46,0,636,5,0,0,0,5,2,0,0,2,841,28,813,14,0,0,14,321,2,292,6,21,
3174051001,DKI JAKARTA,JAKARTA SELATAN,KEBAYORAN LAMA,KEBAYORAN LAMA UTARA,505,10,40,1,454,1,0,0,0,1,15,0,0,15,574,35,539,4,0,0,4,263,4,223,5,31,
3174011004,DKI JAKARTA,JAKARTA SELATAN,TEBET,KEBON BARU,460,1,30,2,427,0,0,0,0,0,15,0,0,15,777,45,732,22,0,0,22,245,4,219,8,14,
3172021005,DKI JAKARTA,JAKARTA UTARA,TANJUNG PRIOK,KEBON BAWANG,824,4,46,1,773,0,0,0,0,0,15,0,0,15,1411,84,1327,93,0,0,93,452,7,422,4,19,
3173051001,DKI JAKARTA,JAKARTA BARAT,KEBON JERUK,KEBON JERUK,942,4,65,6,867,2,0,0,0,2,13,0,0,13,2211,105,2106,62,0,0,62,726,12,653,18,43,
3171071006,DKI JAKARTA,JAKARTA PUSAT,TANAH ABANG,KEBON KACANG,485,2,10,1,472,1,0,0,0,1,0,0,0,0,614,26,588,7,0,0,7,308,3,288,12,5,
3171011005,DKI JAKARTA,JAKARTA PUSAT,GAMBIR,KEBON KELAPA,170,2,8,1,159,3,0,0,0,3,4,0,0,4,338,13,325,3,0,0,3,100,0,96,1,3,
3171031002,DKI JAKARTA,JAKARTA PUSAT,KEMAYORAN,KEBON KOSONG,418,6,31,5,376,1,1,0,0,0,9,0,1,8,570,25,545,33,0,0,33,263,5,240,7,11,
3175011005,DKI JAKARTA,JAKARTA TIMUR,MATRAMAN,KEBON MANGGIS,223,2,10,4,207,0,0,0,0,0,2,0,0,2,323,17,306,24,0,0,24,164,2,154,3,5,
3171071005,DKI JAKARTA,JAKARTA PUSAT,TANAH ABANG,KEBON MELATI,565,2,25,3,535,1,0,0,0,1,5,0,0,5,1039,21,1018,10,0,0,10,496,3,476,9,8,
3175081003,DKI JAKARTA,JAKARTA TIMUR,MAKASAR,KEBON PALA,409,5,17,1,386,1,0,0,0,1,6,0,0,6,1066,41,1025,18,0,0,18,389,7,359,11,12,
3171061005,DKI JAKARTA,JAKARTA PUSAT,MENTENG,KEBON SIRIH,189,3,7,2,177,0,0,0,0,0,4,0,0,4,335,10,325,20,0,0,20,151,3,138,2,8,
3173011004,DKI JAKARTA,JAKARTA BARAT,CENGKARENG,KEDAUNG KALI ANGKE,534,7,31,0,496,0,0,0,0,0,1,0,0,1,680,34,646,7,0,0,7,371,2,342,7,20,
3173051007,DKI JAKARTA,JAKARTA BARAT,KEBON JERUK,KEDOYA SELATAN,478,6,34,5,433,2,0,0,0,2,8,0,0,8,831,47,784,22,0,0,22,255,4,228,7,16,
3173051006,DKI JAKARTA,JAKARTA BARAT,KEBON JERUK,KEDOYA UTARA,499,3,32,2,462,1,0,0,0,1,15,0,0,15,1043,68,975,22,0,0,22,355,3,319,8,25,
3173051004,DKI JAKARTA,JAKARTA BARAT,KEBON JERUK,KELAPA DUA,368,4,24,0,340,0,0,0,0,0,5,0,0,5,766,40,726,23,0,0,23,219,8,197,3,11,
3175091003,DKI JAKARTA,JAKARTA TIMUR,CIRACAS,KELAPA DUA WETAN,687,4,34,1,648,1,0,0,0,1,8,0,0,8,1239,29,1210,37,0,0,37,258,2,236,3,17,
3172061003,DKI JAKARTA,JAKARTA UTARA,KELAPA GADING,KELAPA GADING BARAT,1039,11,51,3,974,2,0,0,0,2,49,0,0,49,1450,79,1371,218,0,0,218,452,7,422,6,17,
3172061001,DKI JAKARTA,JAKARTA UTARA,KELAPA GADING,KELAPA GADING TIMUR,791,4,36,2,749,3,0,0,0,3,23,0,0,23,1381,63,1318,132,0,0,132,367,4,338,9,16,
3173071005,DKI JAKARTA,JAKARTA BARAT,PALMERAH,KEMANGGISAN,735,4,63,6,662,0,0,0,0,0,9,0,1,8,1029,48,981,52,0,0,52,376,16,333,11,16,
3171031001,DKI JAKARTA,JAKARTA PUSAT,KEMAYORAN,KEMAYORAN,454,4,27,3,420,2,2,0,0,0,3,0,0,3,654,24,630,27,0,0,27,344,1,325,10,8,
3173081006,DKI JAKARTA,JAKARTA BARAT,KEMBANGAN,KEMBANGAN SELATAN,347,4,28,1,314,0,0,0,0,0,8,0,0,8,706,40,666,54,0,0,54,228,3,209,5,11,
3173081001,DKI JAKARTA,JAKARTA BARAT,KEMBANGAN,KEMBANGAN UTARA,736,3,41,3,689,4,0,0,1,3,3,0,0,3,1736,73,1663,11,0,0,11,371,8,332,6,25,
3171041002,DKI JAKARTA,JAKARTA PUSAT,SENEN,KENARI,263,0,9,1,253,1,0,0,0,1,8,0,0,8,609,42,567,46,0,0,46,198,2,179,3,14,
3173041005,DKI JAKARTA,JAKARTA BARAT,TAMBORA,KERENDANG,295,2,14,2,277,1,0,0,0,1,0,0,0,0,230,7,223,9,0,0,9,155,2,138,8,7,
3175071003,DKI JAKARTA,JAKARTA TIMUR,DUREN SAWIT,KLENDER,719,11,26,2,680,4,0,0,0,4,5,0,0,5,1215,74,1141,35,0,0,35,504,6,433,17,48,
3172031001,DKI JAKARTA,JAKARTA UTARA,KOJA,KOJA,366,5,23,0,338,0,0,0,0,0,4,0,0,4,490,9,481,49,0,0,49,385,1,360,9,15,
3173071006,DKI JAKARTA,JAKARTA BARAT,PALMERAH,KOTA BAMBU SELATAN,555,1,21,5,528,0,0,0,0,0,1,0,0,1,924,26,898,73,0,0,73,297,7,275,5,10,
3173071003,DKI JAKARTA,JAKARTA BARAT,PALMERAH,KOTA BAMBU UTARA,468,2,27,11,428,3,2,0,0,1,3,0,0,3,627,26,601,54,0,0,54,266,6,244,9,7,
3171041004,DKI JAKARTA,JAKARTA PUSAT,SENEN,KRAMAT,483,4,42,6,431,0,0,0,0,0,10,0,2,8,1075,95,980,35,0,0,35,331,3,301,11,16,
3175041001,DKI JAKARTA,JAKARTA TIMUR,KRAMAT JATI,KRAMAT JATI,495,6,36,1,452,1,0,0,0,1,12,0,0,12,1056,100,956,23,0,0,23,435,14,387,12,22,
3174071003,DKI JAKARTA,JAKARTA SELATAN,KEBAYORAN BARU,KRAMAT PELA,292,3,15,0,274,0,0,0,0,0,0,0,0,0,538,21,517,7,0,0,7,170,2,160,3,5,
3173031002,DKI JAKARTA,JAKARTA BARAT,TAMAN SARI,KRUKUT,320,2,21,6,291,2,1,0,0,1,3,0,0,3,521,36,485,13,0,0,13,216,3,188,4,21,
3174031005,DKI JAKARTA,JAKARTA SELATAN,MAMPANG PRAPATAN,KUNINGAN BARAT,157,2,10,1,144,1,0,0,0,1,0,0,0,0,511,19,492,5,0,0,5,154,0,148,2,4,
3174021008,DKI JAKARTA,JAKARTA SELATAN,SETIA BUDI,KUNINGAN TIMUR,206,2,44,1,159,1,0,0,0,1,20,0,0,20,255,28,227,4,0,0,4,139,1,127,2,9,
3171041005,DKI JAKARTA,JAKARTA PUSAT,SENEN,KWITANG,265,3,10,0,252,3,0,0,0,3,7,0,0,7,537,40,497,11,0,0,11,138,0,128,6,4,
3172031003,DKI JAKARTA,JAKARTA UTARA,KOJA,LAGOA,747,8,29,1,709,1,0,0,0,1,5,0,0,5,825,32,793,80,0,0,80,689,7,654,15,13,
3174061002,DKI JAKARTA,JAKARTA SELATAN,CILANDAK,LEBAK BULUS,512,4,51,2,455,3,0,0,0,3,27,0,0,27,1186,80,1106,22,0,0,22,493,7,453,11,22,
3174091004,DKI JAKARTA,JAKARTA SELATAN,JAGAKARSA,LENTENG AGUNG,900,4,48,0,848,4,1,0,0,3,6,0,0,6,908,120,788,16,0,0,16,305,7,254,3,41,
LUAR DKI JAKARTA,LUAR DKI JAKARTA,LUAR DKI JAKARTA,LUAR DKI JAKARTA,LUAR DKI JAKARTA,48964,504,3760,98,44602,97,4,0,0,93,679,0,8,671,75880,7500,68380,2672,0,0,2672,8439,187,7809,135,308,
3175101007,DKI JAKARTA,JAKARTA TIMUR,CIPAYUNG,LUBANG BUAYA,945,9,40,3,893,3,1,0,0,2,10,0,0,10,914,37,877,34,0,0,34,460,7,424,3,26,
3175081001,DKI JAKARTA,JAKARTA TIMUR,MAKASAR,MAKASAR,440,7,40,1,392,0,0,0,0,0,8,0,0,8,1337,51,1286,25,0,0,25,355,5,306,7,37,
3175071006,DKI JAKARTA,JAKARTA TIMUR,DUREN SAWIT,MALAKA JAYA,375,3,13,2,357,1,0,0,0,1,2,0,0,2,736,39,697,16,0,0,16,259,3,238,4,14,
3175071005,DKI JAKARTA,JAKARTA TIMUR,DUREN SAWIT,MALAKA SARI,352,6,14,1,331,0,0,0,0,0,1,0,0,1,660,38,622,15,0,0,15,233,2,210,4,17,
3174031001,DKI JAKARTA,JAKARTA SELATAN,MAMPANG PRAPATAN,MAMPANG PRAPATAN,356,3,14,2,337,2,1,0,0,1,0,0,0,0,1086,34,1052,10,0,0,10,333,0,312,11,10,
3173031005,DKI JAKARTA,JAKARTA BARAT,TAMAN SARI,MANGGA BESAR,168,0,13,1,154,1,0,0,0,1,0,0,0,0,207,10,197,6,0,0,6,80,0,72,4,4,
3171021005,DKI JAKARTA,JAKARTA PUSAT,SAWAH BESAR,MANGGA DUA SELATAN,459,9,27,1,422,3,0,0,0,3,1,0,0,1,911,50,861,19,0,0,19,273,1,247,6,19,
3174011007,DKI JAKARTA,JAKARTA SELATAN,TEBET,MANGGARAI,475,4,22,0,449,4,0,0,0,4,4,0,0,4,661,72,589,27,0,0,27,267,4,245,2,16,
3174011006,DKI JAKARTA,JAKARTA SELATAN,TEBET,MANGGARAI SELATAN,333,3,17,2,311,0,0,0,0,0,6,0,0,6,538,38,500,24,0,0,24,165,0,149,8,8,
3173031003,DKI JAKARTA,JAKARTA BARAT,TAMAN SARI,MAPHAR,265,3,20,1,241,0,0,0,0,0,6,0,0,6,424,18,406,41,0,0,41,221,1,211,3,6,
3172041003,DKI JAKARTA,JAKARTA UTARA,CILINCING,MARUNDA,329,4,23,0,302,3,0,0,0,3,0,0,0,0,382,9,373,16,0,0,16,127,0,120,1,6,
3174071001,DKI JAKARTA,JAKARTA SELATAN,KEBAYORAN BARU,MELAWAI,93,1,17,0,75,0,0,0,0,0,1,0,0,1,102,11,91,0,0,0,0,21,1,18,1,1,
3171061001,DKI JAKARTA,JAKARTA PUSAT,MENTENG,MENTENG,512,10,22,2,478,2,0,0,0,2,5,0,0,5,916,72,844,27,0,0,27,302,3,280,10,9,
3174021005,DKI JAKARTA,JAKARTA SELATAN,SETIA BUDI,MENTENG ATAS,455,8,38,3,406,2,0,0,0,2,55,0,0,55,1480,83,1397,39,0,0,39,341,6,300,8,27,
3174011003,DKI JAKARTA,JAKARTA SELATAN,TEBET,MENTENG DALAM,685,12,33,4,636,4,0,0,0,4,13,0,0,13,840,63,777,46,0,0,46,301,11,260,8,22,
3173081003,DKI JAKARTA,JAKARTA BARAT,KEMBANGAN,MERUYA SELATAN,470,0,45,1,424,1,0,0,0,1,5,0,0,5,874,47,827,17,0,0,17,278,5,241,4,28,
3173081002,DKI JAKARTA,JAKARTA BARAT,KEMBANGAN,MERUYA UTARA,689,6,62,6,615,1,0,0,1,0,8,0,0,8,1114,60,1054,11,0,0,11,340,5,313,4,18,
3175101004,DKI JAKARTA,JAKARTA TIMUR,CIPAYUNG,MUNJUL,340,2,37,0,301,0,0,0,0,0,3,0,0,3,435,18,417,25,0,0,25,140,3,112,1,24,
3172051002,DKI JAKARTA,JAKARTA UTARA,PADEMANGAN,PADEMANGAN BARAT,1984,13,82,5,1884,5,0,0,0,5,16,0,1,15,2618,87,2531,38,0,0,38,804,5,749,23,27,
3172051001,DKI JAKARTA,JAKARTA UTARA,PADEMANGAN,PADEMANGAN TIMUR,715,1,43,3,668,2,0,0,0,2,15,0,2,13,960,32,928,23,0,0,23,322,4,300,6,12,
3175011004,DKI JAKARTA,JAKARTA TIMUR,MATRAMAN,PAL MERIAM,310,6,21,2,281,2,0,0,0,2,3,0,0,3,746,46,700,64,0,0,64,265,5,232,6,22,
3173071001,DKI JAKARTA,JAKARTA BARAT,PALMERAH,PALMERAH,1462,7,130,2,1323,0,0,0,0,0,2,0,0,2,2111,127,1984,80,0,0,80,628,13,549,22,44,
3174081001,DKI JAKARTA,JAKARTA SELATAN,PANCORAN,PANCORAN,475,5,23,0,447,1,0,0,0,1,9,0,0,9,672,36,636,7,0,0,7,285,3,271,4,7,
3172021003,DKI JAKARTA,JAKARTA UTARA,TANJUNG PRIOK,PAPANGGO,544,5,38,0,501,1,0,0,0,1,7,0,0,7,948,44,904,70,0,0,70,300,1,289,3,7,
3171021001,DKI JAKARTA,JAKARTA PUSAT,SAWAH BESAR,PASAR BARU,268,0,18,2,248,2,0,0,0,2,9,0,1,8,550,46,504,13,0,0,13,197,1,184,2,10,
3174021006,DKI JAKARTA,JAKARTA SELATAN,SETIA BUDI,PASAR MANGGIS,297,4,20,3,270,4,0,0,0,4,29,0,0,29,1058,70,988,18,0,0,18,296,1,262,11,22,
3174041001,DKI JAKARTA,JAKARTA SELATAN,PASAR MINGGU,PASAR MINGGU,518,6,30,1,481,3,0,0,0,3,7,0,0,7,705,32,673,22,0,0,22,265,2,249,7,7,
3171041003,DKI JAKARTA,JAKARTA PUSAT,SENEN,PASEBAN,609,4,15,1,589,4,0,0,0,4,24,0,1,23,1194,105,1089,63,0,0,63,371,5,331,9,26,
3173061005,DKI JAKARTA,JAKARTA BARAT,KALI DERES,PEGADUNGAN,877,12,69,7,789,1,1,0,0,0,10,0,0,10,1672,90,1582,18,0,0,18,353,1,317,8,27,
3171061002,DKI JAKARTA,JAKARTA PUSAT,MENTENG,PEGANGSAAN,424,1,17,2,404,3,0,0,0,3,3,0,0,3,965,40,925,52,0,0,52,382,1,368,5,8,
3172061002,DKI JAKARTA,JAKARTA UTARA,KELAPA GADING,PEGANGSAAN DUA,983,3,79,1,900,2,0,0,0,2,45,0,2,43,2012,126,1886,209,0,0,209,532,4,483,11,34,
3172011004,DKI JAKARTA,JAKARTA UTARA,PENJARINGAN,PEJAGALAN,682,4,41,2,635,3,0,0,0,3,11,0,3,8,1147,77,1070,34,0,0,34,396,5,356,7,28,
3174041006,DKI JAKARTA,JAKARTA SELATAN,PASAR MINGGU,PEJATEN BARAT,582,4,39,2,537,8,0,0,0,8,2,0,0,2,836,63,773,74,0,0,74,304,12,252,2,38,
3174041005,DKI JAKARTA,JAKARTA SELATAN,PASAR MINGGU,PEJATEN TIMUR,608,6,35,1,566,4,0,0,0,4,3,0,0,3,813,63,750,41,0,0,41,310,6,265,12,27,
3175051005,DKI JAKARTA,JAKARTA TIMUR,PASAR REBO,PEKAYON,1005,5,64,1,935,2,0,0,0,2,3,0,0,3,443,23,420,15,0,0,15,270,10,238,5,17,
3173041009,DKI JAKARTA,JAKARTA BARAT,TAMBORA,PEKOJAN,333,4,13,2,314,0,0,0,0,0,3,0,0,3,287,8,279,18,0,0,18,152,2,141,5,4,
3174031003,DKI JAKARTA,JAKARTA SELATAN,MAMPANG PRAPATAN,PELA MAMPANG,485,5,22,2,456,4,0,0,0,4,15,0,0,15,1618,60,1558,6,0,0,6,400,5,354,6,35,
3174081005,DKI JAKARTA,JAKARTA SELATAN,PANCORAN,PENGADEGAN,251,3,10,2,236,0,0,0,0,0,8,0,0,8,466,18,448,11,0,0,11,137,5,122,1,9,
3175061003,DKI JAKARTA,JAKARTA TIMUR,CAKUNG,PENGGILINGAN,882,3,77,1,801,2,0,0,0,2,11,0,0,11,2075,122,1953,85,0,0,85,675,5,619,14,37,
3172011001,DKI JAKARTA,JAKARTA UTARA,PENJARINGAN,PENJARINGAN,1355,18,81,4,1252,3,1,0,0,2,24,0,0,24,3180,117,3063,122,0,0,122,758,7,684,16,51,
3174101001,DKI JAKARTA,JAKARTA SELATAN,PESANGGRAHAN,PESANGGRAHAN,540,6,55,4,475,2,0,0,1,1,0,0,0,0,1022,40,982,19,0,0,19,203,5,183,4,11,
3171071004,DKI JAKARTA,JAKARTA PUSAT,TANAH ABANG,PETAMBURAN,639,3,12,7,617,0,0,0,0,0,7,0,0,7,1010,43,967,12,0,0,12,465,14,419,13,19,
3174071008,DKI JAKARTA,JAKARTA SELATAN,KEBAYORAN BARU,PETOGOGAN,268,1,24,0,243,0,0,0,0,0,3,0,0,3,329,18,311,3,0,0,3,128,0,111,0,17,
3171011004,DKI JAKARTA,JAKARTA PUSAT,GAMBIR,PETOJO SELATAN,269,2,10,1,256,0,0,0,0,0,28,0,0,28,835,27,808,16,0,0,16,283,3,266,8,6,
3171011003,DKI JAKARTA,JAKARTA PUSAT,GAMBIR,PETOJO UTARA,238,4,11,3,220,1,0,0,0,1,12,0,0,12,449,27,422,26,0,0,26,169,1,159,3,6,
3174101004,DKI JAKARTA,JAKARTA SELATAN,PESANGGRAHAN,PETUKANGAN SELATAN,566,8,54,2,502,1,0,0,0,1,2,0,0,2,1054,70,984,9,0,0,9,274,2,240,4,28,
3174101003,DKI JAKARTA,JAKARTA SELATAN,PESANGGRAHAN,PETUKANGAN UTARA,631,6,45,4,576,6,2,0,0,4,6,0,0,6,1766,59,1707,10,0,0,10,374,7,342,2,23,
3175081002,DKI JAKARTA,JAKARTA TIMUR,MAKASAR,PINANG RANTI,314,6,17,1,290,0,0,0,0,0,2,0,0,2,778,36,742,30,0,0,30,207,3,186,5,13,
3173031008,DKI JAKARTA,JAKARTA BARAT,TAMAN SARI,PINANGSIA,167,2,13,1,151,0,0,0,0,0,2,0,0,2,273,15,258,4,0,0,4,124,3,115,0,6,
3175011001,DKI JAKARTA,JAKARTA TIMUR,MATRAMAN,PISANGAN BARU,420,1,15,3,401,2,0,0,0,2,5,0,0,5,656,42,614,35,0,0,35,245,4,218,8,15,
3175021002,DKI JAKARTA,JAKARTA TIMUR,PULO GADUNG,PISANGAN TIMUR,419,5,22,4,388,1,0,0,0,1,10,0,0,10,1222,187,1035,33,0,0,33,283,3,250,5,25,
3172011005,DKI JAKARTA,JAKARTA UTARA,PENJARINGAN,PLUIT,576,3,76,4,493,0,0,0,0,0,13,0,0,13,1464,85,1379,20,0,0,20,336,5,283,9,39,
3175071002,DKI JAKARTA,JAKARTA TIMUR,DUREN SAWIT,PONDOK BAMBU,1101,8,45,1,1047,5,0,0,0,5,3,0,0,3,1377,98,1279,37,0,0,37,515,11,453,12,39,
3175071004,DKI JAKARTA,JAKARTA TIMUR,DUREN SAWIT,PONDOK KELAPA,831,10,35,0,786,1,0,0,0,1,11,0,0,11,1435,94,1341,29,0,0,29,490,12,421,14,43,
3175071007,DKI JAKARTA,JAKARTA TIMUR,DUREN SAWIT,PONDOK KOPI,516,1,29,1,485,0,0,0,0,0,2,0,0,2,582,20,562,17,0,0,17,273,1,251,13,8,
3174061003,DKI JAKARTA,JAKARTA SELATAN,CILANDAK,PONDOK LABU,671,5,78,1,587,6,0,0,0,6,73,0,0,73,1286,49,1237,37,0,0,37,261,1,238,4,18,
3174051002,DKI JAKARTA,JAKARTA SELATAN,KEBAYORAN LAMA,PONDOK PINANG,744,5,51,4,684,0,0,0,0,0,44,0,0,44,998,60,938,12,0,0,12,405,6,346,10,43,
3175101003,DKI JAKARTA,JAKARTA TIMUR,CIPAYUNG,PONDOK RANGGON,324,1,15,3,305,0,0,0,0,0,3,0,0,3,538,40,498,22,0,0,22,222,4,196,1,21,
PROSES UPDATE DATA,PROSES UPDATE DATA,PROSES UPDATE DATA,PROSES UPDATE DATA,PROSES UPDATE DATA,17229,213,1246,1696,14074,3717,5,0,3702,10,116,0,1,115,40529,5927,34602,383,0,1,382,26218,272,24430,486,1030,
3101011003,DKI JAKARTA,KAB.ADM.KEP.SERIBU,KEP. SERIBU UTARA,PULAU HARAPAN,67,0,1,0,66,0,0,0,0,0,0,0,0,0,89,11,78,0,0,0,0,6,0,6,0,0,
3101011002,DKI JAKARTA,KAB.ADM.KEP.SERIBU,KEP. SERIBU UTARA,PULAU KELAPA,83,0,2,1,80,0,0,0,0,0,3,0,0,3,215,32,183,1,0,0,1,13,0,9,0,4,
3101011001,DKI JAKARTA,KAB.ADM.KEP.SERIBU,KEP. SERIBU UTARA,PULAU PANGGANG,179,0,6,1,172,0,0,0,0,0,0,0,0,0,179,0,179,4,0,0,4,29,0,29,0,0,
3101021003,DKI JAKARTA,KAB.ADM.KEP.SERIBU,KEP. SERIBU SELATAN,PULAU PARI,13,0,1,0,12,0,0,0,0,0,0,0,0,0,200,2,198,1,0,0,1,7,0,6,0,1,
3101021002,DKI JAKARTA,KAB.ADM.KEP.SERIBU,KEP. SERIBU SELATAN,PULAU TIDUNG,39,0,1,0,38,1,0,0,1,0,1,0,0,1,398,3,395,1,0,0,1,37,0,37,0,0,
3101021001,DKI JAKARTA,KAB.ADM.KEP.SERIBU,KEP. SERIBU SELATAN,PULAU UNTUNG JAWA,25,0,0,0,25,0,0,0,0,0,0,0,0,0,112,0,112,0,0,0,0,5,0,5,0,0,
3174071007,DKI JAKARTA,JAKARTA SELATAN,KEBAYORAN BARU,PULO,306,0,4,1,301,1,0,0,0,1,1,0,0,1,235,7,228,0,0,0,0,59,0,58,0,1,
3175021001,DKI JAKARTA,JAKARTA TIMUR,PULO GADUNG,PULO GADUNG,487,5,28,2,452,0,0,0,0,0,11,0,0,11,1021,55,966,43,0,0,43,311,2,282,7,20,
3175061005,DKI JAKARTA,JAKARTA TIMUR,CAKUNG,PULO GEBANG,752,6,94,2,650,1,0,0,0,1,9,0,0,9,1599,103,1496,72,0,0,72,535,15,455,12,53,
3174041004,DKI JAKARTA,JAKARTA SELATAN,PASAR MINGGU,RAGUNAN,980,15,126,2,837,1,0,0,0,1,2,0,0,2,881,78,803,25,0,0,25,276,7,241,6,22,
3175091005,DKI JAKARTA,JAKARTA TIMUR,CIRACAS,RAMBUTAN,552,9,57,1,485,2,0,0,0,2,12,0,0,12,843,34,809,29,0,0,29,249,11,208,4,26,
3172031006,DKI JAKARTA,JAKARTA UTARA,KOJA,RAWA BADAK SELATAN,579,11,23,2,543,2,0,0,0,2,2,0,0,2,657,32,625,60,0,0,60,367,2,328,5,32,
3172031004,DKI JAKARTA,JAKARTA UTARA,KOJA,RAWA BADAK UTARA,544,5,17,1,521,0,0,0,0,0,2,0,0,2,623,27,596,96,0,0,96,287,3,260,4,20,
3174071005,DKI JAKARTA,JAKARTA SELATAN,KEBAYORAN BARU,RAWA BARAT,117,0,7,2,108,0,0,0,0,0,2,0,0,2,193,4,189,0,0,0,0,51,0,42,1,8,
3173011003,DKI JAKARTA,JAKARTA BARAT,CENGKARENG,RAWA BUAYA,484,8,38,2,436,1,0,0,0,1,6,0,0,6,936,42,894,6,0,0,6,395,7,344,14,30,
3175031004,DKI JAKARTA,JAKARTA TIMUR,JATINEGARA,RAWA BUNGA,185,5,6,1,173,0,0,0,0,0,1,0,0,1,337,22,315,16,0,0,16,166,1,149,3,13,
3174081003,DKI JAKARTA,JAKARTA SELATAN,PANCORAN,RAWA JATI,357,3,18,0,336,2,0,0,0,2,11,0,0,11,637,37,600,7,0,0,7,139,2,133,0,4,
3175061002,DKI JAKARTA,JAKARTA TIMUR,CAKUNG,RAWA TERATE,193,0,25,0,168,0,0,0,0,0,2,0,0,2,447,44,403,9,0,0,9,201,1,191,1,8,
3175021005,DKI JAKARTA,JAKARTA TIMUR,PULO GADUNG,RAWAMANGUN,428,4,31,0,393,1,0,0,0,1,9,0,0,9,1056,72,984,37,0,0,37,344,3,303,10,28,
3171051003,DKI JAKARTA,JAKARTA PUSAT,CEMPAKA PUTIH,RAWASARI,831,5,22,2,802,7,3,0,1,3,10,0,0,10,1532,78,1454,38,0,0,38,450,7,422,6,15,
3173041010,DKI JAKARTA,JAKARTA BARAT,TAMBORA,ROA MALAKA,43,0,3,0,40,1,0,0,0,1,0,0,0,0,48,3,45,2,0,0,2,16,1,15,0,0,
3172041006,DKI JAKARTA,JAKARTA UTARA,CILINCING,ROROTAN,485,5,46,2,432,0,0,0,0,0,5,0,0,5,680,22,658,81,0,0,81,190,3,178,2,7,
3174071004,DKI JAKARTA,JAKARTA SELATAN,KEBAYORAN BARU,SELONG,100,0,7,0,93,0,0,0,0,0,3,0,0,3,153,10,143,3,0,0,3,28,1,25,1,1,
3173061002,DKI JAKARTA,JAKARTA BARAT,KALI DERES,SEMANAN,700,7,49,3,641,1,0,0,0,1,3,0,0,3,1311,70,1241,9,0,0,9,287,1,256,4,26,
3172041007,DKI JAKARTA,JAKARTA UTARA,CILINCING,SEMPER BARAT,935,8,72,1,854,3,0,0,0,3,12,0,0,12,1312,47,1265,117,0,0,117,536,6,495,11,24,
3172041005,DKI JAKARTA,JAKARTA UTARA,CILINCING,SEMPER TIMUR,516,7,27,1,481,1,0,0,0,1,4,0,0,4,782,24,758,57,0,0,57,282,10,256,6,10,
3174071006,DKI JAKARTA,JAKARTA SELATAN,KEBAYORAN BARU,SENAYAN,510,2,127,0,381,0,0,0,0,0,10,0,0,10,750,100,650,0,0,0,0,212,0,196,0,16,
3171041001,DKI JAKARTA,JAKARTA PUSAT,SENEN,SENEN,225,2,12,0,211,1,0,0,0,1,8,0,0,8,788,62,726,26,0,0,26,172,6,155,3,8,
3171031004,DKI JAKARTA,JAKARTA PUSAT,KEMAYORAN,SERDANG,528,4,32,2,490,0,0,0,0,0,5,0,0,5,855,48,807,32,0,0,32,318,4,287,6,21,
3174021001,DKI JAKARTA,JAKARTA SELATAN,SETIA BUDI,SETIA BUDI,120,0,8,0,112,0,0,0,0,0,4,0,0,4,385,14,371,6,0,0,6,52,0,47,0,5,
3175101005,DKI JAKARTA,JAKARTA TIMUR,CIPAYUNG,SETU,299,1,10,0,288,2,0,0,0,2,2,0,0,2,513,34,479,14,0,0,14,155,2,128,1,24,
3173071002,DKI JAKARTA,JAKARTA BARAT,PALMERAH,SLIPI,635,2,41,2,590,1,1,0,0,0,2,0,0,2,1101,44,1057,43,0,0,43,340,4,312,4,20,
3173081004,DKI JAKARTA,JAKARTA BARAT,KEMBANGAN,SRENGSENG,666,9,49,3,605,1,0,0,0,1,6,0,0,6,1425,56,1369,27,0,0,27,376,10,342,5,19,
3174091002,DKI JAKARTA,JAKARTA SELATAN,JAGAKARSA,SRENGSENG SAWAH,986,4,26,0,956,8,0,0,0,8,11,0,0,11,1151,65,1086,26,0,0,26,268,8,243,8,9,
3173051003,DKI JAKARTA,JAKARTA BARAT,KEBON JERUK,SUKABUMI SELATAN,391,5,32,4,350,1,0,0,0,1,1,0,0,1,817,48,769,25,0,0,25,252,5,227,5,15,
3173051002,DKI JAKARTA,JAKARTA BARAT,KEBON JERUK,SUKABUMI UTARA,456,1,56,3,396,0,0,0,0,0,19,0,0,19,908,84,824,46,0,0,46,299,6,266,10,17,
3172041002,DKI JAKARTA,JAKARTA UTARA,CILINCING,SUKAPURA,723,9,47,2,665,0,0,0,0,0,6,0,0,6,1034,65,969,104,0,0,104,388,3,348,8,29,
3171031007,DKI JAKARTA,JAKARTA PUSAT,KEMAYORAN,SUMUR BATU,466,5,14,1,446,2,0,0,0,2,6,0,0,6,655,53,602,33,0,0,33,248,1,231,3,13,
3172021004,DKI JAKARTA,JAKARTA UTARA,TANJUNG PRIOK,SUNGAI BAMBU,462,1,45,0,416,0,0,0,0,0,7,0,0,7,741,33,708,44,0,0,44,254,3,232,6,13,
3172021006,DKI JAKARTA,JAKARTA UTARA,TANJUNG PRIOK,SUNTER AGUNG,1137,7,79,1,1050,4,0,0,0,4,23,0,1,22,2244,122,2122,104,0,0,104,712,9,639,19,45,
3172021002,DKI JAKARTA,JAKARTA UTARA,TANJUNG PRIOK,SUNTER JAYA,1061,12,75,6,968,1,0,0,0,1,10,0,0,10,1926,92,1834,192,0,0,192,652,1,590,19,42,
3175091004,DKI JAKARTA,JAKARTA TIMUR,CIRACAS,SUSUKAN,609,2,35,1,571,0,0,0,0,0,17,0,0,17,1431,37,1394,69,0,0,69,224,5,195,8,16,
3173031001,DKI JAKARTA,JAKARTA BARAT,TAMAN SARI,TAMAN SARI,317,3,22,0,292,2,0,0,0,2,1,0,0,1,467,27,440,17,0,0,17,209,0,194,4,11,
3173041001,DKI JAKARTA,JAKARTA BARAT,TAMBORA,TAMBORA,228,3,9,3,213,0,0,0,0,0,1,0,0,1,337,14,323,3,0,0,3,116,3,101,3,9,
3173041004,DKI JAKARTA,JAKARTA BARAT,TAMBORA,TANAH SEREAL,314,1,6,2,305,1,0,0,0,1,4,0,0,4,307,17,290,5,0,0,5,186,2,167,7,10,
3171081004,DKI JAKARTA,JAKARTA PUSAT,JOHAR BARU,TANAH TINGGI,534,5,25,3,501,5,0,0,0,5,6,0,0,6,1200,77,1123,36,0,0,36,433,11,394,16,12,
3173031004,DKI JAKARTA,JAKARTA BARAT,TAMAN SARI,TANGKI,273,0,18,1,254,1,0,0,0,1,3,0,0,3,347,10,337,2,0,0,2,140,1,130,1,8,
3174091005,DKI JAKARTA,JAKARTA SELATAN,JAGAKARSA,TANJUNG BARAT,783,7,37,1,738,1,0,0,0,1,2,0,0,2,688,42,646,13,0,0,13,300,3,269,6,22,
3173021005,DKI JAKARTA,JAKARTA BARAT,GROGOL PETAMBURAN,TANJUNG DUREN SELATAN,488,4,23,1,460,0,0,0,0,0,19,0,0,19,771,34,737,24,0,0,24,346,8,308,11,19,
3173021002,DKI JAKARTA,JAKARTA BARAT,GROGOL PETAMBURAN,TANJUNG DUREN UTARA,314,1,11,0,302,2,0,0,0,2,21,0,0,21,674,39,635,19,0,0,19,195,2,172,9,12,
3172021001,DKI JAKARTA,JAKARTA UTARA,TANJUNG PRIOK,TANJUNG PRIOK,602,3,34,6,559,1,1,0,0,0,13,0,0,13,873,43,830,70,0,0,70,400,3,375,10,12,
3174011002,DKI JAKARTA,JAKARTA SELATAN,TEBET,TEBET BARAT,535,9,26,0,500,2,0,0,0,2,8,0,0,8,730,34,696,24,0,0,24,355,6,326,7,16,
3174011001,DKI JAKARTA,JAKARTA SELATAN,TEBET,TEBET TIMUR,435,4,18,2,411,0,0,0,0,0,6,0,0,6,610,24,586,35,0,0,35,223,4,208,4,7,
3173061003,DKI JAKARTA,JAKARTA BARAT,KALI DERES,TEGAL ALUR,829,12,77,6,734,0,0,0,0,0,7,0,0,7,1382,87,1295,13,0,0,13,293,6,244,7,36,
3174031004,DKI JAKARTA,JAKARTA SELATAN,MAMPANG PRAPATAN,TEGAL PARANG,391,7,12,3,369,5,0,0,1,4,4,0,0,4,1113,57,1056,12,0,0,12,345,6,318,6,15,
3173021003,DKI JAKARTA,JAKARTA BARAT,GROGOL PETAMBURAN,TOMANG,526,2,25,2,497,0,0,0,0,0,15,0,0,15,849,42,807,85,0,0,85,337,4,298,8,27,
3172031005,DKI JAKARTA,JAKARTA UTARA,KOJA,TUGU SELATAN,514,2,30,1,481,0,0,0,0,0,2,0,0,2,527,21,506,91,0,0,91,319,1,296,8,14,
3172031002,DKI JAKARTA,JAKARTA UTARA,KOJA,TUGU UTARA,1049,10,69,0,970,3,0,0,0,3,8,0,1,7,1015,46,969,106,0,0,106,487,1,451,17,18,
3175061006,DKI JAKARTA,JAKARTA TIMUR,CAKUNG,UJUNG MENTENG,206,1,16,2,187,1,0,0,0,1,1,0,0,1,537,48,489,30,0,0,30,146,0,137,3,6,
3174101005,DKI JAKARTA,JAKARTA SELATAN,PESANGGRAHAN,ULUJAMI,632,5,26,2,599,0,0,0,0,0,0,0,0,0,1290,30,1260,26,0,0,26,294,1,272,7,14,
3175011006,DKI JAKARTA,JAKARTA TIMUR,MATRAMAN,UTAN KAYU SELATAN,559,5,19,8,527,2,0,0,0,2,8,0,0,8,1002,60,942,93,0,0,93,324,2,282,9,31,
3175011002,DKI JAKARTA,JAKARTA TIMUR,MATRAMAN,UTAN KAYU UTARA,469,8,18,0,443,2,0,0,0,2,4,0,0,4,792,39,753,46,0,0,46,258,5,214,12,27,
3171031008,DKI JAKARTA,JAKARTA PUSAT,KEMAYORAN,UTAN PANJANG,444,4,14,2,424,0,0,0,0,0,4,0,0,4,668,38,630,28,0,0,28,310,1,292,9,8,
3172021007,DKI JAKARTA,JAKARTA UTARA,TANJUNG PRIOK,WARAKAS,645,10,58,2,575,0,0,0,0,0,11,0,0,11,1072,51,1021,62,0,0,62,386,3,338,8,37,
3173021007,DKI JAKARTA,JAKARTA BARAT,GROGOL PETAMBURAN,WIJAYA KUSUMA,454,0,33,2,419,1,0,0,0,1,7,0,0,7,939,65,874,23,0,0,23,314,3,280,8,23,
