id_kel,nama_provinsi,nama_kota,nama_kecamatan,nama_kelurahan,suspek,perawatan_rs,isolasi_di_rumah,suspek_meninggal,selesai_isolasi,probable,perawatan_rs,isolasi_di_rumah,probable_meninggal,selesai_isolasi,pelaku_perjalanan,perawatan_rs,isolasi_di_rumah,selesai_isolasi,kontak_erat,isolasi_di_rumah,selesai_isolasi,discarded,isolasi_di_rumah,meninggal,selesai_isolasi,positif,dirawat,sembuh,meninggal,self_isolation,keterangan
3172051003,DKI JAKARTA,JAKARTA UTARA,PADEMANGAN,ANCOL,531,2,37,0,492,4,0,0,0,4,10,0,0,10,715,43,672,10,0,0,10,344,4,322,4,14,
3173041007,DKI JAKARTA,JAKARTA BARAT,TAMBORA,ANGKE,448,1,21,2,424,1,0,0,1,0,1,0,0,1,518,10,508,26,0,0,26,202,3,184,4,11,
3175041005,DKI JAKARTA,JAKARTA TIMUR,KRAMAT JATI,BALE KAMBANG,322,3,28,1,290,7,4,0,0,3,5,0,0,5,625,66,559,23,0,0,23,196,3,174,3,16,
3175031003,DKI JAKARTA,JAKARTA TIMUR,JATINEGARA,BALI MESTER,116,3,7,1,105,1,0,0,0,1,1,0,0,1,208,9,199,6,0,0,6,182,5,72,2,103,
3175101006,DKI JAKARTA,JAKARTA TIMUR,CIPAYUNG,BAMBU APUS,479,6,51,1,421,0,0,0,0,0,4,0,0,4,711,51,660,18,0,0,18,196,6,172,3,15,
3174031002,DKI JAKARTA,JAKARTA SELATAN,MAMPANG PRAPATAN,BANGKA,345,5,31,2,307,5,0,0,1,4,18,0,0,18,736,28,708,8,0,0,8,200,3,187,2,8,
3175051002,DKI JAKARTA,JAKARTA TIMUR,PASAR REBO,BARU,467,8,28,1,430,0,0,0,0,0,5,0,0,5,432,11,421,18,0,0,18,216,3,202,0,11,
3175041004,DKI JAKARTA,JAKARTA TIMUR,KRAMAT JATI,BATU AMPAR,595,6,50,1,538,3,0,0,0,3,3,0,0,3,1215,77,1138,27,0,0,27,298,6,276,6,10,
3171071002,DKI JAKARTA,JAKARTA PUSAT,TANAH ABANG,BENDUNGAN HILIR,490,2,23,0,465,2,0,0,0,2,4,0,0,4,873,28,845,10,0,0,10,292,6,260,8,18,
3175031002,DKI JAKARTA,JAKARTA TIMUR,JATINEGARA,BIDARA CINA,431,4,27,3,397,1,0,0,0,1,8,0,0,8,635,26,609,37,0,0,37,314,3,282,10,19,
3174101002,DKI JAKARTA,JAKARTA SELATAN,PESANGGRAHAN,BINTARO,845,6,68,2,769,5,1,0,0,4,9,0,0,9,1636,87,1549,26,0,0,26,396,15,338,10,33,
3174011005,DKI JAKARTA,JAKARTA SELATAN,TEBET,BUKIT DURI,445,4,35,3,403,2,0,0,0,2,14,0,1,13,669,43,626,15,0,0,15,254,2,235,8,9,
3171041006,DKI JAKARTA,JAKARTA PUSAT,SENEN,BUNGUR,274,2,17,2,253,1,0,0,0,1,13,0,0,13,639,19,620,17,0,0,17,212,6,189,5,12,
3175061007,DKI JAKARTA,JAKARTA TIMUR,CAKUNG,CAKUNG BARAT,406,1,38,1,366,3,1,0,0,2,0,0,0,0,807,62,745,50,0,0,50,375,11,322,5,37,
3175061004,DKI JAKARTA,JAKARTA TIMUR,CAKUNG,CAKUNG TIMUR,484,2,52,2,428,3,0,0,1,2,6,0,0,6,932,50,882,46,0,0,46,325,6,296,9,14,
3175041007,DKI JAKARTA,JAKARTA TIMUR,KRAMAT JATI,CAWANG,401,3,45,0,353,1,0,0,0,1,6,0,0,6,1069,58,1011,22,0,0,22,354,8,330,6,10,
3175101008,DKI JAKARTA,JAKARTA TIMUR,CIPAYUNG,CEGER,274,2,16,0,256,0,0,0,0,0,1,0,0,1,462,21,441,9,0,0,9,142,0,135,3,4,
3171031006,DKI JAKARTA,JAKARTA PUSAT,KEMAYORAN,CEMPAKA BARU,729,6,41,2,680,1,0,0,0,1,7,0,0,7,1142,62,1080,36,0,0,36,467,0,435,17,15,
3171051002,DKI JAKARTA,JAKARTA PUSAT,CEMPAKA PUTIH,CEMPAKA PUTIH BARAT,1050,8,95,2,945,9,5,0,0,4,21,0,0,21,2159,73,2086,51,0,0,51,716,2,680,15,19,
3171051001,DKI JAKARTA,JAKARTA PUSAT,CEMPAKA PUTIH,CEMPAKA PUTIH TIMUR,718,3,50,1,664,1,0,0,0,1,12,0,0,12,1520,28,1492,59,0,0,59,381,3,359,6,13,
3173011001,DKI JAKARTA,JAKARTA BARAT,CENGKARENG,CENGKARENG BARAT,854,6,71,1,776,0,0,0,0,0,6,0,0,6,1593,161,1432,13,0,0,13,561,11,472,10,68,
3173011006,DKI JAKARTA,JAKARTA BARAT,CENGKARENG,CENGKARENG TIMUR,1024,8,64,7,945,2,0,0,0,2,4,0,0,4,2048,100,1948,18,0,0,18,760,6,675,17,62,
3175091002,DKI JAKARTA,JAKARTA TIMUR,CIRACAS,CIBUBUR,976,8,31,4,933,1,0,0,0,1,30,0,0,30,2073,46,2027,94,0,0,94,379,7,346,8,18,
3171011002,DKI JAKARTA,JAKARTA PUSAT,GAMBIR,CIDENG,329,5,9,2,313,0,0,0,0,0,10,0,0,10,669,33,636,13,0,0,13,209,0,198,7,4,
3174091003,DKI JAKARTA,JAKARTA SELATAN,JAGAKARSA,CIGANJUR,803,2,69,1,731,2,0,0,0,2,12,0,0,12,855,39,816,14,0,0,14,238,3,208,4,23,
3175051003,DKI JAKARTA,JAKARTA TIMUR,PASAR REBO,CIJANTUNG,913,4,63,3,843,0,0,0,0,0,4,0,1,3,617,22,595,10,0,0,10,356,8,315,9,24,
3171061003,DKI JAKARTA,JAKARTA PUSAT,MENTENG,CIKINI,178,6,11,0,161,1,1,0,0,0,2,0,0,2,234,8,226,11,0,0,11,82,1,67,3,11,
3174081006,DKI JAKARTA,JAKARTA SELATAN,PANCORAN,CIKOKO,211,1,12,0,198,1,0,0,0,1,10,0,0,10,300,13,287,1,0,0,1,86,3,68,3,12,
3174061001,DKI JAKARTA,JAKARTA SELATAN,CILANDAK,CILANDAK BARAT,1489,11,205,5,1268,1,0,0,0,1,97,0,0,97,1804,124,1680,42,0,0,42,469,13,406,8,42,
3174041003,DKI JAKARTA,JAKARTA SELATAN,PASAR MINGGU,CILANDAK TIMUR,559,4,23,1,531,5,0,0,0,5,17,0,0,17,543,38,505,86,0,0,86,281,4,258,8,11,
3175101002,DKI JAKARTA,JAKARTA TIMUR,CIPAYUNG,CILANGKAP,400,0,22,1,377,1,0,0,0,1,3,0,0,3,699,40,659,22,0,0,22,194,2,184,2,6,
3175041006,DKI JAKARTA,JAKARTA TIMUR,KRAMAT JATI,CILILITAN,386,6,38,1,341,1,1,0,0,0,7,0,0,7,981,61,920,48,0,0,48,354,6,323,8,17,
3172041001,DKI JAKARTA,JAKARTA UTARA,CILINCING,CILINCING,687,10,45,1,631,1,0,0,0,1,6,0,0,6,1205,29,1176,105,0,0,105,431,6,406,11,8,
3175101001,DKI JAKARTA,JAKARTA TIMUR,CIPAYUNG,CIPAYUNG,598,5,32,2,559,3,0,0,1,2,7,0,0,7,766,33,733,34,0,0,34,241,4,222,3,12,
3174091006,DKI JAKARTA,JAKARTA SELATAN,JAGAKARSA,CIPEDAK,658,3,50,0,605,5,3,0,0,2,1,0,0,1,922,52,870,8,0,0,8,301,5,271,3,22,
3174061005,DKI JAKARTA,JAKARTA SELATAN,CILANDAK,CIPETE SELATAN,370,2,41,1,326,2,0,0,0,2,46,0,0,46,622,34,588,6,0,0,6,166,7,148,7,4,
3174071010,DKI JAKARTA,JAKARTA SELATAN,KEBAYORAN BARU,CIPETE UTARA,767,2,50,3,712,0,0,0,0,0,9,0,0,9,663,22,641,6,0,0,6,199,2,184,4,9,
3175021003,DKI JAKARTA,JAKARTA TIMUR,PULO GADUNG,CIPINANG,375,4,16,2,353,1,0,0,0,1,3,0,0,3,1065,82,983,44,0,0,44,398,5,358,13,22,
3175031007,DKI JAKARTA,JAKARTA TIMUR,JATINEGARA,CIPINANG BESAR SELATAN,331,4,14,2,311,2,0,0,0,2,2,0,0,2,677,33,644,18,0,0,18,264,5,241,2,16,
3175031008,DKI JAKARTA,JAKARTA TIMUR,JATINEGARA,CIPINANG BESAR UTARA,493,2,18,0,473,2,0,0,0,2,3,0,0,3,1087,141,946,24,0,0,24,420,6,374,7,33,
3175031005,DKI JAKARTA,JAKARTA TIMUR,JATINEGARA,CIPINANG CEMPEDAK,293,3,7,2,281,0,0,0,0,0,7,0,0,7,592,24,568,22,0,0,22,230,6,207,5,12,
3175081005,DKI JAKARTA,JAKARTA TIMUR,MAKASAR,CIPINANG MELAYU,435,5,25,2,403,3,0,0,0,3,5,0,0,5,821,22,799,21,0,0,21,321,8,287,7,19,
3175031006,DKI JAKARTA,JAKARTA TIMUR,JATINEGARA,CIPINANG MUARA,517,5,32,1,479,5,0,0,0,5,9,0,0,9,1084,55,1029,32,0,0,32,484,16,424,6,38,
3174051003,DKI JAKARTA,JAKARTA SELATAN,KEBAYORAN LAMA,CIPULIR,399,3,27,4,365,6,0,0,0,6,6,0,0,6,603,36,567,8,0,0,8,274,4,254,4,12,
3175091001,DKI JAKARTA,JAKARTA TIMUR,CIRACAS,CIRACAS,1092,4,71,9,1008,3,0,0,0,3,30,0,6,24,1816,35,1781,45,0,0,45,538,5,488,17,28,
3175041003,DKI JAKARTA,JAKARTA TIMUR,KRAMAT JATI,DUKUH,357,1,35,1,320,0,0,0,0,0,1,0,0,1,894,151,743,14,0,0,14,208,1,191,5,11,
3175071001,DKI JAKARTA,JAKARTA TIMUR,DUREN SAWIT,DUREN SAWIT,971,6,32,3,930,18,0,0,0,18,4,0,0,4,1338,85,1253,37,0,0,37,648,10,598,14,26,
3174081004,DKI JAKARTA,JAKARTA SELATAN,PANCORAN,DUREN TIGA,509,7,33,0,469,2,0,0,0,2,6,0,0,6,710,32,678,3,0,0,3,230,1,224,2,3,
3173051005,DKI JAKARTA,JAKARTA BARAT,KEBON JERUK,DURI KEPA,664,3,50,2,609,3,0,0,0,3,12,0,0,12,1442,66,1376,74,0,0,74,473,19,428,13,13,
3173011002,DKI JAKARTA,JAKARTA BARAT,CENGKARENG,DURI KOSAMBI,754,12,67,3,672,1,0,0,0,1,4,0,0,4,1308,70,1238,11,0,0,11,534,5,471,8,50,
3171011006,DKI JAKARTA,JAKARTA PUSAT,GAMBIR,DURI PULO,227,3,14,3,207,0,0,0,0,0,1,0,0,1,561,31,530,7,0,0,7,205,2,185,8,10,
3173041011,DKI JAKARTA,JAKARTA BARAT,TAMBORA,DURI SELATAN,209,5,11,1,192,0,0,0,0,0,2,0,0,2,198,21,177,4,0,0,4,90,2,84,3,1,
3173041003,DKI JAKARTA,JAKARTA BARAT,TAMBORA,DURI UTARA,246,1,16,2,227,1,0,0,0,1,2,0,0,2,262,12,250,5,0,0,5,154,2,144,4,4,
3171081003,DKI JAKARTA,JAKARTA PUSAT,JOHAR BARU,GALUR,252,2,14,0,236,4,1,0,0,3,3,0,0,3,580,16,564,47,0,0,47,210,0,195,10,5,
3171011001,DKI JAKARTA,JAKARTA PUSAT,GAMBIR,GAMBIR,119,0,6,0,113,1,0,0,0,1,17,0,0,17,442,10,432,6,0,0,6,195,2,187,1,5,
3174061004,DKI JAKARTA,JAKARTA SELATAN,CILANDAK,GANDARIA SELATAN,266,2,16,0,248,2,0,0,0,2,20,0,0,20,775,35,740,4,0,0,4,182,3,166,5,8,
3174071009,DKI JAKARTA,JAKARTA SELATAN,KEBAYORAN BARU,GANDARIA UTARA,774,3,70,2,699,0,0,0,0,0,3,0,0,3,754,23,731,6,0,0,6,261,4,233,6,18,
3175051001,DKI JAKARTA,JAKARTA TIMUR,PASAR REBO,GEDONG,849,7,29,0,813,0,0,0,0,0,4,0,0,4,530,40,490,25,0,0,25,320,9,271,4,36,
3171071001,DKI JAKARTA,JAKARTA PUSAT,TANAH ABANG,GELORA,87,0,5,1,81,0,0,0,0,0,5,0,0,5,293,61,232,0,0,0,0,118,0,111,2,5,
3173031007,DKI JAKARTA,JAKARTA BARAT,TAMAN SARI,GLODOK,128,1,9,0,118,0,0,0,0,0,1,0,0,1,193,13,180,1,0,0,1,47,0,42,2,3,
3171061004,DKI JAKARTA,JAKARTA PUSAT,MENTENG,GONDANGDIA,88,1,10,1,76,0,0,0,0,0,13,0,0,13,163,10,153,7,0,0,7,64,1,55,3,5,
3173021001,DKI JAKARTA,JAKARTA BARAT,GROGOL PETAMBURAN,GROGOL,576,0,35,4,537,1,0,0,0,1,45,0,0,45,1119,59,1060,37,0,0,37,275,1,268,2,4,
3174051005,DKI JAKARTA,JAKARTA SELATAN,KEBAYORAN LAMA,GROGOL SELATAN,502,9,52,5,436,0,0,0,0,0,12,0,0,12,695,33,662,14,0,0,14,342,7,287,7,41,
3174051004,DKI JAKARTA,JAKARTA SELATAN,KEBAYORAN LAMA,GROGOL UTARA,510,8,27,4,471,0,0,0,0,0,24,0,0,24,714,43,671,18,0,0,18,394,3,351,12,28,
3174021007,DKI JAKARTA,JAKARTA SELATAN,SETIA BUDI,GUNTUR,68,0,1,0,67,0,0,0,0,0,1,0,0,1,252,38,214,1,0,0,1,62,0,61,1,0,
3174071002,DKI JAKARTA,JAKARTA SELATAN,KEBAYORAN BARU,GUNUNG,329,0,18,3,308,0,0,0,0,0,7,0,0,7,412,9,403,0,0,0,0,136,3,127,3,3,
3171031005,DKI JAKARTA,JAKARTA PUSAT,KEMAYORAN,GUNUNG SAHARI SELATAN,362,0,24,1,337,0,0,0,0,0,5,0,0,5,596,25,571,1,0,0,1,212,2,198,7,5,
3171021004,DKI JAKARTA,JAKARTA PUSAT,SAWAH BESAR,GUNUNG SAHARI UTARA,322,1,28,1,292,2,0,0,0,2,7,0,0,7,612,24,588,12,0,0,12,196,4,179,10,3,
3175081004,DKI JAKARTA,JAKARTA TIMUR,MAKASAR,HALIM PERDANA KUSUMAH,282,0,7,2,273,0,0,0,0,0,6,0,0,6,670,70,600,9,0,0,9,509,30,455,7,17,
3171031003,DKI JAKARTA,JAKARTA PUSAT,KEMAYORAN,HARAPAN MULIA,409,1,27,3,378,1,0,0,0,1,6,0,0,6,635,22,613,33,0,0,33,286,2,269,9,6,
3174091001,DKI JAKARTA,JAKARTA SELATAN,JAGAKARSA,JAGAKARSA,1163,7,45,2,1109,8,0,0,0,8,8,0,0,8,1366,107,1259,20,0,0,20,463,7,420,6,30,
3175021007,DKI JAKARTA,JAKARTA TIMUR,PULO GADUNG,JATI,417,2,19,1,395,0,0,0,0,0,9,0,0,9,1077,58,1019,39,0,0,39,300,1,281,6,12,
3174041002,DKI JAKARTA,JAKARTA SELATAN,PASAR MINGGU,JATI PADANG,626,8,52,2,564,0,0,0,0,0,4,0,0,4,792,79,713,72,0,0,72,263,1,237,5,20,
3173071004,DKI JAKARTA,JAKARTA BARAT,PALMERAH,JATI PULO,631,2,54,4,571,2,0,0,0,2,5,0,0,5,864,35,829,64,0,0,64,336,0,315,10,11,
3175061001,DKI JAKARTA,JAKARTA TIMUR,CAKUNG,JATINEGARA,894,8,117,3,766,1,0,0,0,1,4,0,0,4,1764,129,1635,50,0,0,50,676,10,603,11,52,
3175021004,DKI JAKARTA,JAKARTA TIMUR,PULO GADUNG,JATINEGARA KAUM,159,2,15,0,142,1,0,0,1,0,3,0,0,3,455,33,422,12,0,0,12,140,2,122,6,10,
3173021004,DKI JAKARTA,JAKARTA BARAT,GROGOL PETAMBURAN,JELAMBAR,538,4,30,5,499,2,0,0,0,2,27,0,0,27,940,71,869,14,0,0,14,320,1,291,8,20,
3173021006,DKI JAKARTA,JAKARTA BARAT,GROGOL PETAMBURAN,JELAMBAR BARU,447,2,24,2,419,2,0,0,0,2,4,0,0,4,771,68,703,22,0,0,22,245,3,226,5,11,
3173041006,DKI JAKARTA,JAKARTA BARAT,TAMBORA,JEMBATAN BESI,588,0,15,1,572,1,0,0,0,1,5,0,0,5,539,26,513,11,0,0,11,276,2,256,8,10,
3173041008,DKI JAKARTA,JAKARTA BARAT,TAMBORA,JEMBATAN LIMA,245,0,24,0,221,0,0,0,0,0,1,0,0,1,243,10,233,5,0,0,5,167,0,143,4,20,
3173081005,DKI JAKARTA,JAKARTA BARAT,KEMBANGAN,JOGLO,627,5,68,4,550,1,0,0,0,1,5,0,0,5,871,48,823,15,0,0,15,291,6,266,5,14,
3171081001,DKI JAKARTA,JAKARTA PUSAT,JOHAR BARU,JOHAR BARU,808,9,53,3,743,9,3,0,0,6,11,0,0,11,2104,121,1983,104,0,0,104,584,6,539,19,20,
3173041002,DKI JAKARTA,JAKARTA BARAT,TAMBORA,KALI ANYAR,424,2,15,0,407,1,0,0,0,1,4,0,0,4,389,15,374,14,0,0,14,215,1,197,7,10,
3172041004,DKI JAKARTA,JAKARTA UTARA,CILINCING,KALI BARU,642,5,47,5,585,0,0,0,0,0,5,0,0,5,733,21,712,49,0,0,49,365,1,347,9,8,
3174081002,DKI JAKARTA,JAKARTA SELATAN,PANCORAN,KALIBATA,705,6,40,4,655,7,0,0,0,7,12,0,0,12,1014,81,933,14,0,0,14,372,5,341,9,17,
3173061001,DKI JAKARTA,JAKARTA BARAT,KALI DERES,KALIDERES,1405,12,93,4,1296,1,0,0,0,1,7,0,1,6,2554,141,2413,30,0,0,30,595,9,525,9,52,
3175051004,DKI JAKARTA,JAKARTA TIMUR,PASAR REBO,KALISARI,1167,2,46,0,1119,0,0,0,0,0,3,0,0,3,627,28,599,14,0,0,14,326,5,298,6,17,
3173061004,DKI JAKARTA,JAKARTA BARAT,KALI DERES,KAMAL,410,3,44,3,360,0,0,0,0,0,1,0,0,1,656,55,601,5,0,0,5,126,5,92,9,20,
3172011002,DKI JAKARTA,JAKARTA UTARA,PENJARINGAN,KAMAL MUARA,121,3,6,0,112,0,0,0,0,0,4,0,0,4,249,15,234,2,0,0,2,107,2,97,2,6,
3171071007,DKI JAKARTA,JAKARTA PUSAT,TANAH ABANG,KAMPUNG BALI,160,2,5,2,151,1,0,0,0,1,2,0,0,2,352,13,339,2,0,0,2,87,1,78,4,4,
3175031001,DKI JAKARTA,JAKARTA TIMUR,JATINEGARA,KAMPUNG MELAYU,277,8,7,5,257,2,0,0,0,2,7,0,0,7,381,14,367,7,0,0,7,292,4,266,5,17,
3171081002,DKI JAKARTA,JAKARTA PUSAT,JOHAR BARU,KAMPUNG RAWA,361,1,23,0,337,2,0,0,0,2,2,0,0,2,860,38,822,66,0,0,66,303,6,269,14,14,
3175041002,DKI JAKARTA,JAKARTA TIMUR,KRAMAT JATI,KAMPUNG TENGAH,676,6,46,1,623,4,1,0,0,3,9,0,0,9,1378,95,1283,54,0,0,54,366,6,326,13,21,
3173011005,DKI JAKARTA,JAKARTA BARAT,CENGKARENG,KAPUK,1009,6,79,16,908,2,0,0,0,2,12,0,0,12,1815,86,1729,15,0,0,15,810,14,707,23,66,
3172011003,DKI JAKARTA,JAKARTA UTARA,PENJARINGAN,KAPUK MUARA,293,3,18,0,272,1,0,0,0,1,20,0,10,10,717,55,662,26,0,0,26,210,5,190,7,8,
3171021002,DKI JAKARTA,JAKARTA PUSAT,SAWAH BESAR,KARANG ANYAR,516,4,23,5,484,1,0,0,0,1,4,0,0,4,989,42,947,15,0,0,15,248,3,226,7,12,
3174021004,DKI JAKARTA,JAKARTA SELATAN,SETIA BUDI,KARET,157,1,4,0,152,0,0,0,0,0,11,0,0,11,419,8,411,4,0,0,4,133,1,130,0,2,
3174021003,DKI JAKARTA,JAKARTA SELATAN,SETIA BUDI,KARET KUNINGAN,347,1,12,1,333,0,0,0,0,0,22,0,0,22,474,18,456,4,0,0,4,263,6,244,5,8,
3174021002,DKI JAKARTA,JAKARTA SELATAN,SETIA BUDI,KARET SEMANGGI,80,1,3,1,75,0,0,0,0,0,3,0,0,3,97,4,93,2,0,0,2,32,0,28,2,2,
3171071003,DKI JAKARTA,JAKARTA PUSAT,TANAH ABANG,KARET TENGSIN,320,2,12,0,306,1,0,0,0,1,8,0,0,8,818,42,776,3,0,0,3,216,3,188,8,17,
3171021003,DKI JAKARTA,JAKARTA PUSAT,SAWAH BESAR,KARTINI,376,3,21,1,351,1,0,0,0,1,0,0,0,0,762,26,736,18,0,0,18,251,0,241,5,5,
3175011003,DKI JAKARTA,JAKARTA TIMUR,MATRAMAN,KAYU MANIS,437,6,14,0,417,3,0,0,0,3,2,0,0,2,813,40,773,30,0,0,30,258,4,242,7,5,
3175021006,DKI JAKARTA,JAKARTA TIMUR,PULO GADUNG,KAYU PUTIH,578,3,26,4,545,1,0,0,1,0,15,0,0,15,1239,45,1194,64,0,0,64,398,5,360,12,21,
3173031006,DKI JAKARTA,JAKARTA BARAT,TAMAN SARI,KEAGUNGAN,328,2,12,0,314,0,0,0,0,0,4,0,0,4,546,19,527,10,0,0,10,198,1,190,1,6,
3174041007,DKI JAKARTA,JAKARTA SELATAN,PASAR MINGGU,KEBAGUSAN,737,12,41,1,683,3,0,0,0,3,4,0,1,3,882,95,787,39,0,0,39,280,3,241,3,33,
3174051006,DKI JAKARTA,JAKARTA SELATAN,KEBAYORAN LAMA,KEBAYORAN LAMA SELATAN,710,6,50,0,654,5,0,0,0,5,2,0,0,2,858,22,836,14,0,0,14,327,4,297,6,20,
3174051001,DKI JAKARTA,JAKARTA SELATAN,KEBAYORAN LAMA,KEBAYORAN LAMA UTARA,523,6,27,1,489,1,0,0,0,1,15,0,0,15,608,31,577,4,0,0,4,282,9,242,5,26,
3174011004,DKI JAKARTA,JAKARTA SELATAN,TEBET,KEBON BARU,480,1,35,2,442,0,0,0,0,0,15,0,0,15,788,34,754,22,0,0,22,250,5,222,8,15,
3172021005,DKI JAKARTA,JAKARTA UTARA,TANJUNG PRIOK,KEBON BAWANG,845,4,48,1,792,0,0,0,0,0,15,0,0,15,1439,75,1364,97,0,0,97,469,6,446,4,13,
3173051001,DKI JAKARTA,JAKARTA BARAT,KEBON JERUK,KEBON JERUK,991,3,67,6,915,2,0,0,0,2,14,0,1,13,2272,116,2156,63,0,0,63,685,7,634,19,25,
3171071006,DKI JAKARTA,JAKARTA PUSAT,TANAH ABANG,KEBON KACANG,488,0,8,1,479,1,0,0,0,1,0,0,0,0,618,14,604,7,0,0,7,309,1,295,12,1,
3171011005,DKI JAKARTA,JAKARTA PUSAT,GAMBIR,KEBON KELAPA,172,1,7,1,163,3,0,0,0,3,4,0,0,4,346,13,333,3,0,0,3,100,2,94,1,3,
3171031002,DKI JAKARTA,JAKARTA PUSAT,KEMAYORAN,KEBON KOSONG,426,4,25,5,392,1,0,0,0,1,9,0,0,9,578,22,556,33,0,0,33,270,5,254,7,4,
3175011005,DKI JAKARTA,JAKARTA TIMUR,MATRAMAN,KEBON MANGGIS,226,0,6,4,216,0,0,0,0,0,2,0,0,2,334,22,312,24,0,0,24,171,1,159,3,8,
3171071005,DKI JAKARTA,JAKARTA PUSAT,TANAH ABANG,KEBON MELATI,572,1,19,3,549,1,0,0,0,1,5,0,0,5,1050,20,1030,10,0,0,10,490,1,476,9,4,
3175081003,DKI JAKARTA,JAKARTA TIMUR,MAKASAR,KEBON PALA,418,2,18,1,397,1,0,0,0,1,6,0,0,6,1084,33,1051,18,0,0,18,404,5,374,11,14,
3171061005,DKI JAKARTA,JAKARTA PUSAT,MENTENG,KEBON SIRIH,193,1,7,2,183,0,0,0,0,0,4,0,0,4,342,10,332,20,0,0,20,151,1,144,2,4,
3173011004,DKI JAKARTA,JAKARTA BARAT,CENGKARENG,KEDAUNG KALI ANGKE,550,2,24,0,524,0,0,0,0,0,1,0,0,1,720,30,690,7,0,0,7,386,6,348,7,25,
3173051007,DKI JAKARTA,JAKARTA BARAT,KEBON JERUK,KEDOYA SELATAN,511,5,45,5,456,2,0,0,0,2,8,0,0,8,851,44,807,22,0,0,22,268,4,248,7,9,
3173051006,DKI JAKARTA,JAKARTA BARAT,KEBON JERUK,KEDOYA UTARA,533,1,43,2,487,1,0,0,0,1,15,0,0,15,1081,79,1002,22,0,0,22,362,5,331,8,18,
3173051004,DKI JAKARTA,JAKARTA BARAT,KEBON JERUK,KELAPA DUA,384,6,23,0,355,0,0,0,0,0,5,0,0,5,800,55,745,24,0,0,24,225,6,206,3,10,
3175091003,DKI JAKARTA,JAKARTA TIMUR,CIRACAS,KELAPA DUA WETAN,707,2,34,1,670,1,0,0,0,1,8,0,0,8,1257,32,1225,37,0,0,37,285,5,249,3,28,
3172061003,DKI JAKARTA,JAKARTA UTARA,KELAPA GADING,KELAPA GADING BARAT,1063,9,51,3,1000,2,0,0,0,2,49,0,0,49,1473,55,1418,228,0,0,228,479,14,442,6,17,
3172061001,DKI JAKARTA,JAKARTA UTARA,KELAPA GADING,KELAPA GADING TIMUR,841,3,64,2,772,3,0,0,0,3,23,0,0,23,1397,57,1340,135,0,0,135,387,10,347,9,21,
3173071005,DKI JAKARTA,JAKARTA BARAT,PALMERAH,KEMANGGISAN,765,5,69,6,685,0,0,0,0,0,9,0,0,9,1048,50,998,52,0,0,52,385,9,353,11,12,
3171031001,DKI JAKARTA,JAKARTA PUSAT,KEMAYORAN,KEMAYORAN,462,3,25,3,431,2,0,0,0,2,3,0,0,3,671,24,647,27,0,0,27,349,3,331,10,5,
3173081006,DKI JAKARTA,JAKARTA BARAT,KEMBANGAN,KEMBANGAN SELATAN,379,4,37,1,337,0,0,0,0,0,8,0,0,8,776,32,744,54,0,0,54,237,5,217,5,10,
3173081001,DKI JAKARTA,JAKARTA BARAT,KEMBANGAN,KEMBANGAN UTARA,762,6,60,3,693,4,0,0,1,3,3,0,0,3,1888,69,1819,11,0,0,11,375,7,346,7,15,
3171041002,DKI JAKARTA,JAKARTA PUSAT,SENEN,KENARI,274,0,12,1,261,1,0,0,0,1,8,0,0,8,613,26,587,46,0,0,46,194,1,179,3,11,
3173041005,DKI JAKARTA,JAKARTA BARAT,TAMBORA,KERENDANG,297,2,7,2,286,1,0,0,0,1,0,0,0,0,232,5,227,9,0,0,9,159,1,146,8,4,
3175071003,DKI JAKARTA,JAKARTA TIMUR,DUREN SAWIT,KLENDER,732,7,22,2,701,4,0,0,0,4,5,0,0,5,1270,66,1204,36,0,0,36,528,6,465,18,39,
3172031001,DKI JAKARTA,JAKARTA UTARA,KOJA,KOJA,379,5,21,0,353,0,0,0,0,0,4,0,0,4,509,11,498,51,0,0,51,385,1,366,9,9,
3173071006,DKI JAKARTA,JAKARTA BARAT,PALMERAH,KOTA BAMBU SELATAN,591,2,33,5,551,0,0,0,0,0,1,0,0,1,959,44,915,73,0,0,73,315,6,290,5,14,
3173071003,DKI JAKARTA,JAKARTA BARAT,PALMERAH,KOTA BAMBU UTARA,490,3,33,11,443,3,0,0,0,3,3,0,0,3,637,18,619,54,0,0,54,272,3,253,9,7,
3171041004,DKI JAKARTA,JAKARTA PUSAT,SENEN,KRAMAT,490,2,37,6,445,0,0,0,0,0,10,0,1,9,1087,73,1014,35,0,0,35,335,3,316,11,5,
3175041001,DKI JAKARTA,JAKARTA TIMUR,KRAMAT JATI,KRAMAT JATI,511,2,37,1,471,1,0,0,0,1,13,0,0,13,1087,87,1000,23,0,0,23,445,7,415,12,11,
3174071003,DKI JAKARTA,JAKARTA SELATAN,KEBAYORAN BARU,KRAMAT PELA,303,0,21,0,282,0,0,0,0,0,0,0,0,0,544,18,526,7,0,0,7,170,1,163,3,3,
3173031002,DKI JAKARTA,JAKARTA BARAT,TAMAN SARI,KRUKUT,337,5,26,6,300,2,0,0,0,2,3,0,0,3,527,30,497,13,0,0,13,221,4,203,4,10,
3174031005,DKI JAKARTA,JAKARTA SELATAN,MAMPANG PRAPATAN,KUNINGAN BARAT,164,1,6,1,156,1,0,0,0,1,0,0,0,0,526,22,504,5,0,0,5,163,2,153,2,6,
3174021008,DKI JAKARTA,JAKARTA SELATAN,SETIA BUDI,KUNINGAN TIMUR,230,4,43,1,182,1,0,0,0,1,20,0,0,20,265,30,235,4,0,0,4,145,3,128,2,12,
3171041005,DKI JAKARTA,JAKARTA PUSAT,SENEN,KWITANG,269,2,9,0,258,3,0,0,0,3,7,0,0,7,539,13,526,11,0,0,11,139,1,129,6,3,
3172031003,DKI JAKARTA,JAKARTA UTARA,KOJA,LAGOA,771,5,32,1,733,1,0,0,0,1,5,0,0,5,840,28,812,82,0,0,82,708,7,668,15,18,
3174061002,DKI JAKARTA,JAKARTA SELATAN,CILANDAK,LEBAK BULUS,528,3,37,2,486,3,0,0,0,3,27,0,0,27,1214,65,1149,22,0,0,22,504,8,469,10,17,
3174091004,DKI JAKARTA,JAKARTA SELATAN,JAGAKARSA,LENTENG AGUNG,916,4,46,0,866,4,1,0,0,3,6,0,0,6,926,93,833,16,0,0,16,331,5,277,3,46,
LUAR DKI JAKARTA,LUAR DKI JAKARTA,LUAR DKI JAKARTA,LUAR DKI JAKARTA,LUAR DKI JAKARTA,51684,398,4042,98,47146,100,5,0,0,95,683,0,6,677,79521,7326,72195,2943,0,0,2943,8646,213,8080,136,217,
3175101007,DKI JAKARTA,JAKARTA TIMUR,CIPAYUNG,LUBANG BUAYA,966,3,46,3,914,3,0,0,0,3,10,0,0,10,935,29,906,34,0,0,34,472,8,445,3,16,
3175081001,DKI JAKARTA,JAKARTA TIMUR,MAKASAR,MAKASAR,453,4,35,1,413,0,0,0,0,0,8,0,0,8,1379,64,1315,25,0,0,25,372,6,316,8,42,
3175071006,DKI JAKARTA,JAKARTA TIMUR,DUREN SAWIT,MALAKA JAYA,382,2,12,2,366,1,0,0,0,1,2,0,0,2,758,35,723,16,0,0,16,274,6,246,4,18,
3175071005,DKI JAKARTA,JAKARTA TIMUR,DUREN SAWIT,MALAKA SARI,362,2,20,1,339,0,0,0,0,0,1,0,0,1,682,31,651,15,0,0,15,239,3,218,4,14,
3174031001,DKI JAKARTA,JAKARTA SELATAN,MAMPANG PRAPATAN,MAMPANG PRAPATAN,373,4,19,2,348,2,0,0,0,2,0,0,0,0,1115,48,1067,10,0,0,10,344,3,323,11,7,
3173031005,DKI JAKARTA,JAKARTA BARAT,TAMAN SARI,MANGGA BESAR,171,1,12,1,157,1,0,0,0,1,0,0,0,0,211,10,201,6,0,0,6,82,0,74,4,4,
3171021005,DKI JAKARTA,JAKARTA PUSAT,SAWAH BESAR,MANGGA DUA SELATAN,473,6,30,1,436,3,0,0,0,3,1,0,0,1,917,29,888,19,0,0,19,275,2,262,8,3,
3174011007,DKI JAKARTA,JAKARTA SELATAN,TEBET,MANGGARAI,500,5,37,0,458,4,0,0,0,4,4,0,0,4,683,72,611,27,0,0,27,282,4,256,2,20,
3174011006,DKI JAKARTA,JAKARTA SELATAN,TEBET,MANGGARAI SELATAN,343,2,20,2,319,0,0,0,0,0,6,0,0,6,557,37,520,24,0,0,24,175,3,151,8,13,
3173031003,DKI JAKARTA,JAKARTA BARAT,TAMAN SARI,MAPHAR,271,3,15,1,252,0,0,0,0,0,6,0,0,6,431,18,413,41,0,0,41,228,4,218,3,3,
3172041003,DKI JAKARTA,JAKARTA UTARA,CILINCING,MARUNDA,343,4,24,0,315,3,0,0,0,3,0,0,0,0,390,16,374,16,0,0,16,134,1,126,1,6,
3174071001,DKI JAKARTA,JAKARTA SELATAN,KEBAYORAN BARU,MELAWAI,96,1,14,0,81,0,0,0,0,0,1,0,0,1,103,10,93,0,0,0,0,22,1,19,1,1,
3171061001,DKI JAKARTA,JAKARTA PUSAT,MENTENG,MENTENG,530,8,23,2,497,2,0,0,0,2,5,0,0,5,926,66,860,27,0,0,27,313,3,291,10,9,
3174021005,DKI JAKARTA,JAKARTA SELATAN,SETIA BUDI,MENTENG ATAS,469,7,31,3,428,2,0,0,0,2,55,0,0,55,1496,75,1421,40,0,0,40,361,10,318,9,24,
3174011003,DKI JAKARTA,JAKARTA SELATAN,TEBET,MENTENG DALAM,704,8,33,4,659,4,0,0,0,4,13,0,0,13,873,71,802,47,0,0,47,312,8,279,8,17,
3173081003,DKI JAKARTA,JAKARTA BARAT,KEMBANGAN,MERUYA SELATAN,526,0,85,1,440,1,0,0,0,1,5,0,0,5,909,58,851,17,0,0,17,288,6,256,4,22,
3173081002,DKI JAKARTA,JAKARTA BARAT,KEMBANGAN,MERUYA UTARA,719,3,65,6,645,1,0,0,1,0,8,0,0,8,1144,54,1090,12,0,0,12,363,14,323,4,22,
3175101004,DKI JAKARTA,JAKARTA TIMUR,CIPAYUNG,MUNJUL,347,2,24,0,321,0,0,0,0,0,3,0,0,3,443,14,429,26,0,0,26,144,4,125,1,14,
3172051002,DKI JAKARTA,JAKARTA UTARA,PADEMANGAN,PADEMANGAN BARAT,2022,7,87,5,1923,5,0,0,0,5,16,0,1,15,2644,71,2573,38,0,0,38,820,5,768,24,23,
3172051001,DKI JAKARTA,JAKARTA UTARA,PADEMANGAN,PADEMANGAN TIMUR,739,1,52,3,683,2,0,0,0,2,15,0,0,15,974,30,944,23,0,0,23,331,3,315,6,7,
3175011004,DKI JAKARTA,JAKARTA TIMUR,MATRAMAN,PAL MERIAM,315,5,8,2,300,2,0,0,0,2,3,0,0,3,767,61,706,65,0,0,65,266,2,244,6,14,
3173071001,DKI JAKARTA,JAKARTA BARAT,PALMERAH,PALMERAH,1542,5,136,2,1399,0,0,0,0,0,2,0,0,2,2186,130,2056,83,0,0,83,661,14,583,23,41,
3174081001,DKI JAKARTA,JAKARTA SELATAN,PANCORAN,PANCORAN,496,8,30,0,458,1,0,0,0,1,9,0,0,9,682,25,657,7,0,0,7,292,1,283,4,4,
3172021003,DKI JAKARTA,JAKARTA UTARA,TANJUNG PRIOK,PAPANGGO,565,4,40,0,521,1,0,0,0,1,7,0,0,7,973,32,941,70,0,0,70,305,2,295,3,5,
3171021001,DKI JAKARTA,JAKARTA PUSAT,SAWAH BESAR,PASAR BARU,274,0,15,2,257,2,0,0,0,2,9,0,0,9,571,32,539,13,0,0,13,199,0,191,2,6,
3174021006,DKI JAKARTA,JAKARTA SELATAN,SETIA BUDI,PASAR MANGGIS,309,2,17,3,287,4,0,0,0,4,29,0,0,29,1078,58,1020,19,0,0,19,310,1,279,11,19,
3174041001,DKI JAKARTA,JAKARTA SELATAN,PASAR MINGGU,PASAR MINGGU,540,7,35,1,497,3,0,0,0,3,7,0,0,7,716,27,689,23,0,0,23,264,0,242,7,15,
3171041003,DKI JAKARTA,JAKARTA PUSAT,SENEN,PASEBAN,627,5,24,1,597,4,0,0,0,4,24,0,1,23,1225,101,1124,64,0,0,64,393,8,345,9,31,
3173061005,DKI JAKARTA,JAKARTA BARAT,KALI DERES,PEGADUNGAN,915,7,67,7,834,1,0,0,0,1,10,0,0,10,1708,78,1630,18,0,0,18,367,3,339,9,16,
3171061002,DKI JAKARTA,JAKARTA PUSAT,MENTENG,PEGANGSAAN,440,1,21,2,416,3,0,0,0,3,3,0,0,3,977,42,935,54,0,0,54,392,5,370,5,12,
3172061002,DKI JAKARTA,JAKARTA UTARA,KELAPA GADING,PEGANGSAAN DUA,1050,2,125,1,922,2,0,0,0,2,45,0,2,43,2041,127,1914,215,0,0,215,552,3,507,11,31,
3172011004,DKI JAKARTA,JAKARTA UTARA,PENJARINGAN,PEJAGALAN,696,1,43,2,650,3,0,0,0,3,11,0,3,8,1202,104,1098,34,0,0,34,414,8,376,7,23,
3174041006,DKI JAKARTA,JAKARTA SELATAN,PASAR MINGGU,PEJATEN BARAT,606,6,41,2,557,8,0,0,0,8,2,0,0,2,875,77,798,74,0,0,74,326,10,272,2,42,
3174041005,DKI JAKARTA,JAKARTA SELATAN,PASAR MINGGU,PEJATEN TIMUR,627,6,42,1,578,4,0,0,0,4,3,0,0,3,860,84,776,42,0,0,42,322,6,277,12,27,
3175051005,DKI JAKARTA,JAKARTA TIMUR,PASAR REBO,PEKAYON,1028,6,53,1,968,2,0,0,0,2,3,0,0,3,456,19,437,15,0,0,15,279,5,256,5,13,
3173041009,DKI JAKARTA,JAKARTA BARAT,TAMBORA,PEKOJAN,352,5,23,2,322,0,0,0,0,0,3,0,0,3,293,11,282,18,0,0,18,159,2,142,5,10,
3174031003,DKI JAKARTA,JAKARTA SELATAN,MAMPANG PRAPATAN,PELA MAMPANG,501,5,28,2,466,4,0,0,0,4,15,0,0,15,1656,78,1578,6,0,0,6,426,8,377,6,35,
3174081005,DKI JAKARTA,JAKARTA SELATAN,PANCORAN,PENGADEGAN,262,0,14,2,246,0,0,0,0,0,8,0,0,8,485,18,467,12,0,0,12,140,5,128,1,6,
3175061003,DKI JAKARTA,JAKARTA TIMUR,CAKUNG,PENGGILINGAN,938,4,106,1,827,2,0,0,0,2,11,0,0,11,2139,139,2000,85,0,0,85,703,8,639,14,42,
3172011001,DKI JAKARTA,JAKARTA UTARA,PENJARINGAN,PENJARINGAN,1383,11,70,4,1298,4,2,0,0,2,24,0,0,24,3264,142,3122,122,0,0,122,795,6,724,16,49,
3174101001,DKI JAKARTA,JAKARTA SELATAN,PESANGGRAHAN,PESANGGRAHAN,552,8,26,4,514,2,0,0,1,1,0,0,0,0,1065,58,1007,19,0,0,19,207,7,191,4,5,
3171071004,DKI JAKARTA,JAKARTA PUSAT,TANAH ABANG,PETAMBURAN,659,5,21,7,626,0,0,0,0,0,7,0,0,7,1023,29,994,13,0,0,13,468,6,439,13,10,
3174071008,DKI JAKARTA,JAKARTA SELATAN,KEBAYORAN BARU,PETOGOGAN,292,4,27,0,261,0,0,0,0,0,3,0,0,3,339,15,324,3,0,0,3,129,0,121,0,8,
3171011004,DKI JAKARTA,JAKARTA PUSAT,GAMBIR,PETOJO SELATAN,276,2,8,1,265,0,0,0,0,0,28,0,0,28,851,31,820,16,0,0,16,286,2,272,8,4,
3171011003,DKI JAKARTA,JAKARTA PUSAT,GAMBIR,PETOJO UTARA,244,2,9,3,230,1,0,0,0,1,12,0,0,12,459,22,437,26,0,0,26,173,0,167,3,3,
3174101004,DKI JAKARTA,JAKARTA SELATAN,PESANGGRAHAN,PETUKANGAN SELATAN,583,6,45,2,530,1,0,0,0,1,2,0,0,2,1074,45,1029,9,0,0,9,281,0,258,4,19,
3174101003,DKI JAKARTA,JAKARTA SELATAN,PESANGGRAHAN,PETUKANGAN UTARA,674,7,61,4,602,6,1,0,0,5,6,0,0,6,1824,73,1751,10,0,0,10,396,10,358,2,26,
3175081002,DKI JAKARTA,JAKARTA TIMUR,MAKASAR,PINANG RANTI,316,5,11,1,299,1,1,0,0,0,2,0,0,2,792,33,759,30,0,0,30,219,4,196,6,13,
3173031008,DKI JAKARTA,JAKARTA BARAT,TAMAN SARI,PINANGSIA,174,0,15,1,158,0,0,0,0,0,2,0,0,2,280,19,261,4,0,0,4,125,0,120,0,5,
3175011001,DKI JAKARTA,JAKARTA TIMUR,MATRAMAN,PISANGAN BARU,429,0,14,3,412,2,0,0,0,2,5,0,0,5,683,50,633,35,0,0,35,256,1,225,9,21,
3175021002,DKI JAKARTA,JAKARTA TIMUR,PULO GADUNG,PISANGAN TIMUR,433,3,26,4,400,1,0,0,0,1,10,0,0,10,1361,162,1199,33,0,0,33,302,7,274,5,16,
3172011005,DKI JAKARTA,JAKARTA UTARA,PENJARINGAN,PLUIT,607,5,77,4,521,0,0,0,0,0,13,0,0,13,1509,91,1418,20,0,0,20,356,4,316,9,27,
3175071002,DKI JAKARTA,JAKARTA TIMUR,DUREN SAWIT,PONDOK BAMBU,1136,10,47,1,1078,5,0,0,0,5,3,0,0,3,1442,73,1369,39,0,0,39,529,13,477,12,27,
3175071004,DKI JAKARTA,JAKARTA TIMUR,DUREN SAWIT,PONDOK KELAPA,855,10,39,0,806,1,0,0,0,1,11,0,0,11,1484,83,1401,30,0,0,30,509,2,463,14,30,
3175071007,DKI JAKARTA,JAKARTA TIMUR,DUREN SAWIT,PONDOK KOPI,534,3,27,1,503,0,0,0,0,0,2,0,0,2,610,19,591,17,0,0,17,281,4,256,13,8,
3174061003,DKI JAKARTA,JAKARTA SELATAN,CILANDAK,PONDOK LABU,700,6,73,1,620,6,0,0,0,6,73,0,0,73,1315,57,1258,37,0,0,37,277,12,244,4,17,
3174051002,DKI JAKARTA,JAKARTA SELATAN,KEBAYORAN LAMA,PONDOK PINANG,780,4,57,4,715,0,0,0,0,0,45,0,1,44,1027,46,981,12,0,0,12,417,9,357,11,40,
3175101003,DKI JAKARTA,JAKARTA TIMUR,CIPAYUNG,PONDOK RANGGON,334,0,21,3,310,1,1,0,0,0,3,0,0,3,568,34,534,22,0,0,22,227,4,210,1,12,
PROSES UPDATE DATA,PROSES UPDATE DATA,PROSES UPDATE DATA,PROSES UPDATE DATA,PROSES UPDATE DATA,18209,153,1329,1696,15031,3719,4,0,3702,13,117,0,1,116,42223,4853,37370,480,0,1,479,26302,272,25157,493,380,
3101011003,DKI JAKARTA,KAB.ADM.KEP.SERIBU,KEP. SERIBU UTARA,PULAU HARAPAN,68,0,1,0,67,0,0,0,0,0,0,0,0,0,91,0,91,0,0,0,0,6,0,6,0,0,
3101011002,DKI JAKARTA,KAB.ADM.KEP.SERIBU,KEP. SERIBU UTARA,PULAU KELAPA,85,0,3,1,81,0,0,0,0,0,3,0,0,3,216,7,209,1,0,0,1,17,0,9,0,8,
3101011001,DKI JAKARTA,KAB.ADM.KEP.SERIBU,KEP. SERIBU UTARA,PULAU PANGGANG,179,0,1,1,177,0,0,0,0,0,0,0,0,0,179,0,179,4,0,0,4,30,0,29,0,1,
3101021003,DKI JAKARTA,KAB.ADM.KEP.SERIBU,KEP. SERIBU SELATAN,PULAU PARI,13,0,1,0,12,0,0,0,0,0,0,0,0,0,202,3,199,1,0,0,1,7,0,7,0,0,
3101021002,DKI JAKARTA,KAB.ADM.KEP.SERIBU,KEP. SERIBU SELATAN,PULAU TIDUNG,39,0,0,0,39,1,0,0,1,0,1,0,0,1,398,0,398,1,0,0,1,37,0,37,0,0,
3101021001,DKI JAKARTA,KAB.ADM.KEP.SERIBU,KEP. SERIBU SELATAN,PULAU UNTUNG JAWA,25,0,0,0,25,0,0,0,0,0,0,0,0,0,112,0,112,0,0,0,0,5,0,5,0,0,
3174071007,DKI JAKARTA,JAKARTA SELATAN,KEBAYORAN BARU,PULO,315,0,9,1,305,1,0,0,0,1,1,0,0,1,242,9,233,0,0,0,0,64,0,60,0,4,
3175021001,DKI JAKARTA,JAKARTA TIMUR,PULO GADUNG,PULO GADUNG,519,2,35,2,480,0,0,0,0,0,11,0,0,11,1040,48,992,44,0,0,44,316,1,292,8,15,
3175061005,DKI JAKARTA,JAKARTA TIMUR,CAKUNG,PULO GEBANG,800,4,106,2,688,1,0,0,0,1,9,0,0,9,1669,128,1541,73,0,0,73,537,11,466,12,48,
3174041004,DKI JAKARTA,JAKARTA SELATAN,PASAR MINGGU,RAGUNAN,1026,9,112,2,903,1,0,0,0,1,2,0,0,2,904,79,825,25,0,0,25,295,10,260,6,19,
3175091005,DKI JAKARTA,JAKARTA TIMUR,CIRACAS,RAMBUTAN,573,11,59,1,502,2,0,0,0,2,12,0,0,12,859,27,832,29,0,0,29,258,12,232,4,10,
3172031006,DKI JAKARTA,JAKARTA UTARA,KOJA,RAWA BADAK SELATAN,604,7,30,2,565,2,0,0,0,2,2,0,0,2,669,25,644,61,0,0,61,394,4,358,5,27,
3172031004,DKI JAKARTA,JAKARTA UTARA,KOJA,RAWA BADAK UTARA,551,2,19,1,529,0,0,0,0,0,2,0,0,2,634,20,614,97,0,0,97,294,1,278,4,11,
3174071005,DKI JAKARTA,JAKARTA SELATAN,KEBAYORAN BARU,RAWA BARAT,130,1,14,2,113,0,0,0,0,0,2,0,0,2,197,5,192,0,0,0,0,53,2,47,1,3,
3173011003,DKI JAKARTA,JAKARTA BARAT,CENGKARENG,RAWA BUAYA,530,8,49,2,471,1,0,0,0,1,6,0,0,6,987,37,950,7,0,0,7,419,6,366,14,33,
3175031004,DKI JAKARTA,JAKARTA TIMUR,JATINEGARA,RAWA BUNGA,188,6,4,1,177,0,0,0,0,0,1,0,0,1,339,18,321,17,0,0,17,167,1,151,3,12,
3174081003,DKI JAKARTA,JAKARTA SELATAN,PANCORAN,RAWA JATI,370,1,25,0,344,2,0,0,0,2,11,0,0,11,657,37,620,7,0,0,7,149,2,138,0,9,
3175061002,DKI JAKARTA,JAKARTA TIMUR,CAKUNG,RAWA TERATE,199,0,24,0,175,0,0,0,0,0,2,0,0,2,460,38,422,10,0,0,10,203,0,192,1,10,
3175021005,DKI JAKARTA,JAKARTA TIMUR,PULO GADUNG,RAWAMANGUN,453,4,30,0,419,1,0,0,0,1,9,0,0,9,1100,83,1017,37,0,0,37,351,2,321,9,19,
3171051003,DKI JAKARTA,JAKARTA PUSAT,CEMPAKA PUTIH,RAWASARI,883,1,61,2,819,7,3,0,1,3,10,0,0,10,1569,58,1511,38,0,0,38,460,4,434,7,15,
3173041010,DKI JAKARTA,JAKARTA BARAT,TAMBORA,ROA MALAKA,44,0,2,0,42,1,0,0,0,1,0,0,0,0,50,2,48,2,0,0,2,17,1,16,0,0,
3172041006,DKI JAKARTA,JAKARTA UTARA,CILINCING,ROROTAN,509,5,51,2,451,0,0,0,0,0,5,0,0,5,687,17,670,84,0,0,84,211,11,184,2,14,
3174071004,DKI JAKARTA,JAKARTA SELATAN,KEBAYORAN BARU,SELONG,107,0,11,0,96,0,0,0,0,0,3,0,0,3,156,7,149,3,0,0,3,31,1,28,1,1,
3173061002,DKI JAKARTA,JAKARTA BARAT,KALI DERES,SEMANAN,740,6,58,3,673,1,0,0,0,1,3,0,0,3,1341,61,1280,9,0,0,9,313,5,294,4,10,
3172041007,DKI JAKARTA,JAKARTA UTARA,CILINCING,SEMPER BARAT,978,10,87,1,880,3,0,0,0,3,12,0,0,12,1344,59,1285,123,0,0,123,555,8,512,11,24,
3172041005,DKI JAKARTA,JAKARTA UTARA,CILINCING,SEMPER TIMUR,541,6,41,1,493,1,0,0,0,1,4,0,0,4,799,31,768,58,0,0,58,288,6,267,6,9,
3174071006,DKI JAKARTA,JAKARTA SELATAN,KEBAYORAN BARU,SENAYAN,517,0,9,0,508,0,0,0,0,0,10,0,0,10,756,8,748,0,0,0,0,217,0,210,0,7,
3171041001,DKI JAKARTA,JAKARTA PUSAT,SENEN,SENEN,230,1,9,0,220,1,0,0,0,1,8,0,0,8,796,13,783,26,0,0,26,172,1,166,3,2,
3171031004,DKI JAKARTA,JAKARTA PUSAT,KEMAYORAN,SERDANG,565,6,55,2,502,0,0,0,0,0,5,0,0,5,884,61,823,32,0,0,32,336,9,294,7,26,
3174021001,DKI JAKARTA,JAKARTA SELATAN,SETIA BUDI,SETIA BUDI,122,0,8,0,114,0,0,0,0,0,4,0,0,4,389,13,376,6,0,0,6,51,0,47,0,4,
3175101005,DKI JAKARTA,JAKARTA TIMUR,CIPAYUNG,SETU,307,1,8,0,298,2,0,0,0,2,2,0,0,2,528,28,500,14,0,0,14,157,2,138,2,15,
3173071002,DKI JAKARTA,JAKARTA BARAT,PALMERAH,SLIPI,657,1,52,2,602,1,0,0,0,1,2,0,0,2,1137,70,1067,43,0,0,43,350,4,332,4,10,
3173081004,DKI JAKARTA,JAKARTA BARAT,KEMBANGAN,SRENGSENG,686,7,54,3,622,1,0,0,0,1,6,0,0,6,1483,72,1411,27,0,0,27,388,8,357,5,18,
3174091002,DKI JAKARTA,JAKARTA SELATAN,JAGAKARSA,SRENGSENG SAWAH,998,2,26,0,970,8,0,0,0,8,11,0,0,11,1187,65,1122,27,0,0,27,273,9,250,9,5,
3173051003,DKI JAKARTA,JAKARTA BARAT,KEBON JERUK,SUKABUMI SELATAN,405,1,31,4,369,1,0,0,0,1,1,0,0,1,831,33,798,25,0,0,25,262,10,238,5,9,
3173051002,DKI JAKARTA,JAKARTA BARAT,KEBON JERUK,SUKABUMI UTARA,490,2,59,3,426,1,1,0,0,0,20,0,0,20,949,74,875,48,0,0,48,311,4,287,10,10,
3172041002,DKI JAKARTA,JAKARTA UTARA,CILINCING,SUKAPURA,759,7,54,2,696,0,0,0,0,0,6,0,0,6,1046,52,994,105,0,0,105,405,5,366,8,26,
3171031007,DKI JAKARTA,JAKARTA PUSAT,KEMAYORAN,SUMUR BATU,480,3,19,1,457,2,0,0,0,2,6,0,0,6,667,32,635,33,0,0,33,258,3,243,3,9,
3172021004,DKI JAKARTA,JAKARTA UTARA,TANJUNG PRIOK,SUNGAI BAMBU,485,0,54,0,431,0,0,0,0,0,7,0,0,7,771,43,728,46,0,0,46,251,4,229,6,12,
3172021006,DKI JAKARTA,JAKARTA UTARA,TANJUNG PRIOK,SUNTER AGUNG,1187,7,88,1,1091,4,0,0,0,4,23,0,0,23,2310,117,2193,106,0,0,106,729,12,671,21,25,
3172021002,DKI JAKARTA,JAKARTA UTARA,TANJUNG PRIOK,SUNTER JAYA,1098,10,80,6,1002,1,0,0,0,1,10,0,0,10,1986,108,1878,192,0,0,192,677,4,621,19,33,
3175091004,DKI JAKARTA,JAKARTA TIMUR,CIRACAS,SUSUKAN,622,1,30,1,590,0,0,0,0,0,17,0,0,17,1471,33,1438,69,0,0,69,231,5,203,8,15,
3173031001,DKI JAKARTA,JAKARTA BARAT,TAMAN SARI,TAMAN SARI,326,4,21,0,301,2,0,0,0,2,1,0,0,1,473,19,454,17,0,0,17,215,1,203,4,7,
3173041001,DKI JAKARTA,JAKARTA BARAT,TAMBORA,TAMBORA,237,2,8,3,224,1,1,0,0,0,1,0,0,1,342,12,330,3,0,0,3,119,2,107,3,7,
3173041004,DKI JAKARTA,JAKARTA BARAT,TAMBORA,TANAH SEREAL,339,1,9,2,327,1,0,0,0,1,4,0,0,4,316,15,301,5,0,0,5,193,2,173,7,11,
3171081004,DKI JAKARTA,JAKARTA PUSAT,JOHAR BARU,TANAH TINGGI,554,5,34,3,512,5,0,0,0,5,6,0,0,6,1222,67,1155,36,0,0,36,437,2,414,16,5,
3173031004,DKI JAKARTA,JAKARTA BARAT,TAMAN SARI,TANGKI,284,0,20,1,263,1,0,0,0,1,3,0,0,3,357,17,340,3,0,0,3,146,2,134,1,9,
3174091005,DKI JAKARTA,JAKARTA SELATAN,JAGAKARSA,TANJUNG BARAT,801,8,31,1,761,1,0,0,0,1,2,0,0,2,709,44,665,13,0,0,13,318,3,284,6,25,
3173021005,DKI JAKARTA,JAKARTA BARAT,GROGOL PETAMBURAN,TANJUNG DUREN SELATAN,502,3,25,1,473,0,0,0,0,0,19,0,0,19,794,44,750,24,0,0,24,365,2,328,11,24,
3173021002,DKI JAKARTA,JAKARTA BARAT,GROGOL PETAMBURAN,TANJUNG DUREN UTARA,334,0,20,0,314,2,0,0,0,2,21,0,0,21,705,59,646,19,0,0,19,203,4,182,9,8,
3172021001,DKI JAKARTA,JAKARTA UTARA,TANJUNG PRIOK,TANJUNG PRIOK,614,2,30,6,576,1,0,0,0,1,13,0,0,13,885,36,849,70,0,0,70,432,18,393,10,11,
3174011002,DKI JAKARTA,JAKARTA SELATAN,TEBET,TEBET BARAT,568,4,42,0,522,2,0,0,0,2,8,0,0,8,757,44,713,24,0,0,24,375,12,335,7,21,
3174011001,DKI JAKARTA,JAKARTA SELATAN,TEBET,TEBET TIMUR,448,3,18,2,425,0,0,0,0,0,7,0,1,6,622,20,602,35,0,0,35,241,9,214,4,14,
3173061003,DKI JAKARTA,JAKARTA BARAT,KALI DERES,TEGAL ALUR,874,7,80,6,781,0,0,0,0,0,7,0,0,7,1499,85,1414,13,0,0,13,322,13,272,9,28,
3174031004,DKI JAKARTA,JAKARTA SELATAN,MAMPANG PRAPATAN,TEGAL PARANG,402,7,11,3,381,5,0,0,1,4,4,0,0,4,1138,65,1073,12,0,0,12,352,2,334,6,10,
3173021003,DKI JAKARTA,JAKARTA BARAT,GROGOL PETAMBURAN,TOMANG,545,0,32,2,511,0,0,0,0,0,15,0,0,15,876,51,825,86,0,0,86,355,10,316,8,21,
3172031005,DKI JAKARTA,JAKARTA UTARA,KOJA,TUGU SELATAN,523,1,31,1,490,0,0,0,0,0,2,0,0,2,531,13,518,93,0,0,93,353,2,305,8,38,
3172031002,DKI JAKARTA,JAKARTA UTARA,KOJA,TUGU UTARA,1076,9,78,0,989,3,0,0,0,3,8,0,1,7,1042,39,1003,112,0,0,112,515,5,465,18,27,
3175061006,DKI JAKARTA,JAKARTA TIMUR,CAKUNG,UJUNG MENTENG,219,0,25,2,192,1,0,0,0,1,1,0,0,1,553,33,520,31,0,0,31,153,1,141,3,8,
3174101005,DKI JAKARTA,JAKARTA SELATAN,PESANGGRAHAN,ULUJAMI,654,6,37,2,609,0,0,0,0,0,0,0,0,0,1309,33,1276,26,0,0,26,309,1,281,9,18,
3175011006,DKI JAKARTA,JAKARTA TIMUR,MATRAMAN,UTAN KAYU SELATAN,573,4,18,8,543,2,0,0,0,2,8,0,0,8,1046,69,977,96,0,0,96,334,1,290,9,34,
3175011002,DKI JAKARTA,JAKARTA TIMUR,MATRAMAN,UTAN KAYU UTARA,489,6,21,0,462,2,0,0,0,2,4,0,0,4,821,33,788,46,0,0,46,270,6,233,12,19,
3171031008,DKI JAKARTA,JAKARTA PUSAT,KEMAYORAN,UTAN PANJANG,464,3,24,2,435,0,0,0,0,0,4,0,0,4,681,23,658,28,0,0,28,314,1,294,9,10,
3172021007,DKI JAKARTA,JAKARTA UTARA,TANJUNG PRIOK,WARAKAS,672,6,61,2,603,0,0,0,0,0,11,0,0,11,1102,52,1050,62,0,0,62,383,2,360,8,13,
3173021007,DKI JAKARTA,JAKARTA BARAT,GROGOL PETAMBURAN,WIJAYA KUSUMA,465,0,36,2,427,1,0,0,0,1,7,0,0,7,959,66,893,23,0,0,23,322,3,300,8,11,
