id_kel,nama_provinsi,nama_kota,nama_kecamatan,nama_kelurahan,suspek,perawatan_rs,isolasi_di_rumah,suspek_meninggal,selesai_isolasi,probable,perawatan_rs,isolasi_di_rumah,probable_meninggal,selesai_isolasi,pelaku_perjalanan,perawatan_rs,isolasi_di_rumah,selesai_isolasi,kontak_erat,isolasi_di_rumah,selesai_isolasi,discarded,isolasi_di_rumah,meninggal,selesai_isolasi,positif,dirawat,sembuh,meninggal,self_isolation,keterangan
3172051003,DKI JAKARTA,JAKARTA UTARA,PADEMANGAN,ANCOL,523,2,29,0,492,4,0,0,0,4,10,0,0,10,706,38,668,10,0,0,10,341,1,323,4,13,
3173041007,DKI JAKARTA,JAKARTA BARAT,TAMBORA,ANGKE,442,1,21,2,418,1,0,0,1,0,1,0,0,1,510,9,501,26,0,0,26,200,2,179,4,15,
3175041005,DKI JAKARTA,JAKARTA TIMUR,KRAMAT JATI,BALE KAMBANG,315,3,23,1,288,7,4,0,0,3,5,0,0,5,607,55,552,23,0,0,23,195,3,168,3,21,
3175031003,DKI JAKARTA,JAKARTA TIMUR,JATINEGARA,BALI MESTER,114,4,7,1,102,1,0,0,0,1,1,0,0,1,206,49,157,6,0,0,6,174,5,72,2,95,
3175101006,DKI JAKARTA,JAKARTA TIMUR,CIPAYUNG,BAMBU APUS,464,7,39,1,417,0,0,0,0,0,4,0,0,4,697,43,654,17,0,0,17,192,5,167,3,17,
3174031002,DKI JAKARTA,JAKARTA SELATAN,MAMPANG PRAPATAN,BANGKA,333,5,23,2,303,5,0,0,1,4,18,0,0,18,728,25,703,8,0,0,8,198,2,186,2,8,
3175051002,DKI JAKARTA,JAKARTA TIMUR,PASAR REBO,BARU,459,6,26,1,426,0,0,0,0,0,5,0,0,5,428,7,421,18,0,0,18,214,6,192,0,16,
3175041004,DKI JAKARTA,JAKARTA TIMUR,KRAMAT JATI,BATU AMPAR,571,8,32,1,530,3,0,0,0,3,3,0,0,3,1175,49,1126,27,0,0,27,291,4,265,6,16,
3171071002,DKI JAKARTA,JAKARTA PUSAT,TANAH ABANG,BENDUNGAN HILIR,482,2,22,0,458,2,0,0,0,2,4,0,0,4,866,22,844,10,0,0,10,285,3,247,8,27,
3175031002,DKI JAKARTA,JAKARTA TIMUR,JATINEGARA,BIDARA CINA,425,4,26,3,392,1,0,0,0,1,8,0,0,8,634,26,608,37,0,0,37,304,4,278,10,12,
3174101002,DKI JAKARTA,JAKARTA SELATAN,PESANGGRAHAN,BINTARO,807,3,40,2,762,5,1,0,0,4,9,0,0,9,1587,53,1534,26,0,0,26,392,15,338,10,29,
3174011005,DKI JAKARTA,JAKARTA SELATAN,TEBET,BUKIT DURI,435,4,27,3,401,2,0,0,0,2,14,0,1,13,662,39,623,14,0,0,14,252,2,233,8,9,
3171041006,DKI JAKARTA,JAKARTA PUSAT,SENEN,BUNGUR,267,2,12,2,251,1,0,0,0,1,13,0,0,13,636,18,618,16,0,0,16,211,7,185,4,15,
3175061007,DKI JAKARTA,JAKARTA TIMUR,CAKUNG,CAKUNG BARAT,390,2,25,1,362,3,1,0,0,2,0,0,0,0,799,57,742,47,0,0,47,367,9,315,5,38,
3175061004,DKI JAKARTA,JAKARTA TIMUR,CAKUNG,CAKUNG TIMUR,466,3,46,2,415,3,0,0,1,2,6,0,0,6,904,44,860,45,0,0,45,320,5,289,8,18,
3175041007,DKI JAKARTA,JAKARTA TIMUR,KRAMAT JATI,CAWANG,389,4,35,0,350,1,0,0,0,1,6,0,0,6,1051,50,1001,22,0,0,22,351,10,318,6,17,
3175101008,DKI JAKARTA,JAKARTA TIMUR,CIPAYUNG,CEGER,269,2,14,0,253,0,0,0,0,0,1,0,0,1,461,27,434,9,0,0,9,142,4,129,3,6,
3171031006,DKI JAKARTA,JAKARTA PUSAT,KEMAYORAN,CEMPAKA BARU,711,8,29,2,672,1,0,0,0,1,7,0,0,7,1127,53,1074,36,0,0,36,464,2,422,17,23,
3171051002,DKI JAKARTA,JAKARTA PUSAT,CEMPAKA PUTIH,CEMPAKA PUTIH BARAT,1006,5,63,2,936,8,4,0,0,4,21,0,0,21,2133,60,2073,51,0,0,51,709,1,676,15,17,
3171051001,DKI JAKARTA,JAKARTA PUSAT,CEMPAKA PUTIH,CEMPAKA PUTIH TIMUR,695,2,33,1,659,1,0,0,0,1,12,0,0,12,1499,17,1482,59,0,0,59,378,3,355,6,14,
3173011001,DKI JAKARTA,JAKARTA BARAT,CENGKARENG,CENGKARENG BARAT,822,6,55,1,760,0,0,0,0,0,6,0,0,6,1487,84,1403,13,0,0,13,546,3,456,9,78,
3173011006,DKI JAKARTA,JAKARTA BARAT,CENGKARENG,CENGKARENG TIMUR,1004,10,61,7,926,2,0,0,0,2,4,0,0,4,2001,96,1905,18,0,0,18,748,4,660,17,67,
3175091002,DKI JAKARTA,JAKARTA TIMUR,CIRACAS,CIBUBUR,962,4,29,4,925,1,0,0,0,1,30,0,0,30,2043,44,1999,92,0,0,92,371,5,340,8,18,
3171011002,DKI JAKARTA,JAKARTA PUSAT,GAMBIR,CIDENG,323,3,9,2,309,0,0,0,0,0,10,0,0,10,663,31,632,13,0,0,13,208,1,194,7,6,
3174091003,DKI JAKARTA,JAKARTA SELATAN,JAGAKARSA,CIGANJUR,778,3,55,1,719,2,0,0,0,2,12,0,0,12,845,46,799,14,0,0,14,237,6,203,4,24,
3175051003,DKI JAKARTA,JAKARTA TIMUR,PASAR REBO,CIJANTUNG,903,3,70,3,827,0,0,0,0,0,4,0,1,3,601,14,587,10,0,0,10,343,3,302,9,29,
3171061003,DKI JAKARTA,JAKARTA PUSAT,MENTENG,CIKINI,175,6,10,0,159,1,1,0,0,0,2,0,0,2,232,9,223,11,0,0,11,81,1,66,3,11,
3174081006,DKI JAKARTA,JAKARTA SELATAN,PANCORAN,CIKOKO,207,1,9,0,197,1,0,0,0,1,10,0,0,10,293,8,285,1,0,0,1,84,3,67,3,11,
3174061001,DKI JAKARTA,JAKARTA SELATAN,CILANDAK,CILANDAK BARAT,1406,8,181,5,1212,1,0,0,0,1,97,0,0,97,1750,93,1657,42,0,0,42,456,13,397,8,38,
3174041003,DKI JAKARTA,JAKARTA SELATAN,PASAR MINGGU,CILANDAK TIMUR,548,4,26,1,517,5,0,0,0,5,17,0,0,17,518,19,499,86,0,0,86,275,3,255,8,9,
3175101002,DKI JAKARTA,JAKARTA TIMUR,CIPAYUNG,CILANGKAP,395,1,19,1,374,1,0,0,0,1,3,0,0,3,687,33,654,21,0,0,21,194,2,181,2,9,
3175041006,DKI JAKARTA,JAKARTA TIMUR,KRAMAT JATI,CILILITAN,373,5,30,1,337,1,1,0,0,0,7,0,1,6,960,54,906,48,0,0,48,352,14,301,8,29,
3172041001,DKI JAKARTA,JAKARTA UTARA,CILINCING,CILINCING,660,10,26,1,623,1,0,0,0,1,6,0,0,6,1197,26,1171,103,0,0,103,424,4,400,11,9,
3175101001,DKI JAKARTA,JAKARTA TIMUR,CIPAYUNG,CIPAYUNG,587,5,30,2,550,3,0,0,1,2,7,0,0,7,755,34,721,34,0,0,34,236,1,219,3,13,
3174091006,DKI JAKARTA,JAKARTA SELATAN,JAGAKARSA,CIPEDAK,642,2,43,0,597,5,3,0,0,2,1,0,0,1,905,56,849,8,0,0,8,295,3,261,3,28,
3174061005,DKI JAKARTA,JAKARTA SELATAN,CILANDAK,CIPETE SELATAN,357,5,34,1,317,2,0,0,0,2,46,0,0,46,609,23,586,6,0,0,6,165,6,147,7,5,
3174071010,DKI JAKARTA,JAKARTA SELATAN,KEBAYORAN BARU,CIPETE UTARA,749,5,43,3,698,0,0,0,0,0,9,0,0,9,659,22,637,6,0,0,6,199,1,178,4,16,
3175021003,DKI JAKARTA,JAKARTA TIMUR,PULO GADUNG,CIPINANG,370,5,17,2,346,1,0,0,0,1,3,0,0,3,1044,66,978,41,0,0,41,391,8,350,13,20,
3175031007,DKI JAKARTA,JAKARTA TIMUR,JATINEGARA,CIPINANG BESAR SELATAN,324,6,9,2,307,2,0,0,0,2,2,0,0,2,670,32,638,18,0,0,18,254,3,238,2,11,
3175031008,DKI JAKARTA,JAKARTA TIMUR,JATINEGARA,CIPINANG BESAR UTARA,490,2,17,0,471,2,0,0,0,2,3,0,0,3,1068,130,938,22,0,0,22,408,9,364,7,28,
3175031005,DKI JAKARTA,JAKARTA TIMUR,JATINEGARA,CIPINANG CEMPEDAK,288,3,11,2,272,0,0,0,0,0,7,0,0,7,587,23,564,22,0,0,22,228,7,208,5,8,
3175081005,DKI JAKARTA,JAKARTA TIMUR,MAKASAR,CIPINANG MELAYU,424,3,24,2,395,3,0,0,0,3,5,0,0,5,815,23,792,21,0,0,21,315,3,284,7,21,
3175031006,DKI JAKARTA,JAKARTA TIMUR,JATINEGARA,CIPINANG MUARA,500,4,22,1,473,5,0,0,0,5,9,0,0,9,1065,47,1018,32,0,0,32,471,12,412,6,41,
3174051003,DKI JAKARTA,JAKARTA SELATAN,KEBAYORAN LAMA,CIPULIR,395,2,32,4,357,6,0,0,0,6,6,0,0,6,594,32,562,8,0,0,8,274,3,254,4,13,
3175091001,DKI JAKARTA,JAKARTA TIMUR,CIRACAS,CIRACAS,1078,3,69,9,997,3,0,0,0,3,30,0,6,24,1784,29,1755,45,0,0,45,537,10,479,17,31,
3175041003,DKI JAKARTA,JAKARTA TIMUR,KRAMAT JATI,DUKUH,348,2,29,1,316,0,0,0,0,0,1,0,0,1,887,146,741,14,0,0,14,206,2,183,5,16,
3175071001,DKI JAKARTA,JAKARTA TIMUR,DUREN SAWIT,DUREN SAWIT,954,7,25,3,919,18,0,0,0,18,4,0,0,4,1305,77,1228,36,0,0,36,639,8,590,14,27,
3174081004,DKI JAKARTA,JAKARTA SELATAN,PANCORAN,DUREN TIGA,493,7,22,0,464,2,0,0,0,2,6,0,0,6,703,27,676,3,0,0,3,228,5,216,2,5,
3173051005,DKI JAKARTA,JAKARTA BARAT,KEBON JERUK,DURI KEPA,634,5,34,2,593,3,0,0,0,3,12,0,0,12,1422,51,1371,74,0,0,74,462,14,420,13,15,
3173011002,DKI JAKARTA,JAKARTA BARAT,CENGKARENG,DURI KOSAMBI,723,13,63,3,644,1,0,0,0,1,4,0,0,4,1286,63,1223,11,0,0,11,526,3,464,8,51,
3171011006,DKI JAKARTA,JAKARTA PUSAT,GAMBIR,DURI PULO,222,3,13,3,203,0,0,0,0,0,1,0,0,1,549,22,527,7,0,0,7,203,2,180,7,14,
3173041011,DKI JAKARTA,JAKARTA BARAT,TAMBORA,DURI SELATAN,198,5,5,1,187,0,0,0,0,0,2,0,0,2,195,20,175,4,0,0,4,89,1,80,3,5,
3173041003,DKI JAKARTA,JAKARTA BARAT,TAMBORA,DURI UTARA,242,1,18,2,221,1,0,0,0,1,2,0,0,2,255,13,242,5,0,0,5,153,2,143,4,4,
3171081003,DKI JAKARTA,JAKARTA PUSAT,JOHAR BARU,GALUR,246,0,11,0,235,4,1,0,0,3,3,0,0,3,579,16,563,46,0,0,46,207,1,194,10,2,
3171011001,DKI JAKARTA,JAKARTA PUSAT,GAMBIR,GAMBIR,117,0,4,0,113,1,0,0,0,1,17,0,0,17,438,7,431,6,0,0,6,192,0,185,1,6,
3174061004,DKI JAKARTA,JAKARTA SELATAN,CILANDAK,GANDARIA SELATAN,257,2,18,0,237,2,0,0,0,2,20,0,0,20,758,26,732,4,0,0,4,178,2,165,5,6,
3174071009,DKI JAKARTA,JAKARTA SELATAN,KEBAYORAN BARU,GANDARIA UTARA,755,4,60,2,689,0,0,0,0,0,3,0,0,3,745,20,725,6,0,0,6,256,4,232,5,15,
3175051001,DKI JAKARTA,JAKARTA TIMUR,PASAR REBO,GEDONG,842,7,30,0,805,0,0,0,0,0,4,0,0,4,516,38,478,25,0,0,25,312,6,263,4,39,
3171071001,DKI JAKARTA,JAKARTA PUSAT,TANAH ABANG,GELORA,83,0,5,1,77,0,0,0,0,0,5,0,0,5,235,5,230,0,0,0,0,115,0,111,2,2,
3173031007,DKI JAKARTA,JAKARTA BARAT,TAMAN SARI,GLODOK,126,1,7,0,118,0,0,0,0,0,1,0,0,1,191,11,180,1,0,0,1,46,0,41,2,3,
3171061004,DKI JAKARTA,JAKARTA PUSAT,MENTENG,GONDANGDIA,79,1,4,1,73,0,0,0,0,0,13,0,0,13,160,7,153,7,0,0,7,63,1,55,3,4,
3173021001,DKI JAKARTA,JAKARTA BARAT,GROGOL PETAMBURAN,GROGOL,566,0,31,4,531,1,0,0,0,1,45,0,0,45,1092,42,1050,37,0,0,37,274,1,265,2,6,
3174051005,DKI JAKARTA,JAKARTA SELATAN,KEBAYORAN LAMA,GROGOL SELATAN,483,5,49,5,424,0,0,0,0,0,12,0,0,12,688,28,660,14,0,0,14,334,8,271,7,48,
3174051004,DKI JAKARTA,JAKARTA SELATAN,KEBAYORAN LAMA,GROGOL UTARA,497,8,22,4,463,0,0,0,0,0,24,0,0,24,701,34,667,18,0,0,18,388,5,337,12,34,
3174021007,DKI JAKARTA,JAKARTA SELATAN,SETIA BUDI,GUNTUR,68,2,1,0,65,0,0,0,0,0,1,0,0,1,250,36,214,1,0,0,1,62,1,56,1,4,
3174071002,DKI JAKARTA,JAKARTA SELATAN,KEBAYORAN BARU,GUNUNG,324,0,16,3,305,0,0,0,0,0,7,0,0,7,404,5,399,0,0,0,0,134,2,124,3,5,
3171031005,DKI JAKARTA,JAKARTA PUSAT,KEMAYORAN,GUNUNG SAHARI SELATAN,352,0,15,1,336,0,0,0,0,0,5,0,0,5,591,24,567,1,0,0,1,211,2,194,7,8,
3171021004,DKI JAKARTA,JAKARTA PUSAT,SAWAH BESAR,GUNUNG SAHARI UTARA,315,1,22,1,291,2,0,0,0,2,7,0,0,7,593,8,585,12,0,0,12,194,2,179,10,3,
3175081004,DKI JAKARTA,JAKARTA TIMUR,MAKASAR,HALIM PERDANA KUSUMAH,280,0,7,2,271,0,0,0,0,0,6,0,0,6,642,46,596,9,0,0,9,492,20,445,7,20,
3171031003,DKI JAKARTA,JAKARTA PUSAT,KEMAYORAN,HARAPAN MULIA,394,1,12,3,378,1,0,0,0,1,6,0,0,6,624,18,606,33,0,0,33,284,3,266,9,6,
3174091001,DKI JAKARTA,JAKARTA SELATAN,JAGAKARSA,JAGAKARSA,1137,8,32,2,1095,8,0,0,0,8,8,0,0,8,1331,84,1247,20,0,0,20,459,4,418,6,31,
3175021007,DKI JAKARTA,JAKARTA TIMUR,PULO GADUNG,JATI,409,1,13,1,394,0,0,0,0,0,9,0,0,9,1059,48,1011,38,0,0,38,297,1,277,6,13,
3174041002,DKI JAKARTA,JAKARTA SELATAN,PASAR MINGGU,JATI PADANG,608,10,54,2,542,0,0,0,0,0,4,0,0,4,759,55,704,72,0,0,72,257,5,224,5,23,
3173071004,DKI JAKARTA,JAKARTA BARAT,PALMERAH,JATI PULO,609,2,41,4,562,2,0,0,0,2,5,0,0,5,854,30,824,64,0,0,64,332,1,312,10,9,
3175061001,DKI JAKARTA,JAKARTA TIMUR,CAKUNG,JATINEGARA,872,6,103,3,760,1,0,0,0,1,4,0,0,4,1729,115,1614,49,0,0,49,670,6,588,11,65,
3175021004,DKI JAKARTA,JAKARTA TIMUR,PULO GADUNG,JATINEGARA KAUM,152,2,10,0,140,1,0,0,1,0,3,0,0,3,447,26,421,12,0,0,12,138,1,119,6,12,
3173021004,DKI JAKARTA,JAKARTA BARAT,GROGOL PETAMBURAN,JELAMBAR,528,5,27,5,491,2,0,0,0,2,27,0,0,27,915,55,860,14,0,0,14,317,1,275,7,34,
3173021006,DKI JAKARTA,JAKARTA BARAT,GROGOL PETAMBURAN,JELAMBAR BARU,438,2,18,2,416,2,0,0,0,2,4,0,0,4,753,55,698,22,0,0,22,240,3,211,5,21,
3173041006,DKI JAKARTA,JAKARTA BARAT,TAMBORA,JEMBATAN BESI,582,1,12,1,568,1,0,0,0,1,5,0,0,5,527,17,510,10,0,0,10,274,2,251,8,13,
3173041008,DKI JAKARTA,JAKARTA BARAT,TAMBORA,JEMBATAN LIMA,236,1,20,0,215,0,0,0,0,0,1,0,0,1,236,7,229,5,0,0,5,163,0,141,4,18,
3173081005,DKI JAKARTA,JAKARTA BARAT,KEMBANGAN,JOGLO,603,6,55,4,538,1,0,0,0,1,5,0,0,5,859,42,817,15,0,0,15,282,5,261,5,11,
3171081001,DKI JAKARTA,JAKARTA PUSAT,JOHAR BARU,JOHAR BARU,785,11,36,3,735,9,3,0,0,6,11,0,0,11,2076,106,1970,103,0,0,103,579,11,522,19,27,
3173041002,DKI JAKARTA,JAKARTA BARAT,TAMBORA,KALI ANYAR,414,3,10,0,401,1,0,0,0,1,4,0,0,4,377,9,368,14,0,0,14,213,1,197,7,8,
3172041004,DKI JAKARTA,JAKARTA UTARA,CILINCING,KALI BARU,623,11,36,5,571,0,0,0,0,0,5,0,0,5,721,18,703,49,0,0,49,370,1,349,9,11,
3174081002,DKI JAKARTA,JAKARTA SELATAN,PANCORAN,KALIBATA,683,4,23,4,652,7,0,0,0,7,12,0,0,12,992,68,924,13,0,0,13,371,6,336,8,21,
3173061001,DKI JAKARTA,JAKARTA BARAT,KALI DERES,KALIDERES,1374,10,84,4,1276,1,0,0,0,1,7,0,1,6,2493,117,2376,30,0,0,30,580,5,504,9,62,
3175051004,DKI JAKARTA,JAKARTA TIMUR,PASAR REBO,KALISARI,1164,3,52,0,1109,0,0,0,0,0,3,0,0,3,619,25,594,13,0,0,13,322,7,285,6,24,
3173061004,DKI JAKARTA,JAKARTA BARAT,KALI DERES,KAMAL,400,2,37,3,358,0,0,0,0,0,1,0,0,1,638,43,595,5,0,0,5,119,2,87,9,21,
3172011002,DKI JAKARTA,JAKARTA UTARA,PENJARINGAN,KAMAL MUARA,120,5,5,0,110,0,0,0,0,0,4,0,0,4,246,17,229,2,0,0,2,107,1,96,2,8,
3171071007,DKI JAKARTA,JAKARTA PUSAT,TANAH ABANG,KAMPUNG BALI,157,1,3,2,151,1,0,0,0,1,2,0,0,2,350,13,337,2,0,0,2,86,0,77,4,5,
3175031001,DKI JAKARTA,JAKARTA TIMUR,JATINEGARA,KAMPUNG MELAYU,269,8,3,5,253,2,0,0,0,2,7,0,0,7,375,14,361,7,0,0,7,284,3,262,5,14,
3171081002,DKI JAKARTA,JAKARTA PUSAT,JOHAR BARU,KAMPUNG RAWA,347,0,15,0,332,2,0,0,0,2,2,0,1,1,844,23,821,66,0,0,66,298,5,268,14,11,
3175041002,DKI JAKARTA,JAKARTA TIMUR,KRAMAT JATI,KAMPUNG TENGAH,665,6,38,1,620,4,2,0,0,2,9,0,0,9,1352,78,1274,54,0,0,54,359,3,320,13,23,
3173011005,DKI JAKARTA,JAKARTA BARAT,CENGKARENG,KAPUK,975,6,67,16,886,2,0,0,0,2,12,0,0,12,1788,88,1700,14,0,0,14,794,10,664,23,97,
3172011003,DKI JAKARTA,JAKARTA UTARA,PENJARINGAN,KAPUK MUARA,286,3,15,0,268,1,0,0,0,1,20,0,10,10,700,49,651,26,0,0,26,209,7,183,7,12,
3171021002,DKI JAKARTA,JAKARTA PUSAT,SAWAH BESAR,KARANG ANYAR,511,3,22,5,481,1,0,0,0,1,4,0,0,4,974,33,941,14,0,0,14,242,2,224,7,9,
3174021004,DKI JAKARTA,JAKARTA SELATAN,SETIA BUDI,KARET,155,1,6,0,148,0,0,0,0,0,11,0,0,11,417,8,409,4,0,0,4,132,1,130,0,1,
3174021003,DKI JAKARTA,JAKARTA SELATAN,SETIA BUDI,KARET KUNINGAN,345,3,15,1,326,0,0,0,0,0,22,0,0,22,464,9,455,4,0,0,4,255,3,237,5,10,
3174021002,DKI JAKARTA,JAKARTA SELATAN,SETIA BUDI,KARET SEMANGGI,79,1,9,1,68,0,0,0,0,0,3,0,0,3,95,2,93,2,0,0,2,31,0,28,2,1,
3171071003,DKI JAKARTA,JAKARTA PUSAT,TANAH ABANG,KARET TENGSIN,311,2,12,0,297,1,0,0,0,1,8,0,0,8,808,35,773,3,0,0,3,194,5,165,8,16,
3171021003,DKI JAKARTA,JAKARTA PUSAT,SAWAH BESAR,KARTINI,366,2,15,1,348,1,0,0,0,1,0,0,0,0,746,21,725,18,0,0,18,248,0,235,5,8,
3175011003,DKI JAKARTA,JAKARTA TIMUR,MATRAMAN,KAYU MANIS,429,7,10,0,412,3,0,0,0,3,2,0,0,2,801,33,768,30,0,0,30,257,3,243,7,4,
3175021006,DKI JAKARTA,JAKARTA TIMUR,PULO GADUNG,KAYU PUTIH,564,4,22,4,534,1,0,0,1,0,15,0,0,15,1223,37,1186,61,0,0,61,394,6,351,11,26,
3173031006,DKI JAKARTA,JAKARTA BARAT,TAMAN SARI,KEAGUNGAN,324,2,11,0,311,0,0,0,0,0,3,0,0,3,521,8,513,10,0,0,10,196,0,184,1,11,
3174041007,DKI JAKARTA,JAKARTA SELATAN,PASAR MINGGU,KEBAGUSAN,720,10,37,1,672,3,0,0,0,3,4,0,1,3,853,87,766,39,0,0,39,279,3,236,1,39,
3174051006,DKI JAKARTA,JAKARTA SELATAN,KEBAYORAN LAMA,KEBAYORAN LAMA SELATAN,697,5,44,0,648,5,0,0,0,5,2,0,0,2,847,21,826,14,0,0,14,328,3,298,6,21,
3174051001,DKI JAKARTA,JAKARTA SELATAN,KEBAYORAN LAMA,KEBAYORAN LAMA UTARA,511,8,24,1,478,1,0,0,0,1,15,0,0,15,574,20,554,4,0,0,4,278,7,234,5,32,
3174011004,DKI JAKARTA,JAKARTA SELATAN,TEBET,KEBON BARU,467,1,26,2,438,0,0,0,0,0,15,0,0,15,777,28,749,22,0,0,22,247,4,222,8,13,
3172021005,DKI JAKARTA,JAKARTA UTARA,TANJUNG PRIOK,KEBON BAWANG,832,2,43,1,786,0,0,0,0,0,15,0,0,15,1419,65,1354,93,0,0,93,463,4,440,4,15,
3173051001,DKI JAKARTA,JAKARTA BARAT,KEBON JERUK,KEBON JERUK,954,5,59,6,884,2,0,0,0,2,13,0,0,13,2236,104,2132,62,0,0,62,676,6,625,18,27,
3171071006,DKI JAKARTA,JAKARTA PUSAT,TANAH ABANG,KEBON KACANG,487,0,9,1,477,1,0,0,0,1,0,0,0,0,614,16,598,7,0,0,7,309,2,294,12,1,
3171011005,DKI JAKARTA,JAKARTA PUSAT,GAMBIR,KEBON KELAPA,170,1,6,1,162,3,0,0,0,3,4,0,0,4,338,11,327,3,0,0,3,100,2,94,1,3,
3171031002,DKI JAKARTA,JAKARTA PUSAT,KEMAYORAN,KEBON KOSONG,421,5,25,5,386,1,0,0,0,1,9,0,1,8,572,18,554,33,0,0,33,267,7,249,7,4,
3175011005,DKI JAKARTA,JAKARTA TIMUR,MATRAMAN,KEBON MANGGIS,225,2,6,4,213,0,0,0,0,0,2,0,0,2,325,14,311,24,0,0,24,169,3,154,3,9,
3171071005,DKI JAKARTA,JAKARTA PUSAT,TANAH ABANG,KEBON MELATI,568,2,22,3,541,1,0,0,0,1,5,0,0,5,1039,16,1023,10,0,0,10,495,1,479,9,6,
3175081003,DKI JAKARTA,JAKARTA TIMUR,MAKASAR,KEBON PALA,412,4,14,1,393,1,0,0,0,1,6,0,0,6,1070,27,1043,18,0,0,18,396,7,364,11,14,
3171061005,DKI JAKARTA,JAKARTA PUSAT,MENTENG,KEBON SIRIH,192,2,8,2,180,0,0,0,0,0,4,0,0,4,336,7,329,20,0,0,20,152,2,141,2,7,
3173011004,DKI JAKARTA,JAKARTA BARAT,CENGKARENG,KEDAUNG KALI ANGKE,539,3,19,0,517,0,0,0,0,0,1,0,0,1,692,28,664,7,0,0,7,381,5,346,7,23,
3173051007,DKI JAKARTA,JAKARTA BARAT,KEBON JERUK,KEDOYA SELATAN,483,6,31,5,441,2,0,0,0,2,8,0,0,8,837,42,795,22,0,0,22,263,4,242,7,10,
3173051006,DKI JAKARTA,JAKARTA BARAT,KEBON JERUK,KEDOYA UTARA,503,2,26,2,473,1,0,0,0,1,15,0,0,15,1047,56,991,22,0,0,22,360,3,328,8,21,
3173051004,DKI JAKARTA,JAKARTA BARAT,KEBON JERUK,KELAPA DUA,373,4,21,0,348,0,0,0,0,0,5,0,0,5,788,49,739,23,0,0,23,222,7,203,3,9,
3175091003,DKI JAKARTA,JAKARTA TIMUR,CIRACAS,KELAPA DUA WETAN,695,2,31,1,661,1,0,0,0,1,8,0,0,8,1241,25,1216,37,0,0,37,265,4,241,3,17,
3172061003,DKI JAKARTA,JAKARTA UTARA,KELAPA GADING,KELAPA GADING BARAT,1044,9,44,3,988,2,0,0,0,2,49,0,0,49,1451,53,1398,219,0,0,219,468,7,429,6,26,
3172061001,DKI JAKARTA,JAKARTA UTARA,KELAPA GADING,KELAPA GADING TIMUR,793,3,30,2,758,3,0,0,0,3,23,0,0,23,1386,54,1332,132,0,0,132,374,4,341,9,20,
3173071005,DKI JAKARTA,JAKARTA BARAT,PALMERAH,KEMANGGISAN,746,4,58,6,678,0,0,0,0,0,9,0,0,9,1034,40,994,52,0,0,52,381,14,343,11,13,
3171031001,DKI JAKARTA,JAKARTA PUSAT,KEMAYORAN,KEMAYORAN,455,2,21,3,429,2,0,0,0,2,3,0,0,3,660,18,642,27,0,0,27,346,2,328,10,6,
3173081006,DKI JAKARTA,JAKARTA BARAT,KEMBANGAN,KEMBANGAN SELATAN,362,2,34,1,325,0,0,0,0,0,8,0,0,8,720,31,689,54,0,0,54,229,3,214,5,7,
3173081001,DKI JAKARTA,JAKARTA BARAT,KEMBANGAN,KEMBANGAN UTARA,743,5,43,3,692,4,0,0,1,3,3,0,0,3,1872,61,1811,11,0,0,11,373,7,345,6,15,
3171041002,DKI JAKARTA,JAKARTA PUSAT,SENEN,KENARI,269,0,10,1,258,1,0,0,0,1,8,0,0,8,609,24,585,46,0,0,46,200,0,186,3,11,
3173041005,DKI JAKARTA,JAKARTA BARAT,TAMBORA,KERENDANG,296,1,9,2,284,1,0,0,0,1,0,0,0,0,231,6,225,9,0,0,9,157,1,143,8,5,
3175071003,DKI JAKARTA,JAKARTA TIMUR,DUREN SAWIT,KLENDER,725,11,24,2,688,4,0,0,0,4,5,0,0,5,1234,71,1163,35,0,0,35,520,7,460,17,36,
3172031001,DKI JAKARTA,JAKARTA UTARA,KOJA,KOJA,374,4,20,0,350,0,0,0,0,0,4,0,0,4,501,8,493,49,0,0,49,388,1,369,9,9,
3173071006,DKI JAKARTA,JAKARTA BARAT,PALMERAH,KOTA BAMBU SELATAN,564,0,22,5,537,0,0,0,0,0,1,0,0,1,930,24,906,73,0,0,73,303,10,278,5,10,
3173071003,DKI JAKARTA,JAKARTA BARAT,PALMERAH,KOTA BAMBU UTARA,480,4,27,11,438,3,2,0,0,1,3,0,0,3,628,14,614,54,0,0,54,267,1,250,9,7,
3171041004,DKI JAKARTA,JAKARTA PUSAT,SENEN,KRAMAT,485,3,36,6,440,0,0,0,0,0,10,0,2,8,1077,71,1006,35,0,0,35,333,2,311,11,9,
3175041001,DKI JAKARTA,JAKARTA TIMUR,KRAMAT JATI,KRAMAT JATI,498,5,27,1,465,1,0,0,0,1,12,0,0,12,1067,79,988,23,0,0,23,442,8,400,12,22,
3174071003,DKI JAKARTA,JAKARTA SELATAN,KEBAYORAN BARU,KRAMAT PELA,294,1,14,0,279,0,0,0,0,0,0,0,0,0,540,16,524,7,0,0,7,170,1,162,3,4,
3173031002,DKI JAKARTA,JAKARTA BARAT,TAMAN SARI,KRUKUT,326,3,21,6,296,2,0,0,0,2,3,0,0,3,524,31,493,13,0,0,13,218,3,195,4,16,
3174031005,DKI JAKARTA,JAKARTA SELATAN,MAMPANG PRAPATAN,KUNINGAN BARAT,158,2,4,1,151,1,0,0,0,1,0,0,0,0,519,17,502,5,0,0,5,161,0,152,2,7,
3174021008,DKI JAKARTA,JAKARTA SELATAN,SETIA BUDI,KUNINGAN TIMUR,212,4,45,1,162,1,0,0,0,1,20,0,0,20,255,22,233,4,0,0,4,142,1,128,2,11,
3171041005,DKI JAKARTA,JAKARTA PUSAT,SENEN,KWITANG,267,2,8,0,257,3,0,0,0,3,7,0,0,7,537,11,526,11,0,0,11,138,1,128,6,3,
3172031003,DKI JAKARTA,JAKARTA UTARA,KOJA,LAGOA,758,5,31,1,721,1,0,0,0,1,5,0,0,5,832,28,804,80,0,0,80,699,7,660,15,17,
3174061002,DKI JAKARTA,JAKARTA SELATAN,CILANDAK,LEBAK BULUS,516,2,38,2,474,3,0,0,0,3,27,0,0,27,1188,47,1141,22,0,0,22,503,7,463,11,22,
3174091004,DKI JAKARTA,JAKARTA SELATAN,JAGAKARSA,LENTENG AGUNG,905,3,45,0,857,4,1,0,0,3,6,0,0,6,914,93,821,16,0,0,16,330,9,272,3,46,
LUAR DKI JAKARTA,LUAR DKI JAKARTA,LUAR DKI JAKARTA,LUAR DKI JAKARTA,LUAR DKI JAKARTA,49538,380,3187,98,45873,98,4,0,0,94,680,0,7,673,77165,6529,70636,2845,0,0,2845,8512,170,7957,136,249,
3175101007,DKI JAKARTA,JAKARTA TIMUR,CIPAYUNG,LUBANG BUAYA,955,7,43,3,902,3,0,0,0,3,10,0,0,10,925,29,896,34,0,0,34,469,10,433,3,23,
3175081001,DKI JAKARTA,JAKARTA TIMUR,MAKASAR,MAKASAR,444,5,33,1,405,0,0,0,0,0,8,0,0,8,1350,45,1305,25,0,0,25,365,5,312,7,41,
3175071006,DKI JAKARTA,JAKARTA TIMUR,DUREN SAWIT,MALAKA JAYA,377,2,11,2,362,1,0,0,0,1,2,0,0,2,744,31,713,16,0,0,16,268,4,244,4,16,
3175071005,DKI JAKARTA,JAKARTA TIMUR,DUREN SAWIT,MALAKA SARI,355,5,15,1,334,0,0,0,0,0,1,0,0,1,664,32,632,15,0,0,15,239,3,217,4,15,
3174031001,DKI JAKARTA,JAKARTA SELATAN,MAMPANG PRAPATAN,MAMPANG PRAPATAN,363,3,16,2,342,2,0,0,0,2,0,0,0,0,1108,50,1058,10,0,0,10,343,2,321,11,9,
3173031005,DKI JAKARTA,JAKARTA BARAT,TAMAN SARI,MANGGA BESAR,170,1,11,1,157,1,0,0,0,1,0,0,0,0,208,9,199,6,0,0,6,81,0,73,4,4,
3171021005,DKI JAKARTA,JAKARTA PUSAT,SAWAH BESAR,MANGGA DUA SELATAN,469,7,29,1,432,3,0,0,0,3,1,0,0,1,913,30,883,19,0,0,19,274,1,247,8,18,
3174011007,DKI JAKARTA,JAKARTA SELATAN,TEBET,MANGGARAI,489,5,29,0,455,4,0,0,0,4,4,0,0,4,665,57,608,27,0,0,27,274,5,248,2,19,
3174011006,DKI JAKARTA,JAKARTA SELATAN,TEBET,MANGGARAI SELATAN,338,3,17,2,316,0,0,0,0,0,6,0,0,6,547,30,517,24,0,0,24,170,0,150,8,12,
3173031003,DKI JAKARTA,JAKARTA BARAT,TAMAN SARI,MAPHAR,268,4,15,1,248,0,0,0,0,0,6,0,0,6,429,20,409,41,0,0,41,223,1,212,3,7,
3172041003,DKI JAKARTA,JAKARTA UTARA,CILINCING,MARUNDA,333,4,16,0,313,3,0,0,0,3,0,0,0,0,385,11,374,16,0,0,16,132,0,125,1,6,
3174071001,DKI JAKARTA,JAKARTA SELATAN,KEBAYORAN BARU,MELAWAI,93,1,15,0,77,0,0,0,0,0,1,0,0,1,102,10,92,0,0,0,0,21,1,19,1,0,
3171061001,DKI JAKARTA,JAKARTA PUSAT,MENTENG,MENTENG,514,7,17,2,488,2,0,0,0,2,5,0,0,5,922,65,857,27,0,0,27,307,4,283,10,10,
3174021005,DKI JAKARTA,JAKARTA SELATAN,SETIA BUDI,MENTENG ATAS,459,6,31,3,419,2,0,0,0,2,55,0,0,55,1489,74,1415,39,0,0,39,350,8,308,8,26,
3174011003,DKI JAKARTA,JAKARTA SELATAN,TEBET,MENTENG DALAM,691,11,25,4,651,4,0,0,0,4,13,0,0,13,846,51,795,46,0,0,46,306,11,271,8,16,
3173081003,DKI JAKARTA,JAKARTA BARAT,KEMBANGAN,MERUYA SELATAN,486,0,57,1,428,1,0,0,0,1,5,0,0,5,887,43,844,17,0,0,17,281,4,251,4,22,
3173081002,DKI JAKARTA,JAKARTA BARAT,KEMBANGAN,MERUYA UTARA,700,4,57,6,633,1,0,0,1,0,8,0,0,8,1127,52,1075,11,0,0,11,347,4,319,4,20,
3175101004,DKI JAKARTA,JAKARTA TIMUR,CIPAYUNG,MUNJUL,342,2,21,0,319,0,0,0,0,0,3,0,0,3,439,14,425,26,0,0,26,142,2,124,1,15,
3172051002,DKI JAKARTA,JAKARTA UTARA,PADEMANGAN,PADEMANGAN BARAT,1998,8,73,5,1912,5,0,0,0,5,16,0,1,15,2626,71,2555,38,0,0,38,812,4,765,23,20,
3172051001,DKI JAKARTA,JAKARTA UTARA,PADEMANGAN,PADEMANGAN TIMUR,722,1,43,3,675,2,0,0,0,2,15,0,0,15,968,27,941,23,0,0,23,326,4,308,6,8,
3175011004,DKI JAKARTA,JAKARTA TIMUR,MATRAMAN,PAL MERIAM,312,4,19,2,287,2,0,0,0,2,3,0,0,3,754,49,705,64,0,0,64,266,3,241,6,16,
3173071001,DKI JAKARTA,JAKARTA BARAT,PALMERAH,PALMERAH,1489,5,119,2,1363,0,0,0,0,0,2,0,0,2,2137,93,2044,82,0,0,82,645,13,569,23,40,
3174081001,DKI JAKARTA,JAKARTA SELATAN,PANCORAN,PANCORAN,482,5,24,0,453,1,0,0,0,1,9,0,0,9,676,26,650,7,0,0,7,291,2,278,4,7,
3172021003,DKI JAKARTA,JAKARTA UTARA,TANJUNG PRIOK,PAPANGGO,551,3,31,0,517,1,0,0,0,1,7,0,0,7,954,25,929,70,0,0,70,302,1,287,3,11,
3171021001,DKI JAKARTA,JAKARTA PUSAT,SAWAH BESAR,PASAR BARU,271,0,16,2,253,2,0,0,0,2,9,0,1,8,570,32,538,13,0,0,13,198,0,185,2,11,
3174021006,DKI JAKARTA,JAKARTA SELATAN,SETIA BUDI,PASAR MANGGIS,303,3,13,3,284,4,0,0,0,4,29,0,0,29,1067,49,1018,19,0,0,19,302,0,270,11,21,
3174041001,DKI JAKARTA,JAKARTA SELATAN,PASAR MINGGU,PASAR MINGGU,521,5,25,1,490,3,0,0,0,3,7,0,0,7,710,23,687,22,0,0,22,259,1,242,7,9,
3171041003,DKI JAKARTA,JAKARTA PUSAT,SENEN,PASEBAN,614,4,14,1,595,4,0,0,0,4,24,0,1,23,1205,90,1115,63,0,0,63,381,5,338,9,29,
3173061005,DKI JAKARTA,JAKARTA BARAT,KALI DERES,PEGADUNGAN,891,10,57,7,817,1,1,0,0,0,10,0,0,10,1675,66,1609,18,0,0,18,362,2,332,9,19,
3171061002,DKI JAKARTA,JAKARTA PUSAT,MENTENG,PEGANGSAAN,427,1,15,2,409,3,0,0,0,3,3,0,0,3,969,36,933,53,0,0,53,385,1,368,5,11,
3172061002,DKI JAKARTA,JAKARTA UTARA,KELAPA GADING,PEGANGSAAN DUA,1008,3,98,1,906,2,0,0,0,2,45,0,2,43,2025,118,1907,209,0,0,209,549,4,488,11,46,
3172011004,DKI JAKARTA,JAKARTA UTARA,PENJARINGAN,PEJAGALAN,688,4,38,2,644,3,0,0,0,3,11,0,3,8,1169,78,1091,34,0,0,34,404,6,374,7,17,
3174041006,DKI JAKARTA,JAKARTA SELATAN,PASAR MINGGU,PEJATEN BARAT,591,4,38,2,547,8,0,0,0,8,2,0,0,2,855,62,793,74,0,0,74,312,7,264,2,39,
3174041005,DKI JAKARTA,JAKARTA SELATAN,PASAR MINGGU,PEJATEN TIMUR,616,5,36,1,574,4,0,0,0,4,3,0,0,3,840,76,764,41,0,0,41,319,6,274,12,27,
3175051005,DKI JAKARTA,JAKARTA TIMUR,PASAR REBO,PEKAYON,1018,6,52,1,959,2,0,0,0,2,3,0,0,3,450,16,434,15,0,0,15,279,7,247,5,20,
3173041009,DKI JAKARTA,JAKARTA BARAT,TAMBORA,PEKOJAN,336,6,10,2,318,0,0,0,0,0,3,0,0,3,289,10,279,18,0,0,18,153,0,143,5,5,
3174031003,DKI JAKARTA,JAKARTA SELATAN,MAMPANG PRAPATAN,PELA MAMPANG,490,4,22,2,462,4,0,0,0,4,15,0,0,15,1639,69,1570,6,0,0,6,415,4,363,6,42,
3174081005,DKI JAKARTA,JAKARTA SELATAN,PANCORAN,PENGADEGAN,257,1,14,2,240,0,0,0,0,0,8,0,0,8,470,13,457,11,0,0,11,139,5,127,1,6,
3175061003,DKI JAKARTA,JAKARTA TIMUR,CAKUNG,PENGGILINGAN,903,3,77,1,822,2,0,0,0,2,11,0,0,11,2094,121,1973,85,0,0,85,696,7,629,14,46,
3172011001,DKI JAKARTA,JAKARTA UTARA,PENJARINGAN,PENJARINGAN,1366,15,60,4,1287,4,2,0,0,2,24,0,0,24,3225,122,3103,122,0,0,122,787,10,707,16,54,
3174101001,DKI JAKARTA,JAKARTA SELATAN,PESANGGRAHAN,PESANGGRAHAN,548,11,25,4,508,2,0,0,1,1,0,0,0,0,1041,43,998,19,0,0,19,204,4,189,4,7,
3171071004,DKI JAKARTA,JAKARTA PUSAT,TANAH ABANG,PETAMBURAN,645,2,16,7,620,0,0,0,0,0,7,0,0,7,1012,21,991,12,0,0,12,468,10,429,13,16,
3174071008,DKI JAKARTA,JAKARTA SELATAN,KEBAYORAN BARU,PETOGOGAN,273,0,15,0,258,0,0,0,0,0,3,0,0,3,330,8,322,3,0,0,3,130,0,111,0,19,
3171011004,DKI JAKARTA,JAKARTA PUSAT,GAMBIR,PETOJO SELATAN,271,1,7,1,262,0,0,0,0,0,28,0,0,28,842,24,818,16,0,0,16,284,3,269,8,4,
3171011003,DKI JAKARTA,JAKARTA PUSAT,GAMBIR,PETOJO UTARA,238,2,7,3,226,1,0,0,0,1,12,0,0,12,453,20,433,26,0,0,26,172,1,164,3,4,
3174101004,DKI JAKARTA,JAKARTA SELATAN,PESANGGRAHAN,PETUKANGAN SELATAN,569,7,35,2,525,1,0,0,0,1,2,0,0,2,1057,40,1017,9,0,0,9,280,1,253,4,22,
3174101003,DKI JAKARTA,JAKARTA SELATAN,PESANGGRAHAN,PETUKANGAN UTARA,643,4,42,4,593,6,2,0,0,4,6,0,0,6,1769,49,1720,10,0,0,10,386,6,355,2,23,
3175081002,DKI JAKARTA,JAKARTA TIMUR,MAKASAR,PINANG RANTI,314,5,10,1,298,1,1,0,0,0,2,0,0,2,782,27,755,30,0,0,30,210,3,189,6,12,
3173031008,DKI JAKARTA,JAKARTA BARAT,TAMAN SARI,PINANGSIA,169,1,12,1,155,0,0,0,0,0,2,0,0,2,274,13,261,4,0,0,4,124,1,119,0,4,
3175011001,DKI JAKARTA,JAKARTA TIMUR,MATRAMAN,PISANGAN BARU,423,0,11,3,409,2,0,0,0,2,5,0,0,5,671,39,632,35,0,0,35,253,3,221,8,21,
3175021002,DKI JAKARTA,JAKARTA TIMUR,PULO GADUNG,PISANGAN TIMUR,428,4,26,4,394,1,0,0,0,1,10,0,0,10,1282,150,1132,33,0,0,33,291,7,261,5,18,
3172011005,DKI JAKARTA,JAKARTA UTARA,PENJARINGAN,PLUIT,583,3,64,4,512,0,0,0,0,0,13,0,0,13,1482,79,1403,20,0,0,20,347,4,312,9,22,
3175071002,DKI JAKARTA,JAKARTA TIMUR,DUREN SAWIT,PONDOK BAMBU,1116,8,45,1,1062,5,0,0,0,5,3,0,0,3,1398,65,1333,38,0,0,38,525,14,469,12,30,
3175071004,DKI JAKARTA,JAKARTA TIMUR,DUREN SAWIT,PONDOK KELAPA,836,9,33,0,794,1,0,0,0,1,11,0,0,11,1454,79,1375,29,0,0,29,504,9,446,14,35,
3175071007,DKI JAKARTA,JAKARTA TIMUR,DUREN SAWIT,PONDOK KOPI,526,3,23,1,499,0,0,0,0,0,2,0,0,2,583,16,567,17,0,0,17,280,3,254,13,10,
3174061003,DKI JAKARTA,JAKARTA SELATAN,CILANDAK,PONDOK LABU,680,5,68,1,606,6,0,0,0,6,73,0,0,73,1292,43,1249,37,0,0,37,268,3,241,4,20,
3174051002,DKI JAKARTA,JAKARTA SELATAN,KEBAYORAN LAMA,PONDOK PINANG,755,5,46,4,700,0,0,0,0,0,44,0,0,44,1012,37,975,12,0,0,12,414,5,356,11,42,
3175101003,DKI JAKARTA,JAKARTA TIMUR,CIPAYUNG,PONDOK RANGGON,330,0,17,3,310,1,1,0,0,0,3,0,0,3,543,32,511,22,0,0,22,226,5,207,1,13,
PROSES UPDATE DATA,PROSES UPDATE DATA,PROSES UPDATE DATA,PROSES UPDATE DATA,PROSES UPDATE DATA,17390,128,963,1696,14603,3718,3,0,3702,13,116,0,0,116,40826,4429,36397,395,0,1,394,26224,253,24816,491,664,
3101011003,DKI JAKARTA,KAB.ADM.KEP.SERIBU,KEP. SERIBU UTARA,PULAU HARAPAN,68,0,1,0,67,0,0,0,0,0,0,0,0,0,89,0,89,0,0,0,0,6,0,6,0,0,
3101011002,DKI JAKARTA,KAB.ADM.KEP.SERIBU,KEP. SERIBU UTARA,PULAU KELAPA,84,0,2,1,81,0,0,0,0,0,3,0,0,3,216,7,209,1,0,0,1,16,0,9,0,7,
3101011001,DKI JAKARTA,KAB.ADM.KEP.SERIBU,KEP. SERIBU UTARA,PULAU PANGGANG,179,0,1,1,177,0,0,0,0,0,0,0,0,0,179,0,179,4,0,0,4,30,0,29,0,1,
3101021003,DKI JAKARTA,KAB.ADM.KEP.SERIBU,KEP. SERIBU SELATAN,PULAU PARI,13,0,1,0,12,0,0,0,0,0,0,0,0,0,202,3,199,1,0,0,1,7,0,6,0,1,
3101021002,DKI JAKARTA,KAB.ADM.KEP.SERIBU,KEP. SERIBU SELATAN,PULAU TIDUNG,39,0,1,0,38,1,0,0,1,0,1,0,0,1,398,0,398,1,0,0,1,37,0,37,0,0,
3101021001,DKI JAKARTA,KAB.ADM.KEP.SERIBU,KEP. SERIBU SELATAN,PULAU UNTUNG JAWA,25,0,0,0,25,0,0,0,0,0,0,0,0,0,112,0,112,0,0,0,0,5,0,5,0,0,
3174071007,DKI JAKARTA,JAKARTA SELATAN,KEBAYORAN BARU,PULO,309,0,3,1,305,1,0,0,0,1,1,0,0,1,236,4,232,0,0,0,0,64,0,60,0,4,
3175021001,DKI JAKARTA,JAKARTA TIMUR,PULO GADUNG,PULO GADUNG,489,2,27,2,458,0,0,0,0,0,11,0,0,11,1024,36,988,43,0,0,43,316,2,288,8,18,
3175061005,DKI JAKARTA,JAKARTA TIMUR,CAKUNG,PULO GEBANG,764,6,82,2,674,1,0,0,0,1,9,0,0,9,1627,99,1528,72,0,0,72,526,14,453,12,47,
3174041004,DKI JAKARTA,JAKARTA SELATAN,PASAR MINGGU,RAGUNAN,996,11,104,2,879,1,0,0,0,1,2,0,0,2,888,67,821,25,0,0,25,288,7,251,6,24,
3175091005,DKI JAKARTA,JAKARTA TIMUR,CIRACAS,RAMBUTAN,557,8,51,1,497,2,0,0,0,2,12,0,0,12,845,22,823,29,0,0,29,252,11,214,4,23,
3172031006,DKI JAKARTA,JAKARTA UTARA,KOJA,RAWA BADAK SELATAN,593,11,26,2,554,2,0,0,0,2,2,0,0,2,663,29,634,60,0,0,60,384,3,342,5,34,
3172031004,DKI JAKARTA,JAKARTA UTARA,KOJA,RAWA BADAK UTARA,547,3,16,1,527,0,0,0,0,0,2,0,0,2,630,22,608,96,0,0,96,291,1,265,4,21,
3174071005,DKI JAKARTA,JAKARTA SELATAN,KEBAYORAN BARU,RAWA BARAT,119,0,7,2,110,0,0,0,0,0,2,0,0,2,195,3,192,0,0,0,0,52,1,46,1,4,
3173011003,DKI JAKARTA,JAKARTA BARAT,CENGKARENG,RAWA BUAYA,507,9,42,2,454,1,0,0,0,1,6,0,0,6,956,30,926,7,0,0,7,411,9,355,14,33,
3175031004,DKI JAKARTA,JAKARTA TIMUR,JATINEGARA,RAWA BUNGA,187,6,5,1,175,0,0,0,0,0,1,0,0,1,337,17,320,16,0,0,16,166,1,150,3,12,
3174081003,DKI JAKARTA,JAKARTA SELATAN,PANCORAN,RAWA JATI,363,2,20,0,341,2,0,0,0,2,11,0,0,11,642,24,618,7,0,0,7,145,1,135,0,9,
3175061002,DKI JAKARTA,JAKARTA TIMUR,CAKUNG,RAWA TERATE,194,0,20,0,174,0,0,0,0,0,2,0,0,2,459,37,422,9,0,0,9,203,1,189,1,12,
3175021005,DKI JAKARTA,JAKARTA TIMUR,PULO GADUNG,RAWAMANGUN,432,2,24,0,406,1,0,0,0,1,9,0,0,9,1072,64,1008,37,0,0,37,344,4,309,9,22,
3171051003,DKI JAKARTA,JAKARTA PUSAT,CEMPAKA PUTIH,RAWASARI,852,4,35,2,811,7,3,0,1,3,10,0,0,10,1538,44,1494,38,0,0,38,451,7,425,7,12,
3173041010,DKI JAKARTA,JAKARTA BARAT,TAMBORA,ROA MALAKA,43,0,3,0,40,1,0,0,0,1,0,0,0,0,48,2,46,2,0,0,2,16,1,15,0,0,
3172041006,DKI JAKARTA,JAKARTA UTARA,CILINCING,ROROTAN,489,2,44,2,441,0,0,0,0,0,5,0,0,5,682,18,664,83,0,0,83,204,3,180,2,19,
3174071004,DKI JAKARTA,JAKARTA SELATAN,KEBAYORAN BARU,SELONG,100,0,6,0,94,0,0,0,0,0,3,0,0,3,153,5,148,3,0,0,3,29,1,26,1,1,
3173061002,DKI JAKARTA,JAKARTA BARAT,KALI DERES,SEMANAN,708,7,42,3,656,1,0,0,0,1,3,0,0,3,1314,43,1271,9,0,0,9,306,2,290,4,10,
3172041007,DKI JAKARTA,JAKARTA UTARA,CILINCING,SEMPER BARAT,940,7,64,1,868,3,0,0,0,3,12,0,0,12,1320,48,1272,117,0,0,117,543,7,498,11,27,
3172041005,DKI JAKARTA,JAKARTA UTARA,CILINCING,SEMPER TIMUR,521,8,22,1,490,1,0,0,0,1,4,0,0,4,785,20,765,58,0,0,58,285,5,264,6,10,
3174071006,DKI JAKARTA,JAKARTA SELATAN,KEBAYORAN BARU,SENAYAN,510,2,9,0,499,0,0,0,0,0,10,0,0,10,753,6,747,0,0,0,0,216,0,204,0,12,
3171041001,DKI JAKARTA,JAKARTA PUSAT,SENEN,SENEN,226,1,11,0,214,1,0,0,0,1,8,0,0,8,789,12,777,26,0,0,26,173,2,160,3,8,
3171031004,DKI JAKARTA,JAKARTA PUSAT,KEMAYORAN,SERDANG,536,4,35,2,495,0,0,0,0,0,5,0,0,5,870,54,816,32,0,0,32,327,5,289,7,26,
3174021001,DKI JAKARTA,JAKARTA SELATAN,SETIA BUDI,SETIA BUDI,121,0,7,0,114,0,0,0,0,0,4,0,0,4,386,11,375,6,0,0,6,52,0,48,0,4,
3175101005,DKI JAKARTA,JAKARTA TIMUR,CIPAYUNG,SETU,302,1,9,0,292,2,0,0,0,2,2,0,0,2,519,27,492,14,0,0,14,158,3,133,2,20,
3173071002,DKI JAKARTA,JAKARTA BARAT,PALMERAH,SLIPI,639,2,39,2,596,1,1,0,0,0,2,0,0,2,1114,49,1065,43,0,0,43,343,1,330,4,8,
3173081004,DKI JAKARTA,JAKARTA BARAT,KEMBANGAN,SRENGSENG,671,7,44,3,617,1,0,0,0,1,6,0,0,6,1457,54,1403,27,0,0,27,383,10,354,5,14,
3174091002,DKI JAKARTA,JAKARTA SELATAN,JAGAKARSA,SRENGSENG SAWAH,989,2,22,0,965,8,0,0,0,8,11,0,0,11,1178,74,1104,26,0,0,26,269,7,247,9,6,
3173051003,DKI JAKARTA,JAKARTA BARAT,KEBON JERUK,SUKABUMI SELATAN,396,3,28,4,361,1,0,0,0,1,1,0,0,1,819,26,793,25,0,0,25,256,7,233,5,11,
3173051002,DKI JAKARTA,JAKARTA BARAT,KEBON JERUK,SUKABUMI UTARA,462,2,47,3,410,0,0,0,0,0,20,0,0,20,929,61,868,46,0,0,46,306,4,278,10,14,
3172041002,DKI JAKARTA,JAKARTA UTARA,CILINCING,SUKAPURA,731,5,37,2,687,0,0,0,0,0,6,0,0,6,1037,45,992,104,0,0,104,404,5,357,8,34,
3171031007,DKI JAKARTA,JAKARTA PUSAT,KEMAYORAN,SUMUR BATU,474,5,13,1,455,2,0,0,0,2,6,0,0,6,662,30,632,33,0,0,33,252,0,237,3,12,
3172021004,DKI JAKARTA,JAKARTA UTARA,TANJUNG PRIOK,SUNGAI BAMBU,471,1,45,0,425,0,0,0,0,0,7,0,0,7,750,32,718,44,0,0,44,245,1,227,6,11,
3172021006,DKI JAKARTA,JAKARTA UTARA,TANJUNG PRIOK,SUNTER AGUNG,1157,7,73,1,1076,4,0,0,0,4,23,0,0,23,2273,94,2179,104,0,0,104,725,11,648,20,46,
3172021002,DKI JAKARTA,JAKARTA UTARA,TANJUNG PRIOK,SUNTER JAYA,1074,11,64,6,993,1,0,0,0,1,10,0,0,10,1946,84,1862,192,0,0,192,673,2,610,19,42,
3175091004,DKI JAKARTA,JAKARTA TIMUR,CIRACAS,SUSUKAN,615,2,27,1,585,0,0,0,0,0,17,0,0,17,1436,28,1408,69,0,0,69,230,6,199,8,17,
3173031001,DKI JAKARTA,JAKARTA BARAT,TAMAN SARI,TAMAN SARI,321,3,22,0,296,2,0,0,0,2,1,0,0,1,468,16,452,17,0,0,17,211,0,200,4,7,
3173041001,DKI JAKARTA,JAKARTA BARAT,TAMBORA,TAMBORA,229,3,7,3,216,1,1,0,0,0,1,0,0,1,339,14,325,3,0,0,3,117,3,105,3,6,
3173041004,DKI JAKARTA,JAKARTA BARAT,TAMBORA,TANAH SEREAL,316,1,3,2,310,1,0,0,0,1,4,0,0,4,308,12,296,5,0,0,5,190,2,171,7,10,
3171081004,DKI JAKARTA,JAKARTA PUSAT,JOHAR BARU,TANAH TINGGI,541,5,22,3,511,5,0,0,0,5,6,0,0,6,1203,53,1150,36,0,0,36,435,12,398,16,9,
3173031004,DKI JAKARTA,JAKARTA BARAT,TAMAN SARI,TANGKI,278,0,20,1,257,1,0,0,0,1,3,0,0,3,348,9,339,3,0,0,3,144,2,132,1,9,
3174091005,DKI JAKARTA,JAKARTA SELATAN,JAGAKARSA,TANJUNG BARAT,791,8,26,1,756,1,0,0,0,1,2,0,0,2,693,33,660,13,0,0,13,314,2,277,6,29,
3173021005,DKI JAKARTA,JAKARTA BARAT,GROGOL PETAMBURAN,TANJUNG DUREN SELATAN,493,3,22,1,467,0,0,0,0,0,19,0,0,19,776,30,746,24,0,0,24,357,5,316,11,25,
3173021002,DKI JAKARTA,JAKARTA BARAT,GROGOL PETAMBURAN,TANJUNG DUREN UTARA,323,0,17,0,306,2,0,0,0,2,21,0,0,21,681,39,642,19,0,0,19,200,4,178,9,9,
3172021001,DKI JAKARTA,JAKARTA UTARA,TANJUNG PRIOK,TANJUNG PRIOK,606,2,26,6,572,1,0,0,0,1,13,0,0,13,879,33,846,70,0,0,70,415,4,387,10,14,
3174011002,DKI JAKARTA,JAKARTA SELATAN,TEBET,TEBET BARAT,545,6,23,0,516,2,0,0,0,2,8,0,0,8,747,38,709,24,0,0,24,359,6,330,7,16,
3174011001,DKI JAKARTA,JAKARTA SELATAN,TEBET,TEBET TIMUR,438,4,12,2,420,0,0,0,0,0,6,0,0,6,615,18,597,35,0,0,35,233,8,209,4,12,
3173061003,DKI JAKARTA,JAKARTA BARAT,KALI DERES,TEGAL ALUR,837,8,62,6,761,0,0,0,0,0,7,0,0,7,1394,71,1323,13,0,0,13,309,10,254,7,38,
3174031004,DKI JAKARTA,JAKARTA SELATAN,MAMPANG PRAPATAN,TEGAL PARANG,398,7,9,3,379,5,0,0,1,4,4,0,0,4,1122,55,1067,12,0,0,12,350,5,324,6,15,
3173021003,DKI JAKARTA,JAKARTA BARAT,GROGOL PETAMBURAN,TOMANG,534,1,24,2,507,0,0,0,0,0,15,0,0,15,852,28,824,86,0,0,86,349,11,303,8,27,
3172031005,DKI JAKARTA,JAKARTA UTARA,KOJA,TUGU SELATAN,518,2,30,1,485,0,0,0,0,0,2,0,0,2,529,18,511,91,0,0,91,344,2,298,8,36,
3172031002,DKI JAKARTA,JAKARTA UTARA,KOJA,TUGU UTARA,1062,10,73,0,979,3,0,0,0,3,8,0,1,7,1033,36,997,106,0,0,106,509,2,460,17,30,
3175061006,DKI JAKARTA,JAKARTA TIMUR,CAKUNG,UJUNG MENTENG,206,0,15,2,189,1,0,0,0,1,1,0,0,1,543,31,512,30,0,0,30,150,0,141,3,6,
3174101005,DKI JAKARTA,JAKARTA SELATAN,PESANGGRAHAN,ULUJAMI,640,6,26,2,606,0,0,0,0,0,0,0,0,0,1291,22,1269,26,0,0,26,306,2,280,8,16,
3175011006,DKI JAKARTA,JAKARTA TIMUR,MATRAMAN,UTAN KAYU SELATAN,560,4,13,8,535,2,0,0,0,2,8,0,0,8,1018,56,962,95,0,0,95,333,1,287,9,36,
3175011002,DKI JAKARTA,JAKARTA TIMUR,MATRAMAN,UTAN KAYU UTARA,474,7,12,0,455,2,0,0,0,2,4,0,0,4,809,31,778,46,0,0,46,268,4,220,12,32,
3171031008,DKI JAKARTA,JAKARTA PUSAT,KEMAYORAN,UTAN PANJANG,447,4,11,2,430,0,0,0,0,0,4,0,0,4,677,20,657,28,0,0,28,313,1,293,9,10,
3172021007,DKI JAKARTA,JAKARTA UTARA,TANJUNG PRIOK,WARAKAS,658,8,52,2,596,0,0,0,0,0,11,0,0,11,1088,44,1044,62,0,0,62,384,3,334,8,39,
3173021007,DKI JAKARTA,JAKARTA BARAT,GROGOL PETAMBURAN,WIJAYA KUSUMA,458,0,30,2,426,1,0,0,0,1,7,0,0,7,940,52,888,23,0,0,23,320,4,289,8,19,
