id_kel,nama_provinsi,nama_kota,nama_kecamatan,nama_kelurahan,suspek,perawatan_rs,isolasi_di_rumah,suspek_meninggal,selesai_isolasi,probable,perawatan_rs,isolasi_di_rumah,probable_meninggal,selesai_isolasi,pelaku_perjalanan,perawatan_rs,isolasi_di_rumah,selesai_isolasi,kontak_erat,isolasi_di_rumah,selesai_isolasi,discarded,isolasi_di_rumah,meninggal,selesai_isolasi,positif,dirawat,sembuh,meninggal,self_isolation,keterangan
3172051003,DKI JAKARTA,JAKARTA UTARA,PADEMANGAN,ANCOL,477,2,16,0,459,4,0,0,0,4,10,0,0,10,635,17,618,10,0,0,10,329,1,298,4,26,
3173041007,DKI JAKARTA,JAKARTA BARAT,TAMBORA,ANGKE,416,2,19,2,393,1,0,0,1,0,0,0,0,0,500,22,478,26,0,0,26,181,2,166,4,9,
3175041005,DKI JAKARTA,JAKARTA TIMUR,KRAMAT JATI,BALE KAMBANG,289,4,17,1,267,3,2,0,0,1,5,0,0,5,549,26,523,23,0,0,23,176,10,151,3,12,
3175031003,DKI JAKARTA,JAKARTA TIMUR,JATINEGARA,BALI MESTER,102,2,3,1,96,1,0,0,0,1,0,0,0,0,154,28,126,6,0,0,6,75,2,40,1,32,
3175101006,DKI JAKARTA,JAKARTA TIMUR,CIPAYUNG,BAMBU APUS,418,2,32,1,383,0,0,0,0,0,4,0,0,4,651,47,604,17,0,0,17,171,9,147,3,12,
3174031002,DKI JAKARTA,JAKARTA SELATAN,MAMPANG PRAPATAN,BANGKA,301,2,21,2,276,5,0,0,1,4,18,0,0,18,698,31,667,8,0,0,8,184,2,167,2,13,
3175051002,DKI JAKARTA,JAKARTA TIMUR,PASAR REBO,BARU,424,5,36,1,382,0,0,0,0,0,5,0,0,5,407,10,397,17,0,0,17,193,3,180,0,10,
3175041004,DKI JAKARTA,JAKARTA TIMUR,KRAMAT JATI,BATU AMPAR,526,4,38,1,483,3,0,0,0,3,3,0,0,3,1095,86,1009,26,0,0,26,274,6,233,5,30,
3171071002,DKI JAKARTA,JAKARTA PUSAT,TANAH ABANG,BENDUNGAN HILIR,453,6,23,0,424,2,1,0,0,1,4,0,0,4,836,48,788,10,0,0,10,251,5,219,9,18,
3175031002,DKI JAKARTA,JAKARTA TIMUR,JATINEGARA,BIDARA CINA,394,8,21,3,362,1,0,0,0,1,8,0,0,8,602,74,528,36,0,0,36,287,6,251,10,20,
3174101002,DKI JAKARTA,JAKARTA SELATAN,PESANGGRAHAN,BINTARO,744,3,38,2,701,4,0,0,0,4,9,0,0,9,1521,51,1470,25,0,0,25,340,7,296,9,28,
3174011005,DKI JAKARTA,JAKARTA SELATAN,TEBET,BUKIT DURI,402,3,14,3,382,2,0,0,0,2,13,0,0,13,604,33,571,13,0,0,13,237,3,204,8,22,
3171041006,DKI JAKARTA,JAKARTA PUSAT,SENEN,BUNGUR,251,9,16,2,224,1,0,0,0,1,13,0,0,13,610,76,534,16,0,0,16,190,1,174,4,11,
3175061007,DKI JAKARTA,JAKARTA TIMUR,CAKUNG,CAKUNG BARAT,362,8,40,1,313,2,1,0,0,1,0,0,0,0,737,56,681,44,0,0,44,318,4,260,5,49,
3175061004,DKI JAKARTA,JAKARTA TIMUR,CAKUNG,CAKUNG TIMUR,417,3,31,2,381,3,0,0,1,2,6,0,0,6,863,67,796,43,0,0,43,294,4,264,7,19,
3175041007,DKI JAKARTA,JAKARTA TIMUR,KRAMAT JATI,CAWANG,344,2,17,0,325,1,0,0,0,1,6,0,0,6,994,193,801,18,0,0,18,328,9,269,6,44,
3175101008,DKI JAKARTA,JAKARTA TIMUR,CIPAYUNG,CEGER,252,3,12,0,237,0,0,0,0,0,1,0,0,1,440,38,402,9,0,0,9,134,5,107,3,19,
3171031006,DKI JAKARTA,JAKARTA PUSAT,KEMAYORAN,CEMPAKA BARU,673,3,31,2,637,1,0,0,0,1,7,0,0,7,1056,52,1004,35,0,0,35,435,0,393,17,25,
3171051002,DKI JAKARTA,JAKARTA PUSAT,CEMPAKA PUTIH,CEMPAKA PUTIH BARAT,923,7,29,2,885,4,2,0,0,2,21,0,2,19,2034,87,1947,51,0,0,51,675,9,632,15,19,
3171051001,DKI JAKARTA,JAKARTA PUSAT,CEMPAKA PUTIH,CEMPAKA PUTIH TIMUR,657,6,38,1,612,1,0,0,0,1,12,0,0,12,1464,68,1396,58,0,0,58,362,2,340,6,14,
3173011001,DKI JAKARTA,JAKARTA BARAT,CENGKARENG,CENGKARENG BARAT,752,11,43,1,697,0,0,0,0,0,6,0,0,6,1349,67,1282,13,0,0,13,468,25,388,9,46,
3173011006,DKI JAKARTA,JAKARTA BARAT,CENGKARENG,CENGKARENG TIMUR,922,11,50,7,854,1,0,0,0,1,4,0,0,4,1870,142,1728,18,0,0,18,680,5,585,15,75,
3175091002,DKI JAKARTA,JAKARTA TIMUR,CIRACAS,CIBUBUR,922,2,51,4,865,1,0,0,0,1,30,0,0,30,1906,49,1857,90,0,0,90,346,5,311,7,23,
3171011002,DKI JAKARTA,JAKARTA PUSAT,GAMBIR,CIDENG,308,2,11,2,293,0,0,0,0,0,10,0,0,10,628,6,622,13,0,0,13,197,2,180,7,8,
3174091003,DKI JAKARTA,JAKARTA SELATAN,JAGAKARSA,CIGANJUR,720,7,52,1,660,2,0,0,0,2,12,0,0,12,792,100,692,14,0,0,14,208,3,169,4,32,
3175051003,DKI JAKARTA,JAKARTA TIMUR,PASAR REBO,CIJANTUNG,839,4,56,3,776,0,0,0,0,0,3,0,0,3,571,24,547,10,0,0,10,315,10,271,9,25,
3171061003,DKI JAKARTA,JAKARTA PUSAT,MENTENG,CIKINI,161,2,5,0,154,0,0,0,0,0,2,0,0,2,223,12,211,11,0,0,11,69,0,61,3,5,
3174081006,DKI JAKARTA,JAKARTA SELATAN,PANCORAN,CIKOKO,193,1,3,0,189,1,0,0,0,1,10,0,0,10,282,6,276,1,0,0,1,70,3,61,3,3,
3174061001,DKI JAKARTA,JAKARTA SELATAN,CILANDAK,CILANDAK BARAT,1234,18,166,5,1045,1,0,0,0,1,97,0,0,97,1616,71,1545,41,0,0,41,401,7,345,7,42,
3174041003,DKI JAKARTA,JAKARTA SELATAN,PASAR MINGGU,CILANDAK TIMUR,517,2,40,1,474,5,0,0,0,5,17,0,0,17,493,41,452,86,0,0,86,262,2,244,8,8,
3175101002,DKI JAKARTA,JAKARTA TIMUR,CIPAYUNG,CILANGKAP,367,3,15,1,348,1,0,0,0,1,3,0,0,3,638,18,620,21,0,0,21,183,2,167,2,12,
3175041006,DKI JAKARTA,JAKARTA TIMUR,KRAMAT JATI,CILILITAN,340,2,33,1,304,0,0,0,0,0,6,0,0,6,911,88,823,47,0,0,47,313,2,266,8,37,
3172041001,DKI JAKARTA,JAKARTA UTARA,CILINCING,CILINCING,617,4,29,1,583,1,1,0,0,0,6,0,0,6,1161,20,1141,102,0,0,102,424,2,390,11,21,
3175101001,DKI JAKARTA,JAKARTA TIMUR,CIPAYUNG,CIPAYUNG,544,4,38,2,500,3,0,0,1,2,7,0,0,7,715,43,672,29,0,0,29,224,2,197,3,22,
3174091006,DKI JAKARTA,JAKARTA SELATAN,JAGAKARSA,CIPEDAK,589,2,19,0,568,2,0,0,0,2,1,0,0,1,848,55,793,8,0,0,8,267,0,247,3,17,
3174061005,DKI JAKARTA,JAKARTA SELATAN,CILANDAK,CIPETE SELATAN,319,7,26,1,285,2,0,0,0,2,46,0,0,46,561,65,496,6,0,0,6,152,6,120,7,19,
3174071010,DKI JAKARTA,JAKARTA SELATAN,KEBAYORAN BARU,CIPETE UTARA,674,7,67,3,597,0,0,0,0,0,9,0,0,9,625,68,557,5,0,0,5,187,4,153,4,26,
3175021003,DKI JAKARTA,JAKARTA TIMUR,PULO GADUNG,CIPINANG,342,5,14,2,321,1,0,0,0,1,3,0,0,3,948,33,915,40,0,0,40,363,11,324,12,16,
3175031007,DKI JAKARTA,JAKARTA TIMUR,JATINEGARA,CIPINANG BESAR SELATAN,299,8,18,2,271,2,0,0,0,2,2,0,0,2,635,77,558,17,0,0,17,239,4,203,2,30,
3175031008,DKI JAKARTA,JAKARTA TIMUR,JATINEGARA,CIPINANG BESAR UTARA,459,4,37,0,418,2,0,0,0,2,3,0,0,3,925,118,807,19,0,0,19,373,2,323,6,42,
3175031005,DKI JAKARTA,JAKARTA TIMUR,JATINEGARA,CIPINANG CEMPEDAK,280,6,21,2,251,0,0,0,0,0,5,0,0,5,546,59,487,20,0,0,20,213,8,188,5,12,
3175081005,DKI JAKARTA,JAKARTA TIMUR,MAKASAR,CIPINANG MELAYU,401,2,33,2,364,3,0,0,0,3,4,0,0,4,789,33,756,20,0,0,20,287,2,264,7,14,
3175031006,DKI JAKARTA,JAKARTA TIMUR,JATINEGARA,CIPINANG MUARA,464,5,16,1,442,5,0,0,0,5,9,0,0,9,999,73,926,31,0,0,31,415,7,347,6,55,
3174051003,DKI JAKARTA,JAKARTA SELATAN,KEBAYORAN LAMA,CIPULIR,364,5,37,4,318,6,0,0,0,6,6,0,0,6,560,21,539,8,0,0,8,257,3,225,4,25,
3175091001,DKI JAKARTA,JAKARTA TIMUR,CIRACAS,CIRACAS,1000,7,69,9,915,3,0,0,0,3,23,0,0,23,1649,35,1614,45,0,0,45,495,10,444,15,26,
3175041003,DKI JAKARTA,JAKARTA TIMUR,KRAMAT JATI,DUKUH,318,8,30,1,279,0,0,0,0,0,1,0,0,1,745,65,680,14,0,0,14,193,4,161,4,24,
3175071001,DKI JAKARTA,JAKARTA TIMUR,DUREN SAWIT,DUREN SAWIT,920,6,29,3,882,17,2,0,0,15,4,0,0,4,1204,67,1137,34,0,0,34,604,7,528,14,55,
3174081004,DKI JAKARTA,JAKARTA SELATAN,PANCORAN,DUREN TIGA,456,7,9,0,440,2,0,0,0,2,6,0,0,6,654,16,638,3,0,0,3,211,8,191,1,11,
3173051005,DKI JAKARTA,JAKARTA BARAT,KEBON JERUK,DURI KEPA,578,9,47,2,520,3,0,0,0,3,12,0,0,12,1357,44,1313,74,0,0,74,429,6,387,12,24,
3173011002,DKI JAKARTA,JAKARTA BARAT,CENGKARENG,DURI KOSAMBI,653,16,49,3,585,1,1,0,0,0,4,0,0,4,1138,93,1045,11,0,0,11,469,20,393,8,48,
3171011006,DKI JAKARTA,JAKARTA PUSAT,GAMBIR,DURI PULO,208,3,11,3,191,0,0,0,0,0,1,0,0,1,519,22,497,7,0,0,7,191,0,167,8,16,
3173041011,DKI JAKARTA,JAKARTA BARAT,TAMBORA,DURI SELATAN,188,7,5,1,175,0,0,0,0,0,2,0,0,2,188,18,170,4,0,0,4,81,2,71,3,5,
3173041003,DKI JAKARTA,JAKARTA BARAT,TAMBORA,DURI UTARA,227,3,9,2,213,1,0,0,0,1,2,0,0,2,246,7,239,4,0,0,4,145,2,133,4,6,
3171081003,DKI JAKARTA,JAKARTA PUSAT,JOHAR BARU,GALUR,229,0,6,0,223,3,0,0,0,3,3,0,0,3,554,15,539,46,0,0,46,219,2,205,10,2,
3171011001,DKI JAKARTA,JAKARTA PUSAT,GAMBIR,GAMBIR,103,2,8,0,93,1,0,0,0,1,17,0,0,17,426,8,418,6,0,0,6,187,1,174,1,11,
3174061004,DKI JAKARTA,JAKARTA SELATAN,CILANDAK,GANDARIA SELATAN,235,1,17,0,217,2,0,0,0,2,20,0,0,20,713,38,675,4,0,0,4,167,0,153,5,9,
3174071009,DKI JAKARTA,JAKARTA SELATAN,KEBAYORAN BARU,GANDARIA UTARA,678,5,53,2,618,0,0,0,0,0,3,0,0,3,711,50,661,5,0,0,5,234,4,203,4,23,
3175051001,DKI JAKARTA,JAKARTA TIMUR,PASAR REBO,GEDONG,801,5,50,0,746,0,0,0,0,0,4,0,0,4,464,31,433,24,0,0,24,266,1,231,4,30,
3171071001,DKI JAKARTA,JAKARTA PUSAT,TANAH ABANG,GELORA,75,1,0,1,73,0,0,0,0,0,5,0,0,5,229,2,227,0,0,0,0,115,1,108,2,4,
3173031007,DKI JAKARTA,JAKARTA BARAT,TAMAN SARI,GLODOK,116,2,2,0,112,0,0,0,0,0,1,0,0,1,179,11,168,1,0,0,1,43,2,38,2,1,
3171061004,DKI JAKARTA,JAKARTA PUSAT,MENTENG,GONDANGDIA,74,0,6,1,67,0,0,0,0,0,13,0,0,13,151,10,141,7,0,0,7,64,2,57,3,2,
3173021001,DKI JAKARTA,JAKARTA BARAT,GROGOL PETAMBURAN,GROGOL,527,3,27,4,493,1,0,0,0,1,45,0,0,45,1045,67,978,36,0,0,36,265,1,245,1,18,
3174051005,DKI JAKARTA,JAKARTA SELATAN,KEBAYORAN LAMA,GROGOL SELATAN,421,4,35,5,377,0,0,0,0,0,12,0,0,12,655,35,620,12,0,0,12,277,5,241,7,24,
3174051004,DKI JAKARTA,JAKARTA SELATAN,KEBAYORAN LAMA,GROGOL UTARA,459,9,38,4,408,0,0,0,0,0,24,0,0,24,654,19,635,16,0,0,16,347,5,292,11,39,
3174021007,DKI JAKARTA,JAKARTA SELATAN,SETIA BUDI,GUNTUR,67,3,5,0,59,0,0,0,0,0,1,0,0,1,211,13,198,1,0,0,1,57,1,48,1,7,
3174071002,DKI JAKARTA,JAKARTA SELATAN,KEBAYORAN BARU,GUNUNG,303,0,21,3,279,0,0,0,0,0,7,0,0,7,396,16,380,0,0,0,0,128,5,115,3,5,
3171031005,DKI JAKARTA,JAKARTA PUSAT,KEMAYORAN,GUNUNG SAHARI SELATAN,327,3,12,1,311,0,0,0,0,0,5,0,0,5,558,31,527,1,0,0,1,202,2,191,6,3,
3171021004,DKI JAKARTA,JAKARTA PUSAT,SAWAH BESAR,GUNUNG SAHARI UTARA,289,3,7,1,278,2,1,0,0,1,7,0,0,7,583,17,566,11,0,0,11,184,1,168,10,5,
3175081004,DKI JAKARTA,JAKARTA TIMUR,MAKASAR,HALIM PERDANA KUSUMAH,268,3,17,2,246,0,0,0,0,0,6,0,0,6,588,19,569,9,0,0,9,453,13,423,6,11,
3171031003,DKI JAKARTA,JAKARTA PUSAT,KEMAYORAN,HARAPAN MULIA,380,2,20,3,355,1,0,0,0,1,6,0,0,6,600,25,575,32,0,0,32,269,2,243,9,15,
3174091001,DKI JAKARTA,JAKARTA SELATAN,JAGAKARSA,JAGAKARSA,1082,9,36,2,1035,8,0,0,0,8,8,0,0,8,1226,80,1146,19,0,0,19,425,2,395,6,22,
3175021007,DKI JAKARTA,JAKARTA TIMUR,PULO GADUNG,JATI,385,3,9,1,372,0,0,0,0,0,8,0,0,8,978,35,943,38,0,0,38,278,5,258,6,9,
3174041002,DKI JAKARTA,JAKARTA SELATAN,PASAR MINGGU,JATI PADANG,553,5,36,2,510,0,0,0,0,0,4,0,1,3,705,45,660,71,0,0,71,228,8,202,5,13,
3173071004,DKI JAKARTA,JAKARTA BARAT,PALMERAH,JATI PULO,555,0,33,4,518,2,1,0,0,1,4,0,0,4,822,54,768,64,0,0,64,319,4,293,9,13,
3175061001,DKI JAKARTA,JAKARTA TIMUR,CAKUNG,JATINEGARA,754,3,117,3,631,1,0,0,0,1,4,0,1,3,1597,119,1478,45,0,0,45,599,8,536,10,45,
3175021004,DKI JAKARTA,JAKARTA TIMUR,PULO GADUNG,JATINEGARA KAUM,138,1,7,0,130,1,0,0,1,0,3,0,0,3,409,34,375,12,0,0,12,126,2,101,6,17,
3173021004,DKI JAKARTA,JAKARTA BARAT,GROGOL PETAMBURAN,JELAMBAR,487,8,22,5,452,2,0,0,0,2,27,0,0,27,866,69,797,14,0,0,14,286,7,221,7,51,
3173021006,DKI JAKARTA,JAKARTA BARAT,GROGOL PETAMBURAN,JELAMBAR BARU,409,5,16,2,386,2,0,0,0,2,4,0,0,4,690,41,649,20,0,0,20,216,3,187,5,21,
3173041006,DKI JAKARTA,JAKARTA BARAT,TAMBORA,JEMBATAN BESI,569,7,7,1,554,1,0,0,0,1,5,0,0,5,512,19,493,8,0,0,8,258,2,226,8,22,
3173041008,DKI JAKARTA,JAKARTA BARAT,TAMBORA,JEMBATAN LIMA,216,4,12,0,200,0,0,0,0,0,1,0,0,1,225,4,221,5,0,0,5,144,2,124,4,14,
3173081005,DKI JAKARTA,JAKARTA BARAT,KEMBANGAN,JOGLO,526,6,42,4,474,1,0,0,0,1,5,0,0,5,800,41,759,15,0,0,15,264,4,236,4,20,
3171081001,DKI JAKARTA,JAKARTA PUSAT,JOHAR BARU,JOHAR BARU,710,6,27,3,674,6,2,0,0,4,11,0,0,11,1947,70,1877,101,0,0,101,524,1,478,19,26,
3173041002,DKI JAKARTA,JAKARTA BARAT,TAMBORA,KALI ANYAR,396,3,9,0,384,1,0,0,0,1,4,0,0,4,365,9,356,14,0,0,14,201,1,182,7,11,
3172041004,DKI JAKARTA,JAKARTA UTARA,CILINCING,KALI BARU,565,16,38,5,506,0,0,0,0,0,5,0,0,5,697,28,669,45,0,0,45,353,0,332,9,12,
3174081002,DKI JAKARTA,JAKARTA SELATAN,PANCORAN,KALIBATA,636,4,21,4,607,7,0,0,0,7,12,0,0,12,908,49,859,12,0,0,12,338,6,314,7,11,
3173061001,DKI JAKARTA,JAKARTA BARAT,KALI DERES,KALIDERES,1268,18,88,4,1158,1,0,0,0,1,6,0,0,6,2371,116,2255,30,0,0,30,518,8,415,8,87,
3175051004,DKI JAKARTA,JAKARTA TIMUR,PASAR REBO,KALISARI,1114,8,41,0,1065,0,0,0,0,0,3,0,0,3,570,30,540,13,0,0,13,295,11,255,6,23,
3173061004,DKI JAKARTA,JAKARTA BARAT,KALI DERES,KAMAL,356,2,20,3,331,0,0,0,0,0,1,0,0,1,585,28,557,5,0,0,5,97,4,67,9,17,
3172011002,DKI JAKARTA,JAKARTA UTARA,PENJARINGAN,KAMAL MUARA,105,5,7,0,93,0,0,0,0,0,4,0,0,4,226,15,211,2,0,0,2,117,2,72,2,41,
3171071007,DKI JAKARTA,JAKARTA PUSAT,TANAH ABANG,KAMPUNG BALI,152,0,2,2,148,1,0,0,0,1,2,0,0,2,335,12,323,2,0,0,2,86,5,75,4,2,
3175031001,DKI JAKARTA,JAKARTA TIMUR,JATINEGARA,KAMPUNG MELAYU,252,4,15,5,228,2,0,0,0,2,7,0,0,7,361,25,336,6,0,0,6,263,8,233,5,17,
3171081002,DKI JAKARTA,JAKARTA PUSAT,JOHAR BARU,KAMPUNG RAWA,320,4,6,0,310,2,0,0,0,2,2,0,1,1,808,26,782,66,0,0,66,282,3,252,13,14,
3175041002,DKI JAKARTA,JAKARTA TIMUR,KRAMAT JATI,KAMPUNG TENGAH,615,8,43,1,563,3,1,0,0,2,9,0,0,9,1260,73,1187,54,0,0,54,335,15,288,12,20,
3173011005,DKI JAKARTA,JAKARTA BARAT,CENGKARENG,KAPUK,863,14,50,16,783,2,0,0,0,2,12,0,1,11,1647,109,1538,14,0,0,14,698,21,562,19,96,
3172011003,DKI JAKARTA,JAKARTA UTARA,PENJARINGAN,KAPUK MUARA,265,7,15,0,243,1,0,0,0,1,10,0,0,10,644,32,612,24,0,0,24,190,6,163,7,14,
3171021002,DKI JAKARTA,JAKARTA PUSAT,SAWAH BESAR,KARANG ANYAR,487,3,24,5,455,1,0,0,0,1,4,0,0,4,940,56,884,14,0,0,14,232,7,193,7,25,
3174021004,DKI JAKARTA,JAKARTA SELATAN,SETIA BUDI,KARET,148,0,6,0,142,0,0,0,0,0,11,0,0,11,406,12,394,4,0,0,4,133,0,132,0,1,
3174021003,DKI JAKARTA,JAKARTA SELATAN,SETIA BUDI,KARET KUNINGAN,321,2,30,1,288,0,0,0,0,0,22,0,0,22,444,37,407,4,0,0,4,235,4,206,5,20,
3174021002,DKI JAKARTA,JAKARTA SELATAN,SETIA BUDI,KARET SEMANGGI,74,0,13,1,60,0,0,0,0,0,3,0,0,3,92,6,86,2,0,0,2,28,0,23,2,3,
3171071003,DKI JAKARTA,JAKARTA PUSAT,TANAH ABANG,KARET TENGSIN,297,6,16,0,275,0,0,0,0,0,8,0,0,8,773,36,737,2,0,0,2,170,9,141,6,14,
3171021003,DKI JAKARTA,JAKARTA PUSAT,SAWAH BESAR,KARTINI,343,1,14,1,327,1,0,0,0,1,0,0,0,0,720,18,702,18,0,0,18,243,4,220,5,14,
3175011003,DKI JAKARTA,JAKARTA TIMUR,MATRAMAN,KAYU MANIS,407,4,22,0,381,3,0,0,0,3,2,0,0,2,753,18,735,30,0,0,30,250,2,218,6,24,
3175021006,DKI JAKARTA,JAKARTA TIMUR,PULO GADUNG,KAYU PUTIH,521,7,20,4,490,1,0,0,1,0,15,0,0,15,1157,47,1110,54,0,0,54,358,5,327,11,15,
3173031006,DKI JAKARTA,JAKARTA BARAT,TAMAN SARI,KEAGUNGAN,312,0,11,0,301,0,0,0,0,0,3,0,0,3,513,11,502,10,0,0,10,185,2,178,1,4,
3174041007,DKI JAKARTA,JAKARTA SELATAN,PASAR MINGGU,KEBAGUSAN,677,6,52,1,618,3,0,0,0,3,3,0,1,2,780,61,719,39,0,0,39,234,9,199,1,25,
3174051006,DKI JAKARTA,JAKARTA SELATAN,KEBAYORAN LAMA,KEBAYORAN LAMA SELATAN,646,7,46,0,593,5,0,0,0,5,2,0,0,2,817,24,793,14,0,0,14,302,2,279,6,15,
3174051001,DKI JAKARTA,JAKARTA SELATAN,KEBAYORAN LAMA,KEBAYORAN LAMA UTARA,468,7,52,1,408,1,0,0,0,1,15,0,0,15,546,26,520,4,0,0,4,239,5,199,5,30,
3174011004,DKI JAKARTA,JAKARTA SELATAN,TEBET,KEBON BARU,433,3,16,2,412,0,0,0,0,0,15,0,0,15,739,27,712,21,0,0,21,226,3,209,7,7,
3172021005,DKI JAKARTA,JAKARTA UTARA,TANJUNG PRIOK,KEBON BAWANG,770,3,55,1,711,0,0,0,0,0,15,0,0,15,1325,78,1247,89,0,0,89,438,6,410,4,18,
3173051001,DKI JAKARTA,JAKARTA BARAT,KEBON JERUK,KEBON JERUK,866,5,74,6,781,2,0,0,0,2,13,0,0,13,2098,142,1956,62,0,0,62,710,15,622,18,55,
3171071006,DKI JAKARTA,JAKARTA PUSAT,TANAH ABANG,KEBON KACANG,471,4,13,1,453,1,0,0,0,1,0,0,0,0,594,27,567,6,0,0,6,308,4,285,12,7,
3171011005,DKI JAKARTA,JAKARTA PUSAT,GAMBIR,KEBON KELAPA,161,2,5,1,153,3,0,0,0,3,4,0,0,4,322,12,310,3,0,0,3,98,2,89,1,6,
3171031002,DKI JAKARTA,JAKARTA PUSAT,KEMAYORAN,KEBON KOSONG,394,5,20,5,364,1,1,0,0,0,9,0,1,8,544,22,522,33,0,0,33,257,3,234,7,13,
3175011005,DKI JAKARTA,JAKARTA TIMUR,MATRAMAN,KEBON MANGGIS,212,2,13,4,193,0,0,0,0,0,2,0,0,2,302,10,292,24,0,0,24,158,0,150,3,5,
3171071005,DKI JAKARTA,JAKARTA PUSAT,TANAH ABANG,KEBON MELATI,539,4,24,3,508,1,1,0,0,0,5,0,0,5,1023,27,996,10,0,0,10,494,4,467,9,14,
3175081003,DKI JAKARTA,JAKARTA TIMUR,MAKASAR,KEBON PALA,388,4,21,1,362,1,0,0,0,1,6,0,0,6,1032,41,991,16,0,0,16,372,6,327,11,28,
3171061005,DKI JAKARTA,JAKARTA PUSAT,MENTENG,KEBON SIRIH,180,5,8,2,165,0,0,0,0,0,4,0,0,4,324,11,313,19,0,0,19,145,1,134,2,8,
3173011004,DKI JAKARTA,JAKARTA BARAT,CENGKARENG,KEDAUNG KALI ANGKE,517,9,36,0,472,0,0,0,0,0,1,0,0,1,634,45,589,7,0,0,7,351,13,298,7,33,
3173051007,DKI JAKARTA,JAKARTA BARAT,KEBON JERUK,KEDOYA SELATAN,450,3,37,5,405,2,0,0,0,2,8,0,0,8,780,50,730,22,0,0,22,242,4,207,7,24,
3173051006,DKI JAKARTA,JAKARTA BARAT,KEBON JERUK,KEDOYA UTARA,459,7,35,2,415,1,0,0,0,1,15,0,0,15,981,37,944,22,0,0,22,333,14,285,8,26,
3173051004,DKI JAKARTA,JAKARTA BARAT,KEBON JERUK,KELAPA DUA,338,4,21,0,313,0,0,0,0,0,5,0,0,5,737,49,688,22,0,0,22,204,2,182,3,17,
3175091003,DKI JAKARTA,JAKARTA TIMUR,CIRACAS,KELAPA DUA WETAN,658,4,30,1,623,1,0,0,0,1,8,0,0,8,1179,27,1152,37,0,0,37,243,6,222,3,12,
3172061003,DKI JAKARTA,JAKARTA UTARA,KELAPA GADING,KELAPA GADING BARAT,975,10,72,3,890,2,0,0,0,2,49,0,1,48,1377,74,1303,194,0,0,194,439,3,393,6,37,
3172061001,DKI JAKARTA,JAKARTA UTARA,KELAPA GADING,KELAPA GADING TIMUR,759,6,31,2,720,2,0,0,0,2,23,0,2,21,1319,30,1289,120,0,0,120,350,3,295,9,43,
3173071005,DKI JAKARTA,JAKARTA BARAT,PALMERAH,KEMANGGISAN,677,2,53,6,616,0,0,0,0,0,9,0,1,8,979,46,933,50,0,0,50,351,7,308,11,25,
3171031001,DKI JAKARTA,JAKARTA PUSAT,KEMAYORAN,KEMAYORAN,425,4,17,3,401,2,2,0,0,0,3,0,0,3,620,22,598,27,0,0,27,339,0,322,10,7,
3173081006,DKI JAKARTA,JAKARTA BARAT,KEMBANGAN,KEMBANGAN SELATAN,314,2,26,1,285,0,0,0,0,0,8,0,0,8,655,45,610,53,0,0,53,220,4,197,5,14,
3173081001,DKI JAKARTA,JAKARTA BARAT,KEMBANGAN,KEMBANGAN UTARA,689,7,49,3,630,4,0,0,1,3,3,0,0,3,1593,46,1547,11,0,0,11,352,11,302,6,33,
3171041002,DKI JAKARTA,JAKARTA PUSAT,SENEN,KENARI,254,8,8,1,237,1,0,0,0,1,8,0,0,8,571,42,529,46,0,0,46,188,2,172,3,11,
3173041005,DKI JAKARTA,JAKARTA BARAT,TAMBORA,KERENDANG,282,1,7,2,272,1,0,0,0,1,0,0,0,0,224,2,222,9,0,0,9,150,4,123,8,15,
3175071003,DKI JAKARTA,JAKARTA TIMUR,DUREN SAWIT,KLENDER,693,7,25,2,659,4,0,0,0,4,5,0,0,5,1146,51,1095,35,0,0,35,477,7,397,17,56,
3172031001,DKI JAKARTA,JAKARTA UTARA,KOJA,KOJA,335,4,13,0,318,0,0,0,0,0,4,0,0,4,463,8,455,44,0,0,44,375,2,331,9,33,
3173071006,DKI JAKARTA,JAKARTA BARAT,PALMERAH,KOTA BAMBU SELATAN,533,2,25,5,501,0,0,0,0,0,1,0,0,1,904,28,876,72,0,0,72,282,2,266,5,9,
3173071003,DKI JAKARTA,JAKARTA BARAT,PALMERAH,KOTA BAMBU UTARA,440,2,18,11,409,2,1,0,0,1,3,0,0,3,607,23,584,54,0,0,54,257,8,224,9,16,
3171041004,DKI JAKARTA,JAKARTA PUSAT,SENEN,KRAMAT,442,6,22,6,408,0,0,0,0,0,9,0,1,8,1005,72,933,35,0,0,35,318,2,284,11,21,
3175041001,DKI JAKARTA,JAKARTA TIMUR,KRAMAT JATI,KRAMAT JATI,468,8,35,1,424,1,1,0,0,0,12,0,0,12,1007,86,921,22,0,0,22,424,21,356,11,36,
3174071003,DKI JAKARTA,JAKARTA SELATAN,KEBAYORAN BARU,KRAMAT PELA,275,3,7,0,265,0,0,0,0,0,0,0,0,0,525,16,509,6,0,0,6,165,2,146,3,14,
3173031002,DKI JAKARTA,JAKARTA BARAT,TAMAN SARI,KRUKUT,296,2,14,6,274,2,1,0,0,1,3,0,0,3,494,21,473,12,0,0,12,198,2,175,4,17,
3174031005,DKI JAKARTA,JAKARTA SELATAN,MAMPANG PRAPATAN,KUNINGAN BARAT,151,1,11,1,138,1,0,0,0,1,0,0,0,0,493,13,480,5,0,0,5,150,6,132,2,10,
3174021008,DKI JAKARTA,JAKARTA SELATAN,SETIA BUDI,KUNINGAN TIMUR,182,1,45,1,135,1,0,0,0,1,20,0,0,20,234,16,218,3,0,0,3,132,1,115,2,14,
3171041005,DKI JAKARTA,JAKARTA PUSAT,SENEN,KWITANG,254,3,18,0,233,3,0,0,0,3,7,0,0,7,525,53,472,11,0,0,11,134,0,119,6,9,
3172031003,DKI JAKARTA,JAKARTA UTARA,KOJA,LAGOA,688,6,33,1,648,1,1,0,0,0,5,0,0,5,760,25,735,77,0,0,77,676,4,641,15,16,
3174061002,DKI JAKARTA,JAKARTA SELATAN,CILANDAK,LEBAK BULUS,483,3,45,2,433,3,0,0,0,3,27,0,0,27,1113,53,1060,22,0,0,22,471,8,435,9,19,
3174091004,DKI JAKARTA,JAKARTA SELATAN,JAGAKARSA,LENTENG AGUNG,853,4,36,0,813,3,0,0,0,3,6,0,0,6,803,56,747,16,0,0,16,274,2,239,3,30,
LUAR DKI JAKARTA,LUAR DKI JAKARTA,LUAR DKI JAKARTA,LUAR DKI JAKARTA,LUAR DKI JAKARTA,44763,465,3519,98,40681,91,12,0,0,79,664,0,9,655,69928,6511,63417,2444,0,0,2444,8371,207,7516,130,518,
3175101007,DKI JAKARTA,JAKARTA TIMUR,CIPAYUNG,LUBANG BUAYA,899,10,36,3,850,3,1,0,0,2,10,0,0,10,856,48,808,33,0,0,33,434,6,404,3,21,
3175081001,DKI JAKARTA,JAKARTA TIMUR,MAKASAR,MAKASAR,403,5,48,1,349,0,0,0,0,0,8,0,0,8,1295,41,1254,25,0,0,25,320,7,286,5,22,
3175071006,DKI JAKARTA,JAKARTA TIMUR,DUREN SAWIT,MALAKA JAYA,362,5,8,2,347,1,0,0,0,1,2,0,0,2,699,32,667,16,0,0,16,249,3,226,4,16,
3175071005,DKI JAKARTA,JAKARTA TIMUR,DUREN SAWIT,MALAKA SARI,333,6,6,1,320,0,0,0,0,0,1,0,0,1,613,25,588,15,0,0,15,221,3,198,4,16,
3174031001,DKI JAKARTA,JAKARTA SELATAN,MAMPANG PRAPATAN,MAMPANG PRAPATAN,340,3,16,2,319,2,1,0,0,1,0,0,0,0,1056,29,1027,10,0,0,10,325,6,294,9,16,
3173031005,DKI JAKARTA,JAKARTA BARAT,TAMAN SARI,MANGGA BESAR,157,1,4,1,151,1,0,0,0,1,0,0,0,0,199,13,186,6,0,0,6,77,0,68,4,5,
3171021005,DKI JAKARTA,JAKARTA PUSAT,SAWAH BESAR,MANGGA DUA SELATAN,428,8,21,1,398,3,0,0,0,3,1,0,0,1,880,33,847,18,0,0,18,258,0,238,6,14,
3174011007,DKI JAKARTA,JAKARTA SELATAN,TEBET,MANGGARAI,450,4,25,0,421,4,0,0,0,4,4,0,0,4,591,32,559,27,0,0,27,248,2,229,2,15,
3174011006,DKI JAKARTA,JAKARTA SELATAN,TEBET,MANGGARAI SELATAN,317,6,16,2,293,0,0,0,0,0,6,0,0,6,512,30,482,24,0,0,24,156,3,128,8,17,
3173031003,DKI JAKARTA,JAKARTA BARAT,TAMAN SARI,MAPHAR,249,1,22,1,225,0,0,0,0,0,6,0,0,6,409,12,397,41,0,0,41,216,4,200,2,10,
3172041003,DKI JAKARTA,JAKARTA UTARA,CILINCING,MARUNDA,305,2,19,0,284,3,0,0,0,3,0,0,0,0,373,6,367,15,0,0,15,149,1,125,1,22,
3174071001,DKI JAKARTA,JAKARTA SELATAN,KEBAYORAN BARU,MELAWAI,81,0,7,0,74,0,0,0,0,0,1,0,0,1,92,5,87,0,0,0,0,20,1,16,1,2,
3171061001,DKI JAKARTA,JAKARTA PUSAT,MENTENG,MENTENG,479,6,19,2,452,2,0,0,0,2,5,0,0,5,839,36,803,27,0,0,27,292,0,272,10,10,
3174021005,DKI JAKARTA,JAKARTA SELATAN,SETIA BUDI,MENTENG ATAS,420,5,26,3,386,2,0,0,0,2,55,0,0,55,1407,70,1337,38,0,0,38,315,0,285,7,23,
3174011003,DKI JAKARTA,JAKARTA SELATAN,TEBET,MENTENG DALAM,652,8,28,4,612,4,0,0,0,4,13,0,0,13,785,31,754,46,0,0,46,274,15,223,8,28,
3173081003,DKI JAKARTA,JAKARTA BARAT,KEMBANGAN,MERUYA SELATAN,430,3,41,1,385,1,0,0,0,1,5,0,0,5,847,54,793,17,0,0,17,254,3,217,4,30,
3173081002,DKI JAKARTA,JAKARTA BARAT,KEMBANGAN,MERUYA UTARA,633,8,37,6,582,1,0,0,1,0,7,0,0,7,1063,59,1004,11,0,0,11,321,7,279,4,31,
3175101004,DKI JAKARTA,JAKARTA TIMUR,CIPAYUNG,MUNJUL,316,2,21,0,293,0,0,0,0,0,3,0,0,3,397,16,381,24,0,0,24,128,6,106,1,15,
3172051002,DKI JAKARTA,JAKARTA UTARA,PADEMANGAN,PADEMANGAN BARAT,1920,10,65,5,1840,5,0,0,0,5,15,0,0,15,2555,59,2496,36,0,0,36,782,5,727,23,27,
3172051001,DKI JAKARTA,JAKARTA UTARA,PADEMANGAN,PADEMANGAN TIMUR,673,2,36,3,632,2,0,0,0,2,15,0,2,13,932,25,907,22,0,0,22,315,3,282,6,24,
3175011004,DKI JAKARTA,JAKARTA TIMUR,MATRAMAN,PAL MERIAM,290,4,22,2,262,2,0,0,0,2,3,0,0,3,692,20,672,62,0,0,62,247,3,220,6,18,
3173071001,DKI JAKARTA,JAKARTA BARAT,PALMERAH,PALMERAH,1336,8,87,2,1239,0,0,0,0,0,2,0,0,2,2008,89,1919,79,0,0,79,581,11,513,22,35,
3174081001,DKI JAKARTA,JAKARTA SELATAN,PANCORAN,PANCORAN,436,2,14,0,420,1,0,0,0,1,9,0,0,9,638,29,609,7,0,0,7,284,6,253,4,21,
3172021003,DKI JAKARTA,JAKARTA UTARA,TANJUNG PRIOK,PAPANGGO,510,2,55,0,453,1,0,0,0,1,7,0,0,7,913,64,849,67,0,0,67,298,0,287,2,9,
3171021001,DKI JAKARTA,JAKARTA PUSAT,SAWAH BESAR,PASAR BARU,255,1,19,2,233,2,0,0,0,2,9,0,1,8,518,42,476,12,0,0,12,185,6,171,2,6,
3174021006,DKI JAKARTA,JAKARTA SELATAN,SETIA BUDI,PASAR MANGGIS,281,2,26,3,250,4,0,0,0,4,28,0,0,28,1015,54,961,18,0,0,18,281,2,238,10,31,
3174041001,DKI JAKARTA,JAKARTA SELATAN,PASAR MINGGU,PASAR MINGGU,491,17,29,1,444,3,0,0,0,3,7,0,0,7,674,43,631,21,0,0,21,260,3,235,7,15,
3171041003,DKI JAKARTA,JAKARTA PUSAT,SENEN,PASEBAN,588,4,12,1,571,4,1,0,0,3,21,0,0,21,1102,94,1008,63,0,0,63,346,4,305,9,28,
3173061005,DKI JAKARTA,JAKARTA BARAT,KALI DERES,PEGADUNGAN,817,13,56,7,741,1,1,0,0,0,10,0,0,10,1608,74,1534,18,0,0,18,337,9,276,8,44,
3171061002,DKI JAKARTA,JAKARTA PUSAT,MENTENG,PEGANGSAAN,405,2,16,2,385,3,0,0,0,3,3,0,0,3,927,26,901,52,0,0,52,369,0,357,4,8,
3172061002,DKI JAKARTA,JAKARTA UTARA,KELAPA GADING,PEGANGSAAN DUA,906,5,56,1,844,2,0,0,0,2,43,0,0,43,1877,132,1745,201,0,0,201,499,8,460,11,20,
3172011004,DKI JAKARTA,JAKARTA UTARA,PENJARINGAN,PEJAGALAN,634,9,33,2,590,3,0,0,0,3,8,0,0,8,1086,70,1016,32,0,0,32,375,20,322,6,27,
3174041006,DKI JAKARTA,JAKARTA SELATAN,PASAR MINGGU,PEJATEN BARAT,539,7,32,2,498,8,0,0,0,8,2,0,0,2,782,46,736,74,0,0,74,266,13,228,2,23,
3174041005,DKI JAKARTA,JAKARTA SELATAN,PASAR MINGGU,PEJATEN TIMUR,573,10,36,1,526,4,0,0,0,4,3,0,0,3,745,54,691,40,0,0,40,285,8,239,12,26,
3175051005,DKI JAKARTA,JAKARTA TIMUR,PASAR REBO,PEKAYON,959,3,42,1,913,2,0,0,0,2,3,0,0,3,416,22,394,14,0,0,14,253,9,222,4,18,
3173041009,DKI JAKARTA,JAKARTA BARAT,TAMBORA,PEKOJAN,318,2,10,2,304,0,0,0,0,0,3,0,0,3,277,9,268,18,0,0,18,155,6,134,5,10,
3174031003,DKI JAKARTA,JAKARTA SELATAN,MAMPANG PRAPATAN,PELA MAMPANG,446,12,17,2,415,4,0,0,0,4,15,0,0,15,1563,62,1501,6,0,0,6,369,1,330,6,32,
3174081005,DKI JAKARTA,JAKARTA SELATAN,PANCORAN,PENGADEGAN,229,1,10,2,216,0,0,0,0,0,8,0,0,8,449,22,427,11,0,0,11,131,7,113,1,10,
3175061003,DKI JAKARTA,JAKARTA TIMUR,CAKUNG,PENGGILINGAN,822,2,95,1,724,2,0,0,0,2,10,0,0,10,1971,135,1836,82,0,0,82,639,5,574,12,48,
3172011001,DKI JAKARTA,JAKARTA UTARA,PENJARINGAN,PENJARINGAN,1284,17,90,4,1173,2,0,0,0,2,24,0,0,24,3077,90,2987,122,0,0,122,729,5,656,16,52,
3174101001,DKI JAKARTA,JAKARTA SELATAN,PESANGGRAHAN,PESANGGRAHAN,507,4,44,4,455,2,0,0,1,1,0,0,0,0,1003,75,928,19,0,0,19,192,1,174,4,13,
3171071004,DKI JAKARTA,JAKARTA PUSAT,TANAH ABANG,PETAMBURAN,614,6,16,7,585,0,0,0,0,0,7,0,0,7,983,52,931,12,0,0,12,443,4,413,13,13,
3174071008,DKI JAKARTA,JAKARTA SELATAN,KEBAYORAN BARU,PETOGOGAN,252,3,36,0,213,0,0,0,0,0,3,0,0,3,318,28,290,3,0,0,3,120,2,82,0,36,
3171011004,DKI JAKARTA,JAKARTA PUSAT,GAMBIR,PETOJO SELATAN,261,2,8,1,250,0,0,0,0,0,28,0,0,28,815,14,801,16,0,0,16,289,0,272,8,9,
3171011003,DKI JAKARTA,JAKARTA PUSAT,GAMBIR,PETOJO UTARA,225,3,15,3,204,1,0,0,0,1,12,0,0,12,434,25,409,26,0,0,26,164,1,153,3,7,
3174101004,DKI JAKARTA,JAKARTA SELATAN,PESANGGRAHAN,PETUKANGAN SELATAN,525,6,57,2,460,1,0,0,0,1,2,0,0,2,1013,80,933,8,0,0,8,258,2,218,4,34,
3174101003,DKI JAKARTA,JAKARTA SELATAN,PESANGGRAHAN,PETUKANGAN UTARA,596,8,33,4,551,6,4,0,0,2,6,0,0,6,1711,36,1675,10,0,0,10,356,2,322,2,30,
3175081002,DKI JAKARTA,JAKARTA TIMUR,MAKASAR,PINANG RANTI,293,5,17,1,270,0,0,0,0,0,2,0,0,2,756,30,726,28,0,0,28,198,5,170,5,18,
3173031008,DKI JAKARTA,JAKARTA BARAT,TAMAN SARI,PINANGSIA,155,3,12,1,139,0,0,0,0,0,2,0,0,2,260,7,253,3,0,0,3,119,6,108,0,5,
3175011001,DKI JAKARTA,JAKARTA TIMUR,MATRAMAN,PISANGAN BARU,399,3,12,3,381,2,1,0,0,1,5,0,0,5,611,75,536,35,0,0,35,229,3,198,8,20,
3175021002,DKI JAKARTA,JAKARTA TIMUR,PULO GADUNG,PISANGAN TIMUR,391,6,11,4,370,1,0,0,0,1,10,0,0,10,907,112,795,30,0,0,30,266,5,234,5,22,
3172011005,DKI JAKARTA,JAKARTA UTARA,PENJARINGAN,PLUIT,502,6,45,4,447,0,0,0,0,0,13,0,0,13,1409,66,1343,19,0,0,19,298,11,251,9,27,
3175071002,DKI JAKARTA,JAKARTA TIMUR,DUREN SAWIT,PONDOK BAMBU,1063,11,43,1,1008,5,0,0,0,5,3,0,0,3,1256,74,1182,36,0,0,36,479,7,420,10,42,
3175071004,DKI JAKARTA,JAKARTA TIMUR,DUREN SAWIT,PONDOK KELAPA,785,8,34,0,743,0,0,0,0,0,11,0,0,11,1346,78,1268,27,0,0,27,458,17,377,13,51,
3175071007,DKI JAKARTA,JAKARTA TIMUR,DUREN SAWIT,PONDOK KOPI,499,3,28,1,467,0,0,0,0,0,2,0,0,2,550,18,532,15,0,0,15,265,3,239,13,10,
3174061003,DKI JAKARTA,JAKARTA SELATAN,CILANDAK,PONDOK LABU,606,11,52,1,542,6,0,0,0,6,73,0,0,73,1239,90,1149,37,0,0,37,244,2,216,3,23,
3174051002,DKI JAKARTA,JAKARTA SELATAN,KEBAYORAN LAMA,PONDOK PINANG,697,7,63,4,623,0,0,0,0,0,44,0,0,44,955,56,899,11,0,0,11,364,10,317,9,28,
3175101003,DKI JAKARTA,JAKARTA TIMUR,CIPAYUNG,PONDOK RANGGON,310,2,14,3,291,0,0,0,0,0,3,0,0,3,483,41,442,21,0,0,21,207,2,181,1,23,
PROSES UPDATE DATA,PROSES UPDATE DATA,PROSES UPDATE DATA,PROSES UPDATE DATA,PROSES UPDATE DATA,15865,250,943,1696,12976,3475,3,0,3466,6,114,0,2,112,33531,4128,29403,212,0,1,211,25720,357,23545,478,1340,
3101011003,DKI JAKARTA,KAB.ADM.KEP.SERIBU,KEP. SERIBU UTARA,PULAU HARAPAN,66,0,1,0,65,0,0,0,0,0,0,0,0,0,88,11,77,0,0,0,0,6,0,6,0,0,
3101011002,DKI JAKARTA,KAB.ADM.KEP.SERIBU,KEP. SERIBU UTARA,PULAU KELAPA,82,0,2,1,79,0,0,0,0,0,3,0,0,3,209,27,182,1,0,0,1,8,0,8,0,0,
3101011001,DKI JAKARTA,KAB.ADM.KEP.SERIBU,KEP. SERIBU UTARA,PULAU PANGGANG,178,0,7,1,170,0,0,0,0,0,0,0,0,0,179,0,179,4,0,0,4,29,0,29,0,0,
3101021003,DKI JAKARTA,KAB.ADM.KEP.SERIBU,KEP. SERIBU SELATAN,PULAU PARI,12,0,3,0,9,0,0,0,0,0,0,0,0,0,199,1,198,1,0,0,1,6,0,5,0,1,
3101021002,DKI JAKARTA,KAB.ADM.KEP.SERIBU,KEP. SERIBU SELATAN,PULAU TIDUNG,38,0,0,0,38,1,0,0,1,0,1,0,1,0,398,7,391,1,0,0,1,37,0,37,0,0,
3101021001,DKI JAKARTA,KAB.ADM.KEP.SERIBU,KEP. SERIBU SELATAN,PULAU UNTUNG JAWA,25,0,0,0,25,0,0,0,0,0,0,0,0,0,112,3,109,0,0,0,0,5,0,5,0,0,
3174071007,DKI JAKARTA,JAKARTA SELATAN,KEBAYORAN BARU,PULO,302,0,7,1,294,1,0,0,0,1,1,0,0,1,231,6,225,0,0,0,0,59,2,56,0,1,
3175021001,DKI JAKARTA,JAKARTA TIMUR,PULO GADUNG,PULO GADUNG,453,3,29,2,419,0,0,0,0,0,11,0,0,11,960,38,922,38,0,0,38,291,1,271,6,13,
3175061005,DKI JAKARTA,JAKARTA TIMUR,CAKUNG,PULO GEBANG,674,3,76,2,593,1,0,0,0,1,9,0,0,9,1514,84,1430,70,0,0,70,482,4,408,12,58,
3174041004,DKI JAKARTA,JAKARTA SELATAN,PASAR MINGGU,RAGUNAN,883,11,97,2,773,1,0,0,0,1,2,0,0,2,817,59,758,25,0,0,25,256,9,216,6,25,
3175091005,DKI JAKARTA,JAKARTA TIMUR,CIRACAS,RAMBUTAN,490,9,24,1,456,2,0,0,0,2,12,0,0,12,771,23,748,29,0,0,29,219,5,188,3,23,
3172031006,DKI JAKARTA,JAKARTA UTARA,KOJA,RAWA BADAK SELATAN,548,5,29,2,512,2,0,0,0,2,2,0,0,2,629,28,601,56,0,0,56,346,5,312,5,24,
3172031004,DKI JAKARTA,JAKARTA UTARA,KOJA,RAWA BADAK UTARA,516,5,20,1,490,0,0,0,0,0,2,0,0,2,576,20,556,92,0,0,92,268,3,244,4,17,
3174071005,DKI JAKARTA,JAKARTA SELATAN,KEBAYORAN BARU,RAWA BARAT,108,0,7,2,99,0,0,0,0,0,2,0,0,2,185,9,176,0,0,0,0,48,0,35,1,12,
3173011003,DKI JAKARTA,JAKARTA BARAT,CENGKARENG,RAWA BUAYA,446,5,45,2,394,1,0,0,0,1,6,0,0,6,887,80,807,6,0,0,6,367,4,307,13,43,
3175031004,DKI JAKARTA,JAKARTA TIMUR,JATINEGARA,RAWA BUNGA,169,0,4,1,164,0,0,0,0,0,1,0,0,1,320,25,295,16,0,0,16,154,3,138,3,10,
3174081003,DKI JAKARTA,JAKARTA SELATAN,PANCORAN,RAWA JATI,328,2,15,0,311,2,0,0,0,2,11,0,0,11,565,44,521,7,0,0,7,133,6,104,0,23,
3175061002,DKI JAKARTA,JAKARTA TIMUR,CAKUNG,RAWA TERATE,171,0,25,0,146,0,0,0,0,0,2,0,0,2,420,42,378,8,0,0,8,193,0,177,1,15,
3175021005,DKI JAKARTA,JAKARTA TIMUR,PULO GADUNG,RAWAMANGUN,395,1,25,0,369,1,0,0,0,1,9,0,0,9,969,65,904,34,0,0,34,321,3,283,10,25,
3171051003,DKI JAKARTA,JAKARTA PUSAT,CEMPAKA PUTIH,RAWASARI,788,5,53,2,728,4,0,0,1,3,10,0,0,10,1442,79,1363,38,0,0,38,447,9,416,6,16,
3173041010,DKI JAKARTA,JAKARTA BARAT,TAMBORA,ROA MALAKA,41,0,2,0,39,1,0,0,0,1,0,0,0,0,46,1,45,2,0,0,2,15,0,14,0,1,
3172041006,DKI JAKARTA,JAKARTA UTARA,CILINCING,ROROTAN,440,8,27,2,403,0,0,0,0,0,4,0,0,4,654,12,642,79,0,0,79,200,3,177,2,18,
3174071004,DKI JAKARTA,JAKARTA SELATAN,KEBAYORAN BARU,SELONG,93,0,4,0,89,0,0,0,0,0,3,0,0,3,136,5,131,3,0,0,3,26,0,23,1,2,
3173061002,DKI JAKARTA,JAKARTA BARAT,KALI DERES,SEMANAN,639,9,72,3,555,1,0,0,0,1,3,0,0,3,1264,125,1139,9,0,0,9,261,7,204,3,47,
3172041007,DKI JAKARTA,JAKARTA UTARA,CILINCING,SEMPER BARAT,855,6,47,1,801,3,0,0,0,3,12,0,0,12,1257,40,1217,114,0,0,114,494,0,459,11,24,
3172041005,DKI JAKARTA,JAKARTA UTARA,CILINCING,SEMPER TIMUR,481,6,33,1,441,1,0,0,0,1,4,0,0,4,754,64,690,55,0,0,55,256,7,237,5,7,
3174071006,DKI JAKARTA,JAKARTA SELATAN,KEBAYORAN BARU,SENAYAN,443,0,72,0,371,0,0,0,0,0,10,0,0,10,741,98,643,0,0,0,0,206,0,192,0,14,
3171041001,DKI JAKARTA,JAKARTA PUSAT,SENEN,SENEN,217,4,12,0,201,1,0,0,0,1,8,0,0,8,766,70,696,26,0,0,26,163,3,152,3,5,
3171031004,DKI JAKARTA,JAKARTA PUSAT,KEMAYORAN,SERDANG,491,3,27,2,459,0,0,0,0,0,5,0,0,5,809,44,765,31,0,0,31,293,2,272,6,13,
3174021001,DKI JAKARTA,JAKARTA SELATAN,SETIA BUDI,SETIA BUDI,112,2,7,0,103,0,0,0,0,0,4,0,0,4,371,10,361,6,0,0,6,48,0,46,0,2,
3175101005,DKI JAKARTA,JAKARTA TIMUR,CIPAYUNG,SETU,291,1,14,0,276,2,0,0,0,2,2,0,0,2,478,27,451,14,0,0,14,136,6,118,1,11,
3173071002,DKI JAKARTA,JAKARTA BARAT,PALMERAH,SLIPI,579,1,21,2,555,0,0,0,0,0,2,0,0,2,1049,33,1016,42,0,0,42,333,6,300,4,23,
3173081004,DKI JAKARTA,JAKARTA BARAT,KEMBANGAN,SRENGSENG,616,6,44,3,563,1,0,0,0,1,6,0,0,6,1366,76,1290,27,0,0,27,355,14,304,5,32,
3174091002,DKI JAKARTA,JAKARTA SELATAN,JAGAKARSA,SRENGSENG SAWAH,938,8,43,0,887,8,0,0,0,8,11,0,0,11,1090,60,1030,26,0,0,26,257,3,229,8,17,
3173051003,DKI JAKARTA,JAKARTA BARAT,KEBON JERUK,SUKABUMI SELATAN,361,8,34,4,315,1,0,0,0,1,1,0,0,1,776,51,725,25,0,0,25,240,1,206,5,28,
3173051002,DKI JAKARTA,JAKARTA BARAT,KEBON JERUK,SUKABUMI UTARA,402,4,42,3,353,0,0,0,0,0,19,0,0,19,841,55,786,46,0,0,46,288,6,238,10,34,
3172041002,DKI JAKARTA,JAKARTA UTARA,CILINCING,SUKAPURA,682,7,42,2,631,0,0,0,0,0,6,0,0,6,979,44,935,100,0,0,100,358,0,332,8,18,
3171031007,DKI JAKARTA,JAKARTA PUSAT,KEMAYORAN,SUMUR BATU,454,3,23,1,427,2,0,0,0,2,6,0,0,6,613,34,579,31,0,0,31,250,3,223,3,21,
3172021004,DKI JAKARTA,JAKARTA UTARA,TANJUNG PRIOK,SUNGAI BAMBU,418,1,44,0,373,0,0,0,0,0,7,0,0,7,711,34,677,42,0,0,42,243,1,220,5,17,
3172021006,DKI JAKARTA,JAKARTA UTARA,TANJUNG PRIOK,SUNTER AGUNG,1055,11,74,1,969,4,0,0,0,4,23,0,1,22,2130,120,2010,96,0,0,96,672,8,602,19,43,
3172021002,DKI JAKARTA,JAKARTA UTARA,TANJUNG PRIOK,SUNTER JAYA,992,10,114,6,862,1,0,0,0,1,10,0,0,10,1830,140,1690,185,0,0,185,623,6,560,19,38,
3175091004,DKI JAKARTA,JAKARTA TIMUR,CIRACAS,SUSUKAN,577,3,30,1,543,0,0,0,0,0,17,0,0,17,1355,34,1321,69,0,0,69,204,3,184,7,10,
3173031001,DKI JAKARTA,JAKARTA BARAT,TAMAN SARI,TAMAN SARI,297,3,13,0,281,2,0,0,0,2,1,0,0,1,450,20,430,17,0,0,17,201,1,181,4,15,
3173041001,DKI JAKARTA,JAKARTA BARAT,TAMBORA,TAMBORA,220,3,10,3,204,0,0,0,0,0,1,0,0,1,325,11,314,3,0,0,3,106,3,92,3,8,
3173041004,DKI JAKARTA,JAKARTA BARAT,TAMBORA,TANAH SEREAL,310,0,12,2,296,1,0,0,0,1,4,0,0,4,294,10,284,5,0,0,5,175,3,157,7,8,
3171081004,DKI JAKARTA,JAKARTA PUSAT,JOHAR BARU,TANAH TINGGI,495,6,12,3,474,4,0,0,0,4,6,0,0,6,1139,46,1093,35,0,0,35,411,4,375,16,16,
3173031004,DKI JAKARTA,JAKARTA BARAT,TAMAN SARI,TANGKI,256,3,10,1,242,1,0,0,0,1,3,0,0,3,337,13,324,2,0,0,2,134,2,121,1,10,
3174091005,DKI JAKARTA,JAKARTA SELATAN,JAGAKARSA,TANJUNG BARAT,739,3,28,1,707,1,0,0,0,1,2,0,0,2,652,31,621,12,0,0,12,282,7,251,6,18,
3173021005,DKI JAKARTA,JAKARTA BARAT,GROGOL PETAMBURAN,TANJUNG DUREN SELATAN,460,9,21,1,429,0,0,0,0,0,19,0,0,19,734,36,698,23,0,0,23,329,7,291,9,22,
3173021002,DKI JAKARTA,JAKARTA BARAT,GROGOL PETAMBURAN,TANJUNG DUREN UTARA,300,1,9,0,290,2,0,0,0,2,21,0,0,21,617,24,593,19,0,0,19,183,0,167,9,7,
3172021001,DKI JAKARTA,JAKARTA UTARA,TANJUNG PRIOK,TANJUNG PRIOK,572,5,42,6,519,1,1,0,0,0,13,0,1,12,831,40,791,69,0,0,69,390,1,350,10,29,
3174011002,DKI JAKARTA,JAKARTA SELATAN,TEBET,TEBET BARAT,515,9,25,0,481,2,0,0,0,2,8,0,0,8,696,27,669,24,0,0,24,335,3,306,7,19,
3174011001,DKI JAKARTA,JAKARTA SELATAN,TEBET,TEBET TIMUR,410,3,18,2,387,0,0,0,0,0,6,0,0,6,587,37,550,35,0,0,35,212,2,191,4,15,
3173061003,DKI JAKARTA,JAKARTA BARAT,KALI DERES,TEGAL ALUR,767,17,51,6,693,0,0,0,0,0,7,0,0,7,1311,58,1253,13,0,0,13,263,10,209,5,39,
3174031004,DKI JAKARTA,JAKARTA SELATAN,MAMPANG PRAPATAN,TEGAL PARANG,369,4,16,3,346,5,0,0,1,4,4,0,0,4,1058,35,1023,12,0,0,12,328,5,290,6,27,
3173021003,DKI JAKARTA,JAKARTA BARAT,GROGOL PETAMBURAN,TOMANG,495,3,19,2,471,0,0,0,0,0,15,0,0,15,809,31,778,85,0,0,85,317,5,286,8,18,
3172031005,DKI JAKARTA,JAKARTA UTARA,KOJA,TUGU SELATAN,475,4,16,1,454,0,0,0,0,0,2,0,0,2,499,22,477,82,0,0,82,305,4,282,7,12,
3172031002,DKI JAKARTA,JAKARTA UTARA,KOJA,TUGU UTARA,960,8,29,0,923,3,0,0,0,3,7,0,0,7,929,34,895,101,0,0,101,473,1,440,15,17,
3175061006,DKI JAKARTA,JAKARTA TIMUR,CAKUNG,UJUNG MENTENG,189,0,20,2,167,1,0,0,0,1,1,0,0,1,505,32,473,27,0,0,27,141,1,127,3,10,
3174101005,DKI JAKARTA,JAKARTA SELATAN,PESANGGRAHAN,ULUJAMI,604,6,32,2,564,0,0,0,0,0,0,0,0,0,1262,37,1225,26,0,0,26,284,4,246,7,27,
3175011006,DKI JAKARTA,JAKARTA TIMUR,MATRAMAN,UTAN KAYU SELATAN,533,1,20,8,504,2,0,0,0,2,7,0,0,7,931,43,888,92,0,0,92,294,8,264,8,14,
3175011002,DKI JAKARTA,JAKARTA TIMUR,MATRAMAN,UTAN KAYU UTARA,450,9,17,0,424,2,0,0,0,2,4,0,0,4,750,45,705,46,0,0,46,230,2,204,12,12,
3171031008,DKI JAKARTA,JAKARTA PUSAT,KEMAYORAN,UTAN PANJANG,429,5,18,2,404,0,0,0,0,0,4,0,0,4,646,44,602,28,0,0,28,306,2,280,9,15,
3172021007,DKI JAKARTA,JAKARTA UTARA,TANJUNG PRIOK,WARAKAS,591,7,76,2,506,0,0,0,0,0,11,0,0,11,1029,64,965,61,0,0,61,360,1,316,8,35,
3173021007,DKI JAKARTA,JAKARTA BARAT,GROGOL PETAMBURAN,WIJAYA KUSUMA,425,2,24,2,397,1,0,0,0,1,7,0,0,7,886,52,834,23,0,0,23,299,8,266,8,17,
