id_kel,nama_provinsi,nama_kota,nama_kecamatan,nama_kelurahan,suspek,perawatan_rs,isolasi_di_rumah,suspek_meninggal,selesai_isolasi,probable,perawatan_rs,isolasi_di_rumah,probable_meninggal,selesai_isolasi,pelaku_perjalanan,perawatan_rs,isolasi_di_rumah,selesai_isolasi,kontak_erat,isolasi_di_rumah,selesai_isolasi,discarded,isolasi_di_rumah,meninggal,selesai_isolasi,positif,dirawat,sembuh,meninggal,self_isolation,keterangan
3172051003,DKI JAKARTA,JAKARTA UTARA,PADEMANGAN,ANCOL,497,3,23,0,471,4,0,0,0,4,10,0,0,10,682,28,654,10,0,0,10,329,3,296,4,26,
3173041007,DKI JAKARTA,JAKARTA BARAT,TAMBORA,ANGKE,423,3,14,2,404,1,0,0,1,0,0,0,0,0,505,23,482,26,0,0,26,187,2,169,4,12,
3175041005,DKI JAKARTA,JAKARTA TIMUR,KRAMAT JATI,BALE KAMBANG,297,5,18,1,273,3,2,0,0,1,5,0,0,5,565,38,527,23,0,0,23,178,10,152,3,13,
3175031003,DKI JAKARTA,JAKARTA TIMUR,JATINEGARA,BALI MESTER,106,4,2,1,99,1,0,0,0,1,0,0,0,0,199,72,127,6,0,0,6,91,2,43,2,44,
3175101006,DKI JAKARTA,JAKARTA TIMUR,CIPAYUNG,BAMBU APUS,431,5,34,1,391,0,0,0,0,0,4,0,0,4,661,46,615,17,0,0,17,175,8,149,3,15,
3174031002,DKI JAKARTA,JAKARTA SELATAN,MAMPANG PRAPATAN,BANGKA,311,3,26,2,280,5,0,0,1,4,18,0,0,18,706,35,671,8,0,0,8,187,2,172,2,11,
3175051002,DKI JAKARTA,JAKARTA TIMUR,PASAR REBO,BARU,429,4,34,1,390,0,0,0,0,0,5,0,0,5,413,6,407,18,0,0,18,202,7,182,0,13,
3175041004,DKI JAKARTA,JAKARTA TIMUR,KRAMAT JATI,BATU AMPAR,538,7,38,1,492,3,0,0,0,3,3,0,0,3,1141,91,1050,26,0,0,26,280,6,244,5,25,
3171071002,DKI JAKARTA,JAKARTA PUSAT,TANAH ABANG,BENDUNGAN HILIR,458,1,15,0,442,2,0,0,0,2,4,0,0,4,847,42,805,10,0,0,10,260,3,229,8,20,
3175031002,DKI JAKARTA,JAKARTA TIMUR,JATINEGARA,BIDARA CINA,399,6,16,3,374,1,0,0,0,1,8,0,0,8,609,46,563,37,0,0,37,293,6,261,10,16,
3174101002,DKI JAKARTA,JAKARTA SELATAN,PESANGGRAHAN,BINTARO,770,9,35,2,724,4,0,0,0,4,9,0,0,9,1545,55,1490,26,0,0,26,348,9,306,9,24,
3174011005,DKI JAKARTA,JAKARTA SELATAN,TEBET,BUKIT DURI,405,1,10,3,391,2,0,0,0,2,13,0,0,13,611,28,583,13,0,0,13,239,3,214,8,14,
3171041006,DKI JAKARTA,JAKARTA PUSAT,SENEN,BUNGUR,256,4,12,2,238,1,0,0,0,1,13,0,0,13,625,77,548,16,0,0,16,197,2,174,4,17,
3175061007,DKI JAKARTA,JAKARTA TIMUR,CAKUNG,CAKUNG BARAT,374,6,36,1,331,2,0,0,0,2,0,0,0,0,751,58,693,47,0,0,47,330,5,261,5,59,
3175061004,DKI JAKARTA,JAKARTA TIMUR,CAKUNG,CAKUNG TIMUR,435,4,42,2,387,3,0,0,1,2,6,0,0,6,872,63,809,45,0,0,45,302,3,268,7,24,
3175041007,DKI JAKARTA,JAKARTA TIMUR,KRAMAT JATI,CAWANG,362,3,30,0,329,1,0,0,0,1,6,0,0,6,1019,191,828,20,0,0,20,335,11,285,6,33,
3175101008,DKI JAKARTA,JAKARTA TIMUR,CIPAYUNG,CEGER,255,2,12,0,241,0,0,0,0,0,1,0,0,1,445,26,419,9,0,0,9,137,7,111,3,16,
3171031006,DKI JAKARTA,JAKARTA PUSAT,KEMAYORAN,CEMPAKA BARU,687,6,32,2,647,1,0,0,0,1,7,0,0,7,1086,58,1028,35,0,0,35,450,2,404,17,27,
3171051002,DKI JAKARTA,JAKARTA PUSAT,CEMPAKA PUTIH,CEMPAKA PUTIH BARAT,935,6,26,2,901,5,1,0,0,4,21,0,1,20,2062,89,1973,51,0,0,51,689,9,649,15,16,
3171051001,DKI JAKARTA,JAKARTA PUSAT,CEMPAKA PUTIH,CEMPAKA PUTIH TIMUR,661,7,31,1,622,1,0,0,0,1,12,0,0,12,1477,63,1414,58,0,0,58,363,3,345,6,9,
3173011001,DKI JAKARTA,JAKARTA BARAT,CENGKARENG,CENGKARENG BARAT,764,12,35,1,716,0,0,0,0,0,6,0,0,6,1391,54,1337,13,0,0,13,484,20,400,9,55,
3173011006,DKI JAKARTA,JAKARTA BARAT,CENGKARENG,CENGKARENG TIMUR,939,7,38,7,887,1,0,0,0,1,4,0,0,4,1904,119,1785,18,0,0,18,694,4,598,17,75,
3175091002,DKI JAKARTA,JAKARTA TIMUR,CIRACAS,CIBUBUR,935,4,54,4,873,1,0,0,0,1,30,0,0,30,1950,44,1906,92,0,0,92,356,6,315,7,28,
3171011002,DKI JAKARTA,JAKARTA PUSAT,GAMBIR,CIDENG,313,1,11,2,299,0,0,0,0,0,10,0,0,10,632,8,624,13,0,0,13,199,2,182,7,8,
3174091003,DKI JAKARTA,JAKARTA SELATAN,JAGAKARSA,CIGANJUR,732,8,45,1,678,2,0,0,0,2,12,0,0,12,817,91,726,14,0,0,14,212,9,177,4,22,
3175051003,DKI JAKARTA,JAKARTA TIMUR,PASAR REBO,CIJANTUNG,850,6,54,3,787,0,0,0,0,0,4,0,1,3,580,25,555,10,0,0,10,323,8,278,9,28,
3171061003,DKI JAKARTA,JAKARTA PUSAT,MENTENG,CIKINI,165,3,6,0,156,0,0,0,0,0,2,0,0,2,226,15,211,11,0,0,11,70,0,63,3,4,
3174081006,DKI JAKARTA,JAKARTA SELATAN,PANCORAN,CIKOKO,195,1,4,0,190,1,0,0,0,1,10,0,0,10,284,5,279,1,0,0,1,72,4,62,3,3,
3174061001,DKI JAKARTA,JAKARTA SELATAN,CILANDAK,CILANDAK BARAT,1288,13,186,5,1084,1,0,0,0,1,97,0,0,97,1670,106,1564,41,0,0,41,409,9,358,7,35,
3174041003,DKI JAKARTA,JAKARTA SELATAN,PASAR MINGGU,CILANDAK TIMUR,528,3,34,1,490,5,0,0,0,5,17,0,0,17,498,31,467,86,0,0,86,267,3,246,8,10,
3175101002,DKI JAKARTA,JAKARTA TIMUR,CIPAYUNG,CILANGKAP,375,3,10,1,361,1,0,0,0,1,3,0,0,3,651,21,630,21,0,0,21,186,1,169,2,14,
3175041006,DKI JAKARTA,JAKARTA TIMUR,KRAMAT JATI,CILILITAN,346,3,26,1,316,0,0,0,0,0,6,0,0,6,925,88,837,47,0,0,47,331,11,275,8,37,
3172041001,DKI JAKARTA,JAKARTA UTARA,CILINCING,CILINCING,638,5,37,1,595,1,1,0,0,0,6,0,0,6,1171,24,1147,102,0,0,102,428,3,395,11,19,
3175101001,DKI JAKARTA,JAKARTA TIMUR,CIPAYUNG,CIPAYUNG,554,7,32,2,513,3,0,0,1,2,7,0,0,7,728,47,681,33,0,0,33,226,2,203,3,18,
3174091006,DKI JAKARTA,JAKARTA SELATAN,JAGAKARSA,CIPEDAK,614,1,34,0,579,3,1,0,0,2,1,0,0,1,872,70,802,8,0,0,8,273,1,249,3,20,
3174061005,DKI JAKARTA,JAKARTA SELATAN,CILANDAK,CIPETE SELATAN,335,5,27,1,302,2,0,0,0,2,46,0,0,46,579,61,518,6,0,0,6,152,3,124,7,18,
3174071010,DKI JAKARTA,JAKARTA SELATAN,KEBAYORAN BARU,CIPETE UTARA,717,6,98,3,610,0,0,0,0,0,9,0,0,9,634,66,568,5,0,0,5,190,6,158,4,22,
3175021003,DKI JAKARTA,JAKARTA TIMUR,PULO GADUNG,CIPINANG,352,7,18,2,325,1,0,0,0,1,3,0,0,3,985,50,935,40,0,0,40,367,13,327,12,15,
3175031007,DKI JAKARTA,JAKARTA TIMUR,JATINEGARA,CIPINANG BESAR SELATAN,305,5,12,2,286,2,0,0,0,2,2,0,0,2,646,49,597,18,0,0,18,242,5,223,2,12,
3175031008,DKI JAKARTA,JAKARTA TIMUR,JATINEGARA,CIPINANG BESAR UTARA,478,4,27,0,447,2,0,0,0,2,3,0,0,3,998,107,891,20,0,0,20,382,5,336,7,34,
3175031005,DKI JAKARTA,JAKARTA TIMUR,JATINEGARA,CIPINANG CEMPEDAK,280,4,15,2,259,0,0,0,0,0,5,0,0,5,560,29,531,20,0,0,20,216,11,194,5,6,
3175081005,DKI JAKARTA,JAKARTA TIMUR,MAKASAR,CIPINANG MELAYU,404,2,23,2,377,3,0,0,0,3,4,0,0,4,798,26,772,20,0,0,20,290,2,268,7,13,
3175031006,DKI JAKARTA,JAKARTA TIMUR,JATINEGARA,CIPINANG MUARA,478,4,20,1,453,5,0,0,0,5,9,0,0,9,1016,48,968,32,0,0,32,428,7,378,6,37,
3174051003,DKI JAKARTA,JAKARTA SELATAN,KEBAYORAN LAMA,CIPULIR,372,6,27,4,335,6,0,0,0,6,6,0,0,6,572,25,547,8,0,0,8,259,4,233,4,18,
3175091001,DKI JAKARTA,JAKARTA TIMUR,CIRACAS,CIRACAS,1010,5,71,9,925,3,0,0,0,3,23,0,0,23,1708,31,1677,45,0,0,45,501,11,451,16,23,
3175041003,DKI JAKARTA,JAKARTA TIMUR,KRAMAT JATI,DUKUH,320,2,17,1,300,0,0,0,0,0,1,0,0,1,754,64,690,14,0,0,14,198,4,167,4,23,
3175071001,DKI JAKARTA,JAKARTA TIMUR,DUREN SAWIT,DUREN SAWIT,929,7,28,3,891,18,0,0,0,18,4,0,0,4,1231,73,1158,36,0,0,36,615,9,543,14,49,
3174081004,DKI JAKARTA,JAKARTA SELATAN,PANCORAN,DUREN TIGA,464,9,13,0,442,2,0,0,0,2,6,0,0,6,664,19,645,3,0,0,3,218,10,195,1,12,
3173051005,DKI JAKARTA,JAKARTA BARAT,KEBON JERUK,DURI KEPA,598,10,38,2,548,3,0,0,0,3,12,0,0,12,1370,50,1320,74,0,0,74,434,7,392,12,23,
3173011002,DKI JAKARTA,JAKARTA BARAT,CENGKARENG,DURI KOSAMBI,664,12,40,3,609,1,1,0,0,0,4,0,0,4,1170,67,1103,11,0,0,11,477,13,417,8,39,
3171011006,DKI JAKARTA,JAKARTA PUSAT,GAMBIR,DURI PULO,212,2,10,3,197,0,0,0,0,0,1,0,0,1,528,29,499,7,0,0,7,191,1,174,7,9,
3173041011,DKI JAKARTA,JAKARTA BARAT,TAMBORA,DURI SELATAN,193,5,8,1,179,0,0,0,0,0,2,0,0,2,189,19,170,4,0,0,4,87,2,72,3,10,
3173041003,DKI JAKARTA,JAKARTA BARAT,TAMBORA,DURI UTARA,227,3,8,2,214,1,0,0,0,1,2,0,0,2,249,10,239,5,0,0,5,146,2,135,4,5,
3171081003,DKI JAKARTA,JAKARTA PUSAT,JOHAR BARU,GALUR,238,0,13,0,225,4,1,0,0,3,3,0,0,3,559,16,543,46,0,0,46,216,2,202,10,2,
3171011001,DKI JAKARTA,JAKARTA PUSAT,GAMBIR,GAMBIR,103,0,8,0,95,1,0,0,0,1,17,0,0,17,428,8,420,6,0,0,6,187,1,178,1,7,
3174061004,DKI JAKARTA,JAKARTA SELATAN,CILANDAK,GANDARIA SELATAN,239,1,16,0,222,2,0,0,0,2,20,0,0,20,737,46,691,4,0,0,4,168,0,154,5,9,
3174071009,DKI JAKARTA,JAKARTA SELATAN,KEBAYORAN BARU,GANDARIA UTARA,703,8,60,2,633,0,0,0,0,0,3,0,0,3,721,58,663,5,0,0,5,235,5,206,4,20,
3175051001,DKI JAKARTA,JAKARTA TIMUR,PASAR REBO,GEDONG,808,4,47,0,757,0,0,0,0,0,4,0,0,4,485,42,443,25,0,0,25,280,2,242,4,32,
3171071001,DKI JAKARTA,JAKARTA PUSAT,TANAH ABANG,GELORA,80,0,4,1,75,0,0,0,0,0,5,0,0,5,231,4,227,0,0,0,0,113,0,107,2,4,
3173031007,DKI JAKARTA,JAKARTA BARAT,TAMAN SARI,GLODOK,118,2,0,0,116,0,0,0,0,0,1,0,0,1,183,15,168,1,0,0,1,43,2,38,2,1,
3171061004,DKI JAKARTA,JAKARTA PUSAT,MENTENG,GONDANGDIA,77,1,5,1,70,0,0,0,0,0,13,0,0,13,153,10,143,7,0,0,7,64,2,58,3,1,
3173021001,DKI JAKARTA,JAKARTA BARAT,GROGOL PETAMBURAN,GROGOL,530,0,18,4,508,1,0,0,0,1,45,0,0,45,1053,48,1005,36,0,0,36,268,1,248,1,18,
3174051005,DKI JAKARTA,JAKARTA SELATAN,KEBAYORAN LAMA,GROGOL SELATAN,433,3,26,5,399,0,0,0,0,0,12,0,0,12,663,36,627,12,0,0,12,292,4,248,7,33,
3174051004,DKI JAKARTA,JAKARTA SELATAN,KEBAYORAN LAMA,GROGOL UTARA,467,6,31,4,426,0,0,0,0,0,24,0,0,24,666,24,642,17,0,0,17,361,6,302,12,41,
3174021007,DKI JAKARTA,JAKARTA SELATAN,SETIA BUDI,GUNTUR,67,2,2,0,63,0,0,0,0,0,1,0,0,1,218,13,205,1,0,0,1,62,2,49,1,10,
3174071002,DKI JAKARTA,JAKARTA SELATAN,KEBAYORAN BARU,GUNUNG,313,0,22,3,288,0,0,0,0,0,7,0,0,7,399,17,382,0,0,0,0,130,6,115,3,6,
3171031005,DKI JAKARTA,JAKARTA PUSAT,KEMAYORAN,GUNUNG SAHARI SELATAN,330,0,8,1,321,0,0,0,0,0,5,0,0,5,570,39,531,1,0,0,1,204,2,191,6,5,
3171021004,DKI JAKARTA,JAKARTA PUSAT,SAWAH BESAR,GUNUNG SAHARI UTARA,292,3,3,1,285,2,1,0,0,1,7,0,0,7,587,14,573,11,0,0,11,181,1,169,10,1,
3175081004,DKI JAKARTA,JAKARTA TIMUR,MAKASAR,HALIM PERDANA KUSUMAH,272,3,11,2,256,0,0,0,0,0,6,0,0,6,601,25,576,9,0,0,9,459,15,430,6,8,
3171031003,DKI JAKARTA,JAKARTA PUSAT,KEMAYORAN,HARAPAN MULIA,385,1,17,3,364,1,0,0,0,1,6,0,0,6,608,27,581,33,0,0,33,272,2,249,9,12,
3174091001,DKI JAKARTA,JAKARTA SELATAN,JAGAKARSA,JAGAKARSA,1098,8,33,2,1055,8,0,0,0,8,8,0,0,8,1272,98,1174,19,0,0,19,426,1,404,6,15,
3175021007,DKI JAKARTA,JAKARTA TIMUR,PULO GADUNG,JATI,390,3,8,1,378,0,0,0,0,0,8,0,0,8,1005,43,962,38,0,0,38,284,5,262,6,11,
3174041002,DKI JAKARTA,JAKARTA SELATAN,PASAR MINGGU,JATI PADANG,574,11,38,2,523,0,0,0,0,0,4,0,0,4,712,34,678,72,0,0,72,242,12,203,5,22,
3173071004,DKI JAKARTA,JAKARTA BARAT,PALMERAH,JATI PULO,564,0,22,4,538,2,0,0,0,2,4,0,0,4,833,50,783,64,0,0,64,323,4,298,10,11,
3175061001,DKI JAKARTA,JAKARTA TIMUR,CAKUNG,JATINEGARA,777,5,101,3,668,1,0,0,0,1,4,0,1,3,1655,127,1528,47,0,0,47,615,6,554,10,45,
3175021004,DKI JAKARTA,JAKARTA TIMUR,PULO GADUNG,JATINEGARA KAUM,139,1,3,0,135,1,0,0,1,0,3,0,0,3,429,39,390,12,0,0,12,127,2,108,6,11,
3173021004,DKI JAKARTA,JAKARTA BARAT,GROGOL PETAMBURAN,JELAMBAR,502,5,29,5,463,2,0,0,0,2,27,0,0,27,890,89,801,14,0,0,14,299,8,227,7,57,
3173021006,DKI JAKARTA,JAKARTA BARAT,GROGOL PETAMBURAN,JELAMBAR BARU,421,3,20,2,396,2,0,0,0,2,4,0,0,4,714,52,662,21,0,0,21,230,4,200,5,21,
3173041006,DKI JAKARTA,JAKARTA BARAT,TAMBORA,JEMBATAN BESI,571,5,6,1,559,1,0,0,0,1,5,0,0,5,516,19,497,8,0,0,8,263,1,232,8,22,
3173041008,DKI JAKARTA,JAKARTA BARAT,TAMBORA,JEMBATAN LIMA,218,1,12,0,205,0,0,0,0,0,1,0,0,1,228,6,222,5,0,0,5,147,2,131,4,10,
3173081005,DKI JAKARTA,JAKARTA BARAT,KEMBANGAN,JOGLO,560,8,57,4,491,1,0,0,0,1,5,0,0,5,816,48,768,15,0,0,15,270,6,239,4,21,
3171081001,DKI JAKARTA,JAKARTA PUSAT,JOHAR BARU,JOHAR BARU,747,10,43,3,691,6,1,0,0,5,11,0,0,11,1990,102,1888,101,0,0,101,541,6,485,19,31,
3173041002,DKI JAKARTA,JAKARTA BARAT,TAMBORA,KALI ANYAR,405,4,13,0,388,1,0,0,0,1,4,0,0,4,371,13,358,14,0,0,14,203,1,186,7,9,
3172041004,DKI JAKARTA,JAKARTA UTARA,CILINCING,KALI BARU,593,13,50,5,525,0,0,0,0,0,5,0,0,5,708,36,672,46,0,0,46,356,0,333,9,14,
3174081002,DKI JAKARTA,JAKARTA SELATAN,PANCORAN,KALIBATA,645,3,21,4,617,7,0,0,0,7,12,0,0,12,916,41,875,12,0,0,12,345,7,317,8,13,
3173061001,DKI JAKARTA,JAKARTA BARAT,KALI DERES,KALIDERES,1317,16,81,4,1216,1,0,0,0,1,6,0,0,6,2413,124,2289,30,0,0,30,532,9,462,9,52,
3175051004,DKI JAKARTA,JAKARTA TIMUR,PASAR REBO,KALISARI,1120,9,41,0,1070,0,0,0,0,0,3,0,0,3,585,28,557,13,0,0,13,305,14,260,6,25,
3173061004,DKI JAKARTA,JAKARTA BARAT,KALI DERES,KAMAL,367,1,24,3,339,0,0,0,0,0,1,0,0,1,601,37,564,5,0,0,5,101,5,69,9,18,
3172011002,DKI JAKARTA,JAKARTA UTARA,PENJARINGAN,KAMAL MUARA,112,6,3,0,103,0,0,0,0,0,4,0,0,4,238,25,213,2,0,0,2,98,1,84,2,11,
3171071007,DKI JAKARTA,JAKARTA PUSAT,TANAH ABANG,KAMPUNG BALI,153,0,3,2,148,1,0,0,0,1,2,0,0,2,339,10,329,2,0,0,2,82,4,72,4,2,
3175031001,DKI JAKARTA,JAKARTA TIMUR,JATINEGARA,KAMPUNG MELAYU,260,7,12,5,236,2,0,0,0,2,7,0,0,7,367,22,345,7,0,0,7,270,5,245,5,15,
3171081002,DKI JAKARTA,JAKARTA PUSAT,JOHAR BARU,KAMPUNG RAWA,337,0,19,0,318,2,0,0,0,2,2,0,1,1,820,31,789,66,0,0,66,284,5,257,13,9,
3175041002,DKI JAKARTA,JAKARTA TIMUR,KRAMAT JATI,KAMPUNG TENGAH,628,9,46,1,572,3,1,0,0,2,9,0,0,9,1303,88,1215,54,0,0,54,340,5,307,12,16,
3173011005,DKI JAKARTA,JAKARTA BARAT,CENGKARENG,KAPUK,907,7,54,16,830,2,0,0,0,2,12,0,0,12,1694,92,1602,14,0,0,14,730,22,576,20,112,
3172011003,DKI JAKARTA,JAKARTA UTARA,PENJARINGAN,KAPUK MUARA,272,3,14,0,255,1,0,0,0,1,10,0,0,10,673,46,627,24,0,0,24,199,7,165,7,20,
3171021002,DKI JAKARTA,JAKARTA PUSAT,SAWAH BESAR,KARANG ANYAR,491,2,21,5,463,1,0,0,0,1,4,0,0,4,966,71,895,14,0,0,14,234,5,196,7,26,
3174021004,DKI JAKARTA,JAKARTA SELATAN,SETIA BUDI,KARET,151,1,8,0,142,0,0,0,0,0,11,0,0,11,411,11,400,4,0,0,4,135,0,134,0,1,
3174021003,DKI JAKARTA,JAKARTA SELATAN,SETIA BUDI,KARET KUNINGAN,329,3,30,1,295,0,0,0,0,0,22,0,0,22,454,36,418,4,0,0,4,241,5,212,5,19,
3174021002,DKI JAKARTA,JAKARTA SELATAN,SETIA BUDI,KARET SEMANGGI,75,0,11,1,63,0,0,0,0,0,3,0,0,3,93,4,89,2,0,0,2,29,0,25,2,2,
3171071003,DKI JAKARTA,JAKARTA PUSAT,TANAH ABANG,KARET TENGSIN,302,4,14,0,284,1,0,0,0,1,8,0,0,8,789,36,753,2,0,0,2,176,12,146,7,11,
3171021003,DKI JAKARTA,JAKARTA PUSAT,SAWAH BESAR,KARTINI,350,1,13,1,335,1,0,0,0,1,0,0,0,0,735,30,705,18,0,0,18,249,4,224,5,16,
3175011003,DKI JAKARTA,JAKARTA TIMUR,MATRAMAN,KAYU MANIS,413,7,15,0,391,3,0,0,0,3,2,0,0,2,758,17,741,30,0,0,30,250,2,227,6,15,
3175021006,DKI JAKARTA,JAKARTA TIMUR,PULO GADUNG,KAYU PUTIH,535,6,17,4,508,1,0,0,1,0,15,0,0,15,1173,49,1124,55,0,0,55,370,7,335,11,17,
3173031006,DKI JAKARTA,JAKARTA BARAT,TAMAN SARI,KEAGUNGAN,317,1,12,0,304,0,0,0,0,0,3,0,0,3,513,9,504,10,0,0,10,191,2,178,1,10,
3174041007,DKI JAKARTA,JAKARTA SELATAN,PASAR MINGGU,KEBAGUSAN,689,6,44,1,638,3,0,0,0,3,3,0,0,3,818,77,741,39,0,0,39,245,5,207,1,32,
3174051006,DKI JAKARTA,JAKARTA SELATAN,KEBAYORAN LAMA,KEBAYORAN LAMA SELATAN,668,6,50,0,612,5,0,0,0,5,2,0,0,2,828,28,800,14,0,0,14,307,2,282,6,17,
3174051001,DKI JAKARTA,JAKARTA SELATAN,KEBAYORAN LAMA,KEBAYORAN LAMA UTARA,486,9,51,1,425,1,0,0,0,1,15,0,0,15,562,35,527,4,0,0,4,245,5,200,5,35,
3174011004,DKI JAKARTA,JAKARTA SELATAN,TEBET,KEBON BARU,441,3,16,2,420,0,0,0,0,0,15,0,0,15,751,28,723,22,0,0,22,234,2,214,7,11,
3172021005,DKI JAKARTA,JAKARTA UTARA,TANJUNG PRIOK,KEBON BAWANG,784,3,33,1,747,0,0,0,0,0,15,0,0,15,1352,52,1300,89,0,0,89,446,7,414,4,21,
3173051001,DKI JAKARTA,JAKARTA BARAT,KEBON JERUK,KEBON JERUK,888,4,54,6,824,2,0,0,0,2,13,0,0,13,2128,96,2032,62,0,0,62,723,13,641,18,51,
3171071006,DKI JAKARTA,JAKARTA PUSAT,TANAH ABANG,KEBON KACANG,475,3,12,1,459,1,0,0,0,1,0,0,0,0,605,35,570,6,0,0,6,307,4,285,12,6,
3171011005,DKI JAKARTA,JAKARTA PUSAT,GAMBIR,KEBON KELAPA,163,2,5,1,155,3,0,0,0,3,4,0,0,4,331,15,316,3,0,0,3,97,0,94,1,2,
3171031002,DKI JAKARTA,JAKARTA PUSAT,KEMAYORAN,KEBON KOSONG,407,6,26,5,370,1,1,0,0,0,9,0,1,8,558,21,537,33,0,0,33,261,5,235,7,14,
3175011005,DKI JAKARTA,JAKARTA TIMUR,MATRAMAN,KEBON MANGGIS,214,2,14,4,194,0,0,0,0,0,2,0,0,2,308,11,297,24,0,0,24,162,1,152,3,6,
3171071005,DKI JAKARTA,JAKARTA PUSAT,TANAH ABANG,KEBON MELATI,543,2,17,3,521,1,0,0,0,1,5,0,0,5,1027,18,1009,10,0,0,10,495,3,472,9,11,
3175081003,DKI JAKARTA,JAKARTA TIMUR,MAKASAR,KEBON PALA,393,5,15,1,372,1,0,0,0,1,6,0,0,6,1044,42,1002,17,0,0,17,379,10,341,11,17,
3171061005,DKI JAKARTA,JAKARTA PUSAT,MENTENG,KEBON SIRIH,183,3,7,2,171,0,0,0,0,0,4,0,0,4,327,13,314,19,0,0,19,147,2,137,2,6,
3173011004,DKI JAKARTA,JAKARTA BARAT,CENGKARENG,KEDAUNG KALI ANGKE,524,7,30,0,487,0,0,0,0,0,1,0,0,1,649,23,626,7,0,0,7,353,12,304,7,30,
3173051007,DKI JAKARTA,JAKARTA BARAT,KEBON JERUK,KEDOYA SELATAN,454,3,24,5,422,2,0,0,0,2,8,0,0,8,803,57,746,22,0,0,22,250,5,211,7,27,
3173051006,DKI JAKARTA,JAKARTA BARAT,KEBON JERUK,KEDOYA UTARA,471,3,29,2,437,1,0,0,0,1,15,0,0,15,1007,55,952,22,0,0,22,338,9,295,8,26,
3173051004,DKI JAKARTA,JAKARTA BARAT,KEBON JERUK,KELAPA DUA,342,2,19,0,321,0,0,0,0,0,5,0,0,5,748,49,699,22,0,0,22,207,3,187,3,14,
3175091003,DKI JAKARTA,JAKARTA TIMUR,CIRACAS,KELAPA DUA WETAN,666,4,32,1,629,1,0,0,0,1,8,0,0,8,1190,20,1170,37,0,0,37,252,4,230,3,15,
3172061003,DKI JAKARTA,JAKARTA UTARA,KELAPA GADING,KELAPA GADING BARAT,1001,11,50,3,937,2,0,0,0,2,49,0,0,49,1397,65,1332,209,0,0,209,447,8,406,6,27,
3172061001,DKI JAKARTA,JAKARTA UTARA,KELAPA GADING,KELAPA GADING TIMUR,768,7,32,2,727,3,0,0,0,3,23,0,0,23,1339,40,1299,127,0,0,127,356,5,314,9,28,
3173071005,DKI JAKARTA,JAKARTA BARAT,PALMERAH,KEMANGGISAN,703,2,65,6,630,0,0,0,0,0,9,0,1,8,1001,55,946,51,0,0,51,363,12,315,11,25,
3171031001,DKI JAKARTA,JAKARTA PUSAT,KEMAYORAN,KEMAYORAN,435,4,20,3,408,2,2,0,0,0,3,0,0,3,633,28,605,27,0,0,27,340,0,324,10,6,
3173081006,DKI JAKARTA,JAKARTA BARAT,KEMBANGAN,KEMBANGAN SELATAN,321,3,22,1,295,0,0,0,0,0,8,0,0,8,662,49,613,53,0,0,53,225,4,199,5,17,
3173081001,DKI JAKARTA,JAKARTA BARAT,KEMBANGAN,KEMBANGAN UTARA,701,7,31,3,660,4,0,0,1,3,3,0,0,3,1617,60,1557,11,0,0,11,355,10,308,6,31,
3171041002,DKI JAKARTA,JAKARTA PUSAT,SENEN,KENARI,259,0,9,1,249,1,0,0,0,1,8,0,0,8,584,47,537,46,0,0,46,191,2,173,3,13,
3173041005,DKI JAKARTA,JAKARTA BARAT,TAMBORA,KERENDANG,284,2,7,2,273,1,0,0,0,1,0,0,0,0,225,3,222,9,0,0,9,150,4,126,8,12,
3175071003,DKI JAKARTA,JAKARTA TIMUR,DUREN SAWIT,KLENDER,704,11,25,2,666,4,0,0,0,4,5,0,0,5,1176,65,1111,35,0,0,35,484,6,410,17,51,
3172031001,DKI JAKARTA,JAKARTA UTARA,KOJA,KOJA,348,6,20,0,322,0,0,0,0,0,4,0,0,4,472,5,467,48,0,0,48,379,1,334,9,35,
3173071006,DKI JAKARTA,JAKARTA BARAT,PALMERAH,KOTA BAMBU SELATAN,541,1,17,5,518,0,0,0,0,0,1,0,0,1,910,24,886,72,0,0,72,291,6,270,5,10,
3173071003,DKI JAKARTA,JAKARTA BARAT,PALMERAH,KOTA BAMBU UTARA,445,1,15,11,418,2,1,0,0,1,3,0,0,3,620,34,586,54,0,0,54,259,8,230,9,12,
3171041004,DKI JAKARTA,JAKARTA PUSAT,SENEN,KRAMAT,449,3,20,6,420,0,0,0,0,0,10,0,2,8,1026,63,963,35,0,0,35,324,2,288,11,23,
3175041001,DKI JAKARTA,JAKARTA TIMUR,KRAMAT JATI,KRAMAT JATI,474,6,26,1,441,1,0,0,0,1,12,0,0,12,1020,85,935,22,0,0,22,425,19,362,11,33,
3174071003,DKI JAKARTA,JAKARTA SELATAN,KEBAYORAN BARU,KRAMAT PELA,280,3,7,0,270,0,0,0,0,0,0,0,0,0,530,21,509,6,0,0,6,167,1,152,3,11,
3173031002,DKI JAKARTA,JAKARTA BARAT,TAMAN SARI,KRUKUT,309,2,18,6,283,2,1,0,0,1,3,0,0,3,506,32,474,13,0,0,13,207,2,179,4,22,
3174031005,DKI JAKARTA,JAKARTA SELATAN,MAMPANG PRAPATAN,KUNINGAN BARAT,153,2,10,1,140,1,0,0,0,1,0,0,0,0,497,13,484,5,0,0,5,152,6,137,2,7,
3174021008,DKI JAKARTA,JAKARTA SELATAN,SETIA BUDI,KUNINGAN TIMUR,195,2,50,1,142,1,0,0,0,1,20,0,0,20,240,19,221,3,0,0,3,132,1,120,2,9,
3171041005,DKI JAKARTA,JAKARTA PUSAT,SENEN,KWITANG,262,3,12,0,247,3,0,0,0,3,7,0,0,7,529,42,487,11,0,0,11,135,0,120,6,9,
3172031003,DKI JAKARTA,JAKARTA UTARA,KOJA,LAGOA,703,8,24,1,670,1,0,0,0,1,5,0,0,5,769,23,746,79,0,0,79,681,3,648,15,15,
3174061002,DKI JAKARTA,JAKARTA SELATAN,CILANDAK,LEBAK BULUS,497,5,47,2,443,3,0,0,0,3,27,0,0,27,1141,54,1087,22,0,0,22,477,7,439,11,20,
3174091004,DKI JAKARTA,JAKARTA SELATAN,JAGAKARSA,LENTENG AGUNG,874,3,40,0,831,3,0,0,0,3,6,0,0,6,859,100,759,16,0,0,16,280,6,246,3,25,
LUAR DKI JAKARTA,LUAR DKI JAKARTA,LUAR DKI JAKARTA,LUAR DKI JAKARTA,LUAR DKI JAKARTA,46219,521,3458,98,42142,92,4,0,0,88,667,0,8,659,72206,7435,64771,2542,0,0,2542,8201,147,7613,131,310,
3175101007,DKI JAKARTA,JAKARTA TIMUR,CIPAYUNG,LUBANG BUAYA,916,8,36,3,869,3,1,0,0,2,10,0,0,10,879,50,829,33,0,0,33,445,8,415,3,19,
3175081001,DKI JAKARTA,JAKARTA TIMUR,MAKASAR,MAKASAR,416,7,40,1,368,0,0,0,0,0,8,0,0,8,1310,45,1265,25,0,0,25,335,9,294,6,26,
3175071006,DKI JAKARTA,JAKARTA TIMUR,DUREN SAWIT,MALAKA JAYA,367,6,7,2,352,1,0,0,0,1,2,0,0,2,706,34,672,16,0,0,16,252,4,232,4,12,
3175071005,DKI JAKARTA,JAKARTA TIMUR,DUREN SAWIT,MALAKA SARI,339,7,8,1,323,0,0,0,0,0,1,0,0,1,624,29,595,15,0,0,15,226,3,201,4,18,
3174031001,DKI JAKARTA,JAKARTA SELATAN,MAMPANG PRAPATAN,MAMPANG PRAPATAN,343,3,14,2,324,2,1,0,0,1,0,0,0,0,1060,21,1039,10,0,0,10,328,5,300,9,14,
3173031005,DKI JAKARTA,JAKARTA BARAT,TAMAN SARI,MANGGA BESAR,161,1,7,1,152,1,0,0,0,1,0,0,0,0,202,7,195,6,0,0,6,78,0,70,4,4,
3171021005,DKI JAKARTA,JAKARTA PUSAT,SAWAH BESAR,MANGGA DUA SELATAN,444,8,29,1,406,3,0,0,0,3,1,0,0,1,895,46,849,18,0,0,18,270,0,240,6,24,
3174011007,DKI JAKARTA,JAKARTA SELATAN,TEBET,MANGGARAI,457,5,22,0,430,4,0,0,0,4,4,0,0,4,609,40,569,27,0,0,27,265,5,236,2,22,
3174011006,DKI JAKARTA,JAKARTA SELATAN,TEBET,MANGGARAI SELATAN,320,4,14,2,300,0,0,0,0,0,6,0,0,6,520,34,486,24,0,0,24,158,3,135,8,12,
3173031003,DKI JAKARTA,JAKARTA BARAT,TAMAN SARI,MAPHAR,254,3,22,1,228,0,0,0,0,0,6,0,0,6,411,14,397,41,0,0,41,220,3,203,3,11,
3172041003,DKI JAKARTA,JAKARTA UTARA,CILINCING,MARUNDA,322,4,28,0,290,3,0,0,0,3,0,0,0,0,376,7,369,16,0,0,16,147,1,125,1,20,
3174071001,DKI JAKARTA,JAKARTA SELATAN,KEBAYORAN BARU,MELAWAI,82,1,6,0,75,0,0,0,0,0,1,0,0,1,96,8,88,0,0,0,0,20,1,17,1,1,
3171061001,DKI JAKARTA,JAKARTA PUSAT,MENTENG,MENTENG,498,11,25,2,460,2,0,0,0,2,5,0,0,5,856,36,820,27,0,0,27,299,3,278,10,8,
3174021005,DKI JAKARTA,JAKARTA SELATAN,SETIA BUDI,MENTENG ATAS,435,7,33,3,392,2,0,0,0,2,55,0,0,55,1436,82,1354,39,0,0,39,322,2,289,8,23,
3174011003,DKI JAKARTA,JAKARTA SELATAN,TEBET,MENTENG DALAM,663,10,26,4,623,4,0,0,0,4,13,0,0,13,802,40,762,46,0,0,46,287,19,232,8,28,
3173081003,DKI JAKARTA,JAKARTA BARAT,KEMBANGAN,MERUYA SELATAN,439,2,32,1,404,1,0,0,0,1,5,0,0,5,855,56,799,17,0,0,17,264,3,223,4,34,
3173081002,DKI JAKARTA,JAKARTA BARAT,KEMBANGAN,MERUYA UTARA,649,8,38,6,597,1,0,0,1,0,7,0,0,7,1080,65,1015,11,0,0,11,326,5,287,4,30,
3175101004,DKI JAKARTA,JAKARTA TIMUR,CIPAYUNG,MUNJUL,317,1,18,0,298,0,0,0,0,0,3,0,0,3,405,18,387,25,0,0,25,128,4,110,1,13,
3172051002,DKI JAKARTA,JAKARTA UTARA,PADEMANGAN,PADEMANGAN BARAT,1949,11,69,5,1864,5,0,0,0,5,15,0,0,15,2581,67,2514,37,0,0,37,795,7,732,23,33,
3172051001,DKI JAKARTA,JAKARTA UTARA,PADEMANGAN,PADEMANGAN TIMUR,685,2,38,3,642,2,0,0,0,2,15,0,2,13,940,27,913,23,0,0,23,318,3,291,6,18,
3175011004,DKI JAKARTA,JAKARTA TIMUR,MATRAMAN,PAL MERIAM,293,7,20,2,264,2,0,0,0,2,3,0,0,3,698,17,681,63,0,0,63,251,4,229,6,12,
3173071001,DKI JAKARTA,JAKARTA BARAT,PALMERAH,PALMERAH,1381,6,87,2,1286,0,0,0,0,0,2,0,0,2,2064,116,1948,79,0,0,79,595,11,533,22,29,
3174081001,DKI JAKARTA,JAKARTA SELATAN,PANCORAN,PANCORAN,443,4,10,0,429,1,0,0,0,1,9,0,0,9,647,29,618,7,0,0,7,286,6,263,4,13,
3172021003,DKI JAKARTA,JAKARTA UTARA,TANJUNG PRIOK,PAPANGGO,519,4,30,0,485,1,0,0,0,1,7,0,0,7,926,41,885,69,0,0,69,300,0,287,3,10,
3171021001,DKI JAKARTA,JAKARTA PUSAT,SAWAH BESAR,PASAR BARU,260,0,21,2,237,2,0,0,0,2,9,0,1,8,539,60,479,12,0,0,12,191,6,172,2,11,
3174021006,DKI JAKARTA,JAKARTA SELATAN,SETIA BUDI,PASAR MANGGIS,287,4,19,3,261,4,0,0,0,4,28,0,0,28,1034,63,971,18,0,0,18,287,1,249,11,26,
3174041001,DKI JAKARTA,JAKARTA SELATAN,PASAR MINGGU,PASAR MINGGU,501,6,27,1,467,3,0,0,0,3,7,0,0,7,682,35,647,21,0,0,21,261,4,240,7,10,
3171041003,DKI JAKARTA,JAKARTA PUSAT,SENEN,PASEBAN,596,3,14,1,578,4,1,0,0,3,21,0,0,21,1137,96,1041,63,0,0,63,350,7,309,9,25,
3173061005,DKI JAKARTA,JAKARTA BARAT,KALI DERES,PEGADUNGAN,845,12,66,7,760,1,1,0,0,0,10,0,0,10,1638,84,1554,18,0,0,18,343,9,284,8,42,
3171061002,DKI JAKARTA,JAKARTA PUSAT,MENTENG,PEGANGSAAN,415,1,12,2,400,3,0,0,0,3,3,0,0,3,936,28,908,52,0,0,52,371,0,361,5,5,
3172061002,DKI JAKARTA,JAKARTA UTARA,KELAPA GADING,PEGANGSAAN DUA,933,3,49,1,880,2,0,0,0,2,44,0,1,43,1929,89,1840,207,0,0,207,515,11,469,11,24,
3172011004,DKI JAKARTA,JAKARTA UTARA,PENJARINGAN,PEJAGALAN,655,6,33,2,614,3,0,0,0,3,8,0,0,8,1118,80,1038,32,0,0,32,382,13,334,6,29,
3174041006,DKI JAKARTA,JAKARTA SELATAN,PASAR MINGGU,PEJATEN BARAT,557,5,34,2,516,8,0,0,0,8,2,0,0,2,806,47,759,74,0,0,74,275,14,238,2,21,
3174041005,DKI JAKARTA,JAKARTA SELATAN,PASAR MINGGU,PEJATEN TIMUR,589,7,34,1,547,4,0,0,0,4,3,0,0,3,771,47,724,40,0,0,40,295,8,249,12,26,
3175051005,DKI JAKARTA,JAKARTA TIMUR,PASAR REBO,PEKAYON,967,5,40,1,921,2,0,0,0,2,3,0,0,3,429,24,405,14,0,0,14,263,11,227,4,21,
3173041009,DKI JAKARTA,JAKARTA BARAT,TAMBORA,PEKOJAN,323,2,9,2,310,0,0,0,0,0,3,0,0,3,281,11,270,18,0,0,18,156,6,136,5,9,
3174031003,DKI JAKARTA,JAKARTA SELATAN,MAMPANG PRAPATAN,PELA MAMPANG,456,7,19,2,428,4,0,0,0,4,15,0,0,15,1584,54,1530,6,0,0,6,377,2,341,6,28,
3174081005,DKI JAKARTA,JAKARTA SELATAN,PANCORAN,PENGADEGAN,237,2,6,2,227,0,0,0,0,0,8,0,0,8,456,20,436,11,0,0,11,131,5,119,1,6,
3175061003,DKI JAKARTA,JAKARTA TIMUR,CAKUNG,PENGGILINGAN,845,3,104,1,737,2,0,0,0,2,10,0,0,10,2020,130,1890,85,0,0,85,649,7,593,12,37,
3172011001,DKI JAKARTA,JAKARTA UTARA,PENJARINGAN,PENJARINGAN,1310,15,76,4,1215,3,1,0,0,2,24,0,0,24,3106,96,3010,122,0,0,122,734,8,664,16,46,
3174101001,DKI JAKARTA,JAKARTA SELATAN,PESANGGRAHAN,PESANGGRAHAN,522,5,52,4,461,2,0,0,1,1,0,0,0,0,1008,71,937,19,0,0,19,195,1,177,4,13,
3171071004,DKI JAKARTA,JAKARTA PUSAT,TANAH ABANG,PETAMBURAN,621,3,5,7,606,0,0,0,0,0,7,0,0,7,992,39,953,12,0,0,12,454,11,415,13,15,
3174071008,DKI JAKARTA,JAKARTA SELATAN,KEBAYORAN BARU,PETOGOGAN,264,2,34,0,228,0,0,0,0,0,3,0,0,3,320,24,296,3,0,0,3,122,1,94,0,27,
3171011004,DKI JAKARTA,JAKARTA PUSAT,GAMBIR,PETOJO SELATAN,264,1,11,1,251,0,0,0,0,0,28,0,0,28,828,25,803,16,0,0,16,280,2,263,8,7,
3171011003,DKI JAKARTA,JAKARTA PUSAT,GAMBIR,PETOJO UTARA,235,4,17,3,211,1,0,0,0,1,12,0,0,12,440,30,410,26,0,0,26,166,2,156,3,5,
3174101004,DKI JAKARTA,JAKARTA SELATAN,PESANGGRAHAN,PETUKANGAN SELATAN,539,5,57,2,475,1,0,0,0,1,2,0,0,2,1037,88,949,8,0,0,8,263,3,225,4,31,
3174101003,DKI JAKARTA,JAKARTA SELATAN,PESANGGRAHAN,PETUKANGAN UTARA,606,7,37,4,558,6,3,0,0,3,6,0,0,6,1731,44,1687,10,0,0,10,360,2,326,2,30,
3175081002,DKI JAKARTA,JAKARTA TIMUR,MAKASAR,PINANG RANTI,299,6,13,1,279,0,0,0,0,0,2,0,0,2,766,33,733,28,0,0,28,203,3,180,5,15,
3173031008,DKI JAKARTA,JAKARTA BARAT,TAMAN SARI,PINANGSIA,163,2,17,1,143,0,0,0,0,0,2,0,0,2,271,16,255,3,0,0,3,120,4,113,0,3,
3175011001,DKI JAKARTA,JAKARTA TIMUR,MATRAMAN,PISANGAN BARU,404,2,8,3,391,2,1,0,0,1,5,0,0,5,613,27,586,35,0,0,35,234,5,206,8,15,
3175021002,DKI JAKARTA,JAKARTA TIMUR,PULO GADUNG,PISANGAN TIMUR,407,7,18,4,378,1,0,0,0,1,10,0,0,10,1038,97,941,32,0,0,32,271,5,239,5,22,
3172011005,DKI JAKARTA,JAKARTA UTARA,PENJARINGAN,PLUIT,525,1,51,4,469,0,0,0,0,0,13,0,0,13,1427,65,1362,20,0,0,20,323,12,255,9,47,
3175071002,DKI JAKARTA,JAKARTA TIMUR,DUREN SAWIT,PONDOK BAMBU,1070,8,38,1,1023,5,0,0,0,5,3,0,0,3,1295,78,1217,36,0,0,36,489,7,430,10,42,
3175071004,DKI JAKARTA,JAKARTA TIMUR,DUREN SAWIT,PONDOK KELAPA,802,10,33,0,759,1,0,0,0,1,11,0,0,11,1364,81,1283,28,0,0,28,470,21,391,13,45,
3175071007,DKI JAKARTA,JAKARTA TIMUR,DUREN SAWIT,PONDOK KOPI,505,3,30,1,471,0,0,0,0,0,2,0,0,2,556,21,535,16,0,0,16,267,3,241,13,10,
3174061003,DKI JAKARTA,JAKARTA SELATAN,CILANDAK,PONDOK LABU,638,10,68,1,559,6,0,0,0,6,73,0,0,73,1250,46,1204,37,0,0,37,250,1,220,4,25,
3174051002,DKI JAKARTA,JAKARTA SELATAN,KEBAYORAN LAMA,PONDOK PINANG,711,6,54,4,647,0,0,0,0,0,44,0,0,44,973,60,913,11,0,0,11,374,9,326,9,30,
3175101003,DKI JAKARTA,JAKARTA TIMUR,CIPAYUNG,PONDOK RANGGON,312,1,12,3,296,0,0,0,0,0,3,0,0,3,492,28,464,22,0,0,22,211,4,190,1,16,
PROSES UPDATE DATA,PROSES UPDATE DATA,PROSES UPDATE DATA,PROSES UPDATE DATA,PROSES UPDATE DATA,16231,205,976,1696,13354,3714,2,0,3702,10,114,0,1,113,36128,4776,31352,258,0,1,257,25756,345,23773,479,1159,
3101011003,DKI JAKARTA,KAB.ADM.KEP.SERIBU,KEP. SERIBU UTARA,PULAU HARAPAN,66,0,1,0,65,0,0,0,0,0,0,0,0,0,88,11,77,0,0,0,0,6,0,6,0,0,
3101011002,DKI JAKARTA,KAB.ADM.KEP.SERIBU,KEP. SERIBU UTARA,PULAU KELAPA,83,0,3,1,79,0,0,0,0,0,3,0,0,3,211,28,183,1,0,0,1,9,1,8,0,0,
3101011001,DKI JAKARTA,KAB.ADM.KEP.SERIBU,KEP. SERIBU UTARA,PULAU PANGGANG,178,0,6,1,171,0,0,0,0,0,0,0,0,0,179,0,179,4,0,0,4,29,0,29,0,0,
3101021003,DKI JAKARTA,KAB.ADM.KEP.SERIBU,KEP. SERIBU SELATAN,PULAU PARI,13,0,1,0,12,0,0,0,0,0,0,0,0,0,199,1,198,1,0,0,1,7,0,5,0,2,
3101021002,DKI JAKARTA,KAB.ADM.KEP.SERIBU,KEP. SERIBU SELATAN,PULAU TIDUNG,38,0,0,0,38,1,0,0,1,0,1,0,0,1,398,6,392,1,0,0,1,37,0,37,0,0,
3101021001,DKI JAKARTA,KAB.ADM.KEP.SERIBU,KEP. SERIBU SELATAN,PULAU UNTUNG JAWA,25,0,0,0,25,0,0,0,0,0,0,0,0,0,112,3,109,0,0,0,0,5,0,5,0,0,
3174071007,DKI JAKARTA,JAKARTA SELATAN,KEBAYORAN BARU,PULO,303,0,5,1,297,1,0,0,0,1,1,0,0,1,231,5,226,0,0,0,0,59,2,56,0,1,
3175021001,DKI JAKARTA,JAKARTA TIMUR,PULO GADUNG,PULO GADUNG,462,3,28,2,429,0,0,0,0,0,11,0,0,11,994,57,937,38,0,0,38,293,0,278,6,9,
3175061005,DKI JAKARTA,JAKARTA TIMUR,CAKUNG,PULO GEBANG,712,6,93,2,611,1,0,0,0,1,9,0,0,9,1555,87,1468,72,0,0,72,500,10,433,12,45,
3174041004,DKI JAKARTA,JAKARTA SELATAN,PASAR MINGGU,RAGUNAN,916,13,103,2,798,1,0,0,0,1,2,0,0,2,840,58,782,25,0,0,25,261,10,219,6,26,
3175091005,DKI JAKARTA,JAKARTA TIMUR,CIRACAS,RAMBUTAN,526,9,46,1,470,2,0,0,0,2,12,0,0,12,804,25,779,29,0,0,29,238,7,203,3,25,
3172031006,DKI JAKARTA,JAKARTA UTARA,KOJA,RAWA BADAK SELATAN,560,9,25,2,524,2,0,0,0,2,2,0,0,2,641,29,612,58,0,0,58,359,6,315,5,33,
3172031004,DKI JAKARTA,JAKARTA UTARA,KOJA,RAWA BADAK UTARA,527,8,18,1,500,0,0,0,0,0,2,0,0,2,585,25,560,94,0,0,94,276,3,246,4,23,
3174071005,DKI JAKARTA,JAKARTA SELATAN,KEBAYORAN BARU,RAWA BARAT,111,0,6,2,103,0,0,0,0,0,2,0,0,2,187,10,177,0,0,0,0,48,0,39,1,8,
3173011003,DKI JAKARTA,JAKARTA BARAT,CENGKARENG,RAWA BUAYA,456,9,36,2,409,1,0,0,0,1,6,0,0,6,905,44,861,6,0,0,6,377,8,314,13,42,
3175031004,DKI JAKARTA,JAKARTA TIMUR,JATINEGARA,RAWA BUNGA,178,5,3,1,169,0,0,0,0,0,1,0,0,1,323,18,305,16,0,0,16,156,2,142,3,9,
3174081003,DKI JAKARTA,JAKARTA SELATAN,PANCORAN,RAWA JATI,333,2,10,0,321,2,0,0,0,2,11,0,0,11,582,46,536,7,0,0,7,135,7,108,0,20,
3175061002,DKI JAKARTA,JAKARTA TIMUR,CAKUNG,RAWA TERATE,177,0,23,0,154,0,0,0,0,0,2,0,0,2,427,33,394,8,0,0,8,196,1,182,1,12,
3175021005,DKI JAKARTA,JAKARTA TIMUR,PULO GADUNG,RAWAMANGUN,407,4,26,0,377,1,0,0,0,1,9,0,0,9,1013,53,960,35,0,0,35,334,6,292,10,26,
3171051003,DKI JAKARTA,JAKARTA PUSAT,CEMPAKA PUTIH,RAWASARI,798,5,31,2,760,4,0,0,1,3,10,0,0,10,1479,79,1400,38,0,0,38,439,10,411,6,12,
3173041010,DKI JAKARTA,JAKARTA BARAT,TAMBORA,ROA MALAKA,41,0,2,0,39,1,0,0,0,1,0,0,0,0,48,3,45,2,0,0,2,16,1,14,0,1,
3172041006,DKI JAKARTA,JAKARTA UTARA,CILINCING,ROROTAN,457,6,41,2,408,0,0,0,0,0,4,0,0,4,663,16,647,80,0,0,80,199,4,181,2,12,
3174071004,DKI JAKARTA,JAKARTA SELATAN,KEBAYORAN BARU,SELONG,96,0,4,0,92,0,0,0,0,0,3,0,0,3,144,10,134,3,0,0,3,26,0,24,1,1,
3173061002,DKI JAKARTA,JAKARTA BARAT,KALI DERES,SEMANAN,662,8,62,3,589,1,0,0,0,1,3,0,0,3,1281,124,1157,9,0,0,9,269,6,215,4,44,
3172041007,DKI JAKARTA,JAKARTA UTARA,CILINCING,SEMPER BARAT,898,6,65,1,826,3,0,0,0,3,12,0,0,12,1277,38,1239,115,0,0,115,507,0,468,11,28,
3172041005,DKI JAKARTA,JAKARTA UTARA,CILINCING,SEMPER TIMUR,491,5,36,1,449,1,0,0,0,1,4,0,0,4,760,63,697,57,0,0,57,260,7,239,5,9,
3174071006,DKI JAKARTA,JAKARTA SELATAN,KEBAYORAN BARU,SENAYAN,504,2,124,0,378,0,0,0,0,0,10,0,0,10,743,95,648,0,0,0,0,208,0,194,0,14,
3171041001,DKI JAKARTA,JAKARTA PUSAT,SENEN,SENEN,217,2,10,0,205,1,0,0,0,1,8,0,0,8,778,77,701,26,0,0,26,169,6,152,3,8,
3171031004,DKI JAKARTA,JAKARTA PUSAT,KEMAYORAN,SERDANG,504,4,18,2,480,0,0,0,0,0,5,0,0,5,831,47,784,31,0,0,31,297,3,278,6,10,
3174021001,DKI JAKARTA,JAKARTA SELATAN,SETIA BUDI,SETIA BUDI,113,0,6,0,107,0,0,0,0,0,4,0,0,4,378,16,362,6,0,0,6,48,0,46,0,2,
3175101005,DKI JAKARTA,JAKARTA TIMUR,CIPAYUNG,SETU,296,1,12,0,283,2,0,0,0,2,2,0,0,2,492,35,457,14,0,0,14,143,6,121,1,15,
3173071002,DKI JAKARTA,JAKARTA BARAT,PALMERAH,SLIPI,583,2,11,2,568,0,0,0,0,0,2,0,0,2,1068,37,1031,43,0,0,43,335,5,310,4,16,
3173081004,DKI JAKARTA,JAKARTA BARAT,KEMBANGAN,SRENGSENG,631,10,41,3,577,1,0,0,0,1,6,0,0,6,1390,67,1323,27,0,0,27,362,13,321,5,23,
3174091002,DKI JAKARTA,JAKARTA SELATAN,JAGAKARSA,SRENGSENG SAWAH,962,3,37,0,922,8,0,0,0,8,11,0,0,11,1120,61,1059,26,0,0,26,262,5,232,8,17,
3173051003,DKI JAKARTA,JAKARTA BARAT,KEBON JERUK,SUKABUMI SELATAN,369,4,24,4,337,1,0,0,0,1,1,0,0,1,783,49,734,25,0,0,25,244,4,218,5,17,
3173051002,DKI JAKARTA,JAKARTA BARAT,KEBON JERUK,SUKABUMI UTARA,421,1,48,3,369,0,0,0,0,0,19,0,0,19,874,72,802,46,0,0,46,295,7,244,10,34,
3172041002,DKI JAKARTA,JAKARTA UTARA,CILINCING,SUKAPURA,701,10,45,2,644,0,0,0,0,0,6,0,0,6,1006,57,949,102,0,0,102,373,0,336,8,29,
3171031007,DKI JAKARTA,JAKARTA PUSAT,KEMAYORAN,SUMUR BATU,460,5,19,1,435,2,0,0,0,2,6,0,0,6,637,50,587,31,0,0,31,250,3,227,3,17,
3172021004,DKI JAKARTA,JAKARTA UTARA,TANJUNG PRIOK,SUNGAI BAMBU,430,1,29,0,400,0,0,0,0,0,7,0,0,7,717,29,688,43,0,0,43,249,2,221,6,20,
3172021006,DKI JAKARTA,JAKARTA UTARA,TANJUNG PRIOK,SUNTER AGUNG,1081,7,61,1,1012,4,0,0,0,4,23,0,1,22,2159,80,2079,100,0,0,100,691,11,612,19,49,
3172021002,DKI JAKARTA,JAKARTA UTARA,TANJUNG PRIOK,SUNTER JAYA,1011,11,58,6,936,1,0,0,0,1,10,0,0,10,1873,76,1797,187,0,0,187,632,3,569,19,41,
3175091004,DKI JAKARTA,JAKARTA TIMUR,CIRACAS,SUSUKAN,587,2,33,1,551,0,0,0,0,0,17,0,0,17,1382,27,1355,69,0,0,69,214,3,189,8,14,
3173031001,DKI JAKARTA,JAKARTA BARAT,TAMAN SARI,TAMAN SARI,303,4,14,0,285,2,0,0,0,2,1,0,0,1,461,25,436,17,0,0,17,205,0,184,4,17,
3173041001,DKI JAKARTA,JAKARTA BARAT,TAMBORA,TAMBORA,224,3,8,3,210,0,0,0,0,0,1,0,0,1,331,12,319,3,0,0,3,110,4,93,3,10,
3173041004,DKI JAKARTA,JAKARTA BARAT,TAMBORA,TANAH SEREAL,312,0,12,2,298,1,0,0,0,1,4,0,0,4,297,10,287,5,0,0,5,177,2,161,7,7,
3171081004,DKI JAKARTA,JAKARTA PUSAT,JOHAR BARU,TANAH TINGGI,512,4,21,3,484,4,0,0,0,4,6,0,0,6,1149,46,1103,35,0,0,35,428,14,384,16,14,
3173031004,DKI JAKARTA,JAKARTA BARAT,TAMAN SARI,TANGKI,262,1,9,1,251,1,0,0,0,1,3,0,0,3,341,14,327,2,0,0,2,135,2,125,1,7,
3174091005,DKI JAKARTA,JAKARTA SELATAN,JAGAKARSA,TANJUNG BARAT,755,6,29,1,719,1,0,0,0,1,2,0,0,2,666,33,633,13,0,0,13,289,8,254,6,21,
3173021005,DKI JAKARTA,JAKARTA BARAT,GROGOL PETAMBURAN,TANJUNG DUREN SELATAN,465,3,18,1,443,0,0,0,0,0,19,0,0,19,747,37,710,23,0,0,23,338,8,300,9,21,
3173021002,DKI JAKARTA,JAKARTA BARAT,GROGOL PETAMBURAN,TANJUNG DUREN UTARA,304,1,7,0,296,2,0,0,0,2,21,0,0,21,626,24,602,19,0,0,19,189,2,168,9,10,
3172021001,DKI JAKARTA,JAKARTA UTARA,TANJUNG PRIOK,TANJUNG PRIOK,581,5,23,6,547,1,1,0,0,0,13,0,1,12,841,25,816,69,0,0,69,394,2,368,10,14,
3174011002,DKI JAKARTA,JAKARTA SELATAN,TEBET,TEBET BARAT,520,10,23,0,487,2,0,0,0,2,8,0,0,8,705,26,679,24,0,0,24,339,4,317,7,11,
3174011001,DKI JAKARTA,JAKARTA SELATAN,TEBET,TEBET TIMUR,418,3,17,2,396,0,0,0,0,0,6,0,0,6,597,30,567,35,0,0,35,217,2,200,4,11,
3173061003,DKI JAKARTA,JAKARTA BARAT,KALI DERES,TEGAL ALUR,795,13,62,6,714,0,0,0,0,0,7,0,0,7,1337,73,1264,13,0,0,13,277,10,217,5,45,
3174031004,DKI JAKARTA,JAKARTA SELATAN,MAMPANG PRAPATAN,TEGAL PARANG,375,5,14,3,353,5,0,0,1,4,4,0,0,4,1079,41,1038,12,0,0,12,333,6,301,6,20,
3173021003,DKI JAKARTA,JAKARTA BARAT,GROGOL PETAMBURAN,TOMANG,503,2,13,2,486,0,0,0,0,0,15,0,0,15,824,35,789,85,0,0,85,324,6,289,8,21,
3172031005,DKI JAKARTA,JAKARTA UTARA,KOJA,TUGU SELATAN,485,5,15,1,464,0,0,0,0,0,2,0,0,2,507,23,484,89,0,0,89,319,2,290,8,19,
3172031002,DKI JAKARTA,JAKARTA UTARA,KOJA,TUGU UTARA,974,9,26,0,939,3,0,0,0,3,8,0,1,7,948,40,908,102,0,0,102,487,0,448,15,24,
3175061006,DKI JAKARTA,JAKARTA TIMUR,CAKUNG,UJUNG MENTENG,193,1,19,2,171,1,0,0,0,1,1,0,0,1,519,40,479,29,0,0,29,141,0,131,3,7,
3174101005,DKI JAKARTA,JAKARTA SELATAN,PESANGGRAHAN,ULUJAMI,611,4,26,2,579,0,0,0,0,0,0,0,0,0,1276,40,1236,26,0,0,26,286,4,262,7,13,
3175011006,DKI JAKARTA,JAKARTA TIMUR,MATRAMAN,UTAN KAYU SELATAN,542,2,21,8,511,2,0,0,0,2,7,0,0,7,939,34,905,92,0,0,92,299,7,269,8,15,
3175011002,DKI JAKARTA,JAKARTA TIMUR,MATRAMAN,UTAN KAYU UTARA,454,9,12,0,433,2,0,0,0,2,4,0,0,4,761,25,736,46,0,0,46,244,2,206,12,24,
3171031008,DKI JAKARTA,JAKARTA PUSAT,KEMAYORAN,UTAN PANJANG,439,4,14,2,419,0,0,0,0,0,4,0,0,4,655,33,622,28,0,0,28,302,2,284,9,7,
3172021007,DKI JAKARTA,JAKARTA UTARA,TANJUNG PRIOK,WARAKAS,608,10,40,2,556,0,0,0,0,0,11,0,0,11,1046,38,1008,61,0,0,61,378,3,321,8,46,
3173021007,DKI JAKARTA,JAKARTA BARAT,GROGOL PETAMBURAN,WIJAYA KUSUMA,434,2,27,2,403,1,0,0,0,1,7,0,0,7,911,61,850,23,0,0,23,307,8,271,8,20,
