id_kel,nama_provinsi,nama_kota,nama_kecamatan,nama_kelurahan,suspek,perawatan_rs,isolasi_di_rumah,suspek_meninggal,selesai_isolasi,probable,perawatan_rs,isolasi_di_rumah,probable_meninggal,selesai_isolasi,pelaku_perjalanan,perawatan_rs,isolasi_di_rumah,selesai_isolasi,kontak_erat,isolasi_di_rumah,selesai_isolasi,discarded,isolasi_di_rumah,meninggal,selesai_isolasi,positif,dirawat,sembuh,meninggal,self_isolation,keterangan
3172051003,DKI JAKARTA,JAKARTA UTARA,PADEMANGAN,ANCOL,478,2,14,0,462,4,0,0,0,4,10,0,0,10,640,21,619,10,0,0,10,327,3,296,4,24,
3173041007,DKI JAKARTA,JAKARTA BARAT,TAMBORA,ANGKE,419,2,21,2,394,1,0,0,1,0,0,0,0,0,502,22,480,26,0,0,26,186,2,168,4,12,
3175041005,DKI JAKARTA,JAKARTA TIMUR,KRAMAT JATI,BALE KAMBANG,292,5,18,1,268,3,2,0,0,1,5,0,0,5,562,38,524,23,0,0,23,177,10,152,3,12,
3175031003,DKI JAKARTA,JAKARTA TIMUR,JATINEGARA,BALI MESTER,105,4,3,1,97,1,0,0,0,1,0,0,0,0,168,41,127,6,0,0,6,75,2,40,2,31,
3175101006,DKI JAKARTA,JAKARTA TIMUR,CIPAYUNG,BAMBU APUS,424,4,33,1,386,0,0,0,0,0,4,0,0,4,654,49,605,17,0,0,17,172,8,148,3,13,
3174031002,DKI JAKARTA,JAKARTA SELATAN,MAMPANG PRAPATAN,BANGKA,308,2,26,2,278,5,0,0,1,4,18,0,0,18,700,32,668,8,0,0,8,185,2,170,2,11,
3175051002,DKI JAKARTA,JAKARTA TIMUR,PASAR REBO,BARU,427,6,37,1,383,0,0,0,0,0,5,0,0,5,409,10,399,18,0,0,18,196,4,181,0,11,
3175041004,DKI JAKARTA,JAKARTA TIMUR,KRAMAT JATI,BATU AMPAR,532,8,37,1,486,3,0,0,0,3,3,0,0,3,1116,90,1026,26,0,0,26,277,7,237,5,28,
3171071002,DKI JAKARTA,JAKARTA PUSAT,TANAH ABANG,BENDUNGAN HILIR,457,6,20,0,431,2,1,0,0,1,4,0,0,4,841,45,796,10,0,0,10,253,4,227,8,14,
3175031002,DKI JAKARTA,JAKARTA TIMUR,JATINEGARA,BIDARA CINA,398,10,20,3,365,1,0,0,0,1,8,0,0,8,606,69,537,37,0,0,37,288,6,256,10,16,
3174101002,DKI JAKARTA,JAKARTA SELATAN,PESANGGRAHAN,BINTARO,755,7,39,2,707,4,0,0,0,4,9,0,0,9,1539,60,1479,26,0,0,26,341,8,302,9,22,
3174011005,DKI JAKARTA,JAKARTA SELATAN,TEBET,BUKIT DURI,403,3,13,3,384,2,0,0,0,2,13,0,0,13,608,30,578,13,0,0,13,239,4,209,8,18,
3171041006,DKI JAKARTA,JAKARTA PUSAT,SENEN,BUNGUR,254,10,14,2,228,1,0,0,0,1,13,0,0,13,616,81,535,16,0,0,16,192,2,174,4,12,
3175061007,DKI JAKARTA,JAKARTA TIMUR,CAKUNG,CAKUNG BARAT,371,9,44,1,317,2,1,0,0,1,0,0,0,0,747,56,691,47,0,0,47,322,5,261,5,51,
3175061004,DKI JAKARTA,JAKARTA TIMUR,CAKUNG,CAKUNG TIMUR,426,4,37,2,383,3,0,0,1,2,6,0,0,6,869,66,803,45,0,0,45,300,4,267,7,22,
3175041007,DKI JAKARTA,JAKARTA TIMUR,KRAMAT JATI,CAWANG,351,3,22,0,326,1,0,0,0,1,6,0,0,6,1008,195,813,19,0,0,19,334,12,281,6,35,
3175101008,DKI JAKARTA,JAKARTA TIMUR,CIPAYUNG,CEGER,254,3,12,0,239,0,0,0,0,0,1,0,0,1,443,34,409,9,0,0,9,135,5,109,3,18,
3171031006,DKI JAKARTA,JAKARTA PUSAT,KEMAYORAN,CEMPAKA BARU,677,4,33,2,638,1,0,0,0,1,7,0,0,7,1069,53,1016,35,0,0,35,437,1,394,17,25,
3171051002,DKI JAKARTA,JAKARTA PUSAT,CEMPAKA PUTIH,CEMPAKA PUTIH BARAT,928,7,30,2,889,5,2,0,0,3,21,0,1,20,2045,81,1964,51,0,0,51,689,9,643,15,22,
3171051001,DKI JAKARTA,JAKARTA PUSAT,CEMPAKA PUTIH,CEMPAKA PUTIH TIMUR,659,7,37,1,614,1,0,0,0,1,12,0,0,12,1469,69,1400,58,0,0,58,363,3,341,6,13,
3173011001,DKI JAKARTA,JAKARTA BARAT,CENGKARENG,CENGKARENG BARAT,758,12,38,1,707,0,0,0,0,0,6,0,0,6,1358,64,1294,13,0,0,13,477,22,394,9,52,
3173011006,DKI JAKARTA,JAKARTA BARAT,CENGKARENG,CENGKARENG TIMUR,926,12,39,7,868,1,0,0,0,1,4,0,0,4,1880,115,1765,18,0,0,18,689,6,589,16,78,
3175091002,DKI JAKARTA,JAKARTA TIMUR,CIRACAS,CIBUBUR,928,3,53,4,868,1,0,0,0,1,30,0,0,30,1921,38,1883,92,0,0,92,349,6,313,7,23,
3171011002,DKI JAKARTA,JAKARTA PUSAT,GAMBIR,CIDENG,309,2,10,2,295,0,0,0,0,0,10,0,0,10,629,5,624,13,0,0,13,198,2,182,7,7,
3174091003,DKI JAKARTA,JAKARTA SELATAN,JAGAKARSA,CIGANJUR,726,9,50,1,666,2,0,0,0,2,12,0,0,12,811,102,709,14,0,0,14,211,8,172,4,27,
3175051003,DKI JAKARTA,JAKARTA TIMUR,PASAR REBO,CIJANTUNG,846,5,58,3,780,0,0,0,0,0,3,0,0,3,574,24,550,10,0,0,10,320,11,274,9,26,
3171061003,DKI JAKARTA,JAKARTA PUSAT,MENTENG,CIKINI,164,2,7,0,155,0,0,0,0,0,2,0,0,2,223,12,211,11,0,0,11,69,0,62,3,4,
3174081006,DKI JAKARTA,JAKARTA SELATAN,PANCORAN,CIKOKO,194,1,3,0,190,1,0,0,0,1,10,0,0,10,282,5,277,1,0,0,1,70,3,62,3,2,
3174061001,DKI JAKARTA,JAKARTA SELATAN,CILANDAK,CILANDAK BARAT,1265,20,187,5,1053,1,0,0,0,1,97,0,0,97,1629,71,1558,41,0,0,41,406,8,358,7,33,
3174041003,DKI JAKARTA,JAKARTA SELATAN,PASAR MINGGU,CILANDAK TIMUR,520,2,40,1,477,5,0,0,0,5,17,0,0,17,495,37,458,86,0,0,86,265,3,245,8,9,
3175101002,DKI JAKARTA,JAKARTA TIMUR,CIPAYUNG,CILANGKAP,369,4,14,1,350,1,0,0,0,1,3,0,0,3,643,21,622,21,0,0,21,183,2,166,2,13,
3175041006,DKI JAKARTA,JAKARTA TIMUR,KRAMAT JATI,CILILITAN,344,2,29,1,312,0,0,0,0,0,6,0,0,6,921,92,829,47,0,0,47,321,7,272,8,34,
3172041001,DKI JAKARTA,JAKARTA UTARA,CILINCING,CILINCING,626,5,34,1,586,1,1,0,0,0,6,0,0,6,1167,23,1144,102,0,0,102,426,4,392,11,19,
3175101001,DKI JAKARTA,JAKARTA TIMUR,CIPAYUNG,CIPAYUNG,551,6,38,2,505,3,0,0,1,2,7,0,0,7,720,45,675,33,0,0,33,226,2,203,3,18,
3174091006,DKI JAKARTA,JAKARTA SELATAN,JAGAKARSA,CIPEDAK,601,3,27,0,571,3,1,0,0,2,1,0,0,1,863,66,797,8,0,0,8,270,0,249,3,18,
3174061005,DKI JAKARTA,JAKARTA SELATAN,CILANDAK,CIPETE SELATAN,324,7,28,1,288,2,0,0,0,2,46,0,0,46,568,68,500,6,0,0,6,152,3,123,7,19,
3174071010,DKI JAKARTA,JAKARTA SELATAN,KEBAYORAN BARU,CIPETE UTARA,713,7,102,3,601,0,0,0,0,0,9,0,0,9,629,67,562,5,0,0,5,189,6,157,4,22,
3175021003,DKI JAKARTA,JAKARTA TIMUR,PULO GADUNG,CIPINANG,348,7,17,2,322,1,0,0,0,1,3,0,0,3,967,46,921,40,0,0,40,364,11,326,12,15,
3175031007,DKI JAKARTA,JAKARTA TIMUR,JATINEGARA,CIPINANG BESAR SELATAN,304,10,17,2,275,2,0,0,0,2,2,0,0,2,638,79,559,18,0,0,18,241,5,206,2,28,
3175031008,DKI JAKARTA,JAKARTA TIMUR,JATINEGARA,CIPINANG BESAR UTARA,463,4,34,0,425,2,0,0,0,2,3,0,0,3,931,122,809,20,0,0,20,377,3,325,6,43,
3175031005,DKI JAKARTA,JAKARTA TIMUR,JATINEGARA,CIPINANG CEMPEDAK,280,6,20,2,252,0,0,0,0,0,5,0,0,5,557,63,494,20,0,0,20,213,10,189,5,9,
3175081005,DKI JAKARTA,JAKARTA TIMUR,MAKASAR,CIPINANG MELAYU,404,2,33,2,367,3,0,0,0,3,4,0,0,4,789,25,764,20,0,0,20,288,2,268,7,11,
3175031006,DKI JAKARTA,JAKARTA TIMUR,JATINEGARA,CIPINANG MUARA,472,6,18,1,447,5,0,0,0,5,9,0,0,9,1004,50,954,31,0,0,31,422,8,347,6,61,
3174051003,DKI JAKARTA,JAKARTA SELATAN,KEBAYORAN LAMA,CIPULIR,365,5,32,4,324,6,0,0,0,6,6,0,0,6,568,23,545,8,0,0,8,258,4,228,4,22,
3175091001,DKI JAKARTA,JAKARTA TIMUR,CIRACAS,CIRACAS,1005,6,70,9,920,3,0,0,0,3,23,0,0,23,1682,22,1660,45,0,0,45,495,9,448,16,22,
3175041003,DKI JAKARTA,JAKARTA TIMUR,KRAMAT JATI,DUKUH,319,7,24,1,287,0,0,0,0,0,1,0,0,1,752,70,682,14,0,0,14,195,4,166,4,21,
3175071001,DKI JAKARTA,JAKARTA TIMUR,DUREN SAWIT,DUREN SAWIT,926,7,28,3,888,18,1,0,0,17,4,0,0,4,1214,67,1147,36,0,0,36,605,7,535,14,49,
3174081004,DKI JAKARTA,JAKARTA SELATAN,PANCORAN,DUREN TIGA,461,9,11,0,441,2,0,0,0,2,6,0,0,6,661,18,643,3,0,0,3,214,9,193,1,11,
3173051005,DKI JAKARTA,JAKARTA BARAT,KEBON JERUK,DURI KEPA,587,9,45,2,531,3,0,0,0,3,12,0,0,12,1363,46,1317,74,0,0,74,436,7,391,12,26,
3173011002,DKI JAKARTA,JAKARTA BARAT,CENGKARENG,DURI KOSAMBI,659,16,48,3,592,1,1,0,0,0,4,0,0,4,1156,67,1089,11,0,0,11,474,17,403,8,46,
3171011006,DKI JAKARTA,JAKARTA PUSAT,GAMBIR,DURI PULO,209,4,10,3,192,0,0,0,0,0,1,0,0,1,525,26,499,7,0,0,7,192,1,171,8,12,
3173041011,DKI JAKARTA,JAKARTA BARAT,TAMBORA,DURI SELATAN,192,7,8,1,176,0,0,0,0,0,2,0,0,2,188,18,170,4,0,0,4,85,2,71,3,9,
3173041003,DKI JAKARTA,JAKARTA BARAT,TAMBORA,DURI UTARA,227,3,8,2,214,1,0,0,0,1,2,0,0,2,248,9,239,5,0,0,5,145,2,133,4,6,
3171081003,DKI JAKARTA,JAKARTA PUSAT,JOHAR BARU,GALUR,234,0,9,0,225,4,1,0,0,3,3,0,0,3,556,16,540,46,0,0,46,220,3,205,10,2,
3171011001,DKI JAKARTA,JAKARTA PUSAT,GAMBIR,GAMBIR,103,2,8,0,93,1,0,0,0,1,17,0,0,17,426,7,419,6,0,0,6,186,1,175,1,9,
3174061004,DKI JAKARTA,JAKARTA SELATAN,CILANDAK,GANDARIA SELATAN,237,1,16,0,220,2,0,0,0,2,20,0,0,20,725,39,686,4,0,0,4,168,0,154,5,9,
3174071009,DKI JAKARTA,JAKARTA SELATAN,KEBAYORAN BARU,GANDARIA UTARA,689,5,60,2,622,0,0,0,0,0,3,0,0,3,716,53,663,5,0,0,5,233,4,204,4,21,
3175051001,DKI JAKARTA,JAKARTA TIMUR,PASAR REBO,GEDONG,806,5,52,0,749,0,0,0,0,0,4,0,0,4,472,37,435,25,0,0,25,272,2,242,4,24,
3171071001,DKI JAKARTA,JAKARTA PUSAT,TANAH ABANG,GELORA,80,1,4,1,74,0,0,0,0,0,5,0,0,5,229,2,227,0,0,0,0,114,0,108,2,4,
3173031007,DKI JAKARTA,JAKARTA BARAT,TAMAN SARI,GLODOK,117,2,2,0,113,0,0,0,0,0,1,0,0,1,181,13,168,1,0,0,1,43,2,38,2,1,
3171061004,DKI JAKARTA,JAKARTA PUSAT,MENTENG,GONDANGDIA,76,1,6,1,68,0,0,0,0,0,13,0,0,13,152,9,143,7,0,0,7,64,2,58,3,1,
3173021001,DKI JAKARTA,JAKARTA BARAT,GROGOL PETAMBURAN,GROGOL,528,2,23,4,499,1,0,0,0,1,45,0,0,45,1047,46,1001,36,0,0,36,266,1,247,1,17,
3174051005,DKI JAKARTA,JAKARTA SELATAN,KEBAYORAN LAMA,GROGOL SELATAN,426,6,34,5,381,0,0,0,0,0,12,0,0,12,656,36,620,12,0,0,12,284,7,244,7,26,
3174051004,DKI JAKARTA,JAKARTA SELATAN,KEBAYORAN LAMA,GROGOL UTARA,466,11,37,4,414,0,0,0,0,0,24,0,0,24,656,17,639,17,0,0,17,352,5,298,12,37,
3174021007,DKI JAKARTA,JAKARTA SELATAN,SETIA BUDI,GUNTUR,67,3,3,0,61,0,0,0,0,0,1,0,0,1,216,18,198,1,0,0,1,62,2,48,1,11,
3174071002,DKI JAKARTA,JAKARTA SELATAN,KEBAYORAN BARU,GUNUNG,308,0,22,3,283,0,0,0,0,0,7,0,0,7,396,15,381,0,0,0,0,129,6,115,3,5,
3171031005,DKI JAKARTA,JAKARTA PUSAT,KEMAYORAN,GUNUNG SAHARI SELATAN,327,3,11,1,312,0,0,0,0,0,5,0,0,5,566,39,527,1,0,0,1,202,2,191,6,3,
3171021004,DKI JAKARTA,JAKARTA PUSAT,SAWAH BESAR,GUNUNG SAHARI UTARA,290,3,5,1,281,2,1,0,0,1,7,0,0,7,584,16,568,11,0,0,11,184,1,168,10,5,
3175081004,DKI JAKARTA,JAKARTA TIMUR,MAKASAR,HALIM PERDANA KUSUMAH,270,3,17,2,248,0,0,0,0,0,6,0,0,6,597,28,569,9,0,0,9,453,13,424,6,10,
3171031003,DKI JAKARTA,JAKARTA PUSAT,KEMAYORAN,HARAPAN MULIA,383,2,21,3,357,1,0,0,0,1,6,0,0,6,606,28,578,33,0,0,33,270,2,244,9,15,
3174091001,DKI JAKARTA,JAKARTA SELATAN,JAGAKARSA,JAGAKARSA,1092,10,36,2,1044,8,0,0,0,8,8,0,0,8,1241,89,1152,19,0,0,19,425,2,401,6,16,
3175021007,DKI JAKARTA,JAKARTA TIMUR,PULO GADUNG,JATI,387,4,10,1,372,0,0,0,0,0,8,0,0,8,995,44,951,38,0,0,38,280,5,262,6,7,
3174041002,DKI JAKARTA,JAKARTA SELATAN,PASAR MINGGU,JATI PADANG,563,7,39,2,515,0,0,0,0,0,4,0,1,3,709,44,665,72,0,0,72,233,9,202,5,17,
3173071004,DKI JAKARTA,JAKARTA BARAT,PALMERAH,JATI PULO,560,0,29,4,527,2,1,0,0,1,4,0,0,4,831,59,772,64,0,0,64,322,5,296,9,12,
3175061001,DKI JAKARTA,JAKARTA TIMUR,CAKUNG,JATINEGARA,764,3,109,3,649,1,0,0,0,1,4,0,1,3,1625,133,1492,45,0,0,45,608,8,542,10,48,
3175021004,DKI JAKARTA,JAKARTA TIMUR,PULO GADUNG,JATINEGARA KAUM,139,1,5,0,133,1,0,0,1,0,3,0,0,3,422,40,382,12,0,0,12,126,2,106,6,12,
3173021004,DKI JAKARTA,JAKARTA BARAT,GROGOL PETAMBURAN,JELAMBAR,497,8,29,5,455,2,0,0,0,2,27,0,0,27,874,73,801,14,0,0,14,296,8,227,7,54,
3173021006,DKI JAKARTA,JAKARTA BARAT,GROGOL PETAMBURAN,JELAMBAR BARU,418,4,22,2,390,2,0,0,0,2,4,0,0,4,699,45,654,21,0,0,21,236,3,197,5,31,
3173041006,DKI JAKARTA,JAKARTA BARAT,TAMBORA,JEMBATAN BESI,571,7,7,1,556,1,0,0,0,1,5,0,0,5,512,17,495,8,0,0,8,262,2,228,8,24,
3173041008,DKI JAKARTA,JAKARTA BARAT,TAMBORA,JEMBATAN LIMA,216,4,12,0,200,0,0,0,0,0,1,0,0,1,227,5,222,5,0,0,5,145,2,126,4,13,
3173081005,DKI JAKARTA,JAKARTA BARAT,KEMBANGAN,JOGLO,537,5,45,4,483,1,0,0,0,1,5,0,0,5,805,43,762,15,0,0,15,267,5,238,4,20,
3171081001,DKI JAKARTA,JAKARTA PUSAT,JOHAR BARU,JOHAR BARU,731,10,36,3,682,6,2,0,0,4,11,0,0,11,1957,76,1881,101,0,0,101,532,6,480,19,27,
3173041002,DKI JAKARTA,JAKARTA BARAT,TAMBORA,KALI ANYAR,400,3,12,0,385,1,0,0,0,1,4,0,0,4,370,12,358,14,0,0,14,202,1,184,7,10,
3172041004,DKI JAKARTA,JAKARTA UTARA,CILINCING,KALI BARU,582,17,48,5,512,0,0,0,0,0,5,0,0,5,702,32,670,46,0,0,46,354,0,333,9,12,
3174081002,DKI JAKARTA,JAKARTA SELATAN,PANCORAN,KALIBATA,639,4,22,4,609,7,0,0,0,7,12,0,0,12,911,49,862,12,0,0,12,342,8,316,7,11,
3173061001,DKI JAKARTA,JAKARTA BARAT,KALI DERES,KALIDERES,1291,18,78,4,1191,1,0,0,0,1,6,0,0,6,2393,113,2280,30,0,0,30,524,9,459,8,48,
3175051004,DKI JAKARTA,JAKARTA TIMUR,PASAR REBO,KALISARI,1119,10,40,0,1069,0,0,0,0,0,3,0,0,3,576,29,547,13,0,0,13,302,13,260,6,23,
3173061004,DKI JAKARTA,JAKARTA BARAT,KALI DERES,KAMAL,359,2,21,3,333,0,0,0,0,0,1,0,0,1,589,26,563,5,0,0,5,97,4,68,9,16,
3172011002,DKI JAKARTA,JAKARTA UTARA,PENJARINGAN,KAMAL MUARA,107,5,8,0,94,0,0,0,0,0,4,0,0,4,230,18,212,2,0,0,2,98,2,73,2,21,
3171071007,DKI JAKARTA,JAKARTA PUSAT,TANAH ABANG,KAMPUNG BALI,152,0,2,2,148,1,0,0,0,1,2,0,0,2,336,12,324,2,0,0,2,81,4,72,4,1,
3175031001,DKI JAKARTA,JAKARTA TIMUR,JATINEGARA,KAMPUNG MELAYU,257,9,13,5,230,2,0,0,0,2,7,0,0,7,363,26,337,6,0,0,6,267,9,235,5,18,
3171081002,DKI JAKARTA,JAKARTA PUSAT,JOHAR BARU,KAMPUNG RAWA,324,4,8,0,312,2,0,0,0,2,2,0,1,1,813,29,784,66,0,0,66,282,5,252,13,12,
3175041002,DKI JAKARTA,JAKARTA TIMUR,KRAMAT JATI,KAMPUNG TENGAH,621,9,44,1,567,3,1,0,0,2,9,0,0,9,1281,87,1194,54,0,0,54,336,13,295,12,16,
3173011005,DKI JAKARTA,JAKARTA BARAT,CENGKARENG,KAPUK,884,14,45,16,809,2,0,0,0,2,12,0,0,12,1669,97,1572,14,0,0,14,712,22,566,19,105,
3172011003,DKI JAKARTA,JAKARTA UTARA,PENJARINGAN,KAPUK MUARA,268,6,13,0,249,1,0,0,0,1,10,0,0,10,652,35,617,24,0,0,24,195,6,165,7,17,
3171021002,DKI JAKARTA,JAKARTA PUSAT,SAWAH BESAR,KARANG ANYAR,488,4,22,5,457,1,0,0,0,1,4,0,0,4,951,61,890,14,0,0,14,233,7,194,7,25,
3174021004,DKI JAKARTA,JAKARTA SELATAN,SETIA BUDI,KARET,150,0,8,0,142,0,0,0,0,0,11,0,0,11,410,12,398,4,0,0,4,134,0,133,0,1,
3174021003,DKI JAKARTA,JAKARTA SELATAN,SETIA BUDI,KARET KUNINGAN,323,2,30,1,290,0,0,0,0,0,22,0,0,22,451,37,414,4,0,0,4,239,5,210,5,19,
3174021002,DKI JAKARTA,JAKARTA SELATAN,SETIA BUDI,KARET SEMANGGI,74,0,13,1,60,0,0,0,0,0,3,0,0,3,93,5,88,2,0,0,2,28,0,24,2,2,
3171071003,DKI JAKARTA,JAKARTA PUSAT,TANAH ABANG,KARET TENGSIN,302,7,18,0,277,0,0,0,0,0,8,0,0,8,777,29,748,2,0,0,2,173,11,145,6,11,
3171021003,DKI JAKARTA,JAKARTA PUSAT,SAWAH BESAR,KARTINI,347,1,14,1,331,1,0,0,0,1,0,0,0,0,726,24,702,18,0,0,18,248,4,221,5,18,
3175011003,DKI JAKARTA,JAKARTA TIMUR,MATRAMAN,KAYU MANIS,412,8,22,0,382,3,0,0,0,3,2,0,0,2,756,19,737,30,0,0,30,250,2,227,6,15,
3175021006,DKI JAKARTA,JAKARTA TIMUR,PULO GADUNG,KAYU PUTIH,529,8,20,4,497,1,0,0,1,0,15,0,0,15,1164,48,1116,55,0,0,55,360,5,333,11,11,
3173031006,DKI JAKARTA,JAKARTA BARAT,TAMAN SARI,KEAGUNGAN,315,1,12,0,302,0,0,0,0,0,3,0,0,3,513,10,503,10,0,0,10,188,2,178,1,7,
3174041007,DKI JAKARTA,JAKARTA SELATAN,PASAR MINGGU,KEBAGUSAN,680,6,48,1,625,3,0,0,0,3,3,0,1,2,791,63,728,39,0,0,39,240,6,205,1,28,
3174051006,DKI JAKARTA,JAKARTA SELATAN,KEBAYORAN LAMA,KEBAYORAN LAMA SELATAN,654,9,47,0,598,5,0,0,0,5,2,0,0,2,822,28,794,14,0,0,14,303,2,281,6,14,
3174051001,DKI JAKARTA,JAKARTA SELATAN,KEBAYORAN LAMA,KEBAYORAN LAMA UTARA,481,9,56,1,415,1,0,0,0,1,15,0,0,15,557,36,521,4,0,0,4,241,5,200,5,31,
3174011004,DKI JAKARTA,JAKARTA SELATAN,TEBET,KEBON BARU,436,3,17,2,414,0,0,0,0,0,15,0,0,15,745,25,720,22,0,0,22,227,3,212,7,5,
3172021005,DKI JAKARTA,JAKARTA UTARA,TANJUNG PRIOK,KEBON BAWANG,776,4,46,1,725,0,0,0,0,0,15,0,0,15,1331,72,1259,89,0,0,89,442,7,413,4,18,
3173051001,DKI JAKARTA,JAKARTA BARAT,KEBON JERUK,KEBON JERUK,877,5,76,6,790,2,0,0,0,2,13,0,0,13,2113,148,1965,62,0,0,62,724,16,637,18,53,
3171071006,DKI JAKARTA,JAKARTA PUSAT,TANAH ABANG,KEBON KACANG,472,4,13,1,454,1,0,0,0,1,0,0,0,0,599,31,568,6,0,0,6,310,5,286,12,7,
3171011005,DKI JAKARTA,JAKARTA PUSAT,GAMBIR,KEBON KELAPA,163,2,6,1,154,3,0,0,0,3,4,0,0,4,329,14,315,3,0,0,3,97,0,93,1,3,
3171031002,DKI JAKARTA,JAKARTA PUSAT,KEMAYORAN,KEBON KOSONG,401,5,25,5,366,1,1,0,0,0,9,0,1,8,552,26,526,33,0,0,33,260,5,234,7,14,
3175011005,DKI JAKARTA,JAKARTA TIMUR,MATRAMAN,KEBON MANGGIS,213,2,14,4,193,0,0,0,0,0,2,0,0,2,303,11,292,24,0,0,24,160,1,152,3,4,
3171071005,DKI JAKARTA,JAKARTA PUSAT,TANAH ABANG,KEBON MELATI,542,4,23,3,512,1,1,0,0,0,5,0,0,5,1025,20,1005,10,0,0,10,495,5,469,9,12,
3175081003,DKI JAKARTA,JAKARTA TIMUR,MAKASAR,KEBON PALA,389,5,18,1,365,1,0,0,0,1,6,0,0,6,1035,42,993,17,0,0,17,379,10,338,11,20,
3171061005,DKI JAKARTA,JAKARTA PUSAT,MENTENG,KEBON SIRIH,182,5,9,2,166,0,0,0,0,0,4,0,0,4,324,10,314,19,0,0,19,146,1,135,2,8,
3173011004,DKI JAKARTA,JAKARTA BARAT,CENGKARENG,KEDAUNG KALI ANGKE,518,8,33,0,477,0,0,0,0,0,1,0,0,1,641,34,607,7,0,0,7,352,12,301,7,32,
3173051007,DKI JAKARTA,JAKARTA BARAT,KEBON JERUK,KEDOYA SELATAN,452,3,34,5,410,2,0,0,0,2,8,0,0,8,789,55,734,22,0,0,22,248,3,212,7,26,
3173051006,DKI JAKARTA,JAKARTA BARAT,KEBON JERUK,KEDOYA UTARA,468,7,39,2,420,1,0,0,0,1,15,0,0,15,994,44,950,22,0,0,22,336,11,289,8,28,
3173051004,DKI JAKARTA,JAKARTA BARAT,KEBON JERUK,KELAPA DUA,339,4,20,0,315,0,0,0,0,0,5,0,0,5,743,48,695,22,0,0,22,206,3,186,3,14,
3175091003,DKI JAKARTA,JAKARTA TIMUR,CIRACAS,KELAPA DUA WETAN,662,3,30,1,628,1,0,0,0,1,8,0,0,8,1184,19,1165,37,0,0,37,247,7,225,3,12,
3172061003,DKI JAKARTA,JAKARTA UTARA,KELAPA GADING,KELAPA GADING BARAT,990,10,70,3,907,2,0,0,0,2,49,0,0,49,1386,72,1314,201,0,0,201,441,3,397,6,35,
3172061001,DKI JAKARTA,JAKARTA UTARA,KELAPA GADING,KELAPA GADING TIMUR,764,7,35,2,720,2,0,0,0,2,23,0,1,22,1335,42,1293,126,0,0,126,354,4,299,9,42,
3173071005,DKI JAKARTA,JAKARTA BARAT,PALMERAH,KEMANGGISAN,690,4,59,6,621,0,0,0,0,0,9,0,1,8,986,49,937,51,0,0,51,355,7,313,11,24,
3171031001,DKI JAKARTA,JAKARTA PUSAT,KEMAYORAN,KEMAYORAN,431,4,21,3,403,2,2,0,0,0,3,0,0,3,627,27,600,27,0,0,27,340,0,322,10,8,
3173081006,DKI JAKARTA,JAKARTA BARAT,KEMBANGAN,KEMBANGAN SELATAN,317,2,23,1,291,0,0,0,0,0,8,0,0,8,656,45,611,53,0,0,53,223,5,198,5,15,
3173081001,DKI JAKARTA,JAKARTA BARAT,KEMBANGAN,KEMBANGAN UTARA,696,7,43,3,643,4,0,0,1,3,3,0,0,3,1602,49,1553,11,0,0,11,354,11,306,6,31,
3171041002,DKI JAKARTA,JAKARTA PUSAT,SENEN,KENARI,257,8,9,1,239,1,0,0,0,1,8,0,0,8,578,42,536,46,0,0,46,188,2,172,3,11,
3173041005,DKI JAKARTA,JAKARTA BARAT,TAMBORA,KERENDANG,283,1,8,2,272,1,0,0,0,1,0,0,0,0,224,2,222,9,0,0,9,150,4,125,8,13,
3175071003,DKI JAKARTA,JAKARTA TIMUR,DUREN SAWIT,KLENDER,698,11,24,2,661,4,0,0,0,4,5,0,0,5,1157,53,1104,35,0,0,35,478,6,404,17,51,
3172031001,DKI JAKARTA,JAKARTA UTARA,KOJA,KOJA,345,6,20,0,319,0,0,0,0,0,4,0,0,4,467,8,459,46,0,0,46,375,2,331,9,33,
3173071006,DKI JAKARTA,JAKARTA BARAT,PALMERAH,KOTA BAMBU SELATAN,537,2,20,5,510,0,0,0,0,0,1,0,0,1,905,24,881,72,0,0,72,288,7,268,5,8,
3173071003,DKI JAKARTA,JAKARTA BARAT,PALMERAH,KOTA BAMBU UTARA,441,2,15,11,413,2,1,0,0,1,3,0,0,3,610,25,585,54,0,0,54,259,8,228,9,14,
3171041004,DKI JAKARTA,JAKARTA PUSAT,SENEN,KRAMAT,446,6,22,6,412,0,0,0,0,0,10,0,2,8,1013,72,941,35,0,0,35,322,2,285,11,24,
3175041001,DKI JAKARTA,JAKARTA TIMUR,KRAMAT JATI,KRAMAT JATI,472,7,33,1,431,1,1,0,0,0,12,0,0,12,1011,85,926,22,0,0,22,425,22,357,11,35,
3174071003,DKI JAKARTA,JAKARTA SELATAN,KEBAYORAN BARU,KRAMAT PELA,277,4,7,0,266,0,0,0,0,0,0,0,0,0,526,17,509,6,0,0,6,166,2,150,3,11,
3173031002,DKI JAKARTA,JAKARTA BARAT,TAMAN SARI,KRUKUT,302,2,16,6,278,2,1,0,0,1,3,0,0,3,495,22,473,12,0,0,12,206,2,178,4,22,
3174031005,DKI JAKARTA,JAKARTA SELATAN,MAMPANG PRAPATAN,KUNINGAN BARAT,153,2,11,1,139,1,0,0,0,1,0,0,0,0,495,11,484,5,0,0,5,151,6,136,2,7,
3174021008,DKI JAKARTA,JAKARTA SELATAN,SETIA BUDI,KUNINGAN TIMUR,187,1,48,1,137,1,0,0,0,1,20,0,0,20,239,19,220,3,0,0,3,132,1,118,2,11,
3171041005,DKI JAKARTA,JAKARTA PUSAT,SENEN,KWITANG,258,3,18,0,237,3,0,0,0,3,7,0,0,7,525,50,475,11,0,0,11,135,0,119,6,10,
3172031003,DKI JAKARTA,JAKARTA UTARA,KOJA,LAGOA,692,7,34,1,650,1,0,0,0,1,5,0,0,5,761,24,737,78,0,0,78,679,5,646,15,13,
3174061002,DKI JAKARTA,JAKARTA SELATAN,CILANDAK,LEBAK BULUS,489,4,46,2,437,3,0,0,0,3,27,0,0,27,1117,40,1077,22,0,0,22,473,7,439,9,18,
3174091004,DKI JAKARTA,JAKARTA SELATAN,JAGAKARSA,LENTENG AGUNG,868,4,41,0,823,3,0,0,0,3,6,0,0,6,849,98,751,16,0,0,16,276,4,243,3,26,
LUAR DKI JAKARTA,LUAR DKI JAKARTA,LUAR DKI JAKARTA,LUAR DKI JAKARTA,LUAR DKI JAKARTA,45493,558,3696,98,41141,92,8,0,0,84,665,0,9,656,71118,7231,63887,2505,0,0,2505,8127,147,7563,131,286,
3175101007,DKI JAKARTA,JAKARTA TIMUR,CIPAYUNG,LUBANG BUAYA,913,11,44,3,855,3,1,0,0,2,10,0,0,10,865,54,811,33,0,0,33,436,6,406,3,21,
3175081001,DKI JAKARTA,JAKARTA TIMUR,MAKASAR,MAKASAR,406,6,50,1,349,0,0,0,0,0,8,0,0,8,1300,41,1259,25,0,0,25,323,7,292,5,19,
3175071006,DKI JAKARTA,JAKARTA TIMUR,DUREN SAWIT,MALAKA JAYA,366,6,8,2,350,1,0,0,0,1,2,0,0,2,701,32,669,16,0,0,16,250,4,230,4,12,
3175071005,DKI JAKARTA,JAKARTA TIMUR,DUREN SAWIT,MALAKA SARI,336,7,7,1,321,0,0,0,0,0,1,0,0,1,617,28,589,15,0,0,15,223,3,201,4,15,
3174031001,DKI JAKARTA,JAKARTA SELATAN,MAMPANG PRAPATAN,MAMPANG PRAPATAN,340,2,14,2,322,2,1,0,0,1,0,0,0,0,1059,29,1030,10,0,0,10,326,6,297,9,14,
3173031005,DKI JAKARTA,JAKARTA BARAT,TAMAN SARI,MANGGA BESAR,158,1,4,1,152,1,0,0,0,1,0,0,0,0,199,4,195,6,0,0,6,77,0,68,4,5,
3171021005,DKI JAKARTA,JAKARTA PUSAT,SAWAH BESAR,MANGGA DUA SELATAN,433,11,21,1,400,3,0,0,0,3,1,0,0,1,888,40,848,18,0,0,18,269,0,239,6,24,
3174011007,DKI JAKARTA,JAKARTA SELATAN,TEBET,MANGGARAI,453,6,25,0,422,4,0,0,0,4,4,0,0,4,606,39,567,27,0,0,27,255,5,236,2,12,
3174011006,DKI JAKARTA,JAKARTA SELATAN,TEBET,MANGGARAI SELATAN,317,6,15,2,294,0,0,0,0,0,6,0,0,6,517,32,485,24,0,0,24,156,3,134,8,11,
3173031003,DKI JAKARTA,JAKARTA BARAT,TAMAN SARI,MAPHAR,250,1,23,1,225,0,0,0,0,0,6,0,0,6,410,13,397,41,0,0,41,218,5,200,2,11,
3172041003,DKI JAKARTA,JAKARTA UTARA,CILINCING,MARUNDA,315,4,24,0,287,3,0,0,0,3,0,0,0,0,374,7,367,16,0,0,16,147,1,125,1,20,
3174071001,DKI JAKARTA,JAKARTA SELATAN,KEBAYORAN BARU,MELAWAI,81,0,6,0,75,0,0,0,0,0,1,0,0,1,92,5,87,0,0,0,0,20,1,17,1,1,
3171061001,DKI JAKARTA,JAKARTA PUSAT,MENTENG,MENTENG,490,9,23,2,456,2,0,0,0,2,5,0,0,5,846,37,809,27,0,0,27,295,3,274,10,8,
3174021005,DKI JAKARTA,JAKARTA SELATAN,SETIA BUDI,MENTENG ATAS,430,6,30,3,391,2,0,0,0,2,55,0,0,55,1430,85,1345,39,0,0,39,320,1,290,7,22,
3174011003,DKI JAKARTA,JAKARTA SELATAN,TEBET,MENTENG DALAM,660,10,28,4,618,4,0,0,0,4,13,0,0,13,794,38,756,46,0,0,46,279,19,226,8,26,
3173081003,DKI JAKARTA,JAKARTA BARAT,KEMBANGAN,MERUYA SELATAN,436,3,41,1,391,1,0,0,0,1,5,0,0,5,849,56,793,17,0,0,17,257,4,221,4,28,
3173081002,DKI JAKARTA,JAKARTA BARAT,KEMBANGAN,MERUYA UTARA,640,8,38,6,588,1,0,0,1,0,7,0,0,7,1070,57,1013,11,0,0,11,322,3,284,4,31,
3175101004,DKI JAKARTA,JAKARTA TIMUR,CIPAYUNG,MUNJUL,317,2,21,0,294,0,0,0,0,0,3,0,0,3,399,15,384,25,0,0,25,128,6,106,1,15,
3172051002,DKI JAKARTA,JAKARTA UTARA,PADEMANGAN,PADEMANGAN BARAT,1925,13,62,5,1845,5,0,0,0,5,15,0,0,15,2557,56,2501,37,0,0,37,789,6,732,23,28,
3172051001,DKI JAKARTA,JAKARTA UTARA,PADEMANGAN,PADEMANGAN TIMUR,675,2,35,3,635,2,0,0,0,2,15,0,2,13,934,25,909,23,0,0,23,317,3,283,6,25,
3175011004,DKI JAKARTA,JAKARTA TIMUR,MATRAMAN,PAL MERIAM,293,7,21,2,263,2,0,0,0,2,3,0,0,3,693,19,674,63,0,0,63,250,5,226,6,13,
3173071001,DKI JAKARTA,JAKARTA BARAT,PALMERAH,PALMERAH,1361,8,91,2,1260,0,0,0,0,0,2,0,0,2,2031,100,1931,79,0,0,79,586,10,523,22,31,
3174081001,DKI JAKARTA,JAKARTA SELATAN,PANCORAN,PANCORAN,440,3,13,0,424,1,0,0,0,1,9,0,0,9,643,31,612,7,0,0,7,284,6,259,4,15,
3172021003,DKI JAKARTA,JAKARTA UTARA,TANJUNG PRIOK,PAPANGGO,512,3,47,0,462,1,0,0,0,1,7,0,0,7,919,52,867,69,0,0,69,299,0,287,3,9,
3171021001,DKI JAKARTA,JAKARTA PUSAT,SAWAH BESAR,PASAR BARU,256,1,19,2,234,2,0,0,0,2,9,0,1,8,519,43,476,12,0,0,12,188,6,172,2,8,
3174021006,DKI JAKARTA,JAKARTA SELATAN,SETIA BUDI,PASAR MANGGIS,283,2,28,3,250,4,0,0,0,4,28,0,0,28,1026,59,967,18,0,0,18,287,2,246,11,28,
3174041001,DKI JAKARTA,JAKARTA SELATAN,PASAR MINGGU,PASAR MINGGU,497,19,28,1,449,3,0,0,0,3,7,0,0,7,679,47,632,21,0,0,21,260,3,239,7,11,
3171041003,DKI JAKARTA,JAKARTA PUSAT,SENEN,PASEBAN,592,4,13,1,574,4,1,0,0,3,21,0,0,21,1117,90,1027,63,0,0,63,350,7,305,9,29,
3173061005,DKI JAKARTA,JAKARTA BARAT,KALI DERES,PEGADUNGAN,828,13,60,7,748,1,1,0,0,0,10,0,0,10,1619,68,1551,18,0,0,18,341,9,281,8,43,
3171061002,DKI JAKARTA,JAKARTA PUSAT,MENTENG,PEGANGSAAN,408,2,10,2,394,3,0,0,0,3,3,0,0,3,929,23,906,52,0,0,52,369,0,359,4,6,
3172061002,DKI JAKARTA,JAKARTA UTARA,KELAPA GADING,PEGANGSAAN DUA,929,5,66,1,857,2,0,0,0,2,43,0,0,43,1917,146,1771,206,0,0,206,514,10,463,11,30,
3172011004,DKI JAKARTA,JAKARTA UTARA,PENJARINGAN,PEJAGALAN,646,7,33,2,604,3,0,0,0,3,8,0,0,8,1100,70,1030,32,0,0,32,381,13,332,6,30,
3174041006,DKI JAKARTA,JAKARTA SELATAN,PASAR MINGGU,PEJATEN BARAT,547,7,33,2,505,8,0,0,0,8,2,0,0,2,795,52,743,74,0,0,74,269,14,233,2,20,
3174041005,DKI JAKARTA,JAKARTA SELATAN,PASAR MINGGU,PEJATEN TIMUR,583,12,34,1,536,4,0,0,0,4,3,0,0,3,756,55,701,40,0,0,40,286,6,246,12,22,
3175051005,DKI JAKARTA,JAKARTA TIMUR,PASAR REBO,PEKAYON,965,5,42,1,917,2,0,0,0,2,3,0,0,3,423,23,400,14,0,0,14,257,11,226,4,16,
3173041009,DKI JAKARTA,JAKARTA BARAT,TAMBORA,PEKOJAN,321,2,10,2,307,0,0,0,0,0,3,0,0,3,279,10,269,18,0,0,18,155,6,135,5,9,
3174031003,DKI JAKARTA,JAKARTA SELATAN,MAMPANG PRAPATAN,PELA MAMPANG,452,12,20,2,418,4,0,0,0,4,15,0,0,15,1567,50,1517,6,0,0,6,371,1,336,6,28,
3174081005,DKI JAKARTA,JAKARTA SELATAN,PANCORAN,PENGADEGAN,235,1,8,2,224,0,0,0,0,0,8,0,0,8,452,24,428,11,0,0,11,131,7,115,1,8,
3175061003,DKI JAKARTA,JAKARTA TIMUR,CAKUNG,PENGGILINGAN,825,3,94,1,727,2,0,0,0,2,10,0,0,10,1994,136,1858,84,0,0,84,641,6,586,12,37,
3172011001,DKI JAKARTA,JAKARTA UTARA,PENJARINGAN,PENJARINGAN,1290,17,74,4,1195,3,1,0,0,2,24,0,0,24,3086,87,2999,122,0,0,122,726,5,662,16,43,
3174101001,DKI JAKARTA,JAKARTA SELATAN,PESANGGRAHAN,PESANGGRAHAN,513,5,47,4,457,2,0,0,1,1,0,0,0,0,1006,74,932,19,0,0,19,194,1,177,4,12,
3171071004,DKI JAKARTA,JAKARTA PUSAT,TANAH ABANG,PETAMBURAN,616,5,13,7,591,0,0,0,0,0,7,0,0,7,988,49,939,12,0,0,12,454,12,412,13,17,
3174071008,DKI JAKARTA,JAKARTA SELATAN,KEBAYORAN BARU,PETOGOGAN,262,4,41,0,217,0,0,0,0,0,3,0,0,3,319,26,293,3,0,0,3,122,1,92,0,29,
3171011004,DKI JAKARTA,JAKARTA PUSAT,GAMBIR,PETOJO SELATAN,263,2,10,1,250,0,0,0,0,0,28,0,0,28,820,18,802,16,0,0,16,281,1,263,8,9,
3171011003,DKI JAKARTA,JAKARTA PUSAT,GAMBIR,PETOJO UTARA,230,4,13,3,210,1,0,0,0,1,12,0,0,12,437,28,409,26,0,0,26,166,2,156,3,5,
3174101004,DKI JAKARTA,JAKARTA SELATAN,PESANGGRAHAN,PETUKANGAN SELATAN,532,6,57,2,467,1,0,0,0,1,2,0,0,2,1033,90,943,8,0,0,8,261,3,222,4,32,
3174101003,DKI JAKARTA,JAKARTA SELATAN,PESANGGRAHAN,PETUKANGAN UTARA,602,9,36,4,553,6,3,0,0,3,6,0,0,6,1722,39,1683,10,0,0,10,357,2,323,2,30,
3175081002,DKI JAKARTA,JAKARTA TIMUR,MAKASAR,PINANG RANTI,297,7,18,1,271,0,0,0,0,0,2,0,0,2,758,31,727,28,0,0,28,199,5,176,5,13,
3173031008,DKI JAKARTA,JAKARTA BARAT,TAMAN SARI,PINANGSIA,158,3,14,1,140,0,0,0,0,0,2,0,0,2,266,13,253,3,0,0,3,120,6,109,0,5,
3175011001,DKI JAKARTA,JAKARTA TIMUR,MATRAMAN,PISANGAN BARU,402,3,10,3,386,2,1,0,0,1,5,0,0,5,613,68,545,35,0,0,35,231,3,206,8,14,
3175021002,DKI JAKARTA,JAKARTA TIMUR,PULO GADUNG,PISANGAN TIMUR,402,8,18,4,372,1,0,0,0,1,10,0,0,10,935,136,799,31,0,0,31,269,6,237,5,21,
3172011005,DKI JAKARTA,JAKARTA UTARA,PENJARINGAN,PLUIT,513,6,47,4,456,0,0,0,0,0,13,0,0,13,1415,60,1355,19,0,0,19,320,11,254,9,46,
3175071002,DKI JAKARTA,JAKARTA TIMUR,DUREN SAWIT,PONDOK BAMBU,1068,13,38,1,1016,5,0,0,0,5,3,0,0,3,1264,75,1189,36,0,0,36,484,6,427,10,41,
3175071004,DKI JAKARTA,JAKARTA TIMUR,DUREN SAWIT,PONDOK KELAPA,798,14,35,0,749,1,0,0,0,1,11,0,0,11,1350,73,1277,27,0,0,27,465,19,384,13,49,
3175071007,DKI JAKARTA,JAKARTA TIMUR,DUREN SAWIT,PONDOK KOPI,501,3,28,1,469,0,0,0,0,0,2,0,0,2,551,18,533,15,0,0,15,266,3,240,13,10,
3174061003,DKI JAKARTA,JAKARTA SELATAN,CILANDAK,PONDOK LABU,625,14,63,1,547,6,0,0,0,6,73,0,0,73,1243,46,1197,37,0,0,37,248,2,219,4,23,
3174051002,DKI JAKARTA,JAKARTA SELATAN,KEBAYORAN LAMA,PONDOK PINANG,701,7,64,4,626,0,0,0,0,0,44,0,0,44,959,53,906,11,0,0,11,370,9,325,9,27,
3175101003,DKI JAKARTA,JAKARTA TIMUR,CIPAYUNG,PONDOK RANGGON,312,2,15,3,292,0,0,0,0,0,3,0,0,3,487,45,442,22,0,0,22,208,2,181,1,24,
PROSES UPDATE DATA,PROSES UPDATE DATA,PROSES UPDATE DATA,PROSES UPDATE DATA,PROSES UPDATE DATA,16113,300,1044,1696,13073,3673,3,0,3663,7,114,0,2,112,34620,4484,30136,249,0,1,248,25795,348,23649,479,1319,
3101011003,DKI JAKARTA,KAB.ADM.KEP.SERIBU,KEP. SERIBU UTARA,PULAU HARAPAN,66,0,1,0,65,0,0,0,0,0,0,0,0,0,88,11,77,0,0,0,0,6,0,6,0,0,
3101011002,DKI JAKARTA,KAB.ADM.KEP.SERIBU,KEP. SERIBU UTARA,PULAU KELAPA,83,0,3,1,79,0,0,0,0,0,3,0,0,3,211,28,183,1,0,0,1,9,1,8,0,0,
3101011001,DKI JAKARTA,KAB.ADM.KEP.SERIBU,KEP. SERIBU UTARA,PULAU PANGGANG,178,0,7,1,170,0,0,0,0,0,0,0,0,0,179,0,179,4,0,0,4,29,0,29,0,0,
3101021003,DKI JAKARTA,KAB.ADM.KEP.SERIBU,KEP. SERIBU SELATAN,PULAU PARI,12,0,3,0,9,0,0,0,0,0,0,0,0,0,199,1,198,1,0,0,1,6,0,5,0,1,
3101021002,DKI JAKARTA,KAB.ADM.KEP.SERIBU,KEP. SERIBU SELATAN,PULAU TIDUNG,38,0,0,0,38,1,0,0,1,0,1,0,1,0,398,7,391,1,0,0,1,37,0,37,0,0,
3101021001,DKI JAKARTA,KAB.ADM.KEP.SERIBU,KEP. SERIBU SELATAN,PULAU UNTUNG JAWA,25,0,0,0,25,0,0,0,0,0,0,0,0,0,112,3,109,0,0,0,0,5,0,5,0,0,
3174071007,DKI JAKARTA,JAKARTA SELATAN,KEBAYORAN BARU,PULO,303,0,5,1,297,1,0,0,0,1,1,0,0,1,231,6,225,0,0,0,0,59,2,56,0,1,
3175021001,DKI JAKARTA,JAKARTA TIMUR,PULO GADUNG,PULO GADUNG,459,3,29,2,425,0,0,0,0,0,11,0,0,11,976,48,928,38,0,0,38,293,0,276,6,11,
3175061005,DKI JAKARTA,JAKARTA TIMUR,CAKUNG,PULO GEBANG,693,6,85,2,600,1,0,0,0,1,9,0,0,9,1531,84,1447,71,0,0,71,493,8,430,12,43,
3174041004,DKI JAKARTA,JAKARTA SELATAN,PASAR MINGGU,RAGUNAN,905,13,109,2,781,1,0,0,0,1,2,0,0,2,835,70,765,25,0,0,25,258,10,219,6,23,
3175091005,DKI JAKARTA,JAKARTA TIMUR,CIRACAS,RAMBUTAN,518,11,47,1,459,2,0,0,0,2,12,0,0,12,782,19,763,29,0,0,29,223,7,189,3,24,
3172031006,DKI JAKARTA,JAKARTA UTARA,KOJA,RAWA BADAK SELATAN,555,8,30,2,515,2,0,0,0,2,2,0,0,2,637,28,609,58,0,0,58,355,5,313,5,32,
3172031004,DKI JAKARTA,JAKARTA UTARA,KOJA,RAWA BADAK UTARA,520,7,21,1,491,0,0,0,0,0,2,0,0,2,580,23,557,94,0,0,94,276,3,245,4,24,
3174071005,DKI JAKARTA,JAKARTA SELATAN,KEBAYORAN BARU,RAWA BARAT,108,0,6,2,100,0,0,0,0,0,2,0,0,2,187,11,176,0,0,0,0,48,0,35,1,12,
3173011003,DKI JAKARTA,JAKARTA BARAT,CENGKARENG,RAWA BUAYA,451,8,41,2,400,1,0,0,0,1,6,0,0,6,897,63,834,6,0,0,6,374,4,311,13,46,
3175031004,DKI JAKARTA,JAKARTA TIMUR,JATINEGARA,RAWA BUNGA,174,5,3,1,165,0,0,0,0,0,1,0,0,1,322,25,297,16,0,0,16,155,2,139,3,11,
3174081003,DKI JAKARTA,JAKARTA SELATAN,PANCORAN,RAWA JATI,329,2,12,0,315,2,0,0,0,2,11,0,0,11,574,46,528,7,0,0,7,135,7,108,0,20,
3175061002,DKI JAKARTA,JAKARTA TIMUR,CAKUNG,RAWA TERATE,175,0,28,0,147,0,0,0,0,0,2,0,0,2,424,38,386,8,0,0,8,196,1,178,1,16,
3175021005,DKI JAKARTA,JAKARTA TIMUR,PULO GADUNG,RAWAMANGUN,402,1,28,0,373,1,0,0,0,1,9,0,0,9,987,78,909,35,0,0,35,332,5,289,10,28,
3171051003,DKI JAKARTA,JAKARTA PUSAT,CEMPAKA PUTIH,RAWASARI,791,6,45,2,738,4,0,0,1,3,10,0,0,10,1452,78,1374,38,0,0,38,439,10,406,6,17,
3173041010,DKI JAKARTA,JAKARTA BARAT,TAMBORA,ROA MALAKA,41,0,2,0,39,1,0,0,0,1,0,0,0,0,46,1,45,2,0,0,2,15,0,14,0,1,
3172041006,DKI JAKARTA,JAKARTA UTARA,CILINCING,ROROTAN,446,9,31,2,404,0,0,0,0,0,4,0,0,4,655,12,643,80,0,0,80,199,4,178,2,15,
3174071004,DKI JAKARTA,JAKARTA SELATAN,KEBAYORAN BARU,SELONG,93,0,3,0,90,0,0,0,0,0,3,0,0,3,142,8,134,3,0,0,3,26,0,24,1,1,
3173061002,DKI JAKARTA,JAKARTA BARAT,KALI DERES,SEMANAN,651,10,67,3,571,1,0,0,0,1,3,0,0,3,1273,123,1150,9,0,0,9,267,6,212,4,45,
3172041007,DKI JAKARTA,JAKARTA UTARA,CILINCING,SEMPER BARAT,873,6,54,1,812,3,0,0,0,3,12,0,0,12,1264,34,1230,115,0,0,115,501,0,464,11,26,
3172041005,DKI JAKARTA,JAKARTA UTARA,CILINCING,SEMPER TIMUR,488,7,37,1,443,1,0,0,0,1,4,0,0,4,756,66,690,57,0,0,57,259,8,237,5,9,
3174071006,DKI JAKARTA,JAKARTA SELATAN,KEBAYORAN BARU,SENAYAN,485,0,111,0,374,0,0,0,0,0,10,0,0,10,742,97,645,0,0,0,0,207,0,193,0,14,
3171041001,DKI JAKARTA,JAKARTA PUSAT,SENEN,SENEN,217,4,12,0,201,1,0,0,0,1,8,0,0,8,771,72,699,26,0,0,26,170,6,152,3,9,
3171031004,DKI JAKARTA,JAKARTA PUSAT,KEMAYORAN,SERDANG,497,3,28,2,464,0,0,0,0,0,5,0,0,5,823,47,776,31,0,0,31,297,3,276,6,12,
3174021001,DKI JAKARTA,JAKARTA SELATAN,SETIA BUDI,SETIA BUDI,113,2,7,0,104,0,0,0,0,0,4,0,0,4,376,14,362,6,0,0,6,48,0,46,0,2,
3175101005,DKI JAKARTA,JAKARTA TIMUR,CIPAYUNG,SETU,295,1,16,0,278,2,0,0,0,2,2,0,0,2,489,38,451,14,0,0,14,138,5,120,1,12,
3173071002,DKI JAKARTA,JAKARTA BARAT,PALMERAH,SLIPI,581,2,18,2,559,0,0,0,0,0,2,0,0,2,1055,30,1025,42,0,0,42,334,6,301,4,23,
3173081004,DKI JAKARTA,JAKARTA BARAT,KEMBANGAN,SRENGSENG,625,9,43,3,570,1,0,0,0,1,6,0,0,6,1383,69,1314,27,0,0,27,357,13,316,5,23,
3174091002,DKI JAKARTA,JAKARTA SELATAN,JAGAKARSA,SRENGSENG SAWAH,955,7,48,0,900,8,0,0,0,8,11,0,0,11,1107,69,1038,26,0,0,26,262,5,232,8,17,
3173051003,DKI JAKARTA,JAKARTA BARAT,KEBON JERUK,SUKABUMI SELATAN,362,8,30,4,320,1,0,0,0,1,1,0,0,1,779,52,727,25,0,0,25,242,3,216,5,18,
3173051002,DKI JAKARTA,JAKARTA BARAT,KEBON JERUK,SUKABUMI UTARA,407,4,44,3,356,0,0,0,0,0,19,0,0,19,850,61,789,46,0,0,46,293,7,243,10,33,
3172041002,DKI JAKARTA,JAKARTA UTARA,CILINCING,SUKAPURA,694,9,43,2,640,0,0,0,0,0,6,0,0,6,988,48,940,101,0,0,101,369,0,334,8,27,
3171031007,DKI JAKARTA,JAKARTA PUSAT,KEMAYORAN,SUMUR BATU,457,5,20,1,431,2,0,0,0,2,6,0,0,6,632,50,582,31,0,0,31,250,3,223,3,21,
3172021004,DKI JAKARTA,JAKARTA UTARA,TANJUNG PRIOK,SUNGAI BAMBU,428,1,43,0,384,0,0,0,0,0,7,0,0,7,712,28,684,43,0,0,43,244,2,220,5,17,
3172021006,DKI JAKARTA,JAKARTA UTARA,TANJUNG PRIOK,SUNTER AGUNG,1063,11,63,1,988,4,0,0,0,4,23,0,1,22,2141,102,2039,98,0,0,98,687,12,604,19,52,
3172021002,DKI JAKARTA,JAKARTA UTARA,TANJUNG PRIOK,SUNTER JAYA,995,11,92,6,886,1,0,0,0,1,10,0,0,10,1855,113,1742,186,0,0,186,630,3,568,19,40,
3175091004,DKI JAKARTA,JAKARTA TIMUR,CIRACAS,SUSUKAN,581,4,33,1,543,0,0,0,0,0,17,0,0,17,1372,29,1343,69,0,0,69,209,4,188,7,10,
3173031001,DKI JAKARTA,JAKARTA BARAT,TAMAN SARI,TAMAN SARI,300,4,15,0,281,2,0,0,0,2,1,0,0,1,451,21,430,17,0,0,17,205,1,182,4,18,
3173041001,DKI JAKARTA,JAKARTA BARAT,TAMBORA,TAMBORA,221,3,10,3,205,0,0,0,0,0,1,0,0,1,327,11,316,3,0,0,3,109,4,92,3,10,
3173041004,DKI JAKARTA,JAKARTA BARAT,TAMBORA,TANAH SEREAL,312,0,12,2,298,1,0,0,0,1,4,0,0,4,297,12,285,5,0,0,5,177,3,158,7,9,
3171081004,DKI JAKARTA,JAKARTA PUSAT,JOHAR BARU,TANAH TINGGI,503,8,15,3,477,4,0,0,0,4,6,0,0,6,1144,47,1097,35,0,0,35,417,6,380,16,15,
3173031004,DKI JAKARTA,JAKARTA BARAT,TAMAN SARI,TANGKI,260,2,10,1,247,1,0,0,0,1,3,0,0,3,340,15,325,2,0,0,2,135,2,125,1,7,
3174091005,DKI JAKARTA,JAKARTA SELATAN,JAGAKARSA,TANJUNG BARAT,745,4,30,1,710,1,0,0,0,1,2,0,0,2,656,31,625,13,0,0,13,284,8,251,6,19,
3173021005,DKI JAKARTA,JAKARTA BARAT,GROGOL PETAMBURAN,TANJUNG DUREN SELATAN,461,4,18,1,438,0,0,0,0,0,19,0,0,19,739,33,706,23,0,0,23,334,7,293,9,25,
3173021002,DKI JAKARTA,JAKARTA BARAT,GROGOL PETAMBURAN,TANJUNG DUREN UTARA,301,1,7,0,293,2,0,0,0,2,21,0,0,21,621,21,600,19,0,0,19,188,1,168,9,10,
3172021001,DKI JAKARTA,JAKARTA UTARA,TANJUNG PRIOK,TANJUNG PRIOK,575,5,35,6,529,1,1,0,0,0,13,0,1,12,835,34,801,69,0,0,69,392,2,353,10,27,
3174011002,DKI JAKARTA,JAKARTA SELATAN,TEBET,TEBET BARAT,519,11,24,0,484,2,0,0,0,2,8,0,0,8,701,28,673,24,0,0,24,337,5,307,7,18,
3174011001,DKI JAKARTA,JAKARTA SELATAN,TEBET,TEBET TIMUR,411,3,17,2,389,0,0,0,0,0,6,0,0,6,588,36,552,35,0,0,35,214,1,200,4,9,
3173061003,DKI JAKARTA,JAKARTA BARAT,KALI DERES,TEGAL ALUR,782,16,58,6,702,0,0,0,0,0,7,0,0,7,1324,65,1259,13,0,0,13,268,10,215,5,38,
3174031004,DKI JAKARTA,JAKARTA SELATAN,MAMPANG PRAPATAN,TEGAL PARANG,370,4,16,3,347,5,0,0,1,4,4,0,0,4,1060,27,1033,12,0,0,12,330,5,295,6,24,
3173021003,DKI JAKARTA,JAKARTA BARAT,GROGOL PETAMBURAN,TOMANG,500,3,16,2,479,0,0,0,0,0,15,0,0,15,812,30,782,85,0,0,85,323,6,286,8,23,
3172031005,DKI JAKARTA,JAKARTA UTARA,KOJA,TUGU SELATAN,480,4,18,1,457,0,0,0,0,0,2,0,0,2,504,24,480,87,0,0,87,323,2,286,7,28,
3172031002,DKI JAKARTA,JAKARTA UTARA,KOJA,TUGU UTARA,965,7,29,0,929,3,0,0,0,3,7,0,0,7,938,35,903,102,0,0,102,475,1,444,15,15,
3175061006,DKI JAKARTA,JAKARTA TIMUR,CAKUNG,UJUNG MENTENG,190,1,17,2,170,1,0,0,0,1,1,0,0,1,511,37,474,29,0,0,29,141,1,129,3,8,
3174101005,DKI JAKARTA,JAKARTA SELATAN,PESANGGRAHAN,ULUJAMI,605,7,28,2,568,0,0,0,0,0,0,0,0,0,1271,40,1231,26,0,0,26,285,5,258,7,15,
3175011006,DKI JAKARTA,JAKARTA TIMUR,MATRAMAN,UTAN KAYU SELATAN,538,2,20,8,508,2,0,0,0,2,7,0,0,7,934,44,890,92,0,0,92,296,8,266,8,14,
3175011002,DKI JAKARTA,JAKARTA TIMUR,MATRAMAN,UTAN KAYU UTARA,452,10,16,0,426,2,0,0,0,2,4,0,0,4,755,44,711,46,0,0,46,232,3,205,12,12,
3171031008,DKI JAKARTA,JAKARTA PUSAT,KEMAYORAN,UTAN PANJANG,435,6,20,2,407,0,0,0,0,0,4,0,0,4,653,37,616,28,0,0,28,306,2,285,9,10,
3172021007,DKI JAKARTA,JAKARTA UTARA,TANJUNG PRIOK,WARAKAS,598,10,61,2,525,0,0,0,0,0,11,0,0,11,1037,66,971,61,0,0,61,374,3,319,8,44,
3173021007,DKI JAKARTA,JAKARTA BARAT,GROGOL PETAMBURAN,WIJAYA KUSUMA,432,2,27,2,401,1,0,0,0,1,7,0,0,7,897,50,847,23,0,0,23,305,8,271,8,18,
