id_kel,nama_provinsi,nama_kota,nama_kecamatan,nama_kelurahan,suspek,perawatan_rs,isolasi_di_rumah,suspek_meninggal,selesai_isolasi,probable,perawatan_rs,isolasi_di_rumah,probable_meninggal,selesai_isolasi,pelaku_perjalanan,perawatan_rs,isolasi_di_rumah,selesai_isolasi,kontak_erat,isolasi_di_rumah,selesai_isolasi,discarded,isolasi_di_rumah,meninggal,selesai_isolasi,positif,dirawat,sembuh,meninggal,self_isolation,keterangan
3172051003,DKI JAKARTA,JAKARTA UTARA,PADEMANGAN,ANCOL,554,1,35,0,518,4,0,0,0,4,10,0,0,10,747,34,713,10,0,0,10,356,4,342,4,6,
3173041007,DKI JAKARTA,JAKARTA BARAT,TAMBORA,ANGKE,470,3,24,2,441,1,0,0,1,0,1,0,0,1,533,16,517,27,0,0,27,214,2,198,4,10,
3175041005,DKI JAKARTA,JAKARTA TIMUR,KRAMAT JATI,BALE KAMBANG,353,2,33,1,317,7,3,0,0,4,5,0,0,5,673,57,616,23,0,0,23,208,1,193,3,11,
3175031003,DKI JAKARTA,JAKARTA TIMUR,JATINEGARA,BALI MESTER,132,4,2,1,125,2,1,0,0,1,1,0,0,1,224,17,207,6,0,0,6,190,5,172,2,11,
3175101006,DKI JAKARTA,JAKARTA TIMUR,CIPAYUNG,BAMBU APUS,531,1,62,1,467,0,0,0,0,0,4,0,0,4,781,77,704,19,0,0,19,212,8,190,3,11,
3174031002,DKI JAKARTA,JAKARTA SELATAN,MAMPANG PRAPATAN,BANGKA,373,2,36,2,333,5,0,0,1,4,18,0,0,18,811,88,723,8,0,0,8,221,3,196,2,20,
3175051002,DKI JAKARTA,JAKARTA TIMUR,PASAR REBO,BARU,498,8,36,1,453,0,0,0,0,0,5,0,0,5,455,22,433,19,0,0,19,236,5,216,0,15,
3175041004,DKI JAKARTA,JAKARTA TIMUR,KRAMAT JATI,BATU AMPAR,637,2,66,1,568,3,0,0,0,3,3,0,0,3,1293,99,1194,28,0,0,28,331,12,291,6,22,
3171071002,DKI JAKARTA,JAKARTA PUSAT,TANAH ABANG,BENDUNGAN HILIR,506,2,18,0,486,2,0,0,0,2,4,0,0,4,910,44,866,11,0,0,11,307,9,271,9,18,
3175031002,DKI JAKARTA,JAKARTA TIMUR,JATINEGARA,BIDARA CINA,464,1,32,3,428,1,0,0,0,1,8,0,0,8,680,46,634,39,0,0,39,340,6,297,10,27,
3174101002,DKI JAKARTA,JAKARTA SELATAN,PESANGGRAHAN,BINTARO,885,8,72,2,803,5,0,0,0,5,9,0,0,9,1736,147,1589,27,0,0,27,447,12,384,11,40,
3174011005,DKI JAKARTA,JAKARTA SELATAN,TEBET,BUKIT DURI,474,1,33,3,437,2,0,0,0,2,15,0,0,15,704,39,665,17,0,0,17,262,1,247,8,6,
3171041006,DKI JAKARTA,JAKARTA PUSAT,SENEN,BUNGUR,287,5,18,2,262,1,0,0,0,1,13,0,0,13,656,24,632,18,0,0,18,222,0,203,5,14,
3175061007,DKI JAKARTA,JAKARTA TIMUR,CAKUNG,CAKUNG BARAT,448,1,58,1,388,3,0,0,0,3,0,0,0,0,866,76,790,53,0,0,53,403,6,365,6,26,
3175061004,DKI JAKARTA,JAKARTA TIMUR,CAKUNG,CAKUNG TIMUR,531,7,63,2,459,3,0,0,1,2,6,0,0,6,976,65,911,50,0,0,50,344,6,318,9,11,
3175041007,DKI JAKARTA,JAKARTA TIMUR,KRAMAT JATI,CAWANG,458,3,57,0,398,1,0,0,0,1,6,0,0,6,1148,94,1054,22,0,0,22,378,4,349,6,19,
3175101008,DKI JAKARTA,JAKARTA TIMUR,CIPAYUNG,CEGER,296,2,24,0,270,0,0,0,0,0,1,0,0,1,489,33,456,10,0,0,10,149,2,139,3,5,
3171031006,DKI JAKARTA,JAKARTA PUSAT,KEMAYORAN,CEMPAKA BARU,770,5,57,2,706,1,0,0,0,1,7,0,0,7,1206,91,1115,39,0,0,39,488,4,449,17,18,
3171051002,DKI JAKARTA,JAKARTA PUSAT,CEMPAKA PUTIH,CEMPAKA PUTIH BARAT,1123,6,105,2,1010,9,1,0,0,8,21,0,0,21,2227,88,2139,51,0,0,51,732,9,691,16,16,
3171051001,DKI JAKARTA,JAKARTA PUSAT,CEMPAKA PUTIH,CEMPAKA PUTIH TIMUR,762,2,49,1,710,1,0,0,0,1,12,0,0,12,1679,42,1637,61,0,0,61,393,6,371,6,10,
3173011001,DKI JAKARTA,JAKARTA BARAT,CENGKARENG,CENGKARENG BARAT,1050,8,216,1,825,0,0,0,0,0,6,0,0,6,1928,318,1610,14,0,0,14,605,23,544,10,28,
3173011006,DKI JAKARTA,JAKARTA BARAT,CENGKARENG,CENGKARENG TIMUR,1095,7,73,7,1008,2,0,0,0,2,4,0,0,4,2183,99,2084,19,0,0,19,795,9,736,17,33,
3175091002,DKI JAKARTA,JAKARTA TIMUR,CIRACAS,CIBUBUR,1045,11,53,4,977,1,0,0,0,1,30,0,0,30,2150,61,2089,94,0,0,94,414,6,369,9,30,
3171011002,DKI JAKARTA,JAKARTA PUSAT,GAMBIR,CIDENG,340,7,11,2,320,0,0,0,0,0,10,0,0,10,711,55,656,13,0,0,13,222,3,202,7,10,
3174091003,DKI JAKARTA,JAKARTA SELATAN,JAGAKARSA,CIGANJUR,844,3,74,1,766,2,0,0,0,2,12,0,0,12,901,51,850,14,0,0,14,263,8,232,4,19,
3175051003,DKI JAKARTA,JAKARTA TIMUR,PASAR REBO,CIJANTUNG,979,5,79,3,892,0,0,0,0,0,4,0,0,4,654,50,604,12,0,0,12,380,9,341,10,20,
3171061003,DKI JAKARTA,JAKARTA PUSAT,MENTENG,CIKINI,187,4,14,0,169,2,2,0,0,0,2,0,0,2,256,22,234,11,0,0,11,92,2,77,2,11,
3174081006,DKI JAKARTA,JAKARTA SELATAN,PANCORAN,CIKOKO,225,2,17,0,206,1,0,0,0,1,10,0,0,10,312,13,299,1,0,0,1,97,3,82,3,9,
3174061001,DKI JAKARTA,JAKARTA SELATAN,CILANDAK,CILANDAK BARAT,1658,15,226,5,1412,2,1,0,0,1,97,0,0,97,2012,151,1861,42,0,0,42,537,13,450,9,65,
3174041003,DKI JAKARTA,JAKARTA SELATAN,PASAR MINGGU,CILANDAK TIMUR,592,5,35,1,551,5,0,0,0,5,17,0,0,17,559,36,523,88,0,0,88,302,11,270,8,13,
3175101002,DKI JAKARTA,JAKARTA TIMUR,CIPAYUNG,CILANGKAP,428,2,25,1,400,1,0,0,0,1,3,0,0,3,747,52,695,22,0,0,22,206,6,192,2,6,
3175041006,DKI JAKARTA,JAKARTA TIMUR,KRAMAT JATI,CILILITAN,410,5,45,1,359,1,1,0,0,0,7,0,0,7,1053,93,960,49,0,0,49,374,5,344,8,17,
3172041001,DKI JAKARTA,JAKARTA UTARA,CILINCING,CILINCING,729,8,58,1,662,3,2,0,0,1,6,0,0,6,1297,33,1264,107,0,0,107,452,6,417,12,17,
3175101001,DKI JAKARTA,JAKARTA TIMUR,CIPAYUNG,CIPAYUNG,652,6,53,2,591,3,0,0,1,2,7,0,0,7,804,41,763,35,0,0,35,265,10,234,3,18,
3174091006,DKI JAKARTA,JAKARTA SELATAN,JAGAKARSA,CIPEDAK,680,2,31,0,647,5,1,0,0,4,1,0,0,1,985,73,912,9,0,0,9,327,7,292,3,25,
3174061005,DKI JAKARTA,JAKARTA SELATAN,CILANDAK,CIPETE SELATAN,404,3,43,1,357,2,0,0,0,2,46,0,0,46,643,29,614,6,0,0,6,178,6,158,8,6,
3174071010,DKI JAKARTA,JAKARTA SELATAN,KEBAYORAN BARU,CIPETE UTARA,810,3,64,3,740,0,0,0,0,0,9,0,0,9,702,36,666,6,0,0,6,224,3,195,4,22,
3175021003,DKI JAKARTA,JAKARTA TIMUR,PULO GADUNG,CIPINANG,403,6,19,2,376,1,0,0,0,1,3,0,0,3,1142,107,1035,46,0,0,46,423,12,380,14,17,
3175031007,DKI JAKARTA,JAKARTA TIMUR,JATINEGARA,CIPINANG BESAR SELATAN,358,4,22,2,330,2,0,0,0,2,3,0,0,3,734,64,670,19,0,0,19,293,10,258,2,23,
3175031008,DKI JAKARTA,JAKARTA TIMUR,JATINEGARA,CIPINANG BESAR UTARA,509,4,15,0,490,2,0,0,0,2,3,0,0,3,1138,86,1052,24,0,0,24,451,6,405,7,33,
3175031005,DKI JAKARTA,JAKARTA TIMUR,JATINEGARA,CIPINANG CEMPEDAK,329,6,16,2,305,0,0,0,0,0,7,0,0,7,652,34,618,25,0,0,25,253,13,222,6,12,
3175081005,DKI JAKARTA,JAKARTA TIMUR,MAKASAR,CIPINANG MELAYU,464,6,28,2,428,4,0,0,0,4,5,0,0,5,875,60,815,21,0,0,21,334,9,312,7,6,
3175031006,DKI JAKARTA,JAKARTA TIMUR,JATINEGARA,CIPINANG MUARA,548,3,36,1,508,5,0,0,0,5,10,0,0,10,1150,73,1077,32,0,0,32,537,18,471,6,42,
3174051003,DKI JAKARTA,JAKARTA SELATAN,KEBAYORAN LAMA,CIPULIR,419,2,19,4,394,6,0,0,0,6,6,0,0,6,628,38,590,11,0,0,11,294,7,269,4,14,
3175091001,DKI JAKARTA,JAKARTA TIMUR,CIRACAS,CIRACAS,1202,8,104,9,1081,4,1,0,0,3,32,0,0,32,1929,87,1842,45,0,0,45,581,10,521,17,33,
3175041003,DKI JAKARTA,JAKARTA TIMUR,KRAMAT JATI,DUKUH,392,0,53,1,338,0,0,0,0,0,1,0,0,1,944,165,779,14,0,0,14,221,3,202,5,11,
3175071001,DKI JAKARTA,JAKARTA TIMUR,DUREN SAWIT,DUREN SAWIT,1023,9,42,3,969,18,0,0,0,18,4,0,0,4,1423,110,1313,37,0,0,37,672,8,626,15,23,
3174081004,DKI JAKARTA,JAKARTA SELATAN,PANCORAN,DUREN TIGA,545,7,35,0,503,2,0,0,0,2,6,0,0,6,789,42,747,4,0,0,4,245,3,229,2,11,
3173051005,DKI JAKARTA,JAKARTA BARAT,KEBON JERUK,DURI KEPA,755,13,79,2,661,4,1,0,0,3,12,0,0,12,1522,93,1429,74,0,0,74,505,17,456,14,18,
3173011002,DKI JAKARTA,JAKARTA BARAT,CENGKARENG,DURI KOSAMBI,847,7,89,3,748,1,0,0,0,1,4,0,0,4,1374,56,1318,11,0,0,11,567,13,521,8,25,
3171011006,DKI JAKARTA,JAKARTA PUSAT,GAMBIR,DURI PULO,240,2,15,3,220,0,0,0,0,0,1,0,0,1,592,41,551,7,0,0,7,219,5,197,8,9,
3173041011,DKI JAKARTA,JAKARTA BARAT,TAMBORA,DURI SELATAN,221,0,17,1,203,0,0,0,0,0,2,0,0,2,208,7,201,4,0,0,4,93,2,86,3,2,
3173041003,DKI JAKARTA,JAKARTA BARAT,TAMBORA,DURI UTARA,259,2,20,2,235,1,0,0,0,1,2,0,0,2,280,11,269,5,0,0,5,159,2,150,4,3,
3171081003,DKI JAKARTA,JAKARTA PUSAT,JOHAR BARU,GALUR,258,2,11,0,245,4,0,0,0,4,3,0,0,3,595,18,577,48,0,0,48,214,0,197,10,7,
3171011001,DKI JAKARTA,JAKARTA PUSAT,GAMBIR,GAMBIR,149,0,32,0,117,1,0,0,0,1,17,0,0,17,468,27,441,6,0,0,6,204,1,194,1,8,
3174061004,DKI JAKARTA,JAKARTA SELATAN,CILANDAK,GANDARIA SELATAN,283,3,19,0,261,2,0,0,0,2,20,0,0,20,802,38,764,4,0,0,4,187,2,173,5,7,
3174071009,DKI JAKARTA,JAKARTA SELATAN,KEBAYORAN BARU,GANDARIA UTARA,816,7,73,2,734,0,0,0,0,0,3,0,0,3,797,49,748,8,0,0,8,277,2,250,6,19,
3175051001,DKI JAKARTA,JAKARTA TIMUR,PASAR REBO,GEDONG,893,6,46,0,841,0,0,0,0,0,4,0,0,4,590,42,548,25,0,0,25,337,5,309,5,18,
3171071001,DKI JAKARTA,JAKARTA PUSAT,TANAH ABANG,GELORA,90,0,8,1,81,0,0,0,0,0,6,0,0,6,372,64,308,0,0,0,0,117,0,108,2,7,
3173031007,DKI JAKARTA,JAKARTA BARAT,TAMAN SARI,GLODOK,135,1,9,0,125,0,0,0,0,0,1,0,0,1,220,28,192,1,0,0,1,52,1,45,2,4,
3171061004,DKI JAKARTA,JAKARTA PUSAT,MENTENG,GONDANGDIA,94,0,13,1,80,0,0,0,0,0,13,0,0,13,183,19,164,7,0,0,7,66,1,62,3,0,
3173021001,DKI JAKARTA,JAKARTA BARAT,GROGOL PETAMBURAN,GROGOL,635,4,61,4,566,1,0,0,0,1,45,0,0,45,1192,96,1096,38,0,0,38,300,12,273,2,13,
3174051005,DKI JAKARTA,JAKARTA SELATAN,KEBAYORAN LAMA,GROGOL SELATAN,560,5,53,5,497,0,0,0,0,0,12,0,0,12,792,42,750,14,0,0,14,364,8,333,7,16,
3174051004,DKI JAKARTA,JAKARTA SELATAN,KEBAYORAN LAMA,GROGOL UTARA,560,5,44,4,507,0,0,0,0,0,24,0,0,24,800,48,752,19,0,0,19,435,11,380,13,31,
3174021007,DKI JAKARTA,JAKARTA SELATAN,SETIA BUDI,GUNTUR,75,0,3,0,72,0,0,0,0,0,1,0,0,1,272,38,234,1,0,0,1,64,1,61,1,1,
3174071002,DKI JAKARTA,JAKARTA SELATAN,KEBAYORAN BARU,GUNUNG,342,0,22,3,317,0,0,0,0,0,7,0,0,7,718,298,420,0,0,0,0,141,1,134,4,2,
3171031005,DKI JAKARTA,JAKARTA PUSAT,KEMAYORAN,GUNUNG SAHARI SELATAN,381,0,33,1,347,0,0,0,0,0,5,0,0,5,819,227,592,2,0,0,2,224,1,206,7,10,
3171021004,DKI JAKARTA,JAKARTA PUSAT,SAWAH BESAR,GUNUNG SAHARI UTARA,335,0,27,1,307,2,0,0,0,2,7,0,0,7,641,40,601,12,0,0,12,202,3,185,11,3,
3175081004,DKI JAKARTA,JAKARTA TIMUR,MAKASAR,HALIM PERDANA KUSUMAH,301,0,15,2,284,0,0,0,0,0,6,0,0,6,908,275,633,10,0,0,10,568,45,495,7,21,
3171031003,DKI JAKARTA,JAKARTA PUSAT,KEMAYORAN,HARAPAN MULIA,428,0,33,3,392,1,0,0,0,1,6,0,0,6,662,29,633,35,0,0,35,292,1,275,9,7,
3174091001,DKI JAKARTA,JAKARTA SELATAN,JAGAKARSA,JAGAKARSA,1226,6,69,2,1149,8,0,0,0,8,8,0,0,8,1450,123,1327,20,0,0,20,501,7,452,6,36,
3175021007,DKI JAKARTA,JAKARTA TIMUR,PULO GADUNG,JATI,453,1,39,1,412,0,0,0,0,0,9,0,0,9,1138,92,1046,41,0,0,41,317,4,293,6,14,
3174041002,DKI JAKARTA,JAKARTA SELATAN,PASAR MINGGU,JATI PADANG,705,7,89,2,607,0,0,0,0,0,4,0,0,4,885,128,757,72,0,0,72,299,7,253,5,34,
3173071004,DKI JAKARTA,JAKARTA BARAT,PALMERAH,JATI PULO,658,4,53,4,597,2,0,0,0,2,6,0,1,5,888,32,856,66,0,0,66,352,5,324,10,13,
3175061001,DKI JAKARTA,JAKARTA TIMUR,CAKUNG,JATINEGARA,1012,3,185,3,821,1,0,0,0,1,4,0,0,4,1889,180,1709,52,0,0,52,716,12,661,11,32,
3175021004,DKI JAKARTA,JAKARTA TIMUR,PULO GADUNG,JATINEGARA KAUM,172,3,16,0,153,1,0,0,1,0,4,0,1,3,481,40,441,12,0,0,12,151,3,138,6,4,
3173021004,DKI JAKARTA,JAKARTA BARAT,GROGOL PETAMBURAN,JELAMBAR,582,3,41,5,533,2,0,0,0,2,28,0,0,28,999,81,918,14,0,0,14,332,4,310,8,10,
3173021006,DKI JAKARTA,JAKARTA BARAT,GROGOL PETAMBURAN,JELAMBAR BARU,478,1,32,2,443,2,0,0,0,2,4,0,0,4,813,73,740,23,0,0,23,265,11,237,5,12,
3173041006,DKI JAKARTA,JAKARTA BARAT,TAMBORA,JEMBATAN BESI,607,0,21,1,585,1,0,0,0,1,5,0,0,5,556,23,533,13,0,0,13,288,5,267,8,8,
3173041008,DKI JAKARTA,JAKARTA BARAT,TAMBORA,JEMBATAN LIMA,262,0,20,0,242,0,0,0,0,0,1,0,0,1,255,12,243,6,0,0,6,171,1,162,4,4,
3173081005,DKI JAKARTA,JAKARTA BARAT,KEMBANGAN,JOGLO,673,4,59,4,606,1,0,0,0,1,5,0,0,5,934,78,856,15,0,0,15,308,5,286,5,12,
3171081001,DKI JAKARTA,JAKARTA PUSAT,JOHAR BARU,JOHAR BARU,854,4,54,3,793,9,3,0,0,6,11,0,0,11,2180,85,2095,106,0,0,106,616,8,562,19,27,
3173041002,DKI JAKARTA,JAKARTA BARAT,TAMBORA,KALI ANYAR,451,4,30,0,417,1,0,0,0,1,4,0,0,4,401,15,386,14,0,0,14,221,2,206,7,6,
3172041004,DKI JAKARTA,JAKARTA UTARA,CILINCING,KALI BARU,692,5,47,5,635,0,0,0,0,0,5,0,0,5,762,18,744,49,0,0,49,369,0,355,9,5,
3174081002,DKI JAKARTA,JAKARTA SELATAN,PANCORAN,KALIBATA,743,4,55,4,680,7,0,0,0,7,13,0,0,13,1132,153,979,14,0,0,14,407,5,364,9,29,
3173061001,DKI JAKARTA,JAKARTA BARAT,KALI DERES,KALIDERES,1501,11,117,4,1369,1,0,0,0,1,7,0,1,6,2689,184,2505,31,0,0,31,648,16,577,10,45,
3175051004,DKI JAKARTA,JAKARTA TIMUR,PASAR REBO,KALISARI,1229,4,65,0,1160,0,0,0,0,0,3,0,0,3,675,39,636,14,0,0,14,353,9,320,7,17,
3173061004,DKI JAKARTA,JAKARTA BARAT,KALI DERES,KAMAL,437,9,46,3,379,0,0,0,0,0,1,0,0,1,694,67,627,6,0,0,6,141,4,113,9,15,
3172011002,DKI JAKARTA,JAKARTA UTARA,PENJARINGAN,KAMAL MUARA,140,3,15,0,122,0,0,0,0,0,4,0,0,4,270,22,248,2,0,0,2,111,4,104,2,1,
3171071007,DKI JAKARTA,JAKARTA PUSAT,TANAH ABANG,KAMPUNG BALI,169,3,7,2,157,1,0,0,0,1,2,0,0,2,370,18,352,2,0,0,2,97,3,82,4,8,
3175031001,DKI JAKARTA,JAKARTA TIMUR,JATINEGARA,KAMPUNG MELAYU,323,3,18,5,297,2,0,0,0,2,7,0,0,7,419,31,388,8,0,0,8,314,7,277,5,25,
3171081002,DKI JAKARTA,JAKARTA PUSAT,JOHAR BARU,KAMPUNG RAWA,376,2,23,0,351,3,0,0,0,3,3,0,0,3,886,35,851,67,0,0,67,309,1,286,14,8,
3175041002,DKI JAKARTA,JAKARTA TIMUR,KRAMAT JATI,KAMPUNG TENGAH,702,1,35,1,665,5,1,0,0,4,9,0,0,9,1474,83,1391,54,0,0,54,378,3,351,13,11,
3173011005,DKI JAKARTA,JAKARTA BARAT,CENGKARENG,KAPUK,1106,14,92,16,984,2,0,0,0,2,12,0,0,12,1932,112,1820,15,0,0,15,872,29,778,23,42,
3172011003,DKI JAKARTA,JAKARTA UTARA,PENJARINGAN,KAPUK MUARA,313,1,22,0,290,1,0,0,0,1,20,0,2,18,787,78,709,27,0,0,27,224,7,203,7,7,
3171021002,DKI JAKARTA,JAKARTA PUSAT,SAWAH BESAR,KARANG ANYAR,547,2,39,5,501,1,0,0,0,1,4,0,0,4,1042,53,989,15,0,0,15,267,1,240,7,19,
3174021004,DKI JAKARTA,JAKARTA SELATAN,SETIA BUDI,KARET,163,2,3,0,158,0,0,0,0,0,11,0,0,11,433,13,420,4,0,0,4,136,0,131,0,5,
3174021003,DKI JAKARTA,JAKARTA SELATAN,SETIA BUDI,KARET KUNINGAN,357,1,11,1,344,0,0,0,0,0,23,0,1,22,518,53,465,4,0,0,4,281,7,254,6,14,
3174021002,DKI JAKARTA,JAKARTA SELATAN,SETIA BUDI,KARET SEMANGGI,82,1,4,1,76,0,0,0,0,0,3,0,0,3,100,3,97,2,0,0,2,33,0,29,2,2,
3171071003,DKI JAKARTA,JAKARTA PUSAT,TANAH ABANG,KARET TENGSIN,334,2,17,0,315,1,0,0,0,1,8,0,0,8,849,36,813,3,0,0,3,229,5,202,8,14,
3171021003,DKI JAKARTA,JAKARTA PUSAT,SAWAH BESAR,KARTINI,391,4,29,1,357,1,0,0,0,1,0,0,0,0,788,35,753,18,0,0,18,268,5,244,5,14,
3175011003,DKI JAKARTA,JAKARTA TIMUR,MATRAMAN,KAYU MANIS,462,4,22,0,436,3,0,0,0,3,3,0,0,3,877,66,811,34,0,0,34,272,10,251,7,4,
3175021006,DKI JAKARTA,JAKARTA TIMUR,PULO GADUNG,KAYU PUTIH,632,2,48,4,578,1,0,0,1,0,16,0,0,16,1308,76,1232,66,0,0,66,417,5,384,12,16,
3173031006,DKI JAKARTA,JAKARTA BARAT,TAMAN SARI,KEAGUNGAN,341,1,13,0,327,0,0,0,0,0,4,0,0,4,567,21,546,11,0,0,11,210,6,195,1,8,
3174041007,DKI JAKARTA,JAKARTA SELATAN,PASAR MINGGU,KEBAGUSAN,775,10,46,1,718,3,0,0,0,3,4,0,1,3,921,69,852,41,0,0,41,306,7,275,3,21,
3174051006,DKI JAKARTA,JAKARTA SELATAN,KEBAYORAN LAMA,KEBAYORAN LAMA SELATAN,762,4,55,0,703,5,0,0,0,5,2,0,0,2,903,39,864,14,0,0,14,353,5,320,7,21,
3174051001,DKI JAKARTA,JAKARTA SELATAN,KEBAYORAN LAMA,KEBAYORAN LAMA UTARA,566,8,33,1,524,1,0,0,0,1,15,0,0,15,637,37,600,6,0,0,6,305,9,277,5,14,
3174011004,DKI JAKARTA,JAKARTA SELATAN,TEBET,KEBON BARU,500,2,29,2,467,0,0,0,0,0,15,0,0,15,826,43,783,22,0,0,22,261,1,240,8,12,
3172021005,DKI JAKARTA,JAKARTA UTARA,TANJUNG PRIOK,KEBON BAWANG,893,9,50,1,833,0,0,0,0,0,16,0,1,15,1517,101,1416,103,0,0,103,487,11,466,4,6,
3173051001,DKI JAKARTA,JAKARTA BARAT,KEBON JERUK,KEBON JERUK,1080,5,75,6,994,2,0,0,0,2,14,0,1,13,2422,173,2249,63,0,0,63,723,12,660,20,31,
3171071006,DKI JAKARTA,JAKARTA PUSAT,TANAH ABANG,KEBON KACANG,501,2,8,1,490,1,0,0,0,1,0,0,0,0,646,30,616,8,0,0,8,324,4,298,12,10,
3171011005,DKI JAKARTA,JAKARTA PUSAT,GAMBIR,KEBON KELAPA,180,0,7,1,172,3,0,0,0,3,4,0,0,4,351,5,346,3,0,0,3,102,0,99,1,2,
3171031002,DKI JAKARTA,JAKARTA PUSAT,KEMAYORAN,KEBON KOSONG,451,5,29,5,412,1,0,0,0,1,9,0,0,9,766,168,598,35,0,0,35,295,6,263,7,19,
3175011005,DKI JAKARTA,JAKARTA TIMUR,MATRAMAN,KEBON MANGGIS,256,3,12,4,237,0,0,0,0,0,2,0,0,2,359,26,333,24,0,0,24,185,8,166,3,8,
3171071005,DKI JAKARTA,JAKARTA PUSAT,TANAH ABANG,KEBON MELATI,588,2,19,3,564,3,2,0,0,1,5,0,0,5,1075,31,1044,10,0,0,10,498,2,479,9,8,
3175081003,DKI JAKARTA,JAKARTA TIMUR,MAKASAR,KEBON PALA,439,2,26,1,410,1,0,0,0,1,6,0,0,6,1118,39,1079,19,0,0,19,424,10,387,11,16,
3171061005,DKI JAKARTA,JAKARTA PUSAT,MENTENG,KEBON SIRIH,203,2,13,2,186,0,0,0,0,0,4,0,0,4,348,12,336,20,0,0,20,155,0,148,2,5,
3173011004,DKI JAKARTA,JAKARTA BARAT,CENGKARENG,KEDAUNG KALI ANGKE,581,3,30,0,548,0,0,0,0,0,1,0,0,1,760,42,718,7,0,0,7,409,5,375,7,22,
3173051007,DKI JAKARTA,JAKARTA BARAT,KEBON JERUK,KEDOYA SELATAN,563,10,52,5,496,2,0,0,0,2,8,0,0,8,905,61,844,23,0,0,23,284,8,255,8,13,
3173051006,DKI JAKARTA,JAKARTA BARAT,KEBON JERUK,KEDOYA UTARA,587,4,59,2,522,1,0,0,0,1,15,0,0,15,1158,94,1064,22,0,0,22,386,5,356,8,17,
3173051004,DKI JAKARTA,JAKARTA BARAT,KEBON JERUK,KELAPA DUA,413,4,36,0,373,0,0,0,0,0,5,0,0,5,869,87,782,26,0,0,26,236,4,222,3,7,
3175091003,DKI JAKARTA,JAKARTA TIMUR,CIRACAS,KELAPA DUA WETAN,760,3,58,1,698,1,0,0,0,1,8,0,0,8,1313,42,1271,37,0,0,37,303,6,278,3,16,
3172061003,DKI JAKARTA,JAKARTA UTARA,KELAPA GADING,KELAPA GADING BARAT,1127,6,73,3,1045,2,0,0,0,2,50,0,1,49,1518,49,1469,256,0,0,256,514,8,474,6,26,
3172061001,DKI JAKARTA,JAKARTA UTARA,KELAPA GADING,KELAPA GADING TIMUR,916,7,81,2,826,3,0,0,0,3,23,0,0,23,1464,67,1397,143,0,0,143,409,6,371,9,23,
3173071005,DKI JAKARTA,JAKARTA BARAT,PALMERAH,KEMANGGISAN,793,5,41,6,741,0,0,0,0,0,9,0,0,9,1095,48,1047,55,0,0,55,394,5,370,11,8,
3171031001,DKI JAKARTA,JAKARTA PUSAT,KEMAYORAN,KEMAYORAN,485,3,20,3,459,2,0,0,0,2,3,0,0,3,721,34,687,27,0,0,27,372,13,341,10,8,
3173081006,DKI JAKARTA,JAKARTA BARAT,KEMBANGAN,KEMBANGAN SELATAN,433,7,61,1,364,0,0,0,0,0,8,0,0,8,841,67,774,54,0,0,54,257,10,228,5,14,
3173081001,DKI JAKARTA,JAKARTA BARAT,KEMBANGAN,KEMBANGAN UTARA,814,10,73,3,728,4,0,0,1,3,3,0,0,3,1978,79,1899,11,0,0,11,404,7,366,8,23,
3171041002,DKI JAKARTA,JAKARTA PUSAT,SENEN,KENARI,285,0,11,1,273,1,0,0,0,1,8,0,0,8,636,31,605,46,0,0,46,198,4,191,3,0,
3173041005,DKI JAKARTA,JAKARTA BARAT,TAMBORA,KERENDANG,306,1,8,2,295,1,0,0,0,1,0,0,0,0,253,10,243,9,0,0,9,166,3,151,8,4,
3175071003,DKI JAKARTA,JAKARTA TIMUR,DUREN SAWIT,KLENDER,770,3,34,2,731,4,0,0,0,4,5,0,0,5,1352,87,1265,40,0,0,40,582,20,506,19,37,
3172031001,DKI JAKARTA,JAKARTA UTARA,KOJA,KOJA,405,2,26,0,377,0,0,0,0,0,4,0,0,4,610,91,519,56,0,0,56,397,3,366,9,19,
3173071006,DKI JAKARTA,JAKARTA BARAT,PALMERAH,KOTA BAMBU SELATAN,609,2,46,5,556,0,0,0,0,0,1,0,0,1,988,53,935,73,0,0,73,320,3,303,5,9,
3173071003,DKI JAKARTA,JAKARTA BARAT,PALMERAH,KOTA BAMBU UTARA,507,5,28,11,463,3,0,0,0,3,3,0,0,3,707,71,636,54,0,0,54,284,3,260,9,12,
3171041004,DKI JAKARTA,JAKARTA PUSAT,SENEN,KRAMAT,504,1,40,6,457,0,0,0,0,0,10,0,0,10,1113,67,1046,37,0,0,37,350,7,324,11,8,
3175041001,DKI JAKARTA,JAKARTA TIMUR,KRAMAT JATI,KRAMAT JATI,563,1,56,1,505,1,0,0,0,1,13,0,0,13,1154,94,1060,24,0,0,24,475,9,432,14,20,
3174071003,DKI JAKARTA,JAKARTA SELATAN,KEBAYORAN BARU,KRAMAT PELA,320,0,26,0,294,0,0,0,0,0,0,0,0,0,553,13,540,7,0,0,7,176,0,167,3,6,
3173031002,DKI JAKARTA,JAKARTA BARAT,TAMAN SARI,KRUKUT,360,5,31,6,318,2,0,0,0,2,3,0,0,3,547,24,523,13,0,0,13,228,2,215,4,7,
3174031005,DKI JAKARTA,JAKARTA SELATAN,MAMPANG PRAPATAN,KUNINGAN BARAT,174,1,10,1,162,1,0,0,0,1,0,0,0,0,551,27,524,5,0,0,5,169,3,160,2,4,
3174021008,DKI JAKARTA,JAKARTA SELATAN,SETIA BUDI,KUNINGAN TIMUR,332,2,120,1,209,1,0,0,0,1,20,0,0,20,291,42,249,5,0,0,5,160,3,139,2,16,
3171041005,DKI JAKARTA,JAKARTA PUSAT,SENEN,KWITANG,278,1,9,0,268,3,0,0,0,3,7,0,0,7,554,17,537,11,0,0,11,144,2,133,6,3,
3172031003,DKI JAKARTA,JAKARTA UTARA,KOJA,LAGOA,820,4,49,1,766,1,0,0,0,1,5,0,0,5,888,22,866,88,0,0,88,732,2,700,15,15,
3174061002,DKI JAKARTA,JAKARTA SELATAN,CILANDAK,LEBAK BULUS,571,4,47,2,518,3,0,0,0,3,27,0,0,27,1286,98,1188,22,0,0,22,522,4,493,10,15,
3174091004,DKI JAKARTA,JAKARTA SELATAN,JAGAKARSA,LENTENG AGUNG,963,5,52,0,906,5,1,0,0,4,7,0,1,6,1014,94,920,16,0,0,16,372,7,326,4,35,
LUAR DKI JAKARTA,LUAR DKI JAKARTA,LUAR DKI JAKARTA,LUAR DKI JAKARTA,LUAR DKI JAKARTA,56262,346,4633,98,51185,107,10,0,0,97,698,0,11,687,86284,8264,78020,3196,0,0,3196,9054,212,8435,138,269,
3175101007,DKI JAKARTA,JAKARTA TIMUR,CIPAYUNG,LUBANG BUAYA,1039,4,82,3,950,5,2,0,0,3,10,0,0,10,999,58,941,35,0,0,35,505,9,467,3,26,
3175081001,DKI JAKARTA,JAKARTA TIMUR,MAKASAR,MAKASAR,467,1,31,1,434,0,0,0,0,0,8,0,0,8,1426,80,1346,25,0,0,25,397,7,358,8,24,
3175071006,DKI JAKARTA,JAKARTA TIMUR,DUREN SAWIT,MALAKA JAYA,406,0,25,2,379,1,0,0,0,1,2,0,0,2,799,53,746,16,0,0,16,299,3,266,4,26,
3175071005,DKI JAKARTA,JAKARTA TIMUR,DUREN SAWIT,MALAKA SARI,380,1,16,1,362,0,0,0,0,0,1,0,0,1,721,41,680,15,0,0,15,258,5,235,4,14,
3174031001,DKI JAKARTA,JAKARTA SELATAN,MAMPANG PRAPATAN,MAMPANG PRAPATAN,398,2,23,2,371,2,0,0,0,2,1,0,1,0,1179,85,1094,10,0,0,10,368,9,332,11,16,
3173031005,DKI JAKARTA,JAKARTA BARAT,TAMAN SARI,MANGGA BESAR,182,2,11,1,168,1,0,0,0,1,0,0,0,0,218,10,208,6,0,0,6,86,2,79,4,1,
3171021005,DKI JAKARTA,JAKARTA PUSAT,SAWAH BESAR,MANGGA DUA SELATAN,493,4,27,1,461,3,0,0,0,3,1,0,0,1,951,36,915,20,0,0,20,288,2,268,8,10,
3174011007,DKI JAKARTA,JAKARTA SELATAN,TEBET,MANGGARAI,518,4,27,0,487,4,0,0,0,4,4,0,0,4,710,46,664,27,0,0,27,299,2,277,2,18,
3174011006,DKI JAKARTA,JAKARTA SELATAN,TEBET,MANGGARAI SELATAN,361,3,14,2,342,0,0,0,0,0,6,0,0,6,585,37,548,24,0,0,24,193,1,166,8,18,
3173031003,DKI JAKARTA,JAKARTA BARAT,TAMAN SARI,MAPHAR,284,1,17,1,265,0,0,0,0,0,6,0,0,6,452,28,424,41,0,0,41,233,2,224,3,4,
3172041003,DKI JAKARTA,JAKARTA UTARA,CILINCING,MARUNDA,371,9,29,0,333,3,0,0,0,3,0,0,0,0,399,15,384,18,0,0,18,143,1,132,1,9,
3174071001,DKI JAKARTA,JAKARTA SELATAN,KEBAYORAN BARU,MELAWAI,102,1,8,0,93,0,0,0,0,0,1,0,0,1,118,13,105,0,0,0,0,24,0,19,1,4,
3171061001,DKI JAKARTA,JAKARTA PUSAT,MENTENG,MENTENG,576,3,40,2,531,3,1,0,0,2,5,0,0,5,1012,110,902,27,0,0,27,323,4,299,10,10,
3174021005,DKI JAKARTA,JAKARTA SELATAN,SETIA BUDI,MENTENG ATAS,491,4,30,3,454,2,0,0,0,2,55,0,0,55,1657,87,1570,40,0,0,40,378,11,346,9,12,
3174011003,DKI JAKARTA,JAKARTA SELATAN,TEBET,MENTENG DALAM,737,5,29,4,699,4,0,0,0,4,13,0,0,13,932,75,857,47,0,0,47,336,6,302,8,20,
3173081003,DKI JAKARTA,JAKARTA BARAT,KEMBANGAN,MERUYA SELATAN,564,1,76,1,486,1,0,0,0,1,5,0,0,5,962,68,894,17,0,0,17,318,11,281,4,22,
3173081002,DKI JAKARTA,JAKARTA BARAT,KEMBANGAN,MERUYA UTARA,768,6,61,6,695,1,0,0,1,0,8,0,0,8,1200,56,1144,12,0,0,12,396,16,355,4,21,
3175101004,DKI JAKARTA,JAKARTA TIMUR,CIPAYUNG,MUNJUL,390,4,39,0,347,0,0,0,0,0,3,0,0,3,475,25,450,27,0,0,27,154,4,141,1,8,
3172051002,DKI JAKARTA,JAKARTA UTARA,PADEMANGAN,PADEMANGAN BARAT,2118,5,105,5,2003,5,0,0,0,5,17,0,1,16,2755,113,2642,38,0,0,38,864,5,796,24,39,
3172051001,DKI JAKARTA,JAKARTA UTARA,PADEMANGAN,PADEMANGAN TIMUR,817,2,83,3,729,2,0,0,0,2,17,0,2,15,1083,113,970,24,0,0,24,347,6,324,6,11,
3175011004,DKI JAKARTA,JAKARTA TIMUR,MATRAMAN,PAL MERIAM,335,1,13,2,319,2,0,0,0,2,4,0,0,4,782,20,762,66,0,0,66,271,1,258,7,5,
3173071001,DKI JAKARTA,JAKARTA BARAT,PALMERAH,PALMERAH,1662,3,165,2,1492,0,0,0,0,0,2,0,0,2,2282,136,2146,86,0,0,86,698,12,632,23,31,
3174081001,DKI JAKARTA,JAKARTA SELATAN,PANCORAN,PANCORAN,537,8,45,0,484,1,0,0,0,1,9,0,0,9,751,63,688,7,0,0,7,307,4,288,4,11,
3172021003,DKI JAKARTA,JAKARTA UTARA,TANJUNG PRIOK,PAPANGGO,612,0,59,0,553,1,0,0,0,1,7,0,0,7,1001,32,969,71,0,0,71,333,6,311,3,13,
3171021001,DKI JAKARTA,JAKARTA PUSAT,SAWAH BESAR,PASAR BARU,284,2,11,2,269,2,0,0,0,2,9,0,0,9,609,46,563,13,0,0,13,202,0,193,2,7,
3174021006,DKI JAKARTA,JAKARTA SELATAN,SETIA BUDI,PASAR MANGGIS,324,2,21,3,298,4,0,0,0,4,29,0,0,29,1111,61,1050,19,0,0,19,322,4,293,11,14,
3174041001,DKI JAKARTA,JAKARTA SELATAN,PASAR MINGGU,PASAR MINGGU,643,6,111,1,525,3,0,0,0,3,7,0,0,7,753,49,704,24,0,0,24,280,3,254,7,16,
3171041003,DKI JAKARTA,JAKARTA PUSAT,SENEN,PASEBAN,657,5,36,1,615,4,0,0,0,4,24,0,0,24,1298,115,1183,64,0,0,64,417,6,374,9,28,
3173061005,DKI JAKARTA,JAKARTA BARAT,KALI DERES,PEGADUNGAN,977,9,77,7,884,1,0,0,0,1,10,0,0,10,1774,92,1682,20,0,0,20,391,6,353,10,22,
3171061002,DKI JAKARTA,JAKARTA PUSAT,MENTENG,PEGANGSAAN,463,2,30,2,429,3,0,0,0,3,4,0,0,4,1008,48,960,54,0,0,54,405,6,387,5,7,
3172061002,DKI JAKARTA,JAKARTA UTARA,KELAPA GADING,PEGANGSAAN DUA,1114,2,112,1,999,2,0,0,0,2,45,0,1,44,2167,129,2038,230,0,0,230,595,2,538,11,44,
3172011004,DKI JAKARTA,JAKARTA UTARA,PENJARINGAN,PEJAGALAN,758,6,57,2,693,3,0,0,0,3,11,0,0,11,1259,104,1155,36,0,0,36,437,4,399,7,27,
3174041006,DKI JAKARTA,JAKARTA SELATAN,PASAR MINGGU,PEJATEN BARAT,655,11,45,2,597,8,0,0,0,8,2,0,0,2,956,111,845,75,0,0,75,363,14,315,3,31,
3174041005,DKI JAKARTA,JAKARTA SELATAN,PASAR MINGGU,PEJATEN TIMUR,660,4,45,1,610,4,0,0,0,4,3,0,0,3,916,98,818,42,0,0,42,360,16,305,13,26,
3175051005,DKI JAKARTA,JAKARTA TIMUR,PASAR REBO,PEKAYON,1081,5,64,1,1011,2,0,0,0,2,3,0,0,3,489,35,454,15,0,0,15,305,6,273,6,20,
3173041009,DKI JAKARTA,JAKARTA BARAT,TAMBORA,PEKOJAN,362,7,20,2,333,0,0,0,0,0,3,0,0,3,312,18,294,18,0,0,18,166,1,150,5,10,
3174031003,DKI JAKARTA,JAKARTA SELATAN,MAMPANG PRAPATAN,PELA MAMPANG,519,4,19,2,494,4,0,0,0,4,15,0,0,15,1798,112,1686,6,0,0,6,467,15,417,7,28,
3174081005,DKI JAKARTA,JAKARTA SELATAN,PANCORAN,PENGADEGAN,289,3,16,2,268,0,0,0,0,0,8,0,0,8,586,68,518,12,0,0,12,149,6,139,1,3,
3175061003,DKI JAKARTA,JAKARTA TIMUR,CAKUNG,PENGGILINGAN,1041,6,147,1,887,3,1,0,0,2,11,0,0,11,2295,203,2092,87,0,0,87,752,12,687,14,39,
3172011001,DKI JAKARTA,JAKARTA UTARA,PENJARINGAN,PENJARINGAN,1491,8,105,4,1374,4,1,0,0,3,24,0,0,24,3365,145,3220,123,0,0,123,832,16,774,17,25,
3174101001,DKI JAKARTA,JAKARTA SELATAN,PESANGGRAHAN,PESANGGRAHAN,640,6,88,4,542,2,0,0,1,1,0,0,0,0,1151,122,1029,20,0,0,20,223,2,202,4,15,
3171071004,DKI JAKARTA,JAKARTA PUSAT,TANAH ABANG,PETAMBURAN,683,5,25,7,646,0,0,0,0,0,7,0,0,7,1061,37,1024,15,0,0,15,483,9,453,13,8,
3174071008,DKI JAKARTA,JAKARTA SELATAN,KEBAYORAN BARU,PETOGOGAN,310,4,32,0,274,0,0,0,0,0,3,0,0,3,350,14,336,3,0,0,3,139,4,128,0,7,
3171011004,DKI JAKARTA,JAKARTA PUSAT,GAMBIR,PETOJO SELATAN,385,3,108,1,273,0,0,0,0,0,28,0,0,28,875,32,843,17,0,0,17,302,3,276,9,14,
3171011003,DKI JAKARTA,JAKARTA PUSAT,GAMBIR,PETOJO UTARA,259,3,8,3,245,1,0,0,0,1,12,0,0,12,486,39,447,26,0,0,26,180,4,171,3,2,
3174101004,DKI JAKARTA,JAKARTA SELATAN,PESANGGRAHAN,PETUKANGAN SELATAN,624,10,56,2,556,1,0,0,0,1,2,0,0,2,1111,46,1065,10,0,0,10,293,2,275,5,11,
3174101003,DKI JAKARTA,JAKARTA SELATAN,PESANGGRAHAN,PETUKANGAN UTARA,705,4,62,4,635,6,0,0,0,6,6,0,0,6,1893,99,1794,11,0,0,11,412,6,381,2,23,
3175081002,DKI JAKARTA,JAKARTA TIMUR,MAKASAR,PINANG RANTI,336,1,14,1,320,1,1,0,0,0,2,0,0,2,811,27,784,31,0,0,31,227,2,206,6,13,
3173031008,DKI JAKARTA,JAKARTA BARAT,TAMAN SARI,PINANGSIA,186,1,13,1,171,0,0,0,0,0,2,0,0,2,288,15,273,4,0,0,4,134,1,127,0,6,
3175011001,DKI JAKARTA,JAKARTA TIMUR,MATRAMAN,PISANGAN BARU,461,2,22,3,434,2,0,0,0,2,5,0,0,5,724,53,671,35,0,0,35,274,3,245,9,17,
3175021002,DKI JAKARTA,JAKARTA TIMUR,PULO GADUNG,PISANGAN TIMUR,464,5,27,4,428,1,0,0,0,1,10,0,0,10,1436,91,1345,33,0,0,33,322,9,295,5,13,
3172011005,DKI JAKARTA,JAKARTA UTARA,PENJARINGAN,PLUIT,671,6,91,4,570,0,0,0,0,0,14,0,0,14,1605,126,1479,22,0,0,22,380,12,343,9,16,
3175071002,DKI JAKARTA,JAKARTA TIMUR,DUREN SAWIT,PONDOK BAMBU,1204,11,72,1,1120,6,1,0,0,5,3,0,0,3,1521,77,1444,41,0,0,41,571,11,518,12,30,
3175071004,DKI JAKARTA,JAKARTA TIMUR,DUREN SAWIT,PONDOK KELAPA,897,7,39,0,851,2,1,0,0,1,12,0,0,12,1589,121,1468,35,0,0,35,550,4,493,15,38,
3175071007,DKI JAKARTA,JAKARTA TIMUR,DUREN SAWIT,PONDOK KOPI,558,3,29,1,525,0,0,0,0,0,3,0,1,2,658,43,615,17,0,0,17,303,3,269,13,18,
3174061003,DKI JAKARTA,JAKARTA SELATAN,CILANDAK,PONDOK LABU,757,10,68,1,678,6,0,0,0,6,74,0,1,73,1368,63,1305,37,0,0,37,307,17,261,4,25,
3174051002,DKI JAKARTA,JAKARTA SELATAN,KEBAYORAN LAMA,PONDOK PINANG,865,5,88,4,768,0,0,0,0,0,45,0,1,44,1093,80,1013,12,0,0,12,466,9,403,12,42,
3175101003,DKI JAKARTA,JAKARTA TIMUR,CIPAYUNG,PONDOK RANGGON,364,5,24,3,332,1,1,0,0,0,3,0,0,3,609,38,571,22,0,0,22,244,1,226,1,16,
PROSES UPDATE DATA,PROSES UPDATE DATA,PROSES UPDATE DATA,PROSES UPDATE DATA,PROSES UPDATE DATA,19114,92,839,1696,16487,4003,2,0,3985,16,117,0,1,116,45340,3109,42231,518,0,1,517,27329,979,25684,500,166,
3101011003,DKI JAKARTA,KAB.ADM.KEP.SERIBU,KEP. SERIBU UTARA,PULAU HARAPAN,69,0,2,0,67,0,0,0,0,0,0,0,0,0,92,1,91,0,0,0,0,6,0,6,0,0,
3101011002,DKI JAKARTA,KAB.ADM.KEP.SERIBU,KEP. SERIBU UTARA,PULAU KELAPA,94,0,9,1,84,0,0,0,0,0,3,0,0,3,228,13,215,1,0,0,1,19,0,16,0,3,
3101011001,DKI JAKARTA,KAB.ADM.KEP.SERIBU,KEP. SERIBU UTARA,PULAU PANGGANG,197,0,17,1,179,0,0,0,0,0,0,0,0,0,186,6,180,4,0,0,4,30,0,30,0,0,
3101021003,DKI JAKARTA,KAB.ADM.KEP.SERIBU,KEP. SERIBU SELATAN,PULAU PARI,13,0,0,0,13,0,0,0,0,0,0,0,0,0,211,2,209,1,0,0,1,7,0,7,0,0,
3101021002,DKI JAKARTA,KAB.ADM.KEP.SERIBU,KEP. SERIBU SELATAN,PULAU TIDUNG,43,0,1,0,42,1,0,0,1,0,1,0,0,1,409,0,409,1,0,0,1,37,0,37,0,0,
3101021001,DKI JAKARTA,KAB.ADM.KEP.SERIBU,KEP. SERIBU SELATAN,PULAU UNTUNG JAWA,26,0,1,0,25,0,0,0,0,0,0,0,0,0,114,1,113,0,0,0,0,5,0,5,0,0,
3174071007,DKI JAKARTA,JAKARTA SELATAN,KEBAYORAN BARU,PULO,334,1,26,1,306,1,0,0,0,1,1,0,0,1,256,11,245,0,0,0,0,75,2,64,0,9,
3175021001,DKI JAKARTA,JAKARTA TIMUR,PULO GADUNG,PULO GADUNG,555,5,40,2,508,0,0,0,0,0,11,0,0,11,1098,71,1027,47,0,0,47,326,3,309,8,6,
3175061005,DKI JAKARTA,JAKARTA TIMUR,CAKUNG,PULO GEBANG,862,1,102,2,757,1,0,0,0,1,9,0,0,9,1839,228,1611,75,0,0,75,585,9,518,12,46,
3174041004,DKI JAKARTA,JAKARTA SELATAN,PASAR MINGGU,RAGUNAN,1107,6,94,2,1005,1,0,0,0,1,2,0,0,2,975,102,873,25,0,0,25,336,9,283,8,36,
3175091005,DKI JAKARTA,JAKARTA TIMUR,CIRACAS,RAMBUTAN,637,13,67,1,556,2,0,0,0,2,12,0,0,12,893,33,860,29,0,0,29,285,13,250,4,18,
3172031006,DKI JAKARTA,JAKARTA UTARA,KOJA,RAWA BADAK SELATAN,647,8,47,2,590,3,1,0,0,2,2,0,0,2,705,32,673,62,0,0,62,406,5,373,5,23,
3172031004,DKI JAKARTA,JAKARTA UTARA,KOJA,RAWA BADAK UTARA,589,3,31,1,554,0,0,0,0,0,2,0,0,2,670,26,644,101,0,0,101,314,2,298,4,10,
3174071005,DKI JAKARTA,JAKARTA SELATAN,KEBAYORAN BARU,RAWA BARAT,152,0,28,2,122,0,0,0,0,0,2,0,0,2,212,13,199,0,0,0,0,63,4,51,1,7,
3173011003,DKI JAKARTA,JAKARTA BARAT,CENGKARENG,RAWA BUAYA,569,6,54,2,507,1,0,0,0,1,6,0,0,6,1049,57,992,7,0,0,7,442,9,398,14,21,
3175031004,DKI JAKARTA,JAKARTA TIMUR,JATINEGARA,RAWA BUNGA,208,1,10,1,196,0,0,0,0,0,1,0,0,1,366,20,346,18,0,0,18,181,3,163,4,11,
3174081003,DKI JAKARTA,JAKARTA SELATAN,PANCORAN,RAWA JATI,401,1,34,0,366,2,0,0,0,2,11,0,0,11,704,55,649,8,0,0,8,160,6,147,0,7,
3175061002,DKI JAKARTA,JAKARTA TIMUR,CAKUNG,RAWA TERATE,210,1,26,0,183,0,0,0,0,0,2,0,0,2,506,67,439,11,0,0,11,218,8,202,1,7,
3175021005,DKI JAKARTA,JAKARTA TIMUR,PULO GADUNG,RAWAMANGUN,484,3,26,0,455,1,0,0,0,1,9,0,0,9,1176,104,1072,40,0,0,40,372,11,333,9,19,
3171051003,DKI JAKARTA,JAKARTA PUSAT,CEMPAKA PUTIH,RAWASARI,963,1,103,2,857,7,2,0,1,4,10,0,0,10,1622,69,1553,39,0,0,39,493,7,453,7,26,
3173041010,DKI JAKARTA,JAKARTA BARAT,TAMBORA,ROA MALAKA,48,1,2,0,45,1,0,0,0,1,0,0,0,0,68,19,49,2,0,0,2,20,2,16,0,2,
3172041006,DKI JAKARTA,JAKARTA UTARA,CILINCING,ROROTAN,561,6,69,2,484,0,0,0,0,0,5,0,0,5,718,36,682,86,0,0,86,226,2,207,2,15,
3174071004,DKI JAKARTA,JAKARTA SELATAN,KEBAYORAN BARU,SELONG,111,0,6,0,105,0,0,0,0,0,3,0,0,3,164,8,156,3,0,0,3,32,0,29,1,2,
3173061002,DKI JAKARTA,JAKARTA BARAT,KALI DERES,SEMANAN,787,7,54,3,723,1,0,0,0,1,3,0,0,3,1410,95,1315,9,0,0,9,341,9,305,4,23,
3172041007,DKI JAKARTA,JAKARTA UTARA,CILINCING,SEMPER BARAT,1056,13,94,1,948,3,0,0,0,3,12,0,0,12,1413,54,1359,126,0,0,126,584,4,552,11,17,
3172041005,DKI JAKARTA,JAKARTA UTARA,CILINCING,SEMPER TIMUR,573,6,47,1,519,1,0,0,0,1,4,0,0,4,834,33,801,61,0,0,61,304,1,284,6,13,
3174071006,DKI JAKARTA,JAKARTA SELATAN,KEBAYORAN BARU,SENAYAN,529,0,14,0,515,0,0,0,0,0,10,0,0,10,767,14,753,0,0,0,0,223,2,219,0,2,
3171041001,DKI JAKARTA,JAKARTA PUSAT,SENEN,SENEN,244,1,18,0,225,2,1,0,0,1,8,0,0,8,857,63,794,26,0,0,26,174,3,162,3,6,
3171031004,DKI JAKARTA,JAKARTA PUSAT,KEMAYORAN,SERDANG,596,8,61,2,525,0,0,0,0,0,5,0,0,5,931,77,854,32,0,0,32,357,7,324,8,18,
3174021001,DKI JAKARTA,JAKARTA SELATAN,SETIA BUDI,SETIA BUDI,131,1,5,0,125,0,0,0,0,0,4,0,0,4,403,15,388,6,0,0,6,57,2,54,0,1,
3175101005,DKI JAKARTA,JAKARTA TIMUR,CIPAYUNG,SETU,326,2,18,0,306,2,0,0,0,2,2,0,0,2,551,29,522,14,0,0,14,161,2,155,2,2,
3173071002,DKI JAKARTA,JAKARTA BARAT,PALMERAH,SLIPI,680,2,50,2,626,1,0,0,0,1,2,0,0,2,1176,79,1097,44,0,0,44,368,8,344,4,12,
3173081004,DKI JAKARTA,JAKARTA BARAT,KEMBANGAN,SRENGSENG,777,3,73,3,698,1,0,0,0,1,6,0,0,6,1630,127,1503,27,0,0,27,422,6,383,5,28,
3174091002,DKI JAKARTA,JAKARTA SELATAN,JAGAKARSA,SRENGSENG SAWAH,1052,3,43,0,1006,8,0,0,0,8,11,0,0,11,1272,71,1201,29,0,0,29,293,9,260,9,15,
3173051003,DKI JAKARTA,JAKARTA BARAT,KEBON JERUK,SUKABUMI SELATAN,434,1,33,4,396,1,0,0,0,1,1,0,0,1,871,45,826,25,0,0,25,271,4,255,6,6,
3173051002,DKI JAKARTA,JAKARTA BARAT,KEBON JERUK,SUKABUMI UTARA,551,2,71,3,475,1,0,0,0,1,20,0,0,20,1036,114,922,49,0,0,49,351,9,297,10,35,
3172041002,DKI JAKARTA,JAKARTA UTARA,CILINCING,SUKAPURA,806,10,67,2,727,0,0,0,0,0,6,0,0,6,1116,66,1050,114,0,0,114,447,5,398,8,36,
3171031007,DKI JAKARTA,JAKARTA PUSAT,KEMAYORAN,SUMUR BATU,507,1,33,1,472,2,0,0,0,2,6,0,0,6,701,36,665,33,0,0,33,271,2,252,4,13,
3172021004,DKI JAKARTA,JAKARTA UTARA,TANJUNG PRIOK,SUNGAI BAMBU,526,2,53,0,471,0,0,0,0,0,7,0,0,7,806,59,747,50,0,0,50,270,6,245,6,13,
3172021006,DKI JAKARTA,JAKARTA UTARA,TANJUNG PRIOK,SUNTER AGUNG,1388,11,133,1,1243,4,0,0,0,4,23,0,0,23,2440,137,2303,109,0,0,109,785,30,714,21,20,
3172021002,DKI JAKARTA,JAKARTA UTARA,TANJUNG PRIOK,SUNTER JAYA,1175,6,110,6,1053,1,0,0,0,1,10,0,0,10,2063,110,1953,198,0,0,198,716,14,657,19,26,
3175091004,DKI JAKARTA,JAKARTA TIMUR,CIRACAS,SUSUKAN,680,1,47,1,631,0,0,0,0,0,17,0,0,17,1523,35,1488,69,0,0,69,246,4,222,8,12,
3173031001,DKI JAKARTA,JAKARTA BARAT,TAMAN SARI,TAMAN SARI,334,3,14,0,317,2,0,0,0,2,1,0,0,1,493,15,478,17,0,0,17,224,5,209,4,6,
3173041001,DKI JAKARTA,JAKARTA BARAT,TAMBORA,TAMBORA,253,4,15,3,231,1,1,0,0,0,2,0,1,1,351,11,340,4,0,0,4,123,1,115,3,4,
3173041004,DKI JAKARTA,JAKARTA BARAT,TAMBORA,TANAH SEREAL,365,3,23,2,337,1,0,0,0,1,4,0,0,4,341,18,323,5,0,0,5,200,1,184,7,8,
3171081004,DKI JAKARTA,JAKARTA PUSAT,JOHAR BARU,TANAH TINGGI,577,7,32,3,535,5,0,0,0,5,7,0,0,7,1259,50,1209,38,0,0,38,443,3,419,16,5,
3173031004,DKI JAKARTA,JAKARTA BARAT,TAMAN SARI,TANGKI,292,1,16,1,274,1,0,0,0,1,4,0,0,4,378,24,354,4,0,0,4,155,4,143,1,7,
3174091005,DKI JAKARTA,JAKARTA SELATAN,JAGAKARSA,TANJUNG BARAT,825,4,35,1,785,1,0,0,0,1,2,0,0,2,753,53,700,13,0,0,13,339,5,311,6,17,
3173021005,DKI JAKARTA,JAKARTA BARAT,GROGOL PETAMBURAN,TANJUNG DUREN SELATAN,534,4,32,1,497,0,0,0,0,0,19,0,0,19,855,71,784,25,0,0,25,382,2,348,11,21,
3173021002,DKI JAKARTA,JAKARTA BARAT,GROGOL PETAMBURAN,TANJUNG DUREN UTARA,356,4,28,0,324,2,0,0,0,2,21,0,0,21,757,86,671,21,0,0,21,218,3,195,9,11,
3172021001,DKI JAKARTA,JAKARTA UTARA,TANJUNG PRIOK,TANJUNG PRIOK,656,4,48,6,598,1,0,0,0,1,13,0,0,13,936,53,883,75,0,0,75,451,4,422,11,14,
3174011002,DKI JAKARTA,JAKARTA SELATAN,TEBET,TEBET BARAT,672,5,120,0,547,2,0,0,0,2,8,0,0,8,794,46,748,24,0,0,24,424,18,358,8,40,
3174011001,DKI JAKARTA,JAKARTA SELATAN,TEBET,TEBET TIMUR,484,2,27,2,453,0,0,0,0,0,7,0,1,6,664,40,624,36,0,0,36,261,10,235,4,12,
3173061003,DKI JAKARTA,JAKARTA BARAT,KALI DERES,TEGAL ALUR,939,9,94,6,830,0,0,0,0,0,7,0,0,7,1585,118,1467,13,0,0,13,357,16,304,9,28,
3174031004,DKI JAKARTA,JAKARTA SELATAN,MAMPANG PRAPATAN,TEGAL PARANG,425,10,17,3,395,5,0,0,1,4,4,0,0,4,1191,74,1117,12,0,0,12,375,0,347,6,22,
3173021003,DKI JAKARTA,JAKARTA BARAT,GROGOL PETAMBURAN,TOMANG,583,2,47,2,532,0,0,0,0,0,16,0,0,16,937,78,859,86,0,0,86,367,4,343,8,12,
3172031005,DKI JAKARTA,JAKARTA UTARA,KOJA,TUGU SELATAN,570,3,42,1,524,0,0,0,0,0,2,0,0,2,568,30,538,98,0,0,98,383,3,346,8,26,
3172031002,DKI JAKARTA,JAKARTA UTARA,KOJA,TUGU UTARA,1152,16,78,0,1058,3,0,0,0,3,8,0,0,8,1091,38,1053,122,0,0,122,536,1,497,18,20,
3175061006,DKI JAKARTA,JAKARTA TIMUR,CAKUNG,UJUNG MENTENG,240,1,34,2,203,1,0,0,0,1,1,0,0,1,606,67,539,34,0,0,34,178,7,149,3,19,
3174101005,DKI JAKARTA,JAKARTA SELATAN,PESANGGRAHAN,ULUJAMI,699,2,69,2,626,0,0,0,0,0,0,0,0,0,1345,51,1294,26,0,0,26,330,2,298,9,21,
3175011006,DKI JAKARTA,JAKARTA TIMUR,MATRAMAN,UTAN KAYU SELATAN,609,5,30,8,566,2,0,0,0,2,8,0,0,8,1120,81,1039,98,0,0,98,363,13,325,9,16,
3175011002,DKI JAKARTA,JAKARTA TIMUR,MATRAMAN,UTAN KAYU UTARA,514,5,24,0,485,2,0,0,0,2,5,0,0,5,922,103,819,48,0,0,48,297,9,255,12,21,
3171031008,DKI JAKARTA,JAKARTA PUSAT,KEMAYORAN,UTAN PANJANG,486,6,31,2,447,0,0,0,0,0,4,0,0,4,709,36,673,28,0,0,28,325,3,307,9,6,
3172021007,DKI JAKARTA,JAKARTA UTARA,TANJUNG PRIOK,WARAKAS,723,4,70,2,647,0,0,0,0,0,11,0,0,11,1151,72,1079,69,0,0,69,430,7,377,8,38,
3173021007,DKI JAKARTA,JAKARTA BARAT,GROGOL PETAMBURAN,WIJAYA KUSUMA,502,5,41,2,454,1,0,0,0,1,7,0,0,7,1005,59,946,24,0,0,24,333,3,313,9,8,
