id_kel,nama_provinsi,nama_kota,nama_kecamatan,nama_kelurahan,suspek,perawatan_rs,isolasi_di_rumah,suspek_meninggal,selesai_isolasi,probable,perawatan_rs,isolasi_di_rumah,probable_meninggal,selesai_isolasi,pelaku_perjalanan,perawatan_rs,isolasi_di_rumah,selesai_isolasi,kontak_erat,isolasi_di_rumah,selesai_isolasi,discarded,isolasi_di_rumah,meninggal,selesai_isolasi,positif,dirawat,sembuh,meninggal,self_isolation,keterangan
3172051003,DKI JAKARTA,JAKARTA UTARA,PADEMANGAN,ANCOL,573,3,37,0,533,4,0,0,0,4,14,0,2,12,773,43,730,10,0,0,10,367,4,345,4,14,
3173041007,DKI JAKARTA,JAKARTA BARAT,TAMBORA,ANGKE,562,5,27,2,528,1,0,0,1,0,1,0,0,1,575,22,553,27,0,0,27,219,1,205,4,9,
3175041005,DKI JAKARTA,JAKARTA TIMUR,KRAMAT JATI,BALE KAMBANG,374,2,45,1,326,7,0,0,0,7,5,0,0,5,689,54,635,24,0,0,24,218,4,203,3,8,
3175031003,DKI JAKARTA,JAKARTA TIMUR,JATINEGARA,BALI MESTER,141,5,5,1,130,2,1,0,0,1,1,0,0,1,233,18,215,6,0,0,6,203,11,181,3,8,
3175101006,DKI JAKARTA,JAKARTA TIMUR,CIPAYUNG,BAMBU APUS,551,1,61,1,488,0,0,0,0,0,4,0,0,4,812,94,718,19,0,0,19,227,6,203,3,15,
3174031002,DKI JAKARTA,JAKARTA SELATAN,MAMPANG PRAPATAN,BANGKA,395,0,36,2,357,5,0,0,1,4,18,0,0,18,875,102,773,8,0,0,8,243,12,202,2,27,
3175051002,DKI JAKARTA,JAKARTA TIMUR,PASAR REBO,BARU,514,4,33,1,476,0,0,0,0,0,5,0,0,5,473,28,445,19,0,0,19,244,3,229,2,10,
3175041004,DKI JAKARTA,JAKARTA TIMUR,KRAMAT JATI,BATU AMPAR,666,2,72,1,591,3,0,0,0,3,3,0,0,3,1347,127,1220,28,0,0,28,361,9,314,6,32,
3171071002,DKI JAKARTA,JAKARTA PUSAT,TANAH ABANG,BENDUNGAN HILIR,532,3,31,0,498,2,0,0,0,2,4,0,0,4,972,90,882,11,0,0,11,345,13,286,9,37,
3175031002,DKI JAKARTA,JAKARTA TIMUR,JATINEGARA,BIDARA CINA,484,4,38,3,439,1,0,0,0,1,8,0,0,8,715,66,649,40,0,0,40,382,14,315,10,43,
3174101002,DKI JAKARTA,JAKARTA SELATAN,PESANGGRAHAN,BINTARO,951,6,124,2,819,5,0,0,0,5,9,0,0,9,1813,192,1621,27,0,0,27,484,15,417,11,41,
3174011005,DKI JAKARTA,JAKARTA SELATAN,TEBET,BUKIT DURI,491,1,35,3,452,2,0,0,0,2,15,0,0,15,729,48,681,17,0,0,17,271,6,250,8,7,
3171041006,DKI JAKARTA,JAKARTA PUSAT,SENEN,BUNGUR,298,6,20,2,270,1,0,0,0,1,13,0,0,13,667,27,640,18,0,0,18,230,2,208,5,15,
3175061007,DKI JAKARTA,JAKARTA TIMUR,CAKUNG,CAKUNG BARAT,524,3,116,1,404,3,0,0,0,3,0,0,0,0,919,104,815,54,0,0,54,420,7,386,7,20,
3175061004,DKI JAKARTA,JAKARTA TIMUR,CAKUNG,CAKUNG TIMUR,555,4,63,2,486,3,0,0,1,2,6,0,0,6,1028,87,941,51,0,0,51,359,9,326,9,15,
3175041007,DKI JAKARTA,JAKARTA TIMUR,KRAMAT JATI,CAWANG,489,2,73,0,414,1,0,0,0,1,6,0,0,6,1218,137,1081,22,0,0,22,399,8,359,6,26,
3175101008,DKI JAKARTA,JAKARTA TIMUR,CIPAYUNG,CEGER,304,2,22,0,280,0,0,0,0,0,1,0,0,1,509,42,467,10,0,0,10,157,4,141,3,9,
3171031006,DKI JAKARTA,JAKARTA PUSAT,KEMAYORAN,CEMPAKA BARU,798,3,70,2,723,1,0,0,0,1,7,0,0,7,1231,82,1149,39,0,0,39,513,8,463,17,25,
3171051002,DKI JAKARTA,JAKARTA PUSAT,CEMPAKA PUTIH,CEMPAKA PUTIH BARAT,1170,3,108,2,1057,9,1,0,0,8,21,0,0,21,2270,92,2178,51,0,0,51,753,15,706,16,16,
3171051001,DKI JAKARTA,JAKARTA PUSAT,CEMPAKA PUTIH,CEMPAKA PUTIH TIMUR,795,3,58,1,733,1,0,0,0,1,13,0,1,12,1746,86,1660,61,0,0,61,417,8,380,6,23,
3173011001,DKI JAKARTA,JAKARTA BARAT,CENGKARENG,CENGKARENG BARAT,1232,8,335,1,888,0,0,0,0,0,6,0,0,6,2158,424,1734,14,0,0,14,631,11,573,11,36,
3173011006,DKI JAKARTA,JAKARTA BARAT,CENGKARENG,CENGKARENG TIMUR,1132,9,59,7,1057,2,0,0,0,2,4,0,0,4,2292,122,2170,20,0,0,20,841,18,760,17,46,
3175091002,DKI JAKARTA,JAKARTA TIMUR,CIRACAS,CIBUBUR,1099,11,88,4,996,1,0,0,0,1,30,0,0,30,2212,85,2127,94,0,0,94,456,17,387,9,43,
3171011002,DKI JAKARTA,JAKARTA PUSAT,GAMBIR,CIDENG,360,6,16,2,336,0,0,0,0,0,12,0,0,12,751,68,683,14,0,0,14,237,10,208,8,11,
3174091003,DKI JAKARTA,JAKARTA SELATAN,JAGAKARSA,CIGANJUR,893,5,68,1,819,2,0,0,0,2,12,0,0,12,962,97,865,14,0,0,14,276,7,250,4,15,
3175051003,DKI JAKARTA,JAKARTA TIMUR,PASAR REBO,CIJANTUNG,1007,7,75,3,922,0,0,0,0,0,5,0,0,5,677,39,638,12,0,0,12,396,7,359,10,20,
3171061003,DKI JAKARTA,JAKARTA PUSAT,MENTENG,CIKINI,196,3,13,0,180,2,2,0,0,0,2,0,0,2,266,26,240,11,0,0,11,95,3,84,2,6,
3174081006,DKI JAKARTA,JAKARTA SELATAN,PANCORAN,CIKOKO,229,2,14,0,213,1,0,0,0,1,10,0,0,10,336,26,310,1,0,0,1,102,1,92,3,6,
3174061001,DKI JAKARTA,JAKARTA SELATAN,CILANDAK,CILANDAK BARAT,1799,10,253,5,1531,3,2,0,0,1,98,0,0,98,2237,211,2026,42,0,0,42,595,21,498,10,66,
3174041003,DKI JAKARTA,JAKARTA SELATAN,PASAR MINGGU,CILANDAK TIMUR,610,4,42,1,563,5,0,0,0,5,17,0,0,17,613,63,550,88,0,0,88,322,6,282,8,26,
3175101002,DKI JAKARTA,JAKARTA TIMUR,CIPAYUNG,CILANGKAP,445,5,28,1,411,1,0,0,0,1,3,0,0,3,782,68,714,22,0,0,22,216,8,199,3,6,
3175041006,DKI JAKARTA,JAKARTA TIMUR,KRAMAT JATI,CILILITAN,423,2,35,1,385,1,0,0,0,1,7,0,0,7,1112,119,993,49,0,0,49,398,17,357,8,16,
3172041001,DKI JAKARTA,JAKARTA UTARA,CILINCING,CILINCING,764,7,67,1,689,3,2,0,0,1,7,0,1,6,1336,41,1295,108,0,0,108,458,4,426,12,16,
3175101001,DKI JAKARTA,JAKARTA TIMUR,CIPAYUNG,CIPAYUNG,686,9,68,2,607,3,0,0,1,2,8,0,0,8,845,62,783,35,0,0,35,277,11,246,4,16,
3174091006,DKI JAKARTA,JAKARTA SELATAN,JAGAKARSA,CIPEDAK,707,2,35,0,670,5,0,0,0,5,1,0,0,1,1008,79,929,9,0,0,9,346,6,311,3,26,
3174061005,DKI JAKARTA,JAKARTA SELATAN,CILANDAK,CIPETE SELATAN,440,6,46,1,387,2,0,0,0,2,46,0,0,46,692,52,640,6,0,0,6,194,8,165,8,13,
3174071010,DKI JAKARTA,JAKARTA SELATAN,KEBAYORAN BARU,CIPETE UTARA,863,5,96,3,759,0,0,0,0,0,10,0,0,10,726,49,677,6,0,0,6,240,4,210,4,22,
3175021003,DKI JAKARTA,JAKARTA TIMUR,PULO GADUNG,CIPINANG,425,6,25,2,392,1,0,0,0,1,3,0,0,3,1193,127,1066,46,0,0,46,445,20,400,16,9,
3175031007,DKI JAKARTA,JAKARTA TIMUR,JATINEGARA,CIPINANG BESAR SELATAN,378,3,22,2,351,2,0,0,0,2,3,0,0,3,770,82,688,19,0,0,19,315,10,272,2,31,
3175031008,DKI JAKARTA,JAKARTA TIMUR,JATINEGARA,CIPINANG BESAR UTARA,529,4,19,0,506,2,0,0,0,2,3,0,0,3,1173,87,1086,24,0,0,24,462,7,431,7,17,
3175031005,DKI JAKARTA,JAKARTA TIMUR,JATINEGARA,CIPINANG CEMPEDAK,353,8,22,2,321,1,0,0,0,1,7,0,0,7,706,54,652,25,0,0,25,275,22,235,6,12,
3175081005,DKI JAKARTA,JAKARTA TIMUR,MAKASAR,CIPINANG MELAYU,490,6,28,2,454,4,0,0,0,4,5,0,0,5,918,77,841,21,0,0,21,338,5,319,7,7,
3175031006,DKI JAKARTA,JAKARTA TIMUR,JATINEGARA,CIPINANG MUARA,589,5,40,1,543,5,0,0,0,5,10,0,0,10,1236,138,1098,33,0,0,33,565,15,510,7,33,
3174051003,DKI JAKARTA,JAKARTA SELATAN,KEBAYORAN LAMA,CIPULIR,448,5,31,4,408,6,0,0,0,6,6,0,0,6,645,37,608,11,0,0,11,318,10,279,5,24,
3175091001,DKI JAKARTA,JAKARTA TIMUR,CIRACAS,CIRACAS,1274,11,134,9,1120,4,1,0,0,3,32,0,0,32,1985,76,1909,45,0,0,45,613,13,546,17,37,
3175041003,DKI JAKARTA,JAKARTA TIMUR,KRAMAT JATI,DUKUH,417,1,56,1,359,1,1,0,0,0,1,0,0,1,974,112,862,15,0,0,15,235,8,208,5,14,
3175071001,DKI JAKARTA,JAKARTA TIMUR,DUREN SAWIT,DUREN SAWIT,1049,11,45,3,990,18,0,0,0,18,5,0,0,5,1480,109,1371,38,0,0,38,703,17,641,16,29,
3174081004,DKI JAKARTA,JAKARTA SELATAN,PANCORAN,DUREN TIGA,579,6,41,0,532,2,0,0,0,2,6,0,0,6,861,57,804,4,0,0,4,260,7,234,2,17,
3173051005,DKI JAKARTA,JAKARTA BARAT,KEBON JERUK,DURI KEPA,800,18,83,2,697,4,0,0,0,4,12,0,0,12,1608,139,1469,74,0,0,74,536,16,472,14,34,
3173011002,DKI JAKARTA,JAKARTA BARAT,CENGKARENG,DURI KOSAMBI,891,7,87,3,794,1,0,0,0,1,4,0,0,4,1452,89,1363,11,0,0,11,591,18,536,8,29,
3171011006,DKI JAKARTA,JAKARTA PUSAT,GAMBIR,DURI PULO,247,1,11,3,232,0,0,0,0,0,1,0,0,1,621,46,575,7,0,0,7,229,6,206,8,9,
3173041011,DKI JAKARTA,JAKARTA BARAT,TAMBORA,DURI SELATAN,231,2,22,1,206,0,0,0,0,0,2,0,0,2,221,9,212,4,0,0,4,96,1,89,3,3,
3173041003,DKI JAKARTA,JAKARTA BARAT,TAMBORA,DURI UTARA,264,3,13,2,246,1,0,0,0,1,2,0,0,2,286,12,274,5,0,0,5,160,0,153,4,3,
3171081003,DKI JAKARTA,JAKARTA PUSAT,JOHAR BARU,GALUR,264,0,11,0,253,4,0,0,0,4,3,0,0,3,606,20,586,50,0,0,50,224,0,201,11,12,
3171011001,DKI JAKARTA,JAKARTA PUSAT,GAMBIR,GAMBIR,183,1,55,0,127,1,0,0,0,1,17,0,0,17,519,38,481,6,0,0,6,217,2,196,1,18,
3174061004,DKI JAKARTA,JAKARTA SELATAN,CILANDAK,GANDARIA SELATAN,302,4,24,0,274,2,0,0,0,2,20,0,0,20,864,72,792,4,0,0,4,199,3,179,6,11,
3174071009,DKI JAKARTA,JAKARTA SELATAN,KEBAYORAN BARU,GANDARIA UTARA,891,7,101,2,781,0,0,0,0,0,3,0,0,3,815,50,765,8,0,0,8,298,10,261,6,21,
3175051001,DKI JAKARTA,JAKARTA TIMUR,PASAR REBO,GEDONG,917,8,49,0,860,0,0,0,0,0,5,0,1,4,637,54,583,25,0,0,25,354,6,326,5,17,
3171071001,DKI JAKARTA,JAKARTA PUSAT,TANAH ABANG,GELORA,91,0,6,1,84,0,0,0,0,0,6,0,0,6,376,21,355,0,0,0,0,121,1,114,2,4,
3173031007,DKI JAKARTA,JAKARTA BARAT,TAMAN SARI,GLODOK,139,1,9,0,129,0,0,0,0,0,1,0,0,1,251,42,209,1,0,0,1,52,0,47,2,3,
3171061004,DKI JAKARTA,JAKARTA PUSAT,MENTENG,GONDANGDIA,103,2,9,1,91,0,0,0,0,0,13,0,0,13,255,22,233,7,0,0,7,71,1,64,3,3,
3173021001,DKI JAKARTA,JAKARTA BARAT,GROGOL PETAMBURAN,GROGOL,659,7,66,4,582,1,0,0,0,1,45,0,0,45,1281,152,1129,38,0,0,38,320,13,284,2,21,
3174051005,DKI JAKARTA,JAKARTA SELATAN,KEBAYORAN LAMA,GROGOL SELATAN,587,6,57,5,519,0,0,0,0,0,12,0,0,12,817,52,765,14,0,0,14,390,12,346,7,25,
3174051004,DKI JAKARTA,JAKARTA SELATAN,KEBAYORAN LAMA,GROGOL UTARA,581,8,48,4,521,0,0,0,0,0,24,0,0,24,829,51,778,19,0,0,19,459,15,391,13,40,
3174021007,DKI JAKARTA,JAKARTA SELATAN,SETIA BUDI,GUNTUR,75,0,2,0,73,0,0,0,0,0,1,0,0,1,320,57,263,1,0,0,1,65,1,61,1,2,
3174071002,DKI JAKARTA,JAKARTA SELATAN,KEBAYORAN BARU,GUNUNG,363,4,27,3,329,0,0,0,0,0,7,0,0,7,915,165,750,0,0,0,0,183,40,136,4,3,
3171031005,DKI JAKARTA,JAKARTA PUSAT,KEMAYORAN,GUNUNG SAHARI SELATAN,405,0,52,1,352,0,0,0,0,0,5,0,0,5,865,241,624,2,0,0,2,229,3,215,7,4,
3171021004,DKI JAKARTA,JAKARTA PUSAT,SAWAH BESAR,GUNUNG SAHARI UTARA,345,1,21,1,322,2,0,0,0,2,7,0,0,7,657,46,611,12,0,0,12,210,4,192,11,3,
3175081004,DKI JAKARTA,JAKARTA TIMUR,MAKASAR,HALIM PERDANA KUSUMAH,310,1,21,2,286,0,0,0,0,0,6,0,0,6,1054,392,662,10,0,0,10,584,37,516,7,24,
3171031003,DKI JAKARTA,JAKARTA PUSAT,KEMAYORAN,HARAPAN MULIA,445,2,38,3,402,1,0,0,0,1,6,0,0,6,690,49,641,35,0,0,35,300,4,279,9,8,
3174091001,DKI JAKARTA,JAKARTA SELATAN,JAGAKARSA,JAGAKARSA,1268,9,78,2,1179,8,0,0,0,8,8,0,0,8,1510,134,1376,20,0,0,20,537,7,469,7,54,
3175021007,DKI JAKARTA,JAKARTA TIMUR,PULO GADUNG,JATI,468,3,39,1,425,0,0,0,0,0,9,0,0,9,1172,85,1087,43,0,0,43,332,8,305,6,13,
3174041002,DKI JAKARTA,JAKARTA SELATAN,PASAR MINGGU,JATI PADANG,750,9,101,2,638,0,0,0,0,0,4,0,0,4,918,141,777,72,0,0,72,320,8,273,6,33,
3173071004,DKI JAKARTA,JAKARTA BARAT,PALMERAH,JATI PULO,678,5,35,4,634,2,0,0,0,2,7,0,1,6,935,69,866,66,0,0,66,371,10,332,10,19,
3175061001,DKI JAKARTA,JAKARTA TIMUR,CAKUNG,JATINEGARA,1074,3,196,3,872,1,0,0,0,1,4,0,0,4,2000,227,1773,52,0,0,52,749,16,687,11,35,
3175021004,DKI JAKARTA,JAKARTA TIMUR,PULO GADUNG,JATINEGARA KAUM,174,2,9,0,163,1,0,0,1,0,4,0,0,4,507,41,466,12,0,0,12,165,7,140,7,11,
3173021004,DKI JAKARTA,JAKARTA BARAT,GROGOL PETAMBURAN,JELAMBAR,603,4,51,5,543,2,0,0,0,2,28,0,0,28,1075,136,939,14,0,0,14,356,8,318,9,21,
3173021006,DKI JAKARTA,JAKARTA BARAT,GROGOL PETAMBURAN,JELAMBAR BARU,495,3,36,2,454,2,0,0,0,2,4,0,0,4,853,87,766,23,0,0,23,286,16,253,6,11,
3173041006,DKI JAKARTA,JAKARTA BARAT,TAMBORA,JEMBATAN BESI,621,1,26,1,593,1,0,0,0,1,5,0,0,5,576,34,542,13,0,0,13,295,5,275,8,7,
3173041008,DKI JAKARTA,JAKARTA BARAT,TAMBORA,JEMBATAN LIMA,275,0,24,0,251,0,0,0,0,0,1,0,0,1,268,19,249,6,0,0,6,177,3,167,4,3,
3173081005,DKI JAKARTA,JAKARTA BARAT,KEMBANGAN,JOGLO,698,6,60,4,628,1,0,0,0,1,5,0,0,5,970,77,893,15,0,0,15,318,6,294,5,13,
3171081001,DKI JAKARTA,JAKARTA PUSAT,JOHAR BARU,JOHAR BARU,876,4,45,3,824,9,2,0,0,7,12,0,0,12,2236,93,2143,106,0,0,106,654,11,582,19,42,
3173041002,DKI JAKARTA,JAKARTA BARAT,TAMBORA,KALI ANYAR,460,5,29,0,426,2,0,0,0,2,4,0,0,4,410,13,397,14,0,0,14,232,3,213,7,9,
3172041004,DKI JAKARTA,JAKARTA UTARA,CILINCING,KALI BARU,721,8,51,5,657,0,0,0,0,0,5,0,0,5,787,27,760,49,0,0,49,375,0,358,9,8,
3174081002,DKI JAKARTA,JAKARTA SELATAN,PANCORAN,KALIBATA,780,5,56,4,715,7,0,0,0,7,13,0,0,13,1213,174,1039,14,0,0,14,430,5,378,9,38,
3173061001,DKI JAKARTA,JAKARTA BARAT,KALI DERES,KALIDERES,1559,8,128,4,1419,1,0,0,0,1,7,0,0,7,2781,215,2566,32,0,0,32,693,15,619,12,47,
3175051004,DKI JAKARTA,JAKARTA TIMUR,PASAR REBO,KALISARI,1253,2,67,0,1184,0,0,0,0,0,3,0,0,3,705,55,650,14,0,0,14,372,11,334,7,20,
3173061004,DKI JAKARTA,JAKARTA BARAT,KALI DERES,KAMAL,460,11,45,3,401,0,0,0,0,0,1,0,0,1,730,82,648,6,0,0,6,156,4,124,9,19,
3172011002,DKI JAKARTA,JAKARTA UTARA,PENJARINGAN,KAMAL MUARA,146,4,19,0,123,0,0,0,0,0,4,0,0,4,281,19,262,2,0,0,2,113,0,109,2,2,
3171071007,DKI JAKARTA,JAKARTA PUSAT,TANAH ABANG,KAMPUNG BALI,176,2,8,2,164,1,0,0,0,1,2,0,0,2,382,26,356,2,0,0,2,101,4,86,4,7,
3175031001,DKI JAKARTA,JAKARTA TIMUR,JATINEGARA,KAMPUNG MELAYU,347,6,20,5,316,2,0,0,0,2,7,0,0,7,460,55,405,8,0,0,8,318,6,292,6,14,
3171081002,DKI JAKARTA,JAKARTA PUSAT,JOHAR BARU,KAMPUNG RAWA,382,2,21,0,359,3,0,0,0,3,3,0,0,3,920,52,868,67,0,0,67,314,1,291,14,8,
3175041002,DKI JAKARTA,JAKARTA TIMUR,KRAMAT JATI,KAMPUNG TENGAH,719,4,37,1,677,5,1,0,0,4,9,0,0,9,1528,115,1413,54,0,0,54,391,10,358,13,10,
3173011005,DKI JAKARTA,JAKARTA BARAT,CENGKARENG,KAPUK,1174,17,106,16,1035,2,0,0,0,2,12,0,0,12,2019,135,1884,15,0,0,15,921,31,820,26,44,
3172011003,DKI JAKARTA,JAKARTA UTARA,PENJARINGAN,KAPUK MUARA,331,1,37,0,293,1,0,0,0,1,20,0,0,20,830,91,739,27,0,0,27,232,3,207,7,15,
3171021002,DKI JAKARTA,JAKARTA PUSAT,SAWAH BESAR,KARANG ANYAR,555,4,35,5,511,1,0,0,0,1,4,0,0,4,1064,66,998,15,0,0,15,276,0,254,7,15,
3174021004,DKI JAKARTA,JAKARTA SELATAN,SETIA BUDI,KARET,164,2,3,0,159,0,0,0,0,0,11,0,0,11,460,28,432,4,0,0,4,140,1,135,0,4,
3174021003,DKI JAKARTA,JAKARTA SELATAN,SETIA BUDI,KARET KUNINGAN,378,1,22,1,354,0,0,0,0,0,23,0,1,22,575,97,478,4,0,0,4,307,8,269,6,24,
3174021002,DKI JAKARTA,JAKARTA SELATAN,SETIA BUDI,KARET SEMANGGI,84,1,4,1,78,0,0,0,0,0,3,0,0,3,105,6,99,2,0,0,2,35,0,31,2,2,
3171071003,DKI JAKARTA,JAKARTA PUSAT,TANAH ABANG,KARET TENGSIN,343,2,20,0,321,1,0,0,0,1,8,0,0,8,909,60,849,3,0,0,3,235,6,214,8,7,
3171021003,DKI JAKARTA,JAKARTA PUSAT,SAWAH BESAR,KARTINI,403,3,30,1,369,1,0,0,0,1,0,0,0,0,804,42,762,18,0,0,18,279,9,256,5,9,
3175011003,DKI JAKARTA,JAKARTA TIMUR,MATRAMAN,KAYU MANIS,485,4,30,0,451,3,0,0,0,3,3,0,0,3,911,86,825,35,0,0,35,282,11,256,7,8,
3175021006,DKI JAKARTA,JAKARTA TIMUR,PULO GADUNG,KAYU PUTIH,652,2,44,4,602,1,0,0,1,0,17,0,0,17,1348,86,1262,66,0,0,66,437,6,396,12,23,
3173031006,DKI JAKARTA,JAKARTA BARAT,TAMAN SARI,KEAGUNGAN,349,1,14,0,334,0,0,0,0,0,4,0,0,4,578,28,550,11,0,0,11,214,5,204,1,4,
3174041007,DKI JAKARTA,JAKARTA SELATAN,PASAR MINGGU,KEBAGUSAN,812,5,66,1,740,3,0,0,0,3,4,0,0,4,977,100,877,42,0,0,42,326,9,296,3,18,
3174051006,DKI JAKARTA,JAKARTA SELATAN,KEBAYORAN LAMA,KEBAYORAN LAMA SELATAN,825,7,97,0,721,5,0,0,0,5,2,0,0,2,932,55,877,14,0,0,14,376,6,336,7,27,
3174051001,DKI JAKARTA,JAKARTA SELATAN,KEBAYORAN LAMA,KEBAYORAN LAMA UTARA,595,13,44,1,537,1,0,0,0,1,15,0,0,15,674,47,627,6,0,0,6,320,11,288,6,15,
3174011004,DKI JAKARTA,JAKARTA SELATAN,TEBET,KEBON BARU,523,1,33,2,487,0,0,0,0,0,15,0,0,15,850,54,796,22,0,0,22,277,7,249,8,13,
3172021005,DKI JAKARTA,JAKARTA UTARA,TANJUNG PRIOK,KEBON BAWANG,923,7,61,1,854,0,0,0,0,0,16,0,0,16,1557,117,1440,105,0,0,105,505,11,473,4,17,
3173051001,DKI JAKARTA,JAKARTA BARAT,KEBON JERUK,KEBON JERUK,1151,6,108,6,1031,2,0,0,0,2,14,0,1,13,2557,248,2309,63,0,0,63,762,11,685,20,46,
3171071006,DKI JAKARTA,JAKARTA PUSAT,TANAH ABANG,KEBON KACANG,508,4,10,1,493,1,0,0,0,1,0,0,0,0,668,48,620,8,0,0,8,332,5,306,12,9,
3171011005,DKI JAKARTA,JAKARTA PUSAT,GAMBIR,KEBON KELAPA,182,0,7,1,174,3,0,0,0,3,4,0,0,4,367,19,348,3,0,0,3,111,4,100,1,6,
3171031002,DKI JAKARTA,JAKARTA PUSAT,KEMAYORAN,KEBON KOSONG,467,4,34,5,424,1,0,0,0,1,9,0,0,9,1087,475,612,35,0,0,35,311,7,277,7,20,
3175011005,DKI JAKARTA,JAKARTA TIMUR,MATRAMAN,KEBON MANGGIS,269,3,16,4,246,0,0,0,0,0,2,0,0,2,366,25,341,24,0,0,24,188,7,171,3,7,
3171071005,DKI JAKARTA,JAKARTA PUSAT,TANAH ABANG,KEBON MELATI,600,4,16,3,577,3,2,0,0,1,5,0,0,5,1091,29,1062,10,0,0,10,511,4,487,9,11,
3175081003,DKI JAKARTA,JAKARTA TIMUR,MAKASAR,KEBON PALA,458,3,28,1,426,1,0,0,0,1,6,0,0,6,1186,88,1098,19,0,0,19,450,11,405,11,23,
3171061005,DKI JAKARTA,JAKARTA PUSAT,MENTENG,KEBON SIRIH,215,3,20,2,190,0,0,0,0,0,4,0,0,4,362,18,344,21,0,0,21,161,3,151,2,5,
3173011004,DKI JAKARTA,JAKARTA BARAT,CENGKARENG,KEDAUNG KALI ANGKE,598,3,40,0,555,0,0,0,0,0,1,0,0,1,803,59,744,7,0,0,7,421,7,391,7,16,
3173051007,DKI JAKARTA,JAKARTA BARAT,KEBON JERUK,KEDOYA SELATAN,603,9,73,5,516,2,0,0,0,2,8,0,0,8,951,88,863,23,0,0,23,287,2,271,8,6,
3173051006,DKI JAKARTA,JAKARTA BARAT,KEBON JERUK,KEDOYA UTARA,624,7,71,2,544,1,0,0,0,1,15,0,0,15,1216,92,1124,22,0,0,22,401,3,367,9,22,
3173051004,DKI JAKARTA,JAKARTA BARAT,KEBON JERUK,KELAPA DUA,431,2,39,0,390,0,0,0,0,0,6,0,0,6,904,90,814,27,0,0,27,244,7,227,3,7,
3175091003,DKI JAKARTA,JAKARTA TIMUR,CIRACAS,KELAPA DUA WETAN,797,6,72,1,718,1,0,0,0,1,9,0,0,9,1375,52,1323,37,0,0,37,318,5,289,3,21,
3172061003,DKI JAKARTA,JAKARTA UTARA,KELAPA GADING,KELAPA GADING BARAT,1216,7,92,3,1114,2,0,0,0,2,50,0,1,49,1565,73,1492,267,0,0,267,528,12,487,6,23,
3172061001,DKI JAKARTA,JAKARTA UTARA,KELAPA GADING,KELAPA GADING TIMUR,946,10,81,2,853,3,0,0,0,3,24,0,0,24,1551,132,1419,145,0,0,145,436,11,382,9,34,
3173071005,DKI JAKARTA,JAKARTA BARAT,PALMERAH,KEMANGGISAN,822,9,42,6,765,0,0,0,0,0,9,0,0,9,1138,74,1064,55,0,0,55,412,8,377,11,16,
3171031001,DKI JAKARTA,JAKARTA PUSAT,KEMAYORAN,KEMAYORAN,502,5,29,3,465,2,0,0,0,2,3,0,0,3,802,50,752,27,0,0,27,390,20,354,10,6,
3173081006,DKI JAKARTA,JAKARTA BARAT,KEMBANGAN,KEMBANGAN SELATAN,450,8,56,1,385,0,0,0,0,0,8,0,0,8,889,104,785,54,0,0,54,262,5,239,5,13,
3173081001,DKI JAKARTA,JAKARTA BARAT,KEMBANGAN,KEMBANGAN UTARA,838,7,67,3,761,4,0,0,1,3,3,0,0,3,2027,114,1913,11,0,0,11,421,9,383,8,21,
3171041002,DKI JAKARTA,JAKARTA PUSAT,SENEN,KENARI,289,1,7,1,280,1,0,0,0,1,8,0,0,8,659,33,626,46,0,0,46,213,2,193,3,15,
3173041005,DKI JAKARTA,JAKARTA BARAT,TAMBORA,KERENDANG,319,1,10,2,306,1,0,0,0,1,0,0,0,0,274,17,257,9,0,0,9,170,3,155,8,4,
3175071003,DKI JAKARTA,JAKARTA TIMUR,DUREN SAWIT,KLENDER,788,3,34,2,749,4,0,0,0,4,5,0,0,5,1408,110,1298,40,0,0,40,626,34,537,19,36,
3172031001,DKI JAKARTA,JAKARTA UTARA,KOJA,KOJA,427,5,33,0,389,0,0,0,0,0,4,0,0,4,673,144,529,57,0,0,57,416,3,373,9,31,
3173071006,DKI JAKARTA,JAKARTA BARAT,PALMERAH,KOTA BAMBU SELATAN,621,2,28,5,586,0,0,0,0,0,1,0,0,1,1010,45,965,73,0,0,73,322,3,312,5,2,
3173071003,DKI JAKARTA,JAKARTA BARAT,PALMERAH,KOTA BAMBU UTARA,527,4,34,11,478,3,0,0,0,3,3,0,0,3,807,168,639,54,0,0,54,294,0,267,9,18,
3171041004,DKI JAKARTA,JAKARTA PUSAT,SENEN,KRAMAT,516,4,13,6,493,0,0,0,0,0,10,0,0,10,1146,58,1088,37,0,0,37,356,6,331,11,8,
3175041001,DKI JAKARTA,JAKARTA TIMUR,KRAMAT JATI,KRAMAT JATI,583,3,59,1,520,1,0,0,0,1,13,0,0,13,1236,132,1104,25,0,0,25,498,12,445,15,26,
3174071003,DKI JAKARTA,JAKARTA SELATAN,KEBAYORAN BARU,KRAMAT PELA,332,2,26,0,304,0,0,0,0,0,0,0,0,0,567,16,551,7,0,0,7,184,5,169,3,7,
3173031002,DKI JAKARTA,JAKARTA BARAT,TAMAN SARI,KRUKUT,376,2,33,6,335,2,0,0,0,2,3,0,0,3,559,21,538,13,0,0,13,235,5,218,4,8,
3174031005,DKI JAKARTA,JAKARTA SELATAN,MAMPANG PRAPATAN,KUNINGAN BARAT,182,1,14,1,166,1,0,0,0,1,0,0,0,0,577,38,539,5,0,0,5,183,3,165,3,12,
3174021008,DKI JAKARTA,JAKARTA SELATAN,SETIA BUDI,KUNINGAN TIMUR,381,0,148,1,232,1,0,0,0,1,20,0,0,20,323,61,262,7,0,0,7,177,1,153,2,21,
3171041005,DKI JAKARTA,JAKARTA PUSAT,SENEN,KWITANG,287,1,12,0,274,3,0,0,0,3,7,0,0,7,583,36,547,11,0,0,11,155,3,136,6,10,
3172031003,DKI JAKARTA,JAKARTA UTARA,KOJA,LAGOA,847,6,60,1,780,1,0,0,0,1,6,0,0,6,907,32,875,88,0,0,88,750,4,709,17,20,
3174061002,DKI JAKARTA,JAKARTA SELATAN,CILANDAK,LEBAK BULUS,615,7,69,2,537,3,0,0,0,3,27,0,0,27,1356,118,1238,22,0,0,22,549,10,500,11,28,
3174091004,DKI JAKARTA,JAKARTA SELATAN,JAGAKARSA,LENTENG AGUNG,1007,8,65,0,934,5,1,0,0,4,7,0,1,6,1068,97,971,16,0,0,16,387,6,342,4,35,
LUAR DKI JAKARTA,LUAR DKI JAKARTA,LUAR DKI JAKARTA,LUAR DKI JAKARTA,LUAR DKI JAKARTA,59631,428,4998,98,54107,109,12,0,0,97,715,0,14,701,91503,9434,82069,3266,0,0,3266,9484,308,8704,141,331,
3175101007,DKI JAKARTA,JAKARTA TIMUR,CIPAYUNG,LUBANG BUAYA,1094,5,103,3,983,6,3,0,0,3,10,0,0,10,1035,75,960,35,0,0,35,521,8,487,3,23,
3175081001,DKI JAKARTA,JAKARTA TIMUR,MAKASAR,MAKASAR,482,3,23,1,455,0,0,0,0,0,8,0,0,8,1474,95,1379,25,0,0,25,424,8,374,8,34,
3175071006,DKI JAKARTA,JAKARTA TIMUR,DUREN SAWIT,MALAKA JAYA,412,1,20,2,389,1,0,0,0,1,2,0,0,2,817,52,765,16,0,0,16,316,8,286,4,18,
3175071005,DKI JAKARTA,JAKARTA TIMUR,DUREN SAWIT,MALAKA SARI,389,3,13,1,372,0,0,0,0,0,1,0,0,1,749,55,694,15,0,0,15,272,6,245,4,17,
3174031001,DKI JAKARTA,JAKARTA SELATAN,MAMPANG PRAPATAN,MAMPANG PRAPATAN,414,3,23,2,386,2,0,0,0,2,1,0,1,0,1228,92,1136,10,0,0,10,390,13,341,11,25,
3173031005,DKI JAKARTA,JAKARTA BARAT,TAMAN SARI,MANGGA BESAR,185,1,11,1,172,1,0,0,0,1,0,0,0,0,231,15,216,6,0,0,6,87,2,81,4,0,
3171021005,DKI JAKARTA,JAKARTA PUSAT,SAWAH BESAR,MANGGA DUA SELATAN,504,4,24,1,475,3,0,0,0,3,1,0,0,1,972,43,929,20,0,0,20,292,2,273,8,9,
3174011007,DKI JAKARTA,JAKARTA SELATAN,TEBET,MANGGARAI,533,3,26,0,504,4,0,0,0,4,4,0,0,4,733,51,682,27,0,0,27,311,2,287,2,20,
3174011006,DKI JAKARTA,JAKARTA SELATAN,TEBET,MANGGARAI SELATAN,378,4,16,2,356,0,0,0,0,0,6,0,0,6,613,49,564,24,0,0,24,205,1,177,9,18,
3173031003,DKI JAKARTA,JAKARTA BARAT,TAMAN SARI,MAPHAR,302,2,18,1,281,0,0,0,0,0,6,0,0,6,476,26,450,41,0,0,41,239,3,230,3,3,
3172041003,DKI JAKARTA,JAKARTA UTARA,CILINCING,MARUNDA,392,12,35,0,345,4,0,0,0,4,0,0,0,0,413,17,396,18,0,0,18,149,1,138,1,9,
3174071001,DKI JAKARTA,JAKARTA SELATAN,KEBAYORAN BARU,MELAWAI,111,1,13,0,97,0,0,0,0,0,1,0,0,1,123,15,108,0,0,0,0,24,0,22,1,1,
3171061001,DKI JAKARTA,JAKARTA PUSAT,MENTENG,MENTENG,604,3,48,2,551,3,1,0,0,2,5,0,0,5,1060,92,968,27,0,0,27,339,3,306,10,20,
3174021005,DKI JAKARTA,JAKARTA SELATAN,SETIA BUDI,MENTENG ATAS,524,3,47,3,471,2,0,0,0,2,55,0,0,55,1755,157,1598,41,0,0,41,387,11,358,9,9,
3174011003,DKI JAKARTA,JAKARTA SELATAN,TEBET,MENTENG DALAM,761,5,33,4,719,4,0,0,0,4,13,0,0,13,969,87,882,47,0,0,47,353,11,308,9,25,
3173081003,DKI JAKARTA,JAKARTA BARAT,KEMBANGAN,MERUYA SELATAN,590,3,80,1,506,1,0,0,0,1,5,0,0,5,1048,145,903,17,0,0,17,332,5,303,4,20,
3173081002,DKI JAKARTA,JAKARTA BARAT,KEMBANGAN,MERUYA UTARA,801,5,67,6,723,1,0,0,1,0,8,0,0,8,1256,96,1160,12,0,0,12,408,10,375,4,19,
3175101004,DKI JAKARTA,JAKARTA TIMUR,CIPAYUNG,MUNJUL,411,5,46,0,360,0,0,0,0,0,3,0,0,3,504,31,473,27,0,0,27,167,6,151,1,9,
3172051002,DKI JAKARTA,JAKARTA UTARA,PADEMANGAN,PADEMANGAN BARAT,2168,6,126,5,2031,5,0,0,0,5,20,0,4,16,2858,158,2700,38,0,0,38,890,4,822,24,40,
3172051001,DKI JAKARTA,JAKARTA UTARA,PADEMANGAN,PADEMANGAN TIMUR,857,3,102,3,749,2,0,0,0,2,31,0,16,15,1181,187,994,24,0,0,24,359,6,335,6,12,
3175011004,DKI JAKARTA,JAKARTA TIMUR,MATRAMAN,PAL MERIAM,382,1,56,2,323,2,0,0,0,2,4,0,0,4,797,20,777,66,0,0,66,275,1,259,7,8,
3173071001,DKI JAKARTA,JAKARTA BARAT,PALMERAH,PALMERAH,1760,4,194,2,1560,0,0,0,0,0,2,0,0,2,2368,188,2180,87,0,0,87,731,19,653,24,35,
3174081001,DKI JAKARTA,JAKARTA SELATAN,PANCORAN,PANCORAN,558,5,44,0,509,1,0,0,0,1,9,0,0,9,777,81,696,7,0,0,7,320,8,293,5,14,
3172021003,DKI JAKARTA,JAKARTA UTARA,TANJUNG PRIOK,PAPANGGO,629,2,60,0,567,1,0,0,0,1,7,0,0,7,1043,61,982,71,0,0,71,341,7,320,3,11,
3171021001,DKI JAKARTA,JAKARTA PUSAT,SAWAH BESAR,PASAR BARU,296,5,8,2,281,2,0,0,0,2,9,0,0,9,626,46,580,13,0,0,13,209,0,196,3,10,
3174021006,DKI JAKARTA,JAKARTA SELATAN,SETIA BUDI,PASAR MANGGIS,342,3,26,3,310,4,0,0,0,4,29,0,0,29,1152,83,1069,19,0,0,19,332,7,306,11,8,
3174041001,DKI JAKARTA,JAKARTA SELATAN,PASAR MINGGU,PASAR MINGGU,771,7,219,1,544,3,0,0,0,3,7,0,0,7,796,62,734,24,0,0,24,306,6,270,8,22,
3171041003,DKI JAKARTA,JAKARTA PUSAT,SENEN,PASEBAN,669,1,36,1,631,4,0,0,0,4,24,0,0,24,1353,117,1236,64,0,0,64,423,3,395,10,15,
3173061005,DKI JAKARTA,JAKARTA BARAT,KALI DERES,PEGADUNGAN,1006,7,74,7,918,1,0,0,0,1,10,0,0,10,1831,119,1712,20,0,0,20,414,6,372,10,26,
3171061002,DKI JAKARTA,JAKARTA PUSAT,MENTENG,PEGANGSAAN,485,3,37,2,443,3,0,0,0,3,4,0,0,4,1041,53,988,54,0,0,54,420,7,392,6,15,
3172061002,DKI JAKARTA,JAKARTA UTARA,KELAPA GADING,PEGANGSAAN DUA,1138,6,107,1,1024,2,0,0,0,2,45,0,0,45,2209,142,2067,233,0,0,233,603,3,566,11,23,
3172011004,DKI JAKARTA,JAKARTA UTARA,PENJARINGAN,PEJAGALAN,782,9,50,2,721,3,0,0,0,3,11,0,0,11,1312,110,1202,36,0,0,36,456,5,412,7,32,
3174041006,DKI JAKARTA,JAKARTA SELATAN,PASAR MINGGU,PEJATEN BARAT,726,10,93,2,621,8,0,0,0,8,2,0,0,2,1057,160,897,76,0,0,76,392,15,344,5,28,
3174041005,DKI JAKARTA,JAKARTA SELATAN,PASAR MINGGU,PEJATEN TIMUR,716,6,73,1,636,4,0,0,0,4,3,0,0,3,977,117,860,42,0,0,42,387,14,327,13,33,
3175051005,DKI JAKARTA,JAKARTA TIMUR,PASAR REBO,PEKAYON,1106,5,55,1,1045,2,0,0,0,2,3,0,0,3,522,41,481,15,0,0,15,319,8,287,6,18,
3173041009,DKI JAKARTA,JAKARTA BARAT,TAMBORA,PEKOJAN,380,3,27,2,348,0,0,0,0,0,3,0,0,3,322,20,302,18,0,0,18,169,0,159,5,5,
3174031003,DKI JAKARTA,JAKARTA SELATAN,MAMPANG PRAPATAN,PELA MAMPANG,543,6,28,2,507,4,0,0,0,4,15,0,0,15,1884,135,1749,6,0,0,6,501,19,437,8,37,
3174081005,DKI JAKARTA,JAKARTA SELATAN,PANCORAN,PENGADEGAN,305,3,23,2,277,0,0,0,0,0,8,0,0,8,664,100,564,12,0,0,12,160,8,143,1,8,
3175061003,DKI JAKARTA,JAKARTA TIMUR,CAKUNG,PENGGILINGAN,1105,9,164,1,931,3,1,0,0,2,11,0,0,11,2373,224,2149,87,0,0,87,791,17,723,14,37,
3172011001,DKI JAKARTA,JAKARTA UTARA,PENJARINGAN,PENJARINGAN,1559,11,136,4,1408,4,0,0,0,4,24,0,0,24,3448,146,3302,123,0,0,123,855,12,796,17,30,
3174101001,DKI JAKARTA,JAKARTA SELATAN,PESANGGRAHAN,PESANGGRAHAN,662,6,99,4,553,2,0,0,1,1,0,0,0,0,1229,182,1047,20,0,0,20,234,4,211,4,15,
3171071004,DKI JAKARTA,JAKARTA PUSAT,TANAH ABANG,PETAMBURAN,700,6,29,7,658,0,0,0,0,0,7,0,0,7,1099,62,1037,15,0,0,15,510,10,459,13,28,
3174071008,DKI JAKARTA,JAKARTA SELATAN,KEBAYORAN BARU,PETOGOGAN,345,1,57,0,287,0,0,0,0,0,3,0,0,3,362,22,340,3,0,0,3,146,7,134,0,5,
3171011004,DKI JAKARTA,JAKARTA PUSAT,GAMBIR,PETOJO SELATAN,420,4,138,1,277,0,0,0,0,0,28,0,0,28,896,42,854,17,0,0,17,325,4,283,9,29,
3171011003,DKI JAKARTA,JAKARTA PUSAT,GAMBIR,PETOJO UTARA,271,3,12,3,253,1,0,0,0,1,14,0,0,14,561,50,511,26,0,0,26,186,2,173,3,8,
3174101004,DKI JAKARTA,JAKARTA SELATAN,PESANGGRAHAN,PETUKANGAN SELATAN,664,13,71,2,578,1,0,0,0,1,2,0,0,2,1131,50,1081,11,0,0,11,299,4,285,5,5,
3174101003,DKI JAKARTA,JAKARTA SELATAN,PESANGGRAHAN,PETUKANGAN UTARA,749,7,76,4,662,6,0,0,0,6,6,0,0,6,1979,144,1835,12,0,0,12,440,10,400,2,28,
3175081002,DKI JAKARTA,JAKARTA TIMUR,MAKASAR,PINANG RANTI,347,0,21,1,325,2,2,0,0,0,2,0,0,2,835,39,796,31,0,0,31,243,7,219,6,11,
3173031008,DKI JAKARTA,JAKARTA BARAT,TAMAN SARI,PINANGSIA,193,3,14,1,175,0,0,0,0,0,2,0,0,2,295,16,279,4,0,0,4,137,0,128,0,9,
3175011001,DKI JAKARTA,JAKARTA TIMUR,MATRAMAN,PISANGAN BARU,488,4,35,3,446,2,0,0,0,2,5,0,0,5,750,52,698,35,0,0,35,280,8,257,9,6,
3175021002,DKI JAKARTA,JAKARTA TIMUR,PULO GADUNG,PISANGAN TIMUR,488,7,35,4,442,1,0,0,0,1,10,0,0,10,1472,108,1364,33,0,0,33,336,10,308,5,13,
3172011005,DKI JAKARTA,JAKARTA UTARA,PENJARINGAN,PLUIT,715,5,97,4,609,0,0,0,0,0,14,0,0,14,1670,141,1529,22,0,0,22,392,9,361,9,13,
3175071002,DKI JAKARTA,JAKARTA TIMUR,DUREN SAWIT,PONDOK BAMBU,1231,9,56,1,1165,6,1,0,0,5,3,0,0,3,1575,102,1473,41,0,0,41,592,6,537,13,36,
3175071004,DKI JAKARTA,JAKARTA TIMUR,DUREN SAWIT,PONDOK KELAPA,926,7,47,0,872,2,1,0,0,1,12,0,0,12,1648,127,1521,35,0,0,35,575,13,510,16,36,
3175071007,DKI JAKARTA,JAKARTA TIMUR,DUREN SAWIT,PONDOK KOPI,576,4,30,1,541,0,0,0,0,0,3,0,1,2,680,54,626,17,0,0,17,316,5,283,13,15,
3174061003,DKI JAKARTA,JAKARTA SELATAN,CILANDAK,PONDOK LABU,794,13,66,1,714,6,0,0,0,6,74,0,1,73,1471,87,1384,37,0,0,37,333,9,291,4,29,
3174051002,DKI JAKARTA,JAKARTA SELATAN,KEBAYORAN LAMA,PONDOK PINANG,901,4,93,4,800,0,0,0,0,0,45,0,1,44,1144,99,1045,12,0,0,12,502,17,434,12,39,
3175101003,DKI JAKARTA,JAKARTA TIMUR,CIPAYUNG,PONDOK RANGGON,375,7,28,3,337,1,1,0,0,0,3,0,0,3,629,44,585,22,0,0,22,251,3,233,1,14,
PROSES UPDATE DATA,PROSES UPDATE DATA,PROSES UPDATE DATA,PROSES UPDATE DATA,PROSES UPDATE DATA,19466,50,453,1696,17267,4125,2,0,4106,17,121,0,5,116,46234,1997,44237,544,0,1,543,28007,915,26236,501,355,
3101011003,DKI JAKARTA,KAB.ADM.KEP.SERIBU,KEP. SERIBU UTARA,PULAU HARAPAN,70,0,2,0,68,0,0,0,0,0,0,0,0,0,93,2,91,0,0,0,0,6,0,6,0,0,
3101011002,DKI JAKARTA,KAB.ADM.KEP.SERIBU,KEP. SERIBU UTARA,PULAU KELAPA,94,0,7,1,86,0,0,0,0,0,3,0,0,3,230,12,218,1,0,0,1,19,0,19,0,0,
3101011001,DKI JAKARTA,KAB.ADM.KEP.SERIBU,KEP. SERIBU UTARA,PULAU PANGGANG,215,0,32,1,182,0,0,0,0,0,0,0,0,0,189,6,183,4,0,0,4,30,0,30,0,0,
3101021003,DKI JAKARTA,KAB.ADM.KEP.SERIBU,KEP. SERIBU SELATAN,PULAU PARI,13,0,0,0,13,0,0,0,0,0,0,0,0,0,212,0,212,1,0,0,1,7,0,7,0,0,
3101021002,DKI JAKARTA,KAB.ADM.KEP.SERIBU,KEP. SERIBU SELATAN,PULAU TIDUNG,44,0,2,0,42,1,0,0,1,0,1,0,0,1,410,1,409,1,0,0,1,38,0,37,0,1,
3101021001,DKI JAKARTA,KAB.ADM.KEP.SERIBU,KEP. SERIBU SELATAN,PULAU UNTUNG JAWA,26,0,1,0,25,0,0,0,0,0,1,0,1,0,115,2,113,0,0,0,0,5,0,5,0,0,
3174071007,DKI JAKARTA,JAKARTA SELATAN,KEBAYORAN BARU,PULO,352,1,36,1,314,1,0,0,0,1,1,0,0,1,265,17,248,0,0,0,0,76,1,67,0,8,
3175021001,DKI JAKARTA,JAKARTA TIMUR,PULO GADUNG,PULO GADUNG,577,5,42,2,528,0,0,0,0,0,12,0,0,12,1139,82,1057,48,0,0,48,339,4,311,8,16,
3175061005,DKI JAKARTA,JAKARTA TIMUR,CAKUNG,PULO GEBANG,926,7,124,2,793,1,0,0,0,1,9,0,0,9,1962,306,1656,78,0,0,78,627,14,554,12,47,
3174041004,DKI JAKARTA,JAKARTA SELATAN,PASAR MINGGU,RAGUNAN,1231,7,177,2,1045,1,0,0,0,1,2,0,0,2,1010,94,916,25,0,0,25,364,8,306,8,42,
3175091005,DKI JAKARTA,JAKARTA TIMUR,CIRACAS,RAMBUTAN,663,17,62,1,583,2,0,0,0,2,12,0,0,12,922,41,881,29,0,0,29,299,10,264,5,20,
3172031006,DKI JAKARTA,JAKARTA UTARA,KOJA,RAWA BADAK SELATAN,675,9,53,2,611,3,1,0,0,2,2,0,0,2,723,37,686,63,0,0,63,423,9,387,5,22,
3172031004,DKI JAKARTA,JAKARTA UTARA,KOJA,RAWA BADAK UTARA,616,5,46,1,564,0,0,0,0,0,2,0,0,2,689,37,652,101,0,0,101,325,4,304,4,13,
3174071005,DKI JAKARTA,JAKARTA SELATAN,KEBAYORAN BARU,RAWA BARAT,166,2,36,2,126,0,0,0,0,0,2,0,0,2,216,15,201,0,0,0,0,71,1,59,1,10,
3173011003,DKI JAKARTA,JAKARTA BARAT,CENGKARENG,RAWA BUAYA,599,6,42,2,549,1,0,0,0,1,6,0,0,6,1173,82,1091,7,0,0,7,454,6,417,14,17,
3175031004,DKI JAKARTA,JAKARTA TIMUR,JATINEGARA,RAWA BUNGA,220,1,11,1,207,0,0,0,0,0,2,0,0,2,392,39,353,18,0,0,18,187,3,167,4,13,
3174081003,DKI JAKARTA,JAKARTA SELATAN,PANCORAN,RAWA JATI,427,4,36,0,387,2,0,0,0,2,12,0,0,12,790,64,726,8,0,0,8,172,5,154,0,13,
3175061002,DKI JAKARTA,JAKARTA TIMUR,CAKUNG,RAWA TERATE,214,1,19,0,194,0,0,0,0,0,2,0,0,2,536,80,456,11,0,0,11,225,3,212,1,9,
3175021005,DKI JAKARTA,JAKARTA TIMUR,PULO GADUNG,RAWAMANGUN,505,3,31,0,471,1,0,0,0,1,11,0,0,11,1214,103,1111,42,0,0,42,394,11,349,9,25,
3171051003,DKI JAKARTA,JAKARTA PUSAT,CEMPAKA PUTIH,RAWASARI,1014,4,131,2,877,7,0,0,1,6,10,0,0,10,1691,114,1577,40,0,0,40,517,14,476,7,20,
3173041010,DKI JAKARTA,JAKARTA BARAT,TAMBORA,ROA MALAKA,52,1,5,0,46,1,0,0,0,1,0,0,0,0,79,30,49,2,0,0,2,20,0,18,0,2,
3172041006,DKI JAKARTA,JAKARTA UTARA,CILINCING,ROROTAN,602,4,85,2,511,0,0,0,0,0,5,0,0,5,743,44,699,86,0,0,86,256,8,220,2,26,
3174071004,DKI JAKARTA,JAKARTA SELATAN,KEBAYORAN BARU,SELONG,123,1,12,0,110,0,0,0,0,0,3,0,0,3,173,12,161,3,0,0,3,37,1,30,1,5,
3173061002,DKI JAKARTA,JAKARTA BARAT,KALI DERES,SEMANAN,822,10,61,3,748,1,0,0,0,1,3,0,0,3,1459,111,1348,9,0,0,9,357,5,324,5,23,
3172041007,DKI JAKARTA,JAKARTA UTARA,CILINCING,SEMPER BARAT,1114,14,113,1,986,3,0,0,0,3,12,0,0,12,1446,61,1385,127,0,0,127,605,4,566,11,24,
3172041005,DKI JAKARTA,JAKARTA UTARA,CILINCING,SEMPER TIMUR,603,13,57,1,532,1,0,0,0,1,5,0,1,4,848,37,811,61,0,0,61,314,2,291,6,15,
3174071006,DKI JAKARTA,JAKARTA SELATAN,KEBAYORAN BARU,SENAYAN,582,0,55,0,527,0,0,0,0,0,10,0,0,10,772,14,758,0,0,0,0,225,1,221,0,3,
3171041001,DKI JAKARTA,JAKARTA PUSAT,SENEN,SENEN,254,1,20,0,233,2,1,0,0,1,8,0,0,8,888,84,804,26,0,0,26,180,1,164,4,11,
3171031004,DKI JAKARTA,JAKARTA PUSAT,KEMAYORAN,SERDANG,617,5,62,2,548,0,0,0,0,0,5,0,0,5,971,89,882,32,0,0,32,365,4,339,10,12,
3174021001,DKI JAKARTA,JAKARTA SELATAN,SETIA BUDI,SETIA BUDI,140,1,10,0,129,0,0,0,0,0,4,0,0,4,418,22,396,6,0,0,6,61,5,55,0,1,
3175101005,DKI JAKARTA,JAKARTA TIMUR,CIPAYUNG,SETU,333,3,16,0,314,3,1,0,0,2,2,0,0,2,566,35,531,14,0,0,14,175,6,157,2,10,
3173071002,DKI JAKARTA,JAKARTA BARAT,PALMERAH,SLIPI,700,3,36,2,659,1,0,0,0,1,2,0,0,2,1227,84,1143,44,0,0,44,387,12,354,4,17,
3173081004,DKI JAKARTA,JAKARTA BARAT,KEMBANGAN,SRENGSENG,809,4,69,3,733,1,0,0,0,1,6,0,0,6,1697,155,1542,27,0,0,27,438,9,392,5,32,
3174091002,DKI JAKARTA,JAKARTA SELATAN,JAGAKARSA,SRENGSENG SAWAH,1084,3,57,0,1024,8,0,0,0,8,11,0,0,11,1297,61,1236,29,0,0,29,313,10,266,9,28,
3173051003,DKI JAKARTA,JAKARTA BARAT,KEBON JERUK,SUKABUMI SELATAN,454,2,43,4,405,1,0,0,0,1,1,0,0,1,907,67,840,25,0,0,25,286,2,261,6,17,
3173051002,DKI JAKARTA,JAKARTA BARAT,KEBON JERUK,SUKABUMI UTARA,581,0,77,3,501,1,0,0,0,1,21,0,1,20,1084,130,954,49,0,0,49,371,9,327,10,25,
3172041002,DKI JAKARTA,JAKARTA UTARA,CILINCING,SUKAPURA,854,9,91,2,752,0,0,0,0,0,6,0,0,6,1212,106,1106,115,0,0,115,468,4,413,9,42,
3171031007,DKI JAKARTA,JAKARTA PUSAT,KEMAYORAN,SUMUR BATU,538,2,47,1,488,2,0,0,0,2,6,0,0,6,744,52,692,33,0,0,33,280,4,260,4,12,
3172021004,DKI JAKARTA,JAKARTA UTARA,TANJUNG PRIOK,SUNGAI BAMBU,551,3,60,0,488,0,0,0,0,0,7,0,0,7,825,62,763,50,0,0,50,276,5,256,6,9,
3172021006,DKI JAKARTA,JAKARTA UTARA,TANJUNG PRIOK,SUNTER AGUNG,1483,10,144,1,1328,4,0,0,0,4,24,0,1,23,2546,197,2349,111,0,0,111,821,27,738,21,35,
3172021002,DKI JAKARTA,JAKARTA UTARA,TANJUNG PRIOK,SUNTER JAYA,1226,5,106,6,1109,1,0,0,0,1,10,0,0,10,2157,160,1997,198,0,0,198,744,13,676,19,36,
3175091004,DKI JAKARTA,JAKARTA TIMUR,CIRACAS,SUSUKAN,702,1,51,1,649,0,0,0,0,0,18,0,0,18,1577,42,1535,69,0,0,69,253,2,232,8,11,
3173031001,DKI JAKARTA,JAKARTA BARAT,TAMAN SARI,TAMAN SARI,344,2,14,0,328,2,0,0,0,2,1,0,0,1,523,40,483,17,0,0,17,235,6,216,4,9,
3173041001,DKI JAKARTA,JAKARTA BARAT,TAMBORA,TAMBORA,261,4,15,3,239,1,0,0,0,1,2,0,0,2,360,13,347,4,0,0,4,128,1,119,3,5,
3173041004,DKI JAKARTA,JAKARTA BARAT,TAMBORA,TANAH SEREAL,383,3,27,2,351,1,0,0,0,1,4,0,0,4,360,26,334,5,0,0,5,210,1,193,7,9,
3171081004,DKI JAKARTA,JAKARTA PUSAT,JOHAR BARU,TANAH TINGGI,594,7,33,3,551,5,0,0,0,5,7,0,0,7,1278,48,1230,38,0,0,38,451,4,422,16,9,
3173031004,DKI JAKARTA,JAKARTA BARAT,TAMAN SARI,TANGKI,297,2,12,1,282,2,0,0,0,2,5,0,0,5,390,30,360,4,0,0,4,167,4,148,1,14,
3174091005,DKI JAKARTA,JAKARTA SELATAN,JAGAKARSA,TANJUNG BARAT,859,2,47,1,809,1,0,0,0,1,2,0,0,2,822,92,730,13,0,0,13,364,4,320,7,33,
3173021005,DKI JAKARTA,JAKARTA BARAT,GROGOL PETAMBURAN,TANJUNG DUREN SELATAN,576,4,56,1,515,0,0,0,0,0,19,0,0,19,898,89,809,25,0,0,25,396,6,367,11,12,
3173021002,DKI JAKARTA,JAKARTA BARAT,GROGOL PETAMBURAN,TANJUNG DUREN UTARA,365,4,32,0,329,2,0,0,0,2,21,0,0,21,787,100,687,21,0,0,21,225,4,205,9,7,
3172021001,DKI JAKARTA,JAKARTA UTARA,TANJUNG PRIOK,TANJUNG PRIOK,692,5,68,6,613,2,1,0,0,1,13,0,0,13,974,72,902,76,0,0,76,456,3,431,12,10,
3174011002,DKI JAKARTA,JAKARTA SELATAN,TEBET,TEBET BARAT,821,6,230,0,585,2,0,0,0,2,8,0,0,8,828,51,777,25,0,0,25,485,15,385,8,77,
3174011001,DKI JAKARTA,JAKARTA SELATAN,TEBET,TEBET TIMUR,500,3,35,2,460,0,0,0,0,0,7,0,1,6,685,44,641,36,0,0,36,273,10,248,4,11,
3173061003,DKI JAKARTA,JAKARTA BARAT,KALI DERES,TEGAL ALUR,976,14,94,6,862,0,0,0,0,0,7,0,0,7,1635,137,1498,13,0,0,13,392,11,331,9,41,
3174031004,DKI JAKARTA,JAKARTA SELATAN,MAMPANG PRAPATAN,TEGAL PARANG,437,7,15,3,412,5,0,0,1,4,4,0,0,4,1259,114,1145,12,0,0,12,390,3,356,6,25,
3173021003,DKI JAKARTA,JAKARTA BARAT,GROGOL PETAMBURAN,TOMANG,596,1,40,2,553,0,0,0,0,0,16,0,0,16,1020,137,883,86,0,0,86,381,5,349,8,19,
3172031005,DKI JAKARTA,JAKARTA UTARA,KOJA,TUGU SELATAN,608,3,69,1,535,0,0,0,0,0,2,0,0,2,629,82,547,98,0,0,98,398,3,360,8,27,
3172031002,DKI JAKARTA,JAKARTA UTARA,KOJA,TUGU UTARA,1204,13,89,0,1102,3,0,0,0,3,10,0,1,9,1114,43,1071,122,0,0,122,556,2,507,18,29,
3175061006,DKI JAKARTA,JAKARTA TIMUR,CAKUNG,UJUNG MENTENG,264,2,50,2,210,1,0,0,0,1,1,0,0,1,664,101,563,34,0,0,34,207,6,165,3,33,
3174101005,DKI JAKARTA,JAKARTA SELATAN,PESANGGRAHAN,ULUJAMI,727,3,67,2,655,0,0,0,0,0,0,0,0,0,1378,67,1311,26,0,0,26,355,2,309,10,34,
3175011006,DKI JAKARTA,JAKARTA TIMUR,MATRAMAN,UTAN KAYU SELATAN,651,12,45,8,586,2,0,0,0,2,8,0,0,8,1225,164,1061,98,0,0,98,378,21,336,9,12,
3175011002,DKI JAKARTA,JAKARTA TIMUR,MATRAMAN,UTAN KAYU UTARA,615,5,104,0,506,2,0,0,0,2,5,0,0,5,1002,159,843,48,0,0,48,320,13,273,13,21,
3171031008,DKI JAKARTA,JAKARTA PUSAT,KEMAYORAN,UTAN PANJANG,500,4,31,2,463,0,0,0,0,0,4,0,0,4,731,31,700,28,0,0,28,341,1,326,9,5,
3172021007,DKI JAKARTA,JAKARTA UTARA,TANJUNG PRIOK,WARAKAS,754,4,59,2,689,0,0,0,0,0,12,0,1,11,1180,88,1092,69,0,0,69,445,7,410,8,20,
3173021007,DKI JAKARTA,JAKARTA BARAT,GROGOL PETAMBURAN,WIJAYA KUSUMA,525,4,43,2,476,1,0,0,0,1,7,0,0,7,1032,71,961,24,0,0,24,357,6,317,9,25,
