id_kel,nama_provinsi,nama_kota,nama_kecamatan,nama_kelurahan,suspek,perawatan_rs,isolasi_di_rumah,suspek_meninggal,selesai_isolasi,probable,perawatan_rs,isolasi_di_rumah,probable_meninggal,selesai_isolasi,pelaku_perjalanan,perawatan_rs,isolasi_di_rumah,selesai_isolasi,kontak_erat,isolasi_di_rumah,selesai_isolasi,discarded,isolasi_di_rumah,meninggal,selesai_isolasi,positif,dirawat,sembuh,meninggal,self_isolation,keterangan
3172051003,DKI JAKARTA,JAKARTA UTARA,PADEMANGAN,ANCOL,538,2,37,0,499,4,0,0,0,4,10,0,0,10,720,42,678,10,0,0,10,347,5,324,4,14,
3173041007,DKI JAKARTA,JAKARTA BARAT,TAMBORA,ANGKE,458,1,28,2,427,1,0,0,1,0,1,0,0,1,522,12,510,26,0,0,26,204,3,185,4,12,
3175041005,DKI JAKARTA,JAKARTA TIMUR,KRAMAT JATI,BALE KAMBANG,331,4,33,1,293,7,4,0,0,3,5,0,0,5,653,91,562,23,0,0,23,203,2,176,3,22,
3175031003,DKI JAKARTA,JAKARTA TIMUR,JATINEGARA,BALI MESTER,116,1,7,1,107,1,0,0,0,1,1,0,0,1,210,11,199,6,0,0,6,183,3,91,2,87,
3175101006,DKI JAKARTA,JAKARTA TIMUR,CIPAYUNG,BAMBU APUS,494,5,43,1,445,0,0,0,0,0,4,0,0,4,724,50,674,18,0,0,18,201,10,173,3,15,
3174031002,DKI JAKARTA,JAKARTA SELATAN,MAMPANG PRAPATAN,BANGKA,361,5,41,2,313,5,0,0,1,4,18,0,0,18,756,48,708,8,0,0,8,201,1,190,2,8,
3175051002,DKI JAKARTA,JAKARTA TIMUR,PASAR REBO,BARU,477,9,30,1,437,0,0,0,0,0,5,0,0,5,440,19,421,19,0,0,19,220,4,205,0,11,
3175041004,DKI JAKARTA,JAKARTA TIMUR,KRAMAT JATI,BATU AMPAR,607,3,56,1,547,3,0,0,0,3,3,0,0,3,1230,78,1152,27,0,0,27,307,7,278,6,16,
3171071002,DKI JAKARTA,JAKARTA PUSAT,TANAH ABANG,BENDUNGAN HILIR,493,2,24,0,467,2,0,0,0,2,4,0,0,4,878,30,848,11,0,0,11,288,7,258,9,14,
3175031002,DKI JAKARTA,JAKARTA TIMUR,JATINEGARA,BIDARA CINA,439,2,33,3,401,1,0,0,0,1,8,0,0,8,644,30,614,37,0,0,37,317,3,287,10,17,
3174101002,DKI JAKARTA,JAKARTA SELATAN,PESANGGRAHAN,BINTARO,858,7,72,2,777,5,1,0,0,4,9,0,0,9,1652,102,1550,27,0,0,27,403,10,350,10,33,
3174011005,DKI JAKARTA,JAKARTA SELATAN,TEBET,BUKIT DURI,448,4,36,3,405,2,0,0,0,2,14,0,1,13,673,47,626,15,0,0,15,254,1,237,8,8,
3171041006,DKI JAKARTA,JAKARTA PUSAT,SENEN,BUNGUR,276,2,18,2,254,1,0,0,0,1,13,0,0,13,643,23,620,17,0,0,17,210,1,194,5,10,
3175061007,DKI JAKARTA,JAKARTA TIMUR,CAKUNG,CAKUNG BARAT,412,0,41,1,370,3,1,0,0,2,0,0,0,0,824,73,751,51,0,0,51,375,10,328,5,32,
3175061004,DKI JAKARTA,JAKARTA TIMUR,CAKUNG,CAKUNG TIMUR,495,4,56,2,433,3,0,0,1,2,6,0,0,6,942,56,886,48,0,0,48,329,7,299,9,14,
3175041007,DKI JAKARTA,JAKARTA TIMUR,KRAMAT JATI,CAWANG,412,2,54,0,356,1,0,0,0,1,6,0,0,6,1082,62,1020,22,0,0,22,358,9,334,6,9,
3175101008,DKI JAKARTA,JAKARTA TIMUR,CIPAYUNG,CEGER,283,1,23,0,259,0,0,0,0,0,1,0,0,1,467,18,449,9,0,0,9,144,1,135,3,5,
3171031006,DKI JAKARTA,JAKARTA PUSAT,KEMAYORAN,CEMPAKA BARU,737,6,42,2,687,1,0,0,0,1,7,0,0,7,1150,70,1080,36,0,0,36,471,1,436,17,17,
3171051002,DKI JAKARTA,JAKARTA PUSAT,CEMPAKA PUTIH,CEMPAKA PUTIH BARAT,1071,8,109,2,952,9,5,0,0,4,21,0,0,21,2173,86,2087,51,0,0,51,715,2,678,16,19,
3171051001,DKI JAKARTA,JAKARTA PUSAT,CEMPAKA PUTIH,CEMPAKA PUTIH TIMUR,730,2,55,1,672,1,0,0,0,1,12,0,0,12,1532,36,1496,59,0,0,59,382,3,359,6,14,
3173011001,DKI JAKARTA,JAKARTA BARAT,CENGKARENG,CENGKARENG BARAT,927,5,134,1,787,0,0,0,0,0,6,0,0,6,1688,251,1437,14,0,0,14,566,14,478,10,64,
3173011006,DKI JAKARTA,JAKARTA BARAT,CENGKARENG,CENGKARENG TIMUR,1044,8,74,7,955,2,0,0,0,2,4,0,0,4,2068,113,1955,18,0,0,18,765,7,678,17,63,
3175091002,DKI JAKARTA,JAKARTA TIMUR,CIRACAS,CIBUBUR,992,8,31,4,949,1,0,0,0,1,30,0,0,30,2086,52,2034,94,0,0,94,383,6,356,8,13,
3171011002,DKI JAKARTA,JAKARTA PUSAT,GAMBIR,CIDENG,330,4,9,2,315,0,0,0,0,0,10,0,0,10,671,35,636,13,0,0,13,211,0,198,7,6,
3174091003,DKI JAKARTA,JAKARTA SELATAN,JAGAKARSA,CIGANJUR,812,2,75,1,734,2,0,0,0,2,12,0,0,12,862,39,823,14,0,0,14,241,5,208,4,24,
3175051003,DKI JAKARTA,JAKARTA TIMUR,PASAR REBO,CIJANTUNG,939,4,74,3,858,0,0,0,0,0,4,0,1,3,627,32,595,10,0,0,10,367,11,319,9,28,
3171061003,DKI JAKARTA,JAKARTA PUSAT,MENTENG,CIKINI,178,5,9,0,164,1,1,0,0,0,2,0,0,2,239,13,226,11,0,0,11,83,1,68,3,11,
3174081006,DKI JAKARTA,JAKARTA SELATAN,PANCORAN,CIKOKO,213,1,14,0,198,1,0,0,0,1,10,0,0,10,301,14,287,1,0,0,1,91,3,69,3,16,
3174061001,DKI JAKARTA,JAKARTA SELATAN,CILANDAK,CILANDAK BARAT,1544,10,241,5,1288,1,0,0,0,1,97,0,0,97,1827,143,1684,42,0,0,42,482,9,412,9,52,
3174041003,DKI JAKARTA,JAKARTA SELATAN,PASAR MINGGU,CILANDAK TIMUR,565,3,28,1,533,5,0,0,0,5,17,0,0,17,547,39,508,86,0,0,86,283,6,261,8,8,
3175101002,DKI JAKARTA,JAKARTA TIMUR,CIPAYUNG,CILANGKAP,410,1,26,1,382,1,0,0,0,1,3,0,0,3,712,50,662,22,0,0,22,196,2,185,2,7,
3175041006,DKI JAKARTA,JAKARTA TIMUR,KRAMAT JATI,CILILITAN,391,5,37,1,348,1,1,0,0,0,7,0,0,7,999,70,929,48,0,0,48,359,5,328,8,18,
3172041001,DKI JAKARTA,JAKARTA UTARA,CILINCING,CILINCING,696,11,48,1,636,1,0,0,0,1,6,0,0,6,1213,37,1176,105,0,0,105,435,6,409,11,9,
3175101001,DKI JAKARTA,JAKARTA TIMUR,CIPAYUNG,CIPAYUNG,608,3,34,2,569,3,0,0,1,2,7,0,0,7,772,32,740,34,0,0,34,244,5,223,3,13,
3174091006,DKI JAKARTA,JAKARTA SELATAN,JAGAKARSA,CIPEDAK,660,2,51,0,607,5,3,0,0,2,1,0,0,1,951,65,886,9,0,0,9,302,6,272,3,21,
3174061005,DKI JAKARTA,JAKARTA SELATAN,CILANDAK,CIPETE SELATAN,380,1,44,1,334,2,0,0,0,2,46,0,0,46,629,39,590,6,0,0,6,169,7,150,7,5,
3174071010,DKI JAKARTA,JAKARTA SELATAN,KEBAYORAN BARU,CIPETE UTARA,773,3,50,3,717,0,0,0,0,0,9,0,0,9,669,28,641,6,0,0,6,203,2,187,4,10,
3175021003,DKI JAKARTA,JAKARTA TIMUR,PULO GADUNG,CIPINANG,382,4,18,2,358,1,0,0,0,1,3,0,0,3,1087,102,985,44,0,0,44,404,8,359,13,24,
3175031007,DKI JAKARTA,JAKARTA TIMUR,JATINEGARA,CIPINANG BESAR SELATAN,337,3,16,2,316,2,0,0,0,2,2,0,0,2,682,35,647,18,0,0,18,268,7,243,2,16,
3175031008,DKI JAKARTA,JAKARTA TIMUR,JATINEGARA,CIPINANG BESAR UTARA,494,1,16,0,477,2,0,0,0,2,3,0,0,3,1094,146,948,24,0,0,24,422,5,378,7,32,
3175031005,DKI JAKARTA,JAKARTA TIMUR,JATINEGARA,CIPINANG CEMPEDAK,301,3,10,2,286,0,0,0,0,0,7,0,0,7,599,30,569,22,0,0,22,233,4,211,5,13,
3175081005,DKI JAKARTA,JAKARTA TIMUR,MAKASAR,CIPINANG MELAYU,439,6,23,2,408,3,0,0,0,3,5,0,0,5,839,37,802,21,0,0,21,324,8,290,7,19,
3175031006,DKI JAKARTA,JAKARTA TIMUR,JATINEGARA,CIPINANG MUARA,521,3,34,1,483,5,0,0,0,5,9,0,0,9,1108,72,1036,32,0,0,32,502,15,430,6,51,
3174051003,DKI JAKARTA,JAKARTA SELATAN,KEBAYORAN LAMA,CIPULIR,410,3,27,4,376,6,0,0,0,6,6,0,0,6,607,32,575,9,0,0,9,276,5,256,4,11,
3175091001,DKI JAKARTA,JAKARTA TIMUR,CIRACAS,CIRACAS,1127,5,83,9,1030,4,1,0,0,3,32,0,6,26,1845,49,1796,45,0,0,45,550,7,491,17,35,
3175041003,DKI JAKARTA,JAKARTA TIMUR,KRAMAT JATI,DUKUH,364,1,40,1,322,0,0,0,0,0,1,0,0,1,919,164,755,14,0,0,14,211,1,193,5,12,
3175071001,DKI JAKARTA,JAKARTA TIMUR,DUREN SAWIT,DUREN SAWIT,979,5,37,3,934,18,0,0,0,18,4,0,0,4,1375,115,1260,37,0,0,37,649,7,605,14,23,
3174081004,DKI JAKARTA,JAKARTA SELATAN,PANCORAN,DUREN TIGA,517,5,33,0,479,2,0,0,0,2,6,0,0,6,718,40,678,3,0,0,3,232,3,225,2,2,
3173051005,DKI JAKARTA,JAKARTA BARAT,KEBON JERUK,DURI KEPA,678,4,53,2,619,3,0,0,0,3,12,0,0,12,1465,80,1385,74,0,0,74,478,12,434,14,18,
3173011002,DKI JAKARTA,JAKARTA BARAT,CENGKARENG,DURI KOSAMBI,788,11,86,3,688,1,0,0,0,1,4,0,0,4,1323,74,1249,11,0,0,11,537,6,474,8,49,
3171011006,DKI JAKARTA,JAKARTA PUSAT,GAMBIR,DURI PULO,230,3,13,3,211,0,0,0,0,0,1,0,0,1,569,38,531,7,0,0,7,206,3,186,8,9,
3173041011,DKI JAKARTA,JAKARTA BARAT,TAMBORA,DURI SELATAN,211,5,11,1,194,0,0,0,0,0,2,0,0,2,198,13,185,4,0,0,4,91,3,85,3,0,
3173041003,DKI JAKARTA,JAKARTA BARAT,TAMBORA,DURI UTARA,247,1,15,2,229,1,0,0,0,1,2,0,0,2,266,14,252,5,0,0,5,155,1,146,4,4,
3171081003,DKI JAKARTA,JAKARTA PUSAT,JOHAR BARU,GALUR,253,2,14,0,237,4,1,0,0,3,3,0,0,3,586,21,565,48,0,0,48,211,0,196,10,5,
3171011001,DKI JAKARTA,JAKARTA PUSAT,GAMBIR,GAMBIR,121,0,8,0,113,1,0,0,0,1,17,0,0,17,452,19,433,6,0,0,6,194,2,186,1,5,
3174061004,DKI JAKARTA,JAKARTA SELATAN,CILANDAK,GANDARIA SELATAN,268,2,16,0,250,2,0,0,0,2,20,0,0,20,789,49,740,4,0,0,4,184,2,168,5,9,
3174071009,DKI JAKARTA,JAKARTA SELATAN,KEBAYORAN BARU,GANDARIA UTARA,782,5,71,2,704,0,0,0,0,0,3,0,0,3,759,23,736,7,0,0,7,263,4,233,6,20,
3175051001,DKI JAKARTA,JAKARTA TIMUR,PASAR REBO,GEDONG,866,5,40,0,821,0,0,0,0,0,4,0,0,4,545,51,494,25,0,0,25,326,4,283,4,35,
3171071001,DKI JAKARTA,JAKARTA PUSAT,TANAH ABANG,GELORA,87,0,5,1,81,0,0,0,0,0,5,0,0,5,352,120,232,0,0,0,0,116,0,106,2,8,
3173031007,DKI JAKARTA,JAKARTA BARAT,TAMAN SARI,GLODOK,130,2,10,0,118,0,0,0,0,0,1,0,0,1,196,12,184,1,0,0,1,48,1,42,2,3,
3171061004,DKI JAKARTA,JAKARTA PUSAT,MENTENG,GONDANGDIA,91,0,13,1,77,0,0,0,0,0,13,0,0,13,164,10,154,7,0,0,7,66,1,57,3,5,
3173021001,DKI JAKARTA,JAKARTA BARAT,GROGOL PETAMBURAN,GROGOL,585,1,41,4,539,1,0,0,0,1,45,0,0,45,1140,75,1065,37,0,0,37,280,4,269,2,5,
3174051005,DKI JAKARTA,JAKARTA SELATAN,KEBAYORAN LAMA,GROGOL SELATAN,522,9,65,5,443,0,0,0,0,0,12,0,0,12,702,35,667,14,0,0,14,342,7,295,7,33,
3174051004,DKI JAKARTA,JAKARTA SELATAN,KEBAYORAN LAMA,GROGOL UTARA,518,6,30,4,478,0,0,0,0,0,24,0,0,24,721,49,672,18,0,0,18,396,4,354,12,26,
3174021007,DKI JAKARTA,JAKARTA SELATAN,SETIA BUDI,GUNTUR,71,0,2,0,69,0,0,0,0,0,1,0,0,1,254,35,219,1,0,0,1,62,0,61,1,0,
3174071002,DKI JAKARTA,JAKARTA SELATAN,KEBAYORAN BARU,GUNUNG,331,0,18,3,310,0,0,0,0,0,7,0,0,7,458,55,403,0,0,0,0,137,2,129,3,3,
3171031005,DKI JAKARTA,JAKARTA PUSAT,KEMAYORAN,GUNUNG SAHARI SELATAN,363,0,25,1,337,0,0,0,0,0,5,0,0,5,624,51,573,1,0,0,1,217,1,202,7,7,
3171021004,DKI JAKARTA,JAKARTA PUSAT,SAWAH BESAR,GUNUNG SAHARI UTARA,327,0,31,1,295,2,0,0,0,2,7,0,0,7,617,28,589,12,0,0,12,200,4,181,10,5,
3175081004,DKI JAKARTA,JAKARTA TIMUR,MAKASAR,HALIM PERDANA KUSUMAH,287,0,11,2,274,0,0,0,0,0,6,0,0,6,741,141,600,9,0,0,9,520,37,459,7,17,
3171031003,DKI JAKARTA,JAKARTA PUSAT,KEMAYORAN,HARAPAN MULIA,416,0,34,3,379,1,0,0,0,1,6,0,0,6,641,25,616,33,0,0,33,286,1,271,9,5,
3174091001,DKI JAKARTA,JAKARTA SELATAN,JAGAKARSA,JAGAKARSA,1175,6,51,2,1116,8,0,0,0,8,8,0,0,8,1375,105,1270,20,0,0,20,469,7,424,6,32,
3175021007,DKI JAKARTA,JAKARTA TIMUR,PULO GADUNG,JATI,424,1,24,1,398,0,0,0,0,0,9,0,0,9,1090,69,1021,39,0,0,39,305,1,283,6,15,
3174041002,DKI JAKARTA,JAKARTA SELATAN,PASAR MINGGU,JATI PADANG,671,11,87,2,571,0,0,0,0,0,4,0,0,4,808,85,723,72,0,0,72,267,2,241,5,19,
3173071004,DKI JAKARTA,JAKARTA BARAT,PALMERAH,JATI PULO,638,3,57,4,574,2,0,0,0,2,5,0,0,5,867,38,829,66,0,0,66,336,0,319,10,7,
3175061001,DKI JAKARTA,JAKARTA TIMUR,CAKUNG,JATINEGARA,928,8,145,3,772,1,0,0,0,1,4,0,0,4,1798,153,1645,51,0,0,51,684,8,609,11,56,
3175021004,DKI JAKARTA,JAKARTA TIMUR,PULO GADUNG,JATINEGARA KAUM,163,3,15,0,145,1,0,0,1,0,3,0,0,3,463,41,422,12,0,0,12,143,3,124,6,10,
3173021004,DKI JAKARTA,JAKARTA BARAT,GROGOL PETAMBURAN,JELAMBAR,543,3,32,5,503,2,0,0,0,2,27,0,0,27,955,70,885,14,0,0,14,322,1,292,8,21,
3173021006,DKI JAKARTA,JAKARTA BARAT,GROGOL PETAMBURAN,JELAMBAR BARU,454,1,28,2,423,2,0,0,0,2,4,0,0,4,777,70,707,22,0,0,22,248,3,227,5,13,
3173041006,DKI JAKARTA,JAKARTA BARAT,TAMBORA,JEMBATAN BESI,591,0,16,1,574,1,0,0,0,1,5,0,0,5,541,24,517,12,0,0,12,279,1,259,8,11,
3173041008,DKI JAKARTA,JAKARTA BARAT,TAMBORA,JEMBATAN LIMA,251,0,26,0,225,0,0,0,0,0,1,0,0,1,247,14,233,5,0,0,5,169,0,144,4,21,
3173081005,DKI JAKARTA,JAKARTA BARAT,KEMBANGAN,JOGLO,637,6,73,4,554,1,0,0,0,1,5,0,0,5,884,60,824,15,0,0,15,293,4,269,5,15,
3171081001,DKI JAKARTA,JAKARTA PUSAT,JOHAR BARU,JOHAR BARU,822,6,60,3,753,9,3,0,0,6,11,0,0,11,2118,101,2017,105,0,0,105,586,6,540,19,21,
3173041002,DKI JAKARTA,JAKARTA BARAT,TAMBORA,KALI ANYAR,431,2,20,0,409,1,0,0,0,1,4,0,0,4,394,20,374,14,0,0,14,217,2,198,7,10,
3172041004,DKI JAKARTA,JAKARTA UTARA,CILINCING,KALI BARU,651,5,52,5,589,0,0,0,0,0,5,0,0,5,735,21,714,49,0,0,49,366,0,351,9,6,
3174081002,DKI JAKARTA,JAKARTA SELATAN,PANCORAN,KALIBATA,713,6,46,4,657,7,0,0,0,7,12,0,0,12,1036,100,936,14,0,0,14,375,5,343,9,18,
3173061001,DKI JAKARTA,JAKARTA BARAT,KALI DERES,KALIDERES,1421,10,94,4,1313,1,0,0,0,1,7,0,1,6,2584,164,2420,30,0,0,30,606,12,532,10,52,
3175051004,DKI JAKARTA,JAKARTA TIMUR,PASAR REBO,KALISARI,1176,3,44,0,1129,0,0,0,0,0,3,0,0,3,635,35,600,14,0,0,14,331,6,302,6,17,
3173061004,DKI JAKARTA,JAKARTA BARAT,KALI DERES,KAMAL,416,3,47,3,363,0,0,0,0,0,1,0,0,1,659,55,604,6,0,0,6,128,5,93,9,21,
3172011002,DKI JAKARTA,JAKARTA UTARA,PENJARINGAN,KAMAL MUARA,123,4,7,0,112,0,0,0,0,0,4,0,0,4,262,26,236,2,0,0,2,109,3,98,2,6,
3171071007,DKI JAKARTA,JAKARTA PUSAT,TANAH ABANG,KAMPUNG BALI,160,2,4,2,152,1,0,0,0,1,2,0,0,2,355,14,341,2,0,0,2,87,1,78,4,4,
3175031001,DKI JAKARTA,JAKARTA TIMUR,JATINEGARA,KAMPUNG MELAYU,280,6,8,5,261,2,0,0,0,2,7,0,0,7,389,19,370,8,0,0,8,295,3,269,5,18,
3171081002,DKI JAKARTA,JAKARTA PUSAT,JOHAR BARU,KAMPUNG RAWA,363,1,24,0,338,2,0,0,0,2,2,0,0,2,865,36,829,66,0,0,66,304,6,270,14,14,
3175041002,DKI JAKARTA,JAKARTA TIMUR,KRAMAT JATI,KAMPUNG TENGAH,682,4,45,1,632,4,1,0,0,3,9,0,0,9,1415,116,1299,54,0,0,54,368,6,330,13,19,
3173011005,DKI JAKARTA,JAKARTA BARAT,CENGKARENG,KAPUK,1049,9,104,16,920,2,0,0,0,2,12,0,0,12,1853,114,1739,15,0,0,15,822,19,713,23,67,
3172011003,DKI JAKARTA,JAKARTA UTARA,PENJARINGAN,KAPUK MUARA,295,2,18,0,275,1,0,0,0,1,20,0,10,10,734,69,665,27,0,0,27,213,7,192,7,7,
3171021002,DKI JAKARTA,JAKARTA PUSAT,SAWAH BESAR,KARANG ANYAR,527,3,32,5,487,1,0,0,0,1,4,0,0,4,991,38,953,15,0,0,15,255,3,230,7,15,
3174021004,DKI JAKARTA,JAKARTA SELATAN,SETIA BUDI,KARET,158,2,3,0,153,0,0,0,0,0,11,0,0,11,426,14,412,4,0,0,4,134,0,131,0,3,
3174021003,DKI JAKARTA,JAKARTA SELATAN,SETIA BUDI,KARET KUNINGAN,352,1,12,1,338,0,0,0,0,0,22,0,0,22,482,25,457,4,0,0,4,264,6,243,6,9,
3174021002,DKI JAKARTA,JAKARTA SELATAN,SETIA BUDI,KARET SEMANGGI,82,2,4,1,75,0,0,0,0,0,3,0,0,3,97,4,93,2,0,0,2,32,0,28,2,2,
3171071003,DKI JAKARTA,JAKARTA PUSAT,TANAH ABANG,KARET TENGSIN,323,2,14,0,307,1,0,0,0,1,8,0,0,8,820,38,782,3,0,0,3,216,3,189,8,16,
3171021003,DKI JAKARTA,JAKARTA PUSAT,SAWAH BESAR,KARTINI,381,3,25,1,352,1,0,0,0,1,0,0,0,0,770,30,740,18,0,0,18,256,0,242,5,9,
3175011003,DKI JAKARTA,JAKARTA TIMUR,MATRAMAN,KAYU MANIS,442,3,18,0,421,3,0,0,0,3,2,0,0,2,814,41,773,30,0,0,30,261,4,244,7,6,
3175021006,DKI JAKARTA,JAKARTA TIMUR,PULO GADUNG,KAYU PUTIH,592,3,35,4,550,1,0,0,1,0,15,0,0,15,1258,58,1200,64,0,0,64,401,6,364,12,19,
3173031006,DKI JAKARTA,JAKARTA BARAT,TAMAN SARI,KEAGUNGAN,332,2,12,0,318,0,0,0,0,0,4,0,0,4,550,21,529,10,0,0,10,201,2,190,1,8,
3174041007,DKI JAKARTA,JAKARTA SELATAN,PASAR MINGGU,KEBAGUSAN,742,13,39,1,689,3,0,0,0,3,4,0,1,3,895,93,802,39,0,0,39,285,4,246,3,32,
3174051006,DKI JAKARTA,JAKARTA SELATAN,KEBAYORAN LAMA,KEBAYORAN LAMA SELATAN,714,6,47,0,661,5,0,0,0,5,2,0,0,2,869,32,837,14,0,0,14,329,3,302,6,18,
3174051001,DKI JAKARTA,JAKARTA SELATAN,KEBAYORAN LAMA,KEBAYORAN LAMA UTARA,537,8,29,1,499,1,0,0,0,1,15,0,0,15,612,35,577,5,0,0,5,282,8,245,5,24,
3174011004,DKI JAKARTA,JAKARTA SELATAN,TEBET,KEBON BARU,484,1,36,2,445,0,0,0,0,0,15,0,0,15,790,35,755,22,0,0,22,253,3,234,8,8,
3172021005,DKI JAKARTA,JAKARTA UTARA,TANJUNG PRIOK,KEBON BAWANG,850,3,47,1,799,0,0,0,0,0,15,0,0,15,1462,90,1372,98,0,0,98,471,5,451,4,11,
3173051001,DKI JAKARTA,JAKARTA BARAT,KEBON JERUK,KEBON JERUK,1006,4,70,6,926,2,0,0,0,2,14,0,1,13,2316,146,2170,63,0,0,63,688,6,638,19,25,
3171071006,DKI JAKARTA,JAKARTA PUSAT,TANAH ABANG,KEBON KACANG,490,0,10,1,479,1,0,0,0,1,0,0,0,0,619,13,606,7,0,0,7,312,2,296,12,2,
3171011005,DKI JAKARTA,JAKARTA PUSAT,GAMBIR,KEBON KELAPA,173,0,6,1,166,3,0,0,0,3,4,0,0,4,347,9,338,3,0,0,3,100,2,94,1,3,
3171031002,DKI JAKARTA,JAKARTA PUSAT,KEMAYORAN,KEBON KOSONG,435,6,29,5,395,1,0,0,0,1,9,0,0,9,592,33,559,35,0,0,35,273,3,257,7,6,
3175011005,DKI JAKARTA,JAKARTA TIMUR,MATRAMAN,KEBON MANGGIS,233,2,8,4,219,0,0,0,0,0,2,0,0,2,345,33,312,24,0,0,24,173,1,160,3,9,
3171071005,DKI JAKARTA,JAKARTA PUSAT,TANAH ABANG,KEBON MELATI,578,1,21,3,553,1,0,0,0,1,5,0,0,5,1058,26,1032,10,0,0,10,490,1,476,9,4,
3175081003,DKI JAKARTA,JAKARTA TIMUR,MAKASAR,KEBON PALA,422,2,21,1,398,1,0,0,0,1,6,0,0,6,1088,34,1054,18,0,0,18,406,6,374,11,15,
3171061005,DKI JAKARTA,JAKARTA PUSAT,MENTENG,KEBON SIRIH,193,0,7,2,184,0,0,0,0,0,4,0,0,4,343,11,332,20,0,0,20,152,1,144,2,5,
3173011004,DKI JAKARTA,JAKARTA BARAT,CENGKARENG,KEDAUNG KALI ANGKE,558,2,22,0,534,0,0,0,0,0,1,0,0,1,728,32,696,7,0,0,7,389,6,349,7,27,
3173051007,DKI JAKARTA,JAKARTA BARAT,KEBON JERUK,KEDOYA SELATAN,522,8,43,5,466,2,0,0,0,2,8,0,0,8,864,49,815,22,0,0,22,270,3,249,7,11,
3173051006,DKI JAKARTA,JAKARTA BARAT,KEBON JERUK,KEDOYA UTARA,555,4,61,2,488,1,0,0,0,1,15,0,0,15,1105,97,1008,22,0,0,22,370,7,332,8,23,
3173051004,DKI JAKARTA,JAKARTA BARAT,KEBON JERUK,KELAPA DUA,390,6,26,0,358,0,0,0,0,0,5,0,0,5,808,53,755,24,0,0,24,228,4,208,3,13,
3175091003,DKI JAKARTA,JAKARTA TIMUR,CIRACAS,KELAPA DUA WETAN,723,1,45,1,676,1,0,0,0,1,8,0,0,8,1276,42,1234,37,0,0,37,288,7,251,3,27,
3172061003,DKI JAKARTA,JAKARTA UTARA,KELAPA GADING,KELAPA GADING BARAT,1077,5,55,3,1014,2,0,0,0,2,49,0,0,49,1478,55,1423,231,0,0,231,481,14,445,6,16,
3172061001,DKI JAKARTA,JAKARTA UTARA,KELAPA GADING,KELAPA GADING TIMUR,860,1,73,2,784,3,0,0,0,3,23,0,0,23,1412,67,1345,137,0,0,137,386,9,349,9,19,
3173071005,DKI JAKARTA,JAKARTA BARAT,PALMERAH,KEMANGGISAN,771,4,57,6,704,0,0,0,0,0,9,0,0,9,1054,49,1005,52,0,0,52,385,5,360,11,9,
3171031001,DKI JAKARTA,JAKARTA PUSAT,KEMAYORAN,KEMAYORAN,466,3,28,3,432,2,0,0,0,2,3,0,0,3,679,32,647,27,0,0,27,350,3,332,10,5,
3173081006,DKI JAKARTA,JAKARTA BARAT,KEMBANGAN,KEMBANGAN SELATAN,394,4,48,1,341,0,0,0,0,0,8,0,0,8,779,31,748,54,0,0,54,239,6,220,5,8,
3173081001,DKI JAKARTA,JAKARTA BARAT,KEMBANGAN,KEMBANGAN UTARA,773,7,66,3,697,4,0,0,1,3,3,0,0,3,1899,73,1826,11,0,0,11,379,7,353,7,12,
3171041002,DKI JAKARTA,JAKARTA PUSAT,SENEN,KENARI,276,0,12,1,263,1,0,0,0,1,8,0,0,8,620,32,588,46,0,0,46,195,2,182,3,8,
3173041005,DKI JAKARTA,JAKARTA BARAT,TAMBORA,KERENDANG,301,2,11,2,286,1,0,0,0,1,0,0,0,0,234,7,227,9,0,0,9,159,0,147,8,4,
3175071003,DKI JAKARTA,JAKARTA TIMUR,DUREN SAWIT,KLENDER,739,6,25,2,706,4,0,0,0,4,5,0,0,5,1285,75,1210,36,0,0,36,541,3,473,18,47,
3172031001,DKI JAKARTA,JAKARTA UTARA,KOJA,KOJA,387,7,23,0,357,0,0,0,0,0,4,0,0,4,516,15,501,51,0,0,51,375,1,359,9,6,
3173071006,DKI JAKARTA,JAKARTA BARAT,PALMERAH,KOTA BAMBU SELATAN,594,2,35,5,552,0,0,0,0,0,1,0,0,1,962,44,918,73,0,0,73,315,5,294,5,11,
3173071003,DKI JAKARTA,JAKARTA BARAT,PALMERAH,KOTA BAMBU UTARA,492,3,34,11,444,3,0,0,0,3,3,0,0,3,657,35,622,54,0,0,54,273,4,253,9,7,
3171041004,DKI JAKARTA,JAKARTA PUSAT,SENEN,KRAMAT,495,2,42,6,445,0,0,0,0,0,10,0,1,9,1091,75,1016,35,0,0,35,336,3,316,11,6,
3175041001,DKI JAKARTA,JAKARTA TIMUR,KRAMAT JATI,KRAMAT JATI,522,1,42,1,478,1,0,0,0,1,13,0,0,13,1099,68,1031,23,0,0,23,449,4,419,12,14,
3174071003,DKI JAKARTA,JAKARTA SELATAN,KEBAYORAN BARU,KRAMAT PELA,307,0,21,0,286,0,0,0,0,0,0,0,0,0,546,15,531,7,0,0,7,170,1,164,3,2,
3173031002,DKI JAKARTA,JAKARTA BARAT,TAMAN SARI,KRUKUT,343,4,30,6,303,2,0,0,0,2,3,0,0,3,529,30,499,13,0,0,13,221,4,204,4,9,
3174031005,DKI JAKARTA,JAKARTA SELATAN,MAMPANG PRAPATAN,KUNINGAN BARAT,164,1,6,1,156,1,0,0,0,1,0,0,0,0,534,30,504,5,0,0,5,163,2,153,2,6,
3174021008,DKI JAKARTA,JAKARTA SELATAN,SETIA BUDI,KUNINGAN TIMUR,238,3,47,1,187,1,0,0,0,1,20,0,0,20,268,28,240,4,0,0,4,151,3,128,2,18,
3171041005,DKI JAKARTA,JAKARTA PUSAT,SENEN,KWITANG,272,0,11,0,261,3,0,0,0,3,7,0,0,7,543,16,527,11,0,0,11,140,1,131,6,2,
3172031003,DKI JAKARTA,JAKARTA UTARA,KOJA,LAGOA,785,2,40,1,742,1,0,0,0,1,5,0,0,5,853,33,820,83,0,0,83,717,3,682,15,17,
3174061002,DKI JAKARTA,JAKARTA SELATAN,CILANDAK,LEBAK BULUS,539,2,41,2,494,3,0,0,0,3,27,0,0,27,1229,79,1150,22,0,0,22,505,5,475,10,15,
3174091004,DKI JAKARTA,JAKARTA SELATAN,JAGAKARSA,LENTENG AGUNG,935,3,63,0,869,4,1,0,0,3,6,0,0,6,963,126,837,16,0,0,16,341,2,282,3,54,
LUAR DKI JAKARTA,LUAR DKI JAKARTA,LUAR DKI JAKARTA,LUAR DKI JAKARTA,LUAR DKI JAKARTA,52891,386,4521,98,47886,101,6,0,0,95,687,0,8,679,81160,8286,72874,2991,0,0,2991,8729,197,8187,136,209,
3175101007,DKI JAKARTA,JAKARTA TIMUR,CIPAYUNG,LUBANG BUAYA,988,2,56,3,927,3,0,0,0,3,10,0,0,10,945,36,909,34,0,0,34,482,10,446,3,23,
3175081001,DKI JAKARTA,JAKARTA TIMUR,MAKASAR,MAKASAR,456,5,35,1,415,0,0,0,0,0,8,0,0,8,1385,61,1324,25,0,0,25,372,5,327,8,32,
3175071006,DKI JAKARTA,JAKARTA TIMUR,DUREN SAWIT,MALAKA JAYA,389,1,19,2,367,1,0,0,0,1,2,0,0,2,771,44,727,16,0,0,16,278,4,248,4,22,
3175071005,DKI JAKARTA,JAKARTA TIMUR,DUREN SAWIT,MALAKA SARI,368,1,22,1,344,0,0,0,0,0,1,0,0,1,697,36,661,15,0,0,15,245,2,222,4,17,
3174031001,DKI JAKARTA,JAKARTA SELATAN,MAMPANG PRAPATAN,MAMPANG PRAPATAN,377,2,20,2,353,2,0,0,0,2,0,0,0,0,1136,66,1070,10,0,0,10,348,5,323,11,9,
3173031005,DKI JAKARTA,JAKARTA BARAT,TAMAN SARI,MANGGA BESAR,172,2,12,1,157,1,0,0,0,1,0,0,0,0,216,12,204,6,0,0,6,85,1,78,4,2,
3171021005,DKI JAKARTA,JAKARTA PUSAT,SAWAH BESAR,MANGGA DUA SELATAN,479,6,33,1,439,3,0,0,0,3,1,0,0,1,917,23,894,19,0,0,19,276,2,262,8,4,
3174011007,DKI JAKARTA,JAKARTA SELATAN,TEBET,MANGGARAI,502,3,34,0,465,4,0,0,0,4,4,0,0,4,691,77,614,27,0,0,27,285,6,265,2,12,
3174011006,DKI JAKARTA,JAKARTA SELATAN,TEBET,MANGGARAI SELATAN,346,2,20,2,322,0,0,0,0,0,6,0,0,6,564,40,524,24,0,0,24,182,6,152,8,16,
3173031003,DKI JAKARTA,JAKARTA BARAT,TAMAN SARI,MAPHAR,275,3,17,1,254,0,0,0,0,0,6,0,0,6,436,20,416,41,0,0,41,230,4,219,3,4,
3172041003,DKI JAKARTA,JAKARTA UTARA,CILINCING,MARUNDA,350,6,26,0,318,3,0,0,0,3,0,0,0,0,392,17,375,16,0,0,16,134,1,126,1,6,
3174071001,DKI JAKARTA,JAKARTA SELATAN,KEBAYORAN BARU,MELAWAI,99,0,17,0,82,0,0,0,0,0,1,0,0,1,104,11,93,0,0,0,0,22,0,20,1,1,
3171061001,DKI JAKARTA,JAKARTA PUSAT,MENTENG,MENTENG,546,7,36,2,501,2,0,0,0,2,5,0,0,5,934,70,864,27,0,0,27,316,3,294,10,9,
3174021005,DKI JAKARTA,JAKARTA SELATAN,SETIA BUDI,MENTENG ATAS,479,7,36,3,433,2,0,0,0,2,55,0,0,55,1511,78,1433,40,0,0,40,361,9,320,9,23,
3174011003,DKI JAKARTA,JAKARTA SELATAN,TEBET,MENTENG DALAM,710,5,34,4,667,4,0,0,0,4,13,0,0,13,880,77,803,47,0,0,47,313,5,288,8,12,
3173081003,DKI JAKARTA,JAKARTA BARAT,KEMBANGAN,MERUYA SELATAN,533,1,88,1,443,1,0,0,0,1,5,0,0,5,915,57,858,17,0,0,17,292,7,265,4,16,
3173081002,DKI JAKARTA,JAKARTA BARAT,KEMBANGAN,MERUYA UTARA,734,2,78,6,648,1,0,0,1,0,8,0,0,8,1151,50,1101,12,0,0,12,367,16,328,4,19,
3175101004,DKI JAKARTA,JAKARTA TIMUR,CIPAYUNG,MUNJUL,362,1,34,0,327,0,0,0,0,0,3,0,0,3,454,25,429,26,0,0,26,147,4,127,1,15,
3172051002,DKI JAKARTA,JAKARTA UTARA,PADEMANGAN,PADEMANGAN BARAT,2043,5,94,5,1939,5,0,0,0,5,17,0,2,15,2653,75,2578,38,0,0,38,827,5,775,24,23,
3172051001,DKI JAKARTA,JAKARTA UTARA,PADEMANGAN,PADEMANGAN TIMUR,759,1,66,3,689,2,0,0,0,2,15,0,0,15,977,30,947,23,0,0,23,336,3,316,6,11,
3175011004,DKI JAKARTA,JAKARTA TIMUR,MATRAMAN,PAL MERIAM,318,3,11,2,302,2,0,0,0,2,3,0,0,3,769,58,711,65,0,0,65,266,0,247,7,12,
3173071001,DKI JAKARTA,JAKARTA BARAT,PALMERAH,PALMERAH,1563,5,153,2,1403,0,0,0,0,0,2,0,0,2,2202,138,2064,83,0,0,83,664,13,590,23,38,
3174081001,DKI JAKARTA,JAKARTA SELATAN,PANCORAN,PANCORAN,516,10,43,0,463,1,0,0,0,1,9,0,0,9,687,29,658,7,0,0,7,292,0,284,4,4,
3172021003,DKI JAKARTA,JAKARTA UTARA,TANJUNG PRIOK,PAPANGGO,573,4,45,0,524,1,0,0,0,1,7,0,0,7,979,37,942,70,0,0,70,308,4,296,3,5,
3171021001,DKI JAKARTA,JAKARTA PUSAT,SAWAH BESAR,PASAR BARU,278,1,14,2,261,2,0,0,0,2,9,0,0,9,578,39,539,13,0,0,13,196,0,187,2,7,
3174021006,DKI JAKARTA,JAKARTA SELATAN,SETIA BUDI,PASAR MANGGIS,315,2,22,3,288,4,0,0,0,4,29,0,0,29,1090,57,1033,19,0,0,19,315,1,281,11,22,
3174041001,DKI JAKARTA,JAKARTA SELATAN,PASAR MINGGU,PASAR MINGGU,566,6,57,1,502,3,0,0,0,3,7,0,0,7,722,30,692,23,0,0,23,271,1,243,7,20,
3171041003,DKI JAKARTA,JAKARTA PUSAT,SENEN,PASEBAN,638,5,33,1,599,4,0,0,0,4,24,0,1,23,1248,116,1132,64,0,0,64,397,7,352,9,29,
3173061005,DKI JAKARTA,JAKARTA BARAT,KALI DERES,PEGADUNGAN,928,9,73,7,839,1,0,0,0,1,10,0,0,10,1717,83,1634,18,0,0,18,374,3,340,10,21,
3171061002,DKI JAKARTA,JAKARTA PUSAT,MENTENG,PEGANGSAAN,445,1,26,2,416,3,0,0,0,3,3,0,0,3,990,54,936,54,0,0,54,395,4,373,5,13,
3172061002,DKI JAKARTA,JAKARTA UTARA,KELAPA GADING,PEGANGSAAN DUA,1071,2,131,1,937,2,0,0,0,2,45,0,2,43,2113,190,1923,218,0,0,218,561,2,509,11,39,
3172011004,DKI JAKARTA,JAKARTA UTARA,PENJARINGAN,PEJAGALAN,705,1,43,2,659,3,0,0,0,3,11,0,3,8,1212,104,1108,35,0,0,35,414,8,376,7,23,
3174041006,DKI JAKARTA,JAKARTA SELATAN,PASAR MINGGU,PEJATEN BARAT,618,5,50,2,561,8,0,0,0,8,2,0,0,2,895,95,800,74,0,0,74,338,9,281,2,46,
3174041005,DKI JAKARTA,JAKARTA SELATAN,PASAR MINGGU,PEJATEN TIMUR,635,6,45,1,583,4,0,0,0,4,3,0,0,3,869,91,778,42,0,0,42,330,5,283,13,29,
3175051005,DKI JAKARTA,JAKARTA TIMUR,PASAR REBO,PEKAYON,1046,2,65,1,978,2,0,0,0,2,3,0,0,3,468,31,437,15,0,0,15,288,6,261,5,16,
3173041009,DKI JAKARTA,JAKARTA BARAT,TAMBORA,PEKOJAN,356,5,23,2,326,0,0,0,0,0,3,0,0,3,299,14,285,18,0,0,18,160,2,143,5,10,
3174031003,DKI JAKARTA,JAKARTA SELATAN,MAMPANG PRAPATAN,PELA MAMPANG,504,5,28,2,469,4,0,0,0,4,15,0,0,15,1690,105,1585,6,0,0,6,432,7,379,6,40,
3174081005,DKI JAKARTA,JAKARTA SELATAN,PANCORAN,PENGADEGAN,265,0,14,2,249,0,0,0,0,0,8,0,0,8,488,20,468,12,0,0,12,142,6,129,1,6,
3175061003,DKI JAKARTA,JAKARTA TIMUR,CAKUNG,PENGGILINGAN,955,3,109,1,842,2,0,0,0,2,11,0,0,11,2177,170,2007,85,0,0,85,719,8,643,14,54,
3172011001,DKI JAKARTA,JAKARTA UTARA,PENJARINGAN,PENJARINGAN,1392,11,69,4,1308,4,2,0,0,2,24,0,0,24,3278,150,3128,123,0,0,123,797,4,726,16,51,
3174101001,DKI JAKARTA,JAKARTA SELATAN,PESANGGRAHAN,PESANGGRAHAN,562,6,34,4,518,2,0,0,1,1,0,0,0,0,1081,68,1013,19,0,0,19,213,4,195,4,10,
3171071004,DKI JAKARTA,JAKARTA PUSAT,TANAH ABANG,PETAMBURAN,662,5,24,7,626,0,0,0,0,0,7,0,0,7,1025,24,1001,14,0,0,14,469,7,440,13,9,
3174071008,DKI JAKARTA,JAKARTA SELATAN,KEBAYORAN BARU,PETOGOGAN,295,4,23,0,268,0,0,0,0,0,3,0,0,3,342,16,326,3,0,0,3,131,0,121,0,10,
3171011004,DKI JAKARTA,JAKARTA PUSAT,GAMBIR,PETOJO SELATAN,278,3,8,1,266,0,0,0,0,0,28,0,0,28,855,29,826,16,0,0,16,288,0,276,8,4,
3171011003,DKI JAKARTA,JAKARTA PUSAT,GAMBIR,PETOJO UTARA,244,1,6,3,234,1,0,0,0,1,12,0,0,12,459,19,440,26,0,0,26,174,1,167,3,3,
3174101004,DKI JAKARTA,JAKARTA SELATAN,PESANGGRAHAN,PETUKANGAN SELATAN,592,6,52,2,532,1,0,0,0,1,2,0,0,2,1078,39,1039,9,0,0,9,283,0,260,4,19,
3174101003,DKI JAKARTA,JAKARTA SELATAN,PESANGGRAHAN,PETUKANGAN UTARA,686,7,68,4,607,6,1,0,0,5,6,0,0,6,1835,77,1758,11,0,0,11,399,8,361,2,28,
3175081002,DKI JAKARTA,JAKARTA TIMUR,MAKASAR,PINANG RANTI,323,3,15,1,304,1,1,0,0,0,2,0,0,2,797,33,764,31,0,0,31,219,3,199,6,11,
3173031008,DKI JAKARTA,JAKARTA BARAT,TAMAN SARI,PINANGSIA,178,1,17,1,159,0,0,0,0,0,2,0,0,2,280,19,261,4,0,0,4,126,1,120,0,5,
3175011001,DKI JAKARTA,JAKARTA TIMUR,MATRAMAN,PISANGAN BARU,436,0,19,3,414,2,0,0,0,2,5,0,0,5,694,60,634,35,0,0,35,266,1,226,9,30,
3175021002,DKI JAKARTA,JAKARTA TIMUR,PULO GADUNG,PISANGAN TIMUR,438,1,28,4,405,1,0,0,0,1,10,0,0,10,1388,186,1202,33,0,0,33,305,5,277,5,18,
3172011005,DKI JAKARTA,JAKARTA UTARA,PENJARINGAN,PLUIT,617,5,75,4,533,0,0,0,0,0,14,0,0,14,1526,98,1428,20,0,0,20,358,2,320,9,27,
3175071002,DKI JAKARTA,JAKARTA TIMUR,DUREN SAWIT,PONDOK BAMBU,1149,10,56,1,1082,5,0,0,0,5,3,0,0,3,1459,85,1374,39,0,0,39,533,10,484,12,27,
3175071004,DKI JAKARTA,JAKARTA TIMUR,DUREN SAWIT,PONDOK KELAPA,862,5,40,0,817,1,0,0,0,1,11,0,0,11,1502,98,1404,31,0,0,31,516,1,463,15,37,
3175071007,DKI JAKARTA,JAKARTA TIMUR,DUREN SAWIT,PONDOK KOPI,546,3,34,1,508,0,0,0,0,0,2,0,0,2,621,29,592,17,0,0,17,286,4,257,13,12,
3174061003,DKI JAKARTA,JAKARTA SELATAN,CILANDAK,PONDOK LABU,709,6,73,1,629,6,0,0,0,6,74,0,1,73,1322,64,1258,37,0,0,37,284,17,246,4,17,
3174051002,DKI JAKARTA,JAKARTA SELATAN,KEBAYORAN LAMA,PONDOK PINANG,787,5,56,4,722,0,0,0,0,0,45,0,1,44,1037,51,986,12,0,0,12,419,7,363,11,38,
3175101003,DKI JAKARTA,JAKARTA TIMUR,CIPAYUNG,PONDOK RANGGON,343,2,25,3,313,1,1,0,0,0,3,0,0,3,585,48,537,22,0,0,22,228,3,212,1,12,
PROSES UPDATE DATA,PROSES UPDATE DATA,PROSES UPDATE DATA,PROSES UPDATE DATA,PROSES UPDATE DATA,18400,167,1299,1696,15238,3778,3,0,3761,14,117,0,1,116,43189,5329,37860,490,0,1,489,26384,221,25298,495,370,
3101011003,DKI JAKARTA,KAB.ADM.KEP.SERIBU,KEP. SERIBU UTARA,PULAU HARAPAN,68,0,1,0,67,0,0,0,0,0,0,0,0,0,91,0,91,0,0,0,0,6,0,6,0,0,
3101011002,DKI JAKARTA,KAB.ADM.KEP.SERIBU,KEP. SERIBU UTARA,PULAU KELAPA,86,0,4,1,81,0,0,0,0,0,3,0,0,3,216,6,210,1,0,0,1,18,0,9,0,9,
3101011001,DKI JAKARTA,KAB.ADM.KEP.SERIBU,KEP. SERIBU UTARA,PULAU PANGGANG,187,0,9,1,177,0,0,0,0,0,0,0,0,0,179,0,179,4,0,0,4,30,0,29,0,1,
3101021003,DKI JAKARTA,KAB.ADM.KEP.SERIBU,KEP. SERIBU SELATAN,PULAU PARI,13,0,1,0,12,0,0,0,0,0,0,0,0,0,202,3,199,1,0,0,1,7,0,7,0,0,
3101021002,DKI JAKARTA,KAB.ADM.KEP.SERIBU,KEP. SERIBU SELATAN,PULAU TIDUNG,39,0,0,0,39,1,0,0,1,0,1,0,0,1,398,0,398,1,0,0,1,37,0,37,0,0,
3101021001,DKI JAKARTA,KAB.ADM.KEP.SERIBU,KEP. SERIBU SELATAN,PULAU UNTUNG JAWA,25,0,0,0,25,0,0,0,0,0,0,0,0,0,112,0,112,0,0,0,0,5,0,5,0,0,
3174071007,DKI JAKARTA,JAKARTA SELATAN,KEBAYORAN BARU,PULO,318,0,12,1,305,1,0,0,0,1,1,0,0,1,242,9,233,0,0,0,0,66,1,60,0,5,
3175021001,DKI JAKARTA,JAKARTA TIMUR,PULO GADUNG,PULO GADUNG,527,3,38,2,484,0,0,0,0,0,11,0,0,11,1057,61,996,45,0,0,45,316,0,293,8,15,
3175061005,DKI JAKARTA,JAKARTA TIMUR,CAKUNG,PULO GEBANG,813,3,112,2,696,1,0,0,0,1,9,0,0,9,1709,157,1552,73,0,0,73,547,4,481,12,50,
3174041004,DKI JAKARTA,JAKARTA SELATAN,PASAR MINGGU,RAGUNAN,1040,8,115,2,915,1,0,0,0,1,2,0,0,2,918,92,826,25,0,0,25,304,10,265,6,23,
3175091005,DKI JAKARTA,JAKARTA TIMUR,CIRACAS,RAMBUTAN,593,10,50,1,532,2,0,0,0,2,12,0,0,12,864,31,833,29,0,0,29,264,11,236,4,13,
3172031006,DKI JAKARTA,JAKARTA UTARA,KOJA,RAWA BADAK SELATAN,617,8,39,2,568,2,0,0,0,2,2,0,0,2,675,27,648,61,0,0,61,395,3,354,5,33,
3172031004,DKI JAKARTA,JAKARTA UTARA,KOJA,RAWA BADAK UTARA,555,1,20,1,533,0,0,0,0,0,2,0,0,2,643,23,620,97,0,0,97,301,1,287,4,9,
3174071005,DKI JAKARTA,JAKARTA SELATAN,KEBAYORAN BARU,RAWA BARAT,132,1,15,2,114,0,0,0,0,0,2,0,0,2,200,8,192,0,0,0,0,58,5,47,1,5,
3173011003,DKI JAKARTA,JAKARTA BARAT,CENGKARENG,RAWA BUAYA,545,8,60,2,475,1,0,0,0,1,6,0,0,6,995,38,957,7,0,0,7,427,8,367,14,38,
3175031004,DKI JAKARTA,JAKARTA TIMUR,JATINEGARA,RAWA BUNGA,191,6,4,1,180,0,0,0,0,0,1,0,0,1,340,13,327,17,0,0,17,170,0,153,3,14,
3174081003,DKI JAKARTA,JAKARTA SELATAN,PANCORAN,RAWA JATI,377,2,28,0,347,2,0,0,0,2,11,0,0,11,666,44,622,8,0,0,8,150,2,139,0,9,
3175061002,DKI JAKARTA,JAKARTA TIMUR,CAKUNG,RAWA TERATE,199,0,24,0,175,0,0,0,0,0,2,0,0,2,462,37,425,10,0,0,10,206,2,193,1,10,
3175021005,DKI JAKARTA,JAKARTA TIMUR,PULO GADUNG,RAWAMANGUN,461,4,33,0,424,1,0,0,0,1,9,0,0,9,1112,90,1022,37,0,0,37,356,6,323,9,18,
3171051003,DKI JAKARTA,JAKARTA PUSAT,CEMPAKA PUTIH,RAWASARI,907,0,82,2,823,7,3,0,1,3,10,0,0,10,1587,74,1513,38,0,0,38,466,5,435,7,19,
3173041010,DKI JAKARTA,JAKARTA BARAT,TAMBORA,ROA MALAKA,45,0,2,0,43,1,0,0,0,1,0,0,0,0,51,3,48,2,0,0,2,17,1,16,0,0,
3172041006,DKI JAKARTA,JAKARTA UTARA,CILINCING,ROROTAN,519,6,56,2,455,0,0,0,0,0,5,0,0,5,696,24,672,84,0,0,84,212,11,185,2,14,
3174071004,DKI JAKARTA,JAKARTA SELATAN,KEBAYORAN BARU,SELONG,110,0,12,0,98,0,0,0,0,0,3,0,0,3,158,9,149,3,0,0,3,31,0,29,1,1,
3173061002,DKI JAKARTA,JAKARTA BARAT,KALI DERES,SEMANAN,755,6,61,3,685,1,0,0,0,1,3,0,0,3,1353,68,1285,9,0,0,9,316,6,295,4,11,
3172041007,DKI JAKARTA,JAKARTA UTARA,CILINCING,SEMPER BARAT,993,9,94,1,889,3,0,0,0,3,12,0,0,12,1351,60,1291,123,0,0,123,556,5,522,11,18,
3172041005,DKI JAKARTA,JAKARTA UTARA,CILINCING,SEMPER TIMUR,551,8,49,1,493,1,0,0,0,1,4,0,0,4,810,40,770,59,0,0,59,292,5,273,6,8,
3174071006,DKI JAKARTA,JAKARTA SELATAN,KEBAYORAN BARU,SENAYAN,524,0,15,0,509,0,0,0,0,0,10,0,0,10,763,14,749,0,0,0,0,219,0,213,0,6,
3171041001,DKI JAKARTA,JAKARTA PUSAT,SENEN,SENEN,231,0,9,0,222,1,0,0,0,1,8,0,0,8,803,20,783,26,0,0,26,167,0,162,3,2,
3171031004,DKI JAKARTA,JAKARTA PUSAT,KEMAYORAN,SERDANG,572,6,58,2,506,0,0,0,0,0,5,0,0,5,889,65,824,32,0,0,32,344,9,297,8,30,
3174021001,DKI JAKARTA,JAKARTA SELATAN,SETIA BUDI,SETIA BUDI,125,0,10,0,115,0,0,0,0,0,4,0,0,4,394,17,377,6,0,0,6,53,0,49,0,4,
3175101005,DKI JAKARTA,JAKARTA TIMUR,CIPAYUNG,SETU,309,1,10,0,298,2,0,0,0,2,2,0,0,2,529,25,504,14,0,0,14,157,2,139,2,14,
3173071002,DKI JAKARTA,JAKARTA BARAT,PALMERAH,SLIPI,661,0,54,2,605,1,0,0,0,1,2,0,0,2,1147,75,1072,44,0,0,44,352,5,332,4,11,
3173081004,DKI JAKARTA,JAKARTA BARAT,KEMBANGAN,SRENGSENG,709,6,74,3,626,1,0,0,0,1,6,0,0,6,1504,86,1418,27,0,0,27,389,7,363,5,14,
3174091002,DKI JAKARTA,JAKARTA SELATAN,JAGAKARSA,SRENGSENG SAWAH,1010,2,32,0,976,8,0,0,0,8,11,0,0,11,1198,74,1124,27,0,0,27,274,9,250,9,6,
3173051003,DKI JAKARTA,JAKARTA BARAT,KEBON JERUK,SUKABUMI SELATAN,406,1,28,4,373,1,0,0,0,1,1,0,0,1,836,35,801,25,0,0,25,266,11,239,5,11,
3173051002,DKI JAKARTA,JAKARTA BARAT,KEBON JERUK,SUKABUMI UTARA,506,2,72,3,429,1,1,0,0,0,20,0,0,20,993,101,892,48,0,0,48,324,5,290,10,19,
3172041002,DKI JAKARTA,JAKARTA UTARA,CILINCING,SUKAPURA,767,6,56,2,703,0,0,0,0,0,6,0,0,6,1060,60,1000,106,0,0,106,413,4,371,8,30,
3171031007,DKI JAKARTA,JAKARTA PUSAT,KEMAYORAN,SUMUR BATU,486,0,21,1,464,2,0,0,0,2,6,0,0,6,672,36,636,33,0,0,33,261,3,243,3,12,
3172021004,DKI JAKARTA,JAKARTA UTARA,TANJUNG PRIOK,SUNGAI BAMBU,492,0,57,0,435,0,0,0,0,0,7,0,0,7,778,47,731,46,0,0,46,253,4,233,6,10,
3172021006,DKI JAKARTA,JAKARTA UTARA,TANJUNG PRIOK,SUNTER AGUNG,1215,5,89,1,1120,4,0,0,0,4,23,0,0,23,2340,138,2202,106,0,0,106,738,16,678,21,23,
3172021002,DKI JAKARTA,JAKARTA UTARA,TANJUNG PRIOK,SUNTER JAYA,1117,8,91,6,1012,1,0,0,0,1,10,0,0,10,2001,108,1893,194,0,0,194,684,7,628,19,30,
3175091004,DKI JAKARTA,JAKARTA TIMUR,CIRACAS,SUSUKAN,638,2,32,1,603,0,0,0,0,0,17,0,0,17,1486,40,1446,69,0,0,69,234,4,208,8,14,
3173031001,DKI JAKARTA,JAKARTA BARAT,TAMAN SARI,TAMAN SARI,326,3,21,0,302,2,0,0,0,2,1,0,0,1,474,20,454,17,0,0,17,216,1,204,4,7,
3173041001,DKI JAKARTA,JAKARTA BARAT,TAMBORA,TAMBORA,239,1,9,3,226,1,1,0,0,0,1,0,0,1,343,11,332,4,0,0,4,120,2,108,3,7,
3173041004,DKI JAKARTA,JAKARTA BARAT,TAMBORA,TANAH SEREAL,346,1,13,2,330,1,0,0,0,1,4,0,0,4,321,20,301,5,0,0,5,196,2,173,7,14,
3171081004,DKI JAKARTA,JAKARTA PUSAT,JOHAR BARU,TANAH TINGGI,564,7,39,3,515,5,0,0,0,5,7,0,0,7,1233,71,1162,36,0,0,36,437,1,416,16,4,
3173031004,DKI JAKARTA,JAKARTA BARAT,TAMAN SARI,TANGKI,284,0,20,1,263,1,0,0,0,1,3,0,0,3,359,18,341,3,0,0,3,147,2,135,1,9,
3174091005,DKI JAKARTA,JAKARTA SELATAN,JAGAKARSA,TANJUNG BARAT,807,4,34,1,768,1,0,0,0,1,2,0,0,2,726,57,669,13,0,0,13,323,6,287,6,24,
3173021005,DKI JAKARTA,JAKARTA BARAT,GROGOL PETAMBURAN,TANJUNG DUREN SELATAN,509,3,25,1,480,0,0,0,0,0,19,0,0,19,819,66,753,24,0,0,24,370,3,330,11,26,
3173021002,DKI JAKARTA,JAKARTA BARAT,GROGOL PETAMBURAN,TANJUNG DUREN UTARA,338,0,21,0,317,2,0,0,0,2,21,0,0,21,715,65,650,19,0,0,19,207,4,184,9,10,
3172021001,DKI JAKARTA,JAKARTA UTARA,TANJUNG PRIOK,TANJUNG PRIOK,627,4,36,6,581,1,0,0,0,1,13,0,0,13,893,37,856,71,0,0,71,433,17,396,10,10,
3174011002,DKI JAKARTA,JAKARTA SELATAN,TEBET,TEBET BARAT,599,3,70,0,526,2,0,0,0,2,8,0,0,8,761,48,713,24,0,0,24,381,14,338,8,21,
3174011001,DKI JAKARTA,JAKARTA SELATAN,TEBET,TEBET TIMUR,460,4,26,2,428,0,0,0,0,0,7,0,1,6,632,30,602,35,0,0,35,244,9,215,4,16,
3173061003,DKI JAKARTA,JAKARTA BARAT,KALI DERES,TEGAL ALUR,882,6,83,6,787,0,0,0,0,0,7,0,0,7,1509,91,1418,13,0,0,13,327,14,275,9,29,
3174031004,DKI JAKARTA,JAKARTA SELATAN,MAMPANG PRAPATAN,TEGAL PARANG,408,8,13,3,384,5,0,0,1,4,4,0,0,4,1156,81,1075,12,0,0,12,355,0,336,6,13,
3173021003,DKI JAKARTA,JAKARTA BARAT,GROGOL PETAMBURAN,TOMANG,555,2,35,2,516,0,0,0,0,0,15,0,0,15,886,58,828,86,0,0,86,357,9,320,8,20,
3172031005,DKI JAKARTA,JAKARTA UTARA,KOJA,TUGU SELATAN,539,3,40,1,495,0,0,0,0,0,2,0,0,2,538,17,521,94,0,0,94,359,2,308,8,41,
3172031002,DKI JAKARTA,JAKARTA UTARA,KOJA,TUGU UTARA,1091,10,89,0,992,3,0,0,0,3,8,0,1,7,1048,41,1007,112,0,0,112,519,5,470,18,26,
3175061006,DKI JAKARTA,JAKARTA TIMUR,CAKUNG,UJUNG MENTENG,226,0,30,2,194,1,0,0,0,1,1,0,0,1,561,41,520,31,0,0,31,157,1,141,3,12,
3174101005,DKI JAKARTA,JAKARTA SELATAN,PESANGGRAHAN,ULUJAMI,660,6,36,2,616,0,0,0,0,0,0,0,0,0,1315,35,1280,26,0,0,26,310,1,281,9,19,
3175011006,DKI JAKARTA,JAKARTA TIMUR,MATRAMAN,UTAN KAYU SELATAN,578,4,21,8,545,2,0,0,0,2,8,0,0,8,1060,81,979,96,0,0,96,342,1,293,9,39,
3175011002,DKI JAKARTA,JAKARTA TIMUR,MATRAMAN,UTAN KAYU UTARA,493,5,20,0,468,2,0,0,0,2,5,0,0,5,838,49,789,46,0,0,46,283,2,237,12,32,
3171031008,DKI JAKARTA,JAKARTA PUSAT,KEMAYORAN,UTAN PANJANG,471,6,25,2,438,0,0,0,0,0,4,0,0,4,690,30,660,28,0,0,28,318,2,297,9,10,
3172021007,DKI JAKARTA,JAKARTA UTARA,TANJUNG PRIOK,WARAKAS,679,5,60,2,612,0,0,0,0,0,11,0,0,11,1108,51,1057,63,0,0,63,384,3,362,8,11,
3173021007,DKI JAKARTA,JAKARTA BARAT,GROGOL PETAMBURAN,WIJAYA KUSUMA,473,1,37,2,433,1,0,0,0,1,7,0,0,7,968,65,903,23,0,0,23,324,3,300,8,13,
