id_kel,nama_provinsi,nama_kota,nama_kecamatan,nama_kelurahan,suspek,perawatan_rs,isolasi_di_rumah,suspek_meninggal,selesai_isolasi,probable,perawatan_rs,isolasi_di_rumah,probable_meninggal,selesai_isolasi,pelaku_perjalanan,perawatan_rs,isolasi_di_rumah,selesai_isolasi,kontak_erat,isolasi_di_rumah,selesai_isolasi,discarded,isolasi_di_rumah,meninggal,selesai_isolasi,positif,dirawat,sembuh,meninggal,self_isolation,keterangan
3172051003,DKI JAKARTA,JAKARTA UTARA,PADEMANGAN,ANCOL,568,2,37,0,529,4,0,0,0,4,12,0,0,12,768,39,729,10,0,0,10,363,4,345,4,10,
3173041007,DKI JAKARTA,JAKARTA BARAT,TAMBORA,ANGKE,557,5,23,2,527,1,0,0,1,0,1,0,0,1,571,18,553,27,0,0,27,217,1,202,4,10,
3175041005,DKI JAKARTA,JAKARTA TIMUR,KRAMAT JATI,BALE KAMBANG,369,2,40,1,326,7,1,0,0,6,5,0,0,5,684,50,634,24,0,0,24,217,4,203,3,7,
3175031003,DKI JAKARTA,JAKARTA TIMUR,JATINEGARA,BALI MESTER,137,5,3,1,128,2,1,0,0,1,1,0,0,1,231,18,213,6,0,0,6,202,10,180,3,9,
3175101006,DKI JAKARTA,JAKARTA TIMUR,CIPAYUNG,BAMBU APUS,547,2,57,1,487,0,0,0,0,0,4,0,0,4,808,91,717,19,0,0,19,223,7,200,3,13,
3174031002,DKI JAKARTA,JAKARTA SELATAN,MAMPANG PRAPATAN,BANGKA,386,0,31,2,353,5,0,0,1,4,18,0,0,18,865,94,771,8,0,0,8,239,11,201,2,25,
3175051002,DKI JAKARTA,JAKARTA TIMUR,PASAR REBO,BARU,510,3,32,1,474,0,0,0,0,0,5,0,0,5,468,25,443,19,0,0,19,239,2,227,2,8,
3175041004,DKI JAKARTA,JAKARTA TIMUR,KRAMAT JATI,BATU AMPAR,657,0,69,1,587,3,0,0,0,3,3,0,0,3,1331,111,1220,28,0,0,28,352,9,311,6,26,
3171071002,DKI JAKARTA,JAKARTA PUSAT,TANAH ABANG,BENDUNGAN HILIR,518,3,20,0,495,2,0,0,0,2,4,0,0,4,927,50,877,11,0,0,11,323,13,276,9,25,
3175031002,DKI JAKARTA,JAKARTA TIMUR,JATINEGARA,BIDARA CINA,478,2,35,3,438,1,0,0,0,1,8,0,0,8,709,62,647,40,0,0,40,373,11,309,10,43,
3174101002,DKI JAKARTA,JAKARTA SELATAN,PESANGGRAHAN,BINTARO,926,6,100,2,818,5,0,0,0,5,9,0,0,9,1781,165,1616,27,0,0,27,467,15,412,11,29,
3174011005,DKI JAKARTA,JAKARTA SELATAN,TEBET,BUKIT DURI,486,1,32,3,450,2,0,0,0,2,15,0,0,15,717,39,678,17,0,0,17,269,5,247,8,9,
3171041006,DKI JAKARTA,JAKARTA PUSAT,SENEN,BUNGUR,297,6,20,2,269,1,0,0,0,1,13,0,0,13,664,25,639,18,0,0,18,226,1,206,5,14,
3175061007,DKI JAKARTA,JAKARTA TIMUR,CAKUNG,CAKUNG BARAT,503,3,96,1,403,3,0,0,0,3,0,0,0,0,901,90,811,54,0,0,54,417,9,375,7,26,
3175061004,DKI JAKARTA,JAKARTA TIMUR,CAKUNG,CAKUNG TIMUR,544,2,54,2,486,3,0,0,1,2,6,0,0,6,1006,68,938,51,0,0,51,355,9,324,9,13,
3175041007,DKI JAKARTA,JAKARTA TIMUR,KRAMAT JATI,CAWANG,480,1,68,0,411,1,0,0,0,1,6,0,0,6,1209,131,1078,22,0,0,22,398,8,352,6,32,
3175101008,DKI JAKARTA,JAKARTA TIMUR,CIPAYUNG,CEGER,301,2,20,0,279,0,0,0,0,0,1,0,0,1,500,36,464,10,0,0,10,156,4,142,3,7,
3171031006,DKI JAKARTA,JAKARTA PUSAT,KEMAYORAN,CEMPAKA BARU,790,3,63,2,722,1,0,0,0,1,7,0,0,7,1220,73,1147,39,0,0,39,511,7,457,17,30,
3171051002,DKI JAKARTA,JAKARTA PUSAT,CEMPAKA PUTIH,CEMPAKA PUTIH BARAT,1166,4,106,2,1054,9,1,0,0,8,21,0,0,21,2258,84,2174,51,0,0,51,751,13,703,16,19,
3171051001,DKI JAKARTA,JAKARTA PUSAT,CEMPAKA PUTIH,CEMPAKA PUTIH TIMUR,788,3,54,1,730,1,0,0,0,1,12,0,0,12,1735,78,1657,61,0,0,61,410,9,376,6,19,
3173011001,DKI JAKARTA,JAKARTA BARAT,CENGKARENG,CENGKARENG BARAT,1116,8,231,1,876,0,0,0,0,0,6,0,0,6,2078,354,1724,14,0,0,14,626,12,569,11,34,
3173011006,DKI JAKARTA,JAKARTA BARAT,CENGKARENG,CENGKARENG TIMUR,1124,8,57,7,1052,2,0,0,0,2,4,0,0,4,2256,99,2157,19,0,0,19,830,16,755,17,42,
3175091002,DKI JAKARTA,JAKARTA TIMUR,CIRACAS,CIBUBUR,1092,11,86,4,991,1,0,0,0,1,30,0,0,30,2192,68,2124,94,0,0,94,451,16,379,9,47,
3171011002,DKI JAKARTA,JAKARTA PUSAT,GAMBIR,CIDENG,354,6,11,2,335,0,0,0,0,0,12,0,0,12,744,61,683,14,0,0,14,233,7,203,8,15,
3174091003,DKI JAKARTA,JAKARTA SELATAN,JAGAKARSA,CIGANJUR,877,4,59,1,813,2,0,0,0,2,12,0,0,12,944,82,862,14,0,0,14,272,7,242,4,19,
3175051003,DKI JAKARTA,JAKARTA TIMUR,PASAR REBO,CIJANTUNG,995,7,64,3,921,0,0,0,0,0,5,0,0,5,665,44,621,12,0,0,12,389,6,357,10,16,
3171061003,DKI JAKARTA,JAKARTA PUSAT,MENTENG,CIKINI,193,3,10,0,180,2,2,0,0,0,2,0,0,2,264,24,240,11,0,0,11,95,3,80,2,10,
3174081006,DKI JAKARTA,JAKARTA SELATAN,PANCORAN,CIKOKO,228,2,14,0,212,1,0,0,0,1,10,0,0,10,328,18,310,1,0,0,1,99,2,90,3,4,
3174061001,DKI JAKARTA,JAKARTA SELATAN,CILANDAK,CILANDAK BARAT,1758,10,236,5,1507,2,1,0,0,1,97,0,0,97,2193,173,2020,42,0,0,42,583,17,479,10,77,
3174041003,DKI JAKARTA,JAKARTA SELATAN,PASAR MINGGU,CILANDAK TIMUR,606,4,38,1,563,5,0,0,0,5,17,0,0,17,604,55,549,88,0,0,88,316,5,281,8,22,
3175101002,DKI JAKARTA,JAKARTA TIMUR,CIPAYUNG,CILANGKAP,439,5,25,1,408,1,0,0,0,1,3,0,0,3,759,48,711,22,0,0,22,217,10,197,2,8,
3175041006,DKI JAKARTA,JAKARTA TIMUR,KRAMAT JATI,CILILITAN,418,2,31,1,384,1,0,0,0,1,7,0,0,7,1104,113,991,49,0,0,49,390,15,354,8,13,
3172041001,DKI JAKARTA,JAKARTA UTARA,CILINCING,CILINCING,761,8,65,1,687,3,2,0,0,1,6,0,0,6,1327,33,1294,107,0,0,107,457,4,422,12,19,
3175101001,DKI JAKARTA,JAKARTA TIMUR,CIPAYUNG,CIPAYUNG,672,7,61,2,602,3,0,0,1,2,8,0,0,8,831,50,781,35,0,0,35,277,12,244,4,17,
3174091006,DKI JAKARTA,JAKARTA SELATAN,JAGAKARSA,CIPEDAK,697,2,29,0,666,5,1,0,0,4,1,0,0,1,1003,75,928,9,0,0,9,340,6,302,3,29,
3174061005,DKI JAKARTA,JAKARTA SELATAN,CILANDAK,CIPETE SELATAN,433,4,45,1,383,2,0,0,0,2,46,0,0,46,680,42,638,6,0,0,6,189,7,163,8,11,
3174071010,DKI JAKARTA,JAKARTA SELATAN,KEBAYORAN BARU,CIPETE UTARA,842,4,78,3,757,0,0,0,0,0,10,0,0,10,719,42,677,6,0,0,6,239,4,202,4,29,
3175021003,DKI JAKARTA,JAKARTA TIMUR,PULO GADUNG,CIPINANG,421,5,25,2,389,1,0,0,0,1,3,0,0,3,1179,118,1061,46,0,0,46,442,19,395,16,12,
3175031007,DKI JAKARTA,JAKARTA TIMUR,JATINEGARA,CIPINANG BESAR SELATAN,374,3,19,2,350,2,0,0,0,2,3,0,0,3,745,59,686,19,0,0,19,309,9,270,2,28,
3175031008,DKI JAKARTA,JAKARTA TIMUR,JATINEGARA,CIPINANG BESAR UTARA,524,4,18,0,502,2,0,0,0,2,3,0,0,3,1154,70,1084,24,0,0,24,458,7,417,7,27,
3175031005,DKI JAKARTA,JAKARTA TIMUR,JATINEGARA,CIPINANG CEMPEDAK,344,5,19,2,318,1,0,0,0,1,7,0,0,7,688,43,645,25,0,0,25,269,20,229,6,14,
3175081005,DKI JAKARTA,JAKARTA TIMUR,MAKASAR,CIPINANG MELAYU,479,6,25,2,446,4,0,0,0,4,5,0,0,5,905,68,837,21,0,0,21,338,5,317,7,9,
3175031006,DKI JAKARTA,JAKARTA TIMUR,JATINEGARA,CIPINANG MUARA,570,5,30,1,534,5,0,0,0,5,10,0,0,10,1193,98,1095,32,0,0,32,558,12,502,6,38,
3174051003,DKI JAKARTA,JAKARTA SELATAN,KEBAYORAN LAMA,CIPULIR,437,2,27,4,404,6,0,0,0,6,6,0,0,6,642,34,608,11,0,0,11,311,9,272,5,25,
3175091001,DKI JAKARTA,JAKARTA TIMUR,CIRACAS,CIRACAS,1261,12,125,9,1115,4,1,0,0,3,32,0,0,32,1967,81,1886,45,0,0,45,611,14,538,17,42,
3175041003,DKI JAKARTA,JAKARTA TIMUR,KRAMAT JATI,DUKUH,407,1,46,1,359,0,0,0,0,0,1,0,0,1,965,104,861,15,0,0,15,229,7,207,5,10,
3175071001,DKI JAKARTA,JAKARTA TIMUR,DUREN SAWIT,DUREN SAWIT,1039,12,38,3,986,18,0,0,0,18,4,0,0,4,1461,96,1365,38,0,0,38,697,13,638,16,30,
3174081004,DKI JAKARTA,JAKARTA SELATAN,PANCORAN,DUREN TIGA,566,5,40,0,521,2,0,0,0,2,6,0,0,6,819,46,773,4,0,0,4,252,5,231,2,14,
3173051005,DKI JAKARTA,JAKARTA BARAT,KEBON JERUK,DURI KEPA,788,18,78,2,690,4,0,0,0,4,12,0,0,12,1589,127,1462,74,0,0,74,532,19,466,14,33,
3173011002,DKI JAKARTA,JAKARTA BARAT,CENGKARENG,DURI KOSAMBI,880,10,85,3,782,1,0,0,0,1,4,0,0,4,1432,72,1360,11,0,0,11,583,21,531,8,23,
3171011006,DKI JAKARTA,JAKARTA PUSAT,GAMBIR,DURI PULO,245,1,10,3,231,0,0,0,0,0,1,0,0,1,620,45,575,7,0,0,7,225,6,200,8,11,
3173041011,DKI JAKARTA,JAKARTA BARAT,TAMBORA,DURI SELATAN,230,2,22,1,205,0,0,0,0,0,2,0,0,2,217,7,210,4,0,0,4,95,1,88,3,3,
3173041003,DKI JAKARTA,JAKARTA BARAT,TAMBORA,DURI UTARA,263,3,14,2,244,1,0,0,0,1,2,0,0,2,286,13,273,5,0,0,5,160,1,151,4,4,
3171081003,DKI JAKARTA,JAKARTA PUSAT,JOHAR BARU,GALUR,262,2,9,0,251,4,0,0,0,4,3,0,0,3,602,17,585,50,0,0,50,217,0,200,11,6,
3171011001,DKI JAKARTA,JAKARTA PUSAT,GAMBIR,GAMBIR,177,1,54,0,122,1,0,0,0,1,17,0,0,17,484,16,468,6,0,0,6,214,2,194,1,17,
3174061004,DKI JAKARTA,JAKARTA SELATAN,CILANDAK,GANDARIA SELATAN,296,3,20,0,273,2,0,0,0,2,20,0,0,20,854,63,791,4,0,0,4,198,2,178,6,12,
3174071009,DKI JAKARTA,JAKARTA SELATAN,KEBAYORAN BARU,GANDARIA UTARA,884,7,96,2,779,0,0,0,0,0,3,0,0,3,811,47,764,8,0,0,8,292,8,257,6,21,
3175051001,DKI JAKARTA,JAKARTA TIMUR,PASAR REBO,GEDONG,911,6,46,0,859,0,0,0,0,0,5,0,1,4,625,51,574,25,0,0,25,350,6,324,5,15,
3171071001,DKI JAKARTA,JAKARTA PUSAT,TANAH ABANG,GELORA,91,0,8,1,82,0,0,0,0,0,6,0,0,6,374,19,355,0,0,0,0,121,1,114,2,4,
3173031007,DKI JAKARTA,JAKARTA BARAT,TAMAN SARI,GLODOK,138,1,8,0,129,0,0,0,0,0,1,0,0,1,246,37,209,1,0,0,1,52,0,46,2,4,
3171061004,DKI JAKARTA,JAKARTA PUSAT,MENTENG,GONDANGDIA,101,2,11,1,87,0,0,0,0,0,13,0,0,13,255,22,233,7,0,0,7,70,1,64,3,2,
3173021001,DKI JAKARTA,JAKARTA BARAT,GROGOL PETAMBURAN,GROGOL,652,6,63,4,579,1,0,0,0,1,45,0,0,45,1255,134,1121,38,0,0,38,308,12,279,2,15,
3174051005,DKI JAKARTA,JAKARTA SELATAN,KEBAYORAN LAMA,GROGOL SELATAN,579,5,52,5,517,0,0,0,0,0,12,0,0,12,806,42,764,14,0,0,14,376,13,337,7,19,
3174051004,DKI JAKARTA,JAKARTA SELATAN,KEBAYORAN LAMA,GROGOL UTARA,574,8,45,4,517,0,0,0,0,0,24,0,0,24,825,48,777,19,0,0,19,453,14,384,13,42,
3174021007,DKI JAKARTA,JAKARTA SELATAN,SETIA BUDI,GUNTUR,75,0,2,0,73,0,0,0,0,0,1,0,0,1,310,48,262,1,0,0,1,64,1,61,1,1,
3174071002,DKI JAKARTA,JAKARTA SELATAN,KEBAYORAN BARU,GUNUNG,360,4,27,3,326,0,0,0,0,0,7,0,0,7,853,214,639,0,0,0,0,183,40,136,4,3,
3171031005,DKI JAKARTA,JAKARTA PUSAT,KEMAYORAN,GUNUNG SAHARI SELATAN,391,0,38,1,352,0,0,0,0,0,5,0,0,5,839,240,599,2,0,0,2,229,4,210,7,8,
3171021004,DKI JAKARTA,JAKARTA PUSAT,SAWAH BESAR,GUNUNG SAHARI UTARA,339,0,20,1,318,2,0,0,0,2,7,0,0,7,651,44,607,12,0,0,12,206,2,189,11,4,
3175081004,DKI JAKARTA,JAKARTA TIMUR,MAKASAR,HALIM PERDANA KUSUMAH,307,0,20,2,285,0,0,0,0,0,6,0,0,6,1007,345,662,10,0,0,10,580,37,514,7,22,
3171031003,DKI JAKARTA,JAKARTA PUSAT,KEMAYORAN,HARAPAN MULIA,443,1,37,3,402,1,0,0,0,1,6,0,0,6,682,45,637,35,0,0,35,296,2,277,9,8,
3174091001,DKI JAKARTA,JAKARTA SELATAN,JAGAKARSA,JAGAKARSA,1257,8,72,2,1175,8,0,0,0,8,8,0,0,8,1481,108,1373,20,0,0,20,531,7,465,7,52,
3175021007,DKI JAKARTA,JAKARTA TIMUR,PULO GADUNG,JATI,467,3,39,1,424,0,0,0,0,0,9,0,0,9,1156,76,1080,41,0,0,41,329,7,300,6,16,
3174041002,DKI JAKARTA,JAKARTA SELATAN,PASAR MINGGU,JATI PADANG,741,7,98,2,634,0,0,0,0,0,4,0,0,4,904,129,775,72,0,0,72,312,8,264,5,35,
3173071004,DKI JAKARTA,JAKARTA BARAT,PALMERAH,JATI PULO,674,5,35,4,630,2,0,0,0,2,7,0,1,6,921,57,864,66,0,0,66,370,10,330,10,20,
3175061001,DKI JAKARTA,JAKARTA TIMUR,CAKUNG,JATINEGARA,1058,3,186,3,866,1,0,0,0,1,4,0,0,4,1951,188,1763,52,0,0,52,741,16,678,11,36,
3175021004,DKI JAKARTA,JAKARTA TIMUR,PULO GADUNG,JATINEGARA KAUM,172,2,9,0,161,1,0,0,1,0,4,0,1,3,489,37,452,12,0,0,12,160,4,140,6,10,
3173021004,DKI JAKARTA,JAKARTA BARAT,GROGOL PETAMBURAN,JELAMBAR,595,3,45,5,542,2,0,0,0,2,28,0,0,28,1039,105,934,14,0,0,14,343,8,314,9,12,
3173021006,DKI JAKARTA,JAKARTA BARAT,GROGOL PETAMBURAN,JELAMBAR BARU,487,3,30,2,452,2,0,0,0,2,4,0,0,4,841,75,766,23,0,0,23,278,18,246,6,8,
3173041006,DKI JAKARTA,JAKARTA BARAT,TAMBORA,JEMBATAN BESI,617,1,24,1,591,1,0,0,0,1,5,0,0,5,573,33,540,13,0,0,13,293,4,272,8,9,
3173041008,DKI JAKARTA,JAKARTA BARAT,TAMBORA,JEMBATAN LIMA,270,0,19,0,251,0,0,0,0,0,1,0,0,1,265,16,249,6,0,0,6,176,4,165,4,3,
3173081005,DKI JAKARTA,JAKARTA BARAT,KEMBANGAN,JOGLO,685,5,56,4,620,1,0,0,0,1,5,0,0,5,958,73,885,15,0,0,15,316,7,291,5,13,
3171081001,DKI JAKARTA,JAKARTA PUSAT,JOHAR BARU,JOHAR BARU,873,4,44,3,822,9,2,0,0,7,12,0,0,12,2217,80,2137,106,0,0,106,653,14,570,19,50,
3173041002,DKI JAKARTA,JAKARTA BARAT,TAMBORA,KALI ANYAR,454,3,25,0,426,2,0,0,0,2,4,0,0,4,408,14,394,14,0,0,14,228,2,212,7,7,
3172041004,DKI JAKARTA,JAKARTA UTARA,CILINCING,KALI BARU,717,8,47,5,657,0,0,0,0,0,5,0,0,5,781,23,758,49,0,0,49,373,0,357,9,7,
3174081002,DKI JAKARTA,JAKARTA SELATAN,PANCORAN,KALIBATA,775,5,56,4,710,7,0,0,0,7,13,0,0,13,1188,157,1031,14,0,0,14,424,6,368,9,41,
3173061001,DKI JAKARTA,JAKARTA BARAT,KALI DERES,KALIDERES,1536,8,119,4,1405,1,0,0,0,1,7,0,0,7,2741,178,2563,32,0,0,32,678,14,607,12,45,
3175051004,DKI JAKARTA,JAKARTA TIMUR,PASAR REBO,KALISARI,1243,2,61,0,1180,0,0,0,0,0,3,0,0,3,696,48,648,14,0,0,14,367,9,326,7,25,
3173061004,DKI JAKARTA,JAKARTA BARAT,KALI DERES,KAMAL,453,11,41,3,398,0,0,0,0,0,1,0,0,1,720,72,648,6,0,0,6,146,4,119,9,14,
3172011002,DKI JAKARTA,JAKARTA UTARA,PENJARINGAN,KAMAL MUARA,144,3,18,0,123,0,0,0,0,0,4,0,0,4,279,26,253,2,0,0,2,113,1,108,2,2,
3171071007,DKI JAKARTA,JAKARTA PUSAT,TANAH ABANG,KAMPUNG BALI,173,1,6,2,164,1,0,0,0,1,2,0,0,2,372,16,356,2,0,0,2,100,4,84,4,8,
3175031001,DKI JAKARTA,JAKARTA TIMUR,JATINEGARA,KAMPUNG MELAYU,342,5,20,5,312,2,0,0,0,2,7,0,0,7,444,42,402,8,0,0,8,317,6,289,5,17,
3171081002,DKI JAKARTA,JAKARTA PUSAT,JOHAR BARU,KAMPUNG RAWA,381,2,21,0,358,3,0,0,0,3,3,0,0,3,907,42,865,67,0,0,67,312,1,290,14,7,
3175041002,DKI JAKARTA,JAKARTA TIMUR,KRAMAT JATI,KAMPUNG TENGAH,714,4,33,1,676,5,1,0,0,4,9,0,0,9,1519,109,1410,54,0,0,54,388,9,355,13,11,
3173011005,DKI JAKARTA,JAKARTA BARAT,CENGKARENG,KAPUK,1157,17,98,16,1026,2,0,0,0,2,12,0,0,12,1998,120,1878,15,0,0,15,904,30,806,25,43,
3172011003,DKI JAKARTA,JAKARTA UTARA,PENJARINGAN,KAPUK MUARA,328,1,34,0,293,1,0,0,0,1,20,0,0,20,816,80,736,27,0,0,27,230,3,207,7,13,
3171021002,DKI JAKARTA,JAKARTA PUSAT,SAWAH BESAR,KARANG ANYAR,554,4,35,5,510,1,0,0,0,1,4,0,0,4,1053,58,995,15,0,0,15,273,0,251,7,15,
3174021004,DKI JAKARTA,JAKARTA SELATAN,SETIA BUDI,KARET,163,2,2,0,159,0,0,0,0,0,11,0,0,11,452,23,429,4,0,0,4,139,1,134,0,4,
3174021003,DKI JAKARTA,JAKARTA SELATAN,SETIA BUDI,KARET KUNINGAN,371,1,19,1,350,0,0,0,0,0,23,0,1,22,556,82,474,4,0,0,4,298,9,260,6,23,
3174021002,DKI JAKARTA,JAKARTA SELATAN,SETIA BUDI,KARET SEMANGGI,84,1,4,1,78,0,0,0,0,0,3,0,0,3,103,4,99,2,0,0,2,33,0,30,2,1,
3171071003,DKI JAKARTA,JAKARTA PUSAT,TANAH ABANG,KARET TENGSIN,338,2,16,0,320,1,0,0,0,1,8,0,0,8,872,40,832,3,0,0,3,231,5,208,8,10,
3171021003,DKI JAKARTA,JAKARTA PUSAT,SAWAH BESAR,KARTINI,400,3,28,1,368,1,0,0,0,1,0,0,0,0,803,42,761,18,0,0,18,275,9,251,5,10,
3175011003,DKI JAKARTA,JAKARTA TIMUR,MATRAMAN,KAYU MANIS,479,4,27,0,448,3,0,0,0,3,3,0,0,3,905,81,824,34,0,0,34,280,11,255,7,7,
3175021006,DKI JAKARTA,JAKARTA TIMUR,PULO GADUNG,KAYU PUTIH,644,2,38,4,600,1,0,0,1,0,17,0,0,17,1338,78,1260,66,0,0,66,434,6,392,12,24,
3173031006,DKI JAKARTA,JAKARTA BARAT,TAMAN SARI,KEAGUNGAN,347,1,13,0,333,0,0,0,0,0,4,0,0,4,578,28,550,11,0,0,11,214,5,202,1,6,
3174041007,DKI JAKARTA,JAKARTA SELATAN,PASAR MINGGU,KEBAGUSAN,806,5,61,1,739,3,0,0,0,3,4,0,0,4,956,82,874,42,0,0,42,318,7,284,3,24,
3174051006,DKI JAKARTA,JAKARTA SELATAN,KEBAYORAN LAMA,KEBAYORAN LAMA SELATAN,810,5,84,0,721,5,0,0,0,5,2,0,0,2,917,45,872,14,0,0,14,371,8,333,7,23,
3174051001,DKI JAKARTA,JAKARTA SELATAN,KEBAYORAN LAMA,KEBAYORAN LAMA UTARA,587,12,40,1,534,1,0,0,0,1,15,0,0,15,662,49,613,6,0,0,6,313,11,284,6,12,
3174011004,DKI JAKARTA,JAKARTA SELATAN,TEBET,KEBON BARU,518,1,32,2,483,0,0,0,0,0,15,0,0,15,845,50,795,22,0,0,22,269,4,248,8,9,
3172021005,DKI JAKARTA,JAKARTA UTARA,TANJUNG PRIOK,KEBON BAWANG,918,9,60,1,848,0,0,0,0,0,16,0,1,15,1540,103,1437,105,0,0,105,498,9,471,4,14,
3173051001,DKI JAKARTA,JAKARTA BARAT,KEBON JERUK,KEBON JERUK,1129,6,91,6,1026,2,0,0,0,2,14,0,1,13,2526,224,2302,63,0,0,63,753,13,677,20,43,
3171071006,DKI JAKARTA,JAKARTA PUSAT,TANAH ABANG,KEBON KACANG,503,3,7,1,492,1,0,0,0,1,0,0,0,0,654,35,619,8,0,0,8,330,5,301,12,12,
3171011005,DKI JAKARTA,JAKARTA PUSAT,GAMBIR,KEBON KELAPA,182,0,7,1,174,3,0,0,0,3,4,0,0,4,359,12,347,3,0,0,3,110,3,99,1,7,
3171031002,DKI JAKARTA,JAKARTA PUSAT,KEMAYORAN,KEBON KOSONG,462,4,30,5,423,1,0,0,0,1,9,0,0,9,935,325,610,35,0,0,35,310,7,269,7,27,
3175011005,DKI JAKARTA,JAKARTA TIMUR,MATRAMAN,KEBON MANGGIS,266,4,14,4,244,0,0,0,0,0,2,0,0,2,362,21,341,24,0,0,24,188,6,171,3,8,
3171071005,DKI JAKARTA,JAKARTA PUSAT,TANAH ABANG,KEBON MELATI,593,3,11,3,576,3,2,0,0,1,5,0,0,5,1086,26,1060,10,0,0,10,507,4,483,9,11,
3175081003,DKI JAKARTA,JAKARTA TIMUR,MAKASAR,KEBON PALA,449,2,24,1,422,1,0,0,0,1,6,0,0,6,1178,81,1097,19,0,0,19,443,11,402,11,19,
3171061005,DKI JAKARTA,JAKARTA PUSAT,MENTENG,KEBON SIRIH,215,3,20,2,190,0,0,0,0,0,4,0,0,4,359,16,343,21,0,0,21,157,1,150,2,4,
3173011004,DKI JAKARTA,JAKARTA BARAT,CENGKARENG,KEDAUNG KALI ANGKE,595,3,37,0,555,0,0,0,0,0,1,0,0,1,792,53,739,7,0,0,7,419,8,383,7,21,
3173051007,DKI JAKARTA,JAKARTA BARAT,KEBON JERUK,KEDOYA SELATAN,586,9,62,5,510,2,0,0,0,2,8,0,0,8,929,68,861,23,0,0,23,286,2,268,8,8,
3173051006,DKI JAKARTA,JAKARTA BARAT,KEBON JERUK,KEDOYA UTARA,616,7,70,2,537,1,0,0,0,1,15,0,0,15,1190,82,1108,22,0,0,22,397,3,364,9,21,
3173051004,DKI JAKARTA,JAKARTA BARAT,KEBON JERUK,KELAPA DUA,424,2,35,0,387,0,0,0,0,0,6,0,0,6,893,87,806,27,0,0,27,244,7,227,3,7,
3175091003,DKI JAKARTA,JAKARTA TIMUR,CIRACAS,KELAPA DUA WETAN,787,5,64,1,717,1,0,0,0,1,8,0,0,8,1345,47,1298,37,0,0,37,314,5,285,3,21,
3172061003,DKI JAKARTA,JAKARTA UTARA,KELAPA GADING,KELAPA GADING BARAT,1204,7,88,3,1106,2,0,0,0,2,50,0,1,49,1544,58,1486,266,0,0,266,526,13,477,6,30,
3172061001,DKI JAKARTA,JAKARTA UTARA,KELAPA GADING,KELAPA GADING TIMUR,936,8,78,2,848,3,0,0,0,3,24,0,0,24,1530,113,1417,145,0,0,145,430,10,377,9,34,
3173071005,DKI JAKARTA,JAKARTA BARAT,PALMERAH,KEMANGGISAN,812,8,37,6,761,0,0,0,0,0,9,0,0,9,1128,68,1060,55,0,0,55,410,8,376,11,15,
3171031001,DKI JAKARTA,JAKARTA PUSAT,KEMAYORAN,KEMAYORAN,499,5,26,3,465,2,0,0,0,2,3,0,0,3,766,42,724,27,0,0,27,387,18,351,10,8,
3173081006,DKI JAKARTA,JAKARTA BARAT,KEMBANGAN,KEMBANGAN SELATAN,442,8,50,1,383,0,0,0,0,0,8,0,0,8,881,97,784,54,0,0,54,262,7,236,5,14,
3173081001,DKI JAKARTA,JAKARTA BARAT,KEMBANGAN,KEMBANGAN UTARA,826,6,63,3,754,4,0,0,1,3,3,0,0,3,2014,102,1912,11,0,0,11,421,9,379,8,25,
3171041002,DKI JAKARTA,JAKARTA PUSAT,SENEN,KENARI,288,1,6,1,280,1,0,0,0,1,8,0,0,8,649,24,625,46,0,0,46,210,2,193,3,12,
3173041005,DKI JAKARTA,JAKARTA BARAT,TAMBORA,KERENDANG,312,1,9,2,300,1,0,0,0,1,0,0,0,0,263,16,247,9,0,0,9,167,3,155,8,1,
3175071003,DKI JAKARTA,JAKARTA TIMUR,DUREN SAWIT,KLENDER,783,3,30,2,748,4,0,0,0,4,5,0,0,5,1390,103,1287,40,0,0,40,617,31,532,19,35,
3172031001,DKI JAKARTA,JAKARTA UTARA,KOJA,KOJA,422,5,29,0,388,0,0,0,0,0,4,0,0,4,645,119,526,56,0,0,56,414,3,370,9,32,
3173071006,DKI JAKARTA,JAKARTA BARAT,PALMERAH,KOTA BAMBU SELATAN,614,2,28,5,579,0,0,0,0,0,1,0,0,1,999,43,956,73,0,0,73,322,3,311,5,3,
3173071003,DKI JAKARTA,JAKARTA BARAT,PALMERAH,KOTA BAMBU UTARA,518,3,28,11,476,3,0,0,0,3,3,0,0,3,774,136,638,54,0,0,54,293,1,266,9,17,
3171041004,DKI JAKARTA,JAKARTA PUSAT,SENEN,KRAMAT,512,3,12,6,491,0,0,0,0,0,10,0,0,10,1135,47,1088,37,0,0,37,354,7,326,11,10,
3175041001,DKI JAKARTA,JAKARTA TIMUR,KRAMAT JATI,KRAMAT JATI,577,3,55,1,518,1,0,0,0,1,13,0,0,13,1210,113,1097,25,0,0,25,492,12,437,14,29,
3174071003,DKI JAKARTA,JAKARTA SELATAN,KEBAYORAN BARU,KRAMAT PELA,329,1,24,0,304,0,0,0,0,0,0,0,0,0,558,9,549,7,0,0,7,184,5,167,3,9,
3173031002,DKI JAKARTA,JAKARTA BARAT,TAMAN SARI,KRUKUT,369,2,28,6,333,2,0,0,0,2,3,0,0,3,557,21,536,13,0,0,13,234,5,218,4,7,
3174031005,DKI JAKARTA,JAKARTA SELATAN,MAMPANG PRAPATAN,KUNINGAN BARAT,178,1,11,1,165,1,0,0,0,1,0,0,0,0,568,30,538,5,0,0,5,176,3,162,3,8,
3174021008,DKI JAKARTA,JAKARTA SELATAN,SETIA BUDI,KUNINGAN TIMUR,373,0,143,1,229,1,0,0,0,1,20,0,0,20,311,50,261,7,0,0,7,175,1,150,2,22,
3171041005,DKI JAKARTA,JAKARTA PUSAT,SENEN,KWITANG,282,1,7,0,274,3,0,0,0,3,7,0,0,7,569,24,545,11,0,0,11,147,1,135,6,5,
3172031003,DKI JAKARTA,JAKARTA UTARA,KOJA,LAGOA,838,5,53,1,779,1,0,0,0,1,6,0,0,6,899,25,874,88,0,0,88,744,3,707,17,17,
3174061002,DKI JAKARTA,JAKARTA SELATAN,CILANDAK,LEBAK BULUS,601,6,61,2,532,3,0,0,0,3,27,0,0,27,1334,101,1233,22,0,0,22,540,9,497,10,24,
3174091004,DKI JAKARTA,JAKARTA SELATAN,JAGAKARSA,LENTENG AGUNG,997,5,62,0,930,5,1,0,0,4,7,0,1,6,1048,81,967,16,0,0,16,383,8,337,4,34,
LUAR DKI JAKARTA,LUAR DKI JAKARTA,LUAR DKI JAKARTA,LUAR DKI JAKARTA,LUAR DKI JAKARTA,58690,369,4610,98,53613,108,11,0,0,97,705,0,8,697,89747,8312,81435,3238,0,0,3238,9402,304,8642,139,317,
3175101007,DKI JAKARTA,JAKARTA TIMUR,CIPAYUNG,LUBANG BUAYA,1071,4,85,3,979,6,3,0,0,3,10,0,0,10,1020,66,954,35,0,0,35,512,8,487,3,14,
3175081001,DKI JAKARTA,JAKARTA TIMUR,MAKASAR,MAKASAR,478,1,23,1,453,0,0,0,0,0,8,0,0,8,1466,92,1374,25,0,0,25,418,8,367,8,35,
3175071006,DKI JAKARTA,JAKARTA TIMUR,DUREN SAWIT,MALAKA JAYA,408,1,21,2,384,1,0,0,0,1,2,0,0,2,812,48,764,16,0,0,16,309,5,279,4,21,
3175071005,DKI JAKARTA,JAKARTA TIMUR,DUREN SAWIT,MALAKA SARI,387,2,15,1,369,0,0,0,0,0,1,0,0,1,741,47,694,15,0,0,15,269,5,244,4,16,
3174031001,DKI JAKARTA,JAKARTA SELATAN,MAMPANG PRAPATAN,MAMPANG PRAPATAN,408,2,20,2,384,2,0,0,0,2,1,0,1,0,1203,69,1134,10,0,0,10,381,13,338,11,19,
3173031005,DKI JAKARTA,JAKARTA BARAT,TAMAN SARI,MANGGA BESAR,185,1,11,1,172,1,0,0,0,1,0,0,0,0,227,11,216,6,0,0,6,87,2,81,4,0,
3171021005,DKI JAKARTA,JAKARTA PUSAT,SAWAH BESAR,MANGGA DUA SELATAN,500,4,22,1,473,3,0,0,0,3,1,0,0,1,966,38,928,20,0,0,20,290,2,270,8,10,
3174011007,DKI JAKARTA,JAKARTA SELATAN,TEBET,MANGGARAI,531,3,24,0,504,4,0,0,0,4,4,0,0,4,726,45,681,27,0,0,27,308,2,285,2,19,
3174011006,DKI JAKARTA,JAKARTA SELATAN,TEBET,MANGGARAI SELATAN,370,3,12,2,353,0,0,0,0,0,6,0,0,6,608,46,562,24,0,0,24,202,0,176,9,17,
3173031003,DKI JAKARTA,JAKARTA BARAT,TAMAN SARI,MAPHAR,289,1,11,1,276,0,0,0,0,0,6,0,0,6,461,25,436,41,0,0,41,238,3,228,3,4,
3172041003,DKI JAKARTA,JAKARTA UTARA,CILINCING,MARUNDA,389,11,35,0,343,3,0,0,0,3,0,0,0,0,410,15,395,18,0,0,18,148,1,138,1,8,
3174071001,DKI JAKARTA,JAKARTA SELATAN,KEBAYORAN BARU,MELAWAI,110,1,13,0,96,0,0,0,0,0,1,0,0,1,121,13,108,0,0,0,0,24,0,20,1,3,
3171061001,DKI JAKARTA,JAKARTA PUSAT,MENTENG,MENTENG,597,2,44,2,549,3,1,0,0,2,5,0,0,5,1039,75,964,27,0,0,27,334,3,304,10,17,
3174021005,DKI JAKARTA,JAKARTA SELATAN,SETIA BUDI,MENTENG ATAS,517,3,40,3,471,2,0,0,0,2,55,0,0,55,1708,111,1597,41,0,0,41,384,12,352,9,11,
3174011003,DKI JAKARTA,JAKARTA SELATAN,TEBET,MENTENG DALAM,759,5,31,4,719,4,0,0,0,4,13,0,0,13,951,71,880,47,0,0,47,348,11,306,9,22,
3173081003,DKI JAKARTA,JAKARTA BARAT,KEMBANGAN,MERUYA SELATAN,580,3,73,1,503,1,0,0,0,1,5,0,0,5,1016,115,901,17,0,0,17,330,6,299,4,21,
3173081002,DKI JAKARTA,JAKARTA BARAT,KEMBANGAN,MERUYA UTARA,791,5,58,6,722,1,0,0,1,0,8,0,0,8,1245,86,1159,12,0,0,12,405,9,370,4,22,
3175101004,DKI JAKARTA,JAKARTA TIMUR,CIPAYUNG,MUNJUL,400,5,37,0,358,0,0,0,0,0,3,0,0,3,497,27,470,27,0,0,27,157,4,147,1,5,
3172051002,DKI JAKARTA,JAKARTA UTARA,PADEMANGAN,PADEMANGAN BARAT,2154,5,119,5,2025,5,0,0,0,5,17,0,1,16,2822,125,2697,38,0,0,38,884,5,817,24,38,
3172051001,DKI JAKARTA,JAKARTA UTARA,PADEMANGAN,PADEMANGAN TIMUR,835,2,82,3,748,2,0,0,0,2,18,0,3,15,1139,145,994,24,0,0,24,359,6,333,6,14,
3175011004,DKI JAKARTA,JAKARTA TIMUR,MATRAMAN,PAL MERIAM,370,1,44,2,323,2,0,0,0,2,4,0,0,4,791,18,773,66,0,0,66,275,1,258,7,9,
3173071001,DKI JAKARTA,JAKARTA BARAT,PALMERAH,PALMERAH,1721,5,170,2,1544,0,0,0,0,0,2,0,0,2,2344,167,2177,87,0,0,87,725,17,649,23,36,
3174081001,DKI JAKARTA,JAKARTA SELATAN,PANCORAN,PANCORAN,557,5,44,0,508,1,0,0,0,1,9,0,0,9,765,73,692,7,0,0,7,318,8,288,5,17,
3172021003,DKI JAKARTA,JAKARTA UTARA,TANJUNG PRIOK,PAPANGGO,622,1,56,0,565,1,0,0,0,1,7,0,0,7,1032,52,980,71,0,0,71,340,7,316,3,14,
3171021001,DKI JAKARTA,JAKARTA PUSAT,SAWAH BESAR,PASAR BARU,293,5,5,2,281,2,0,0,0,2,9,0,0,9,623,44,579,13,0,0,13,209,0,194,2,13,
3174021006,DKI JAKARTA,JAKARTA SELATAN,SETIA BUDI,PASAR MANGGIS,336,1,23,3,309,4,0,0,0,4,29,0,0,29,1127,61,1066,19,0,0,19,325,7,304,11,3,
3174041001,DKI JAKARTA,JAKARTA SELATAN,PASAR MINGGU,PASAR MINGGU,733,9,184,1,539,3,0,0,0,3,7,0,0,7,787,54,733,24,0,0,24,297,6,265,8,18,
3171041003,DKI JAKARTA,JAKARTA PUSAT,SENEN,PASEBAN,665,1,36,1,627,4,0,0,0,4,24,0,0,24,1331,99,1232,64,0,0,64,422,3,390,10,19,
3173061005,DKI JAKARTA,JAKARTA BARAT,KALI DERES,PEGADUNGAN,994,7,68,7,912,1,0,0,0,1,10,0,0,10,1820,109,1711,20,0,0,20,404,6,366,10,22,
3171061002,DKI JAKARTA,JAKARTA PUSAT,MENTENG,PEGANGSAAN,478,3,30,2,443,3,0,0,0,3,4,0,0,4,1028,44,984,54,0,0,54,414,7,390,6,11,
3172061002,DKI JAKARTA,JAKARTA UTARA,KELAPA GADING,PEGANGSAAN DUA,1131,6,104,1,1020,2,0,0,0,2,45,0,0,45,2196,132,2064,231,0,0,231,598,3,561,11,23,
3172011004,DKI JAKARTA,JAKARTA UTARA,PENJARINGAN,PEJAGALAN,774,6,47,2,719,3,0,0,0,3,11,0,0,11,1299,102,1197,36,0,0,36,455,5,408,7,35,
3174041006,DKI JAKARTA,JAKARTA SELATAN,PASAR MINGGU,PEJATEN BARAT,678,9,52,2,615,8,0,0,0,8,2,0,0,2,993,105,888,76,0,0,76,384,15,336,5,28,
3174041005,DKI JAKARTA,JAKARTA SELATAN,PASAR MINGGU,PEJATEN TIMUR,701,5,61,1,634,4,0,0,0,4,3,0,0,3,956,105,851,42,0,0,42,372,13,323,13,23,
3175051005,DKI JAKARTA,JAKARTA TIMUR,PASAR REBO,PEKAYON,1099,4,51,1,1043,2,0,0,0,2,3,0,0,3,512,36,476,15,0,0,15,317,7,287,6,17,
3173041009,DKI JAKARTA,JAKARTA BARAT,TAMBORA,PEKOJAN,379,3,29,2,345,0,0,0,0,0,3,0,0,3,320,19,301,18,0,0,18,168,0,158,5,5,
3174031003,DKI JAKARTA,JAKARTA SELATAN,MAMPANG PRAPATAN,PELA MAMPANG,538,5,25,2,506,4,0,0,0,4,15,0,0,15,1859,116,1743,6,0,0,6,491,15,433,7,36,
3174081005,DKI JAKARTA,JAKARTA SELATAN,PANCORAN,PENGADEGAN,304,3,22,2,277,0,0,0,0,0,8,0,0,8,646,85,561,12,0,0,12,158,7,141,1,9,
3175061003,DKI JAKARTA,JAKARTA TIMUR,CAKUNG,PENGGILINGAN,1083,9,149,1,924,3,1,0,0,2,11,0,0,11,2334,195,2139,87,0,0,87,782,17,711,14,40,
3172011001,DKI JAKARTA,JAKARTA UTARA,PENJARINGAN,PENJARINGAN,1530,8,113,4,1405,4,0,0,0,4,24,0,0,24,3424,125,3299,123,0,0,123,851,11,790,17,33,
3174101001,DKI JAKARTA,JAKARTA SELATAN,PESANGGRAHAN,PESANGGRAHAN,651,6,91,4,550,2,0,0,1,1,0,0,0,0,1192,149,1043,20,0,0,20,230,3,210,4,13,
3171071004,DKI JAKARTA,JAKARTA PUSAT,TANAH ABANG,PETAMBURAN,693,5,23,7,658,0,0,0,0,0,7,0,0,7,1073,37,1036,15,0,0,15,494,9,458,13,14,
3174071008,DKI JAKARTA,JAKARTA SELATAN,KEBAYORAN BARU,PETOGOGAN,334,2,50,0,282,0,0,0,0,0,3,0,0,3,362,22,340,3,0,0,3,146,7,130,0,9,
3171011004,DKI JAKARTA,JAKARTA PUSAT,GAMBIR,PETOJO SELATAN,419,3,138,1,277,0,0,0,0,0,28,0,0,28,892,39,853,17,0,0,17,322,5,280,9,28,
3171011003,DKI JAKARTA,JAKARTA PUSAT,GAMBIR,PETOJO UTARA,268,3,10,3,252,1,0,0,0,1,14,0,0,14,551,44,507,26,0,0,26,185,3,172,3,7,
3174101004,DKI JAKARTA,JAKARTA SELATAN,PESANGGRAHAN,PETUKANGAN SELATAN,641,10,53,2,576,1,0,0,0,1,2,0,0,2,1126,46,1080,11,0,0,11,298,4,282,5,7,
3174101003,DKI JAKARTA,JAKARTA SELATAN,PESANGGRAHAN,PETUKANGAN UTARA,742,6,74,4,658,6,0,0,0,6,6,0,0,6,1953,124,1829,11,0,0,11,427,10,396,2,19,
3175081002,DKI JAKARTA,JAKARTA TIMUR,MAKASAR,PINANG RANTI,342,0,17,1,324,1,1,0,0,0,2,0,0,2,829,35,794,31,0,0,31,243,7,216,6,14,
3173031008,DKI JAKARTA,JAKARTA BARAT,TAMAN SARI,PINANGSIA,190,2,14,1,173,0,0,0,0,0,2,0,0,2,293,15,278,4,0,0,4,137,0,128,0,9,
3175011001,DKI JAKARTA,JAKARTA TIMUR,MATRAMAN,PISANGAN BARU,484,4,34,3,443,2,0,0,0,2,5,0,0,5,744,49,695,35,0,0,35,279,8,256,9,6,
3175021002,DKI JAKARTA,JAKARTA TIMUR,PULO GADUNG,PISANGAN TIMUR,477,6,28,4,439,1,0,0,0,1,10,0,0,10,1464,101,1363,33,0,0,33,330,10,302,5,13,
3172011005,DKI JAKARTA,JAKARTA UTARA,PENJARINGAN,PLUIT,702,5,84,4,609,0,0,0,0,0,14,0,0,14,1646,118,1528,22,0,0,22,390,11,356,9,14,
3175071002,DKI JAKARTA,JAKARTA TIMUR,DUREN SAWIT,PONDOK BAMBU,1224,10,53,1,1160,6,1,0,0,5,3,0,0,3,1559,91,1468,41,0,0,41,590,7,528,13,42,
3175071004,DKI JAKARTA,JAKARTA TIMUR,DUREN SAWIT,PONDOK KELAPA,918,6,42,0,870,2,1,0,0,1,12,0,0,12,1634,117,1517,35,0,0,35,567,12,509,16,30,
3175071007,DKI JAKARTA,JAKARTA TIMUR,DUREN SAWIT,PONDOK KOPI,573,3,29,1,540,0,0,0,0,0,3,0,1,2,674,49,625,17,0,0,17,315,4,280,13,18,
3174061003,DKI JAKARTA,JAKARTA SELATAN,CILANDAK,PONDOK LABU,785,10,65,1,709,6,0,0,0,6,74,0,1,73,1448,69,1379,37,0,0,37,324,7,282,4,31,
3174051002,DKI JAKARTA,JAKARTA SELATAN,KEBAYORAN LAMA,PONDOK PINANG,892,3,87,4,798,0,0,0,0,0,45,0,1,44,1133,90,1043,12,0,0,12,495,16,415,12,52,
3175101003,DKI JAKARTA,JAKARTA TIMUR,CIPAYUNG,PONDOK RANGGON,368,5,23,3,337,1,1,0,0,0,3,0,0,3,621,39,582,22,0,0,22,248,3,227,1,17,
PROSES UPDATE DATA,PROSES UPDATE DATA,PROSES UPDATE DATA,PROSES UPDATE DATA,PROSES UPDATE DATA,19381,54,451,1696,17180,4125,2,0,4106,17,118,0,3,115,45721,1757,43964,532,0,1,531,27851,948,26216,501,186,
3101011003,DKI JAKARTA,KAB.ADM.KEP.SERIBU,KEP. SERIBU UTARA,PULAU HARAPAN,70,0,2,0,68,0,0,0,0,0,0,0,0,0,93,2,91,0,0,0,0,6,0,6,0,0,
3101011002,DKI JAKARTA,KAB.ADM.KEP.SERIBU,KEP. SERIBU UTARA,PULAU KELAPA,94,0,8,1,85,0,0,0,0,0,3,0,0,3,230,12,218,1,0,0,1,19,0,18,0,1,
3101011001,DKI JAKARTA,KAB.ADM.KEP.SERIBU,KEP. SERIBU UTARA,PULAU PANGGANG,200,0,17,1,182,0,0,0,0,0,0,0,0,0,186,6,180,4,0,0,4,30,0,30,0,0,
3101021003,DKI JAKARTA,KAB.ADM.KEP.SERIBU,KEP. SERIBU SELATAN,PULAU PARI,13,0,0,0,13,0,0,0,0,0,0,0,0,0,212,0,212,1,0,0,1,7,0,7,0,0,
3101021002,DKI JAKARTA,KAB.ADM.KEP.SERIBU,KEP. SERIBU SELATAN,PULAU TIDUNG,44,0,2,0,42,1,0,0,1,0,1,0,0,1,410,1,409,1,0,0,1,38,0,37,0,1,
3101021001,DKI JAKARTA,KAB.ADM.KEP.SERIBU,KEP. SERIBU SELATAN,PULAU UNTUNG JAWA,26,0,1,0,25,0,0,0,0,0,0,0,0,0,114,1,113,0,0,0,0,5,0,5,0,0,
3174071007,DKI JAKARTA,JAKARTA SELATAN,KEBAYORAN BARU,PULO,348,1,34,1,312,1,0,0,0,1,1,0,0,1,265,17,248,0,0,0,0,76,1,67,0,8,
3175021001,DKI JAKARTA,JAKARTA TIMUR,PULO GADUNG,PULO GADUNG,574,4,43,2,525,0,0,0,0,0,12,0,0,12,1122,73,1049,48,0,0,48,334,4,309,8,13,
3175061005,DKI JAKARTA,JAKARTA TIMUR,CAKUNG,PULO GEBANG,911,5,114,2,790,1,0,0,0,1,9,0,0,9,1910,261,1649,76,0,0,76,616,11,537,12,56,
3174041004,DKI JAKARTA,JAKARTA SELATAN,PASAR MINGGU,RAGUNAN,1190,7,139,2,1042,1,0,0,0,1,2,0,0,2,999,89,910,25,0,0,25,357,7,296,8,46,
3175091005,DKI JAKARTA,JAKARTA TIMUR,CIRACAS,RAMBUTAN,657,13,62,1,581,2,0,0,0,2,12,0,0,12,914,37,877,29,0,0,29,297,10,261,5,21,
3172031006,DKI JAKARTA,JAKARTA UTARA,KOJA,RAWA BADAK SELATAN,668,8,48,2,610,3,1,0,0,2,2,0,0,2,718,32,686,62,0,0,62,421,8,385,5,23,
3172031004,DKI JAKARTA,JAKARTA UTARA,KOJA,RAWA BADAK UTARA,608,5,40,1,562,0,0,0,0,0,2,0,0,2,683,33,650,101,0,0,101,321,4,303,4,10,
3174071005,DKI JAKARTA,JAKARTA SELATAN,KEBAYORAN BARU,RAWA BARAT,164,2,34,2,126,0,0,0,0,0,2,0,0,2,214,13,201,0,0,0,0,70,0,57,1,12,
3173011003,DKI JAKARTA,JAKARTA BARAT,CENGKARENG,RAWA BUAYA,590,6,36,2,546,1,0,0,0,1,6,0,0,6,1160,71,1089,7,0,0,7,453,6,414,14,19,
3175031004,DKI JAKARTA,JAKARTA TIMUR,JATINEGARA,RAWA BUNGA,214,1,9,1,203,0,0,0,0,0,2,0,0,2,385,33,352,18,0,0,18,186,3,167,4,12,
3174081003,DKI JAKARTA,JAKARTA SELATAN,PANCORAN,RAWA JATI,411,3,28,0,380,2,0,0,0,2,12,0,0,12,737,56,681,8,0,0,8,169,4,153,0,12,
3175061002,DKI JAKARTA,JAKARTA TIMUR,CAKUNG,RAWA TERATE,212,1,17,0,194,0,0,0,0,0,2,0,0,2,527,73,454,11,0,0,11,222,3,209,1,9,
3175021005,DKI JAKARTA,JAKARTA TIMUR,PULO GADUNG,RAWAMANGUN,497,2,27,0,468,1,0,0,0,1,11,0,0,11,1202,94,1108,42,0,0,42,391,8,347,9,27,
3171051003,DKI JAKARTA,JAKARTA PUSAT,CEMPAKA PUTIH,RAWASARI,1009,4,129,2,874,7,0,0,1,6,10,0,0,10,1661,88,1573,40,0,0,40,514,13,462,7,32,
3173041010,DKI JAKARTA,JAKARTA BARAT,TAMBORA,ROA MALAKA,51,1,4,0,46,1,0,0,0,1,0,0,0,0,79,30,49,2,0,0,2,20,1,17,0,2,
3172041006,DKI JAKARTA,JAKARTA UTARA,CILINCING,ROROTAN,594,5,78,2,509,0,0,0,0,0,5,0,0,5,738,40,698,86,0,0,86,252,8,216,2,26,
3174071004,DKI JAKARTA,JAKARTA SELATAN,KEBAYORAN BARU,SELONG,122,1,12,0,109,0,0,0,0,0,3,0,0,3,170,10,160,3,0,0,3,37,1,30,1,5,
3173061002,DKI JAKARTA,JAKARTA BARAT,KALI DERES,SEMANAN,804,9,46,3,746,1,0,0,0,1,3,0,0,3,1439,92,1347,9,0,0,9,355,5,315,5,30,
3172041007,DKI JAKARTA,JAKARTA UTARA,CILINCING,SEMPER BARAT,1099,13,100,1,985,3,0,0,0,3,12,0,0,12,1440,58,1382,127,0,0,127,598,3,562,11,22,
3172041005,DKI JAKARTA,JAKARTA UTARA,CILINCING,SEMPER TIMUR,591,10,48,1,532,1,0,0,0,1,4,0,0,4,841,34,807,61,0,0,61,308,1,287,6,14,
3174071006,DKI JAKARTA,JAKARTA SELATAN,KEBAYORAN BARU,SENAYAN,540,0,14,0,526,0,0,0,0,0,10,0,0,10,770,12,758,0,0,0,0,224,2,220,0,2,
3171041001,DKI JAKARTA,JAKARTA PUSAT,SENEN,SENEN,250,1,17,0,232,2,1,0,0,1,8,0,0,8,869,68,801,26,0,0,26,180,2,162,3,13,
3171031004,DKI JAKARTA,JAKARTA PUSAT,KEMAYORAN,SERDANG,614,5,62,2,545,0,0,0,0,0,5,0,0,5,963,85,878,32,0,0,32,363,3,334,10,16,
3174021001,DKI JAKARTA,JAKARTA SELATAN,SETIA BUDI,SETIA BUDI,136,1,6,0,129,0,0,0,0,0,4,0,0,4,409,16,393,6,0,0,6,60,5,54,0,1,
3175101005,DKI JAKARTA,JAKARTA TIMUR,CIPAYUNG,SETU,330,2,17,0,311,3,1,0,0,2,2,0,0,2,564,33,531,14,0,0,14,172,5,156,2,9,
3173071002,DKI JAKARTA,JAKARTA BARAT,PALMERAH,SLIPI,694,3,33,2,656,1,0,0,0,1,2,0,0,2,1212,79,1133,44,0,0,44,384,12,353,4,15,
3173081004,DKI JAKARTA,JAKARTA BARAT,KEMBANGAN,SRENGSENG,796,4,61,3,728,1,0,0,0,1,6,0,0,6,1677,140,1537,27,0,0,27,434,8,387,5,34,
3174091002,DKI JAKARTA,JAKARTA SELATAN,JAGAKARSA,SRENGSENG SAWAH,1065,3,42,0,1020,8,0,0,0,8,11,0,0,11,1287,57,1230,29,0,0,29,306,9,263,9,25,
3173051003,DKI JAKARTA,JAKARTA BARAT,KEBON JERUK,SUKABUMI SELATAN,450,2,40,4,404,1,0,0,0,1,1,0,0,1,892,52,840,25,0,0,25,281,3,260,6,12,
3173051002,DKI JAKARTA,JAKARTA BARAT,KEBON JERUK,SUKABUMI UTARA,576,0,78,3,495,1,0,0,0,1,20,0,0,20,1054,106,948,49,0,0,49,365,9,324,10,22,
3172041002,DKI JAKARTA,JAKARTA UTARA,CILINCING,SUKAPURA,840,10,80,2,748,0,0,0,0,0,6,0,0,6,1183,81,1102,115,0,0,115,468,5,409,9,45,
3171031007,DKI JAKARTA,JAKARTA PUSAT,KEMAYORAN,SUMUR BATU,523,2,34,1,486,2,0,0,0,2,6,0,0,6,735,43,692,33,0,0,33,276,3,258,4,11,
3172021004,DKI JAKARTA,JAKARTA UTARA,TANJUNG PRIOK,SUNGAI BAMBU,538,3,48,0,487,0,0,0,0,0,7,0,0,7,818,58,760,50,0,0,50,274,5,255,6,8,
3172021006,DKI JAKARTA,JAKARTA UTARA,TANJUNG PRIOK,SUNTER AGUNG,1451,11,140,1,1299,4,0,0,0,4,23,0,0,23,2513,168,2345,110,0,0,110,820,28,734,21,37,
3172021002,DKI JAKARTA,JAKARTA UTARA,TANJUNG PRIOK,SUNTER JAYA,1219,5,101,6,1107,1,0,0,0,1,10,0,0,10,2130,135,1995,198,0,0,198,739,11,670,19,39,
3175091004,DKI JAKARTA,JAKARTA TIMUR,CIRACAS,SUSUKAN,695,1,47,1,646,0,0,0,0,0,18,0,0,18,1562,40,1522,69,0,0,69,253,2,232,8,11,
3173031001,DKI JAKARTA,JAKARTA BARAT,TAMAN SARI,TAMAN SARI,341,2,11,0,328,2,0,0,0,2,1,0,0,1,515,32,483,17,0,0,17,232,7,213,4,8,
3173041001,DKI JAKARTA,JAKARTA BARAT,TAMBORA,TAMBORA,259,4,14,3,238,1,0,0,0,1,2,0,0,2,357,11,346,4,0,0,4,128,1,119,3,5,
3173041004,DKI JAKARTA,JAKARTA BARAT,TAMBORA,TANAH SEREAL,379,3,26,2,348,1,0,0,0,1,4,0,0,4,356,24,332,5,0,0,5,208,1,191,7,9,
3171081004,DKI JAKARTA,JAKARTA PUSAT,JOHAR BARU,TANAH TINGGI,591,7,30,3,551,5,0,0,0,5,7,0,0,7,1269,40,1229,38,0,0,38,450,4,420,16,10,
3173031004,DKI JAKARTA,JAKARTA BARAT,TAMAN SARI,TANGKI,297,2,13,1,281,1,0,0,0,1,5,0,0,5,386,26,360,4,0,0,4,166,4,145,1,16,
3174091005,DKI JAKARTA,JAKARTA SELATAN,JAGAKARSA,TANJUNG BARAT,855,2,45,1,807,1,0,0,0,1,2,0,0,2,789,66,723,13,0,0,13,357,4,318,6,29,
3173021005,DKI JAKARTA,JAKARTA BARAT,GROGOL PETAMBURAN,TANJUNG DUREN SELATAN,546,3,30,1,512,0,0,0,0,0,19,0,0,19,879,72,807,25,0,0,25,394,6,361,11,16,
3173021002,DKI JAKARTA,JAKARTA BARAT,GROGOL PETAMBURAN,TANJUNG DUREN UTARA,360,4,28,0,328,2,0,0,0,2,21,0,0,21,776,89,687,21,0,0,21,223,3,201,9,10,
3172021001,DKI JAKARTA,JAKARTA UTARA,TANJUNG PRIOK,TANJUNG PRIOK,682,5,64,6,607,2,1,0,0,1,13,0,0,13,965,64,901,75,0,0,75,455,4,426,12,13,
3174011002,DKI JAKARTA,JAKARTA SELATAN,TEBET,TEBET BARAT,799,6,223,0,570,2,0,0,0,2,8,0,0,8,818,44,774,25,0,0,25,473,13,382,8,70,
3174011001,DKI JAKARTA,JAKARTA SELATAN,TEBET,TEBET TIMUR,495,2,31,2,460,0,0,0,0,0,7,0,1,6,675,38,637,36,0,0,36,271,12,242,4,13,
3173061003,DKI JAKARTA,JAKARTA BARAT,KALI DERES,TEGAL ALUR,959,10,83,6,860,0,0,0,0,0,7,0,0,7,1612,114,1498,13,0,0,13,382,11,321,9,41,
3174031004,DKI JAKARTA,JAKARTA SELATAN,MAMPANG PRAPATAN,TEGAL PARANG,435,7,15,3,410,5,0,0,1,4,4,0,0,4,1231,86,1145,12,0,0,12,386,2,350,6,28,
3173021003,DKI JAKARTA,JAKARTA BARAT,GROGOL PETAMBURAN,TOMANG,591,1,39,2,549,0,0,0,0,0,16,0,0,16,982,101,881,86,0,0,86,378,6,348,8,16,
3172031005,DKI JAKARTA,JAKARTA UTARA,KOJA,TUGU SELATAN,600,3,63,1,533,0,0,0,0,0,2,0,0,2,603,57,546,98,0,0,98,391,2,357,8,24,
3172031002,DKI JAKARTA,JAKARTA UTARA,KOJA,TUGU UTARA,1181,10,74,0,1097,3,0,0,0,3,9,0,0,9,1110,40,1070,122,0,0,122,552,2,507,18,25,
3175061006,DKI JAKARTA,JAKARTA TIMUR,CAKUNG,UJUNG MENTENG,255,1,42,2,210,1,0,0,0,1,1,0,0,1,636,78,558,34,0,0,34,187,6,159,3,19,
3174101005,DKI JAKARTA,JAKARTA SELATAN,PESANGGRAHAN,ULUJAMI,720,3,62,2,653,0,0,0,0,0,0,0,0,0,1373,63,1310,26,0,0,26,339,2,307,9,21,
3175011006,DKI JAKARTA,JAKARTA TIMUR,MATRAMAN,UTAN KAYU SELATAN,637,9,40,8,580,2,0,0,0,2,8,0,0,8,1205,145,1060,98,0,0,98,376,19,333,9,15,
3175011002,DKI JAKARTA,JAKARTA TIMUR,MATRAMAN,UTAN KAYU UTARA,585,5,76,0,504,2,0,0,0,2,5,0,0,5,949,109,840,48,0,0,48,317,12,270,13,22,
3171031008,DKI JAKARTA,JAKARTA PUSAT,KEMAYORAN,UTAN PANJANG,496,4,32,2,458,0,0,0,0,0,4,0,0,4,727,27,700,28,0,0,28,341,2,324,9,6,
3172021007,DKI JAKARTA,JAKARTA UTARA,TANJUNG PRIOK,WARAKAS,734,3,58,2,671,0,0,0,0,0,11,0,0,11,1171,82,1089,69,0,0,69,441,9,404,8,20,
3173021007,DKI JAKARTA,JAKARTA BARAT,GROGOL PETAMBURAN,WIJAYA KUSUMA,519,4,40,2,473,1,0,0,0,1,7,0,0,7,1023,64,959,24,0,0,24,346,6,316,9,15,
