id_kel,nama_provinsi,nama_kota,nama_kecamatan,nama_kelurahan,suspek,perawatan_rs,isolasi_di_rumah,suspek_meninggal,selesai_isolasi,probable,perawatan_rs,isolasi_di_rumah,probable_meninggal,selesai_isolasi,pelaku_perjalanan,perawatan_rs,isolasi_di_rumah,selesai_isolasi,kontak_erat,isolasi_di_rumah,selesai_isolasi,discarded,isolasi_di_rumah,meninggal,selesai_isolasi,positif,dirawat,sembuh,meninggal,self_isolation,keterangan
3172051003,DKI JAKARTA,JAKARTA UTARA,PADEMANGAN,ANCOL,587,3,37,0,547,4,0,0,0,4,14,0,2,12,794,47,747,10,0,0,10,369,2,352,4,11,
3173041007,DKI JAKARTA,JAKARTA BARAT,TAMBORA,ANGKE,585,5,21,2,557,3,0,0,1,2,1,0,0,1,594,20,574,27,0,0,27,224,1,210,4,9,
3175041005,DKI JAKARTA,JAKARTA TIMUR,KRAMAT JATI,BALE KAMBANG,388,2,49,1,336,7,0,0,0,7,5,0,0,5,707,41,666,25,0,0,25,222,6,206,3,7,
3175031003,DKI JAKARTA,JAKARTA TIMUR,JATINEGARA,BALI MESTER,147,4,8,1,134,2,0,0,0,2,1,0,0,1,282,63,219,6,0,0,6,208,7,187,3,11,
3175101006,DKI JAKARTA,JAKARTA TIMUR,CIPAYUNG,BAMBU APUS,563,1,44,1,517,0,0,0,0,0,4,0,0,4,857,107,750,19,0,0,19,241,9,209,3,20,
3174031002,DKI JAKARTA,JAKARTA SELATAN,MAMPANG PRAPATAN,BANGKA,414,0,32,2,380,5,0,0,1,4,18,0,0,18,908,101,807,8,0,0,8,247,11,219,2,15,
3175051002,DKI JAKARTA,JAKARTA TIMUR,PASAR REBO,BARU,539,2,48,1,488,0,0,0,0,0,5,0,0,5,486,26,460,19,0,0,19,253,2,235,2,14,
3175041004,DKI JAKARTA,JAKARTA TIMUR,KRAMAT JATI,BATU AMPAR,688,3,68,1,616,3,0,0,0,3,3,0,0,3,1405,136,1269,29,0,0,29,374,8,325,6,35,
3171071002,DKI JAKARTA,JAKARTA PUSAT,TANAH ABANG,BENDUNGAN HILIR,542,3,28,0,511,2,0,0,0,2,4,0,0,4,996,87,909,11,0,0,11,358,11,297,10,40,
3175031002,DKI JAKARTA,JAKARTA TIMUR,JATINEGARA,BIDARA CINA,511,4,48,3,456,1,0,0,0,1,8,0,0,8,757,94,663,40,0,0,40,396,11,330,10,45,
3174101002,DKI JAKARTA,JAKARTA SELATAN,PESANGGRAHAN,BINTARO,965,6,79,2,878,5,0,0,0,5,9,0,0,9,1847,154,1693,27,0,0,27,506,13,440,11,42,
3174011005,DKI JAKARTA,JAKARTA SELATAN,TEBET,BUKIT DURI,502,0,31,3,468,2,0,0,0,2,15,0,0,15,744,50,694,17,0,0,17,277,7,255,8,7,
3171041006,DKI JAKARTA,JAKARTA PUSAT,SENEN,BUNGUR,301,5,14,2,280,2,1,0,0,1,13,0,0,13,682,32,650,18,0,0,18,232,2,216,6,8,
3175061007,DKI JAKARTA,JAKARTA TIMUR,CAKUNG,CAKUNG BARAT,529,3,100,1,425,3,0,0,0,3,0,0,0,0,946,106,840,55,0,0,55,428,5,395,7,21,
3175061004,DKI JAKARTA,JAKARTA TIMUR,CAKUNG,CAKUNG TIMUR,566,5,58,2,501,3,0,0,1,2,6,0,0,6,1088,120,968,51,0,0,51,375,5,336,9,25,
3175041007,DKI JAKARTA,JAKARTA TIMUR,KRAMAT JATI,CAWANG,509,3,71,0,435,1,0,0,0,1,6,0,0,6,1244,135,1109,22,0,0,22,417,18,369,6,24,
3175101008,DKI JAKARTA,JAKARTA TIMUR,CIPAYUNG,CEGER,309,2,14,0,293,0,0,0,0,0,1,0,0,1,526,41,485,10,0,0,10,165,5,145,3,12,
3171031006,DKI JAKARTA,JAKARTA PUSAT,KEMAYORAN,CEMPAKA BARU,810,2,53,2,753,1,0,0,0,1,7,0,0,7,1252,74,1178,39,0,0,39,522,6,470,17,29,
3171051002,DKI JAKARTA,JAKARTA PUSAT,CEMPAKA PUTIH,CEMPAKA PUTIH BARAT,1206,4,110,2,1090,10,2,0,0,8,22,0,1,21,2305,91,2214,52,0,0,52,763,10,714,16,23,
3171051001,DKI JAKARTA,JAKARTA PUSAT,CEMPAKA PUTIH,CEMPAKA PUTIH TIMUR,863,5,101,1,756,1,0,0,0,1,13,0,1,12,1813,116,1697,61,0,0,61,419,4,383,6,26,
3173011001,DKI JAKARTA,JAKARTA BARAT,CENGKARENG,CENGKARENG BARAT,1278,12,276,1,989,0,0,0,0,0,6,0,0,6,2213,283,1930,14,0,0,14,642,8,593,11,30,
3173011006,DKI JAKARTA,JAKARTA BARAT,CENGKARENG,CENGKARENG TIMUR,1178,9,72,7,1090,2,0,0,0,2,4,0,0,4,2361,115,2246,20,0,0,20,869,22,779,17,51,
3175091002,DKI JAKARTA,JAKARTA TIMUR,CIRACAS,CIBUBUR,1156,6,118,4,1028,1,0,0,0,1,30,0,0,30,2248,73,2175,94,0,0,94,473,13,405,9,46,
3171011002,DKI JAKARTA,JAKARTA PUSAT,GAMBIR,CIDENG,368,4,15,2,347,0,0,0,0,0,12,0,0,12,766,72,694,14,0,0,14,242,8,214,8,12,
3174091003,DKI JAKARTA,JAKARTA SELATAN,JAGAKARSA,CIGANJUR,911,5,71,1,834,2,0,0,0,2,12,0,0,12,998,117,881,15,0,0,15,287,5,259,4,19,
3175051003,DKI JAKARTA,JAKARTA TIMUR,PASAR REBO,CIJANTUNG,1048,8,85,3,952,0,0,0,0,0,5,0,0,5,690,36,654,13,0,0,13,409,4,372,10,23,
3171061003,DKI JAKARTA,JAKARTA PUSAT,MENTENG,CIKINI,199,2,9,0,188,2,1,0,0,1,2,0,0,2,281,33,248,11,0,0,11,95,2,90,2,1,
3174081006,DKI JAKARTA,JAKARTA SELATAN,PANCORAN,CIKOKO,257,1,24,0,232,1,0,0,0,1,10,0,0,10,369,24,345,1,0,0,1,114,5,94,3,12,
3174061001,DKI JAKARTA,JAKARTA SELATAN,CILANDAK,CILANDAK BARAT,1887,10,214,5,1658,3,2,0,0,1,99,0,0,99,2326,199,2127,42,0,0,42,621,20,527,10,64,
3174041003,DKI JAKARTA,JAKARTA SELATAN,PASAR MINGGU,CILANDAK TIMUR,620,2,45,1,572,5,0,0,0,5,17,0,0,17,634,67,567,88,0,0,88,330,9,292,8,21,
3175101002,DKI JAKARTA,JAKARTA TIMUR,CIPAYUNG,CILANGKAP,460,5,32,1,422,1,0,0,0,1,3,0,0,3,810,75,735,22,0,0,22,228,11,203,3,11,
3175041006,DKI JAKARTA,JAKARTA TIMUR,KRAMAT JATI,CILILITAN,438,2,34,1,401,1,0,0,0,1,7,0,0,7,1158,122,1036,49,0,0,49,412,15,365,8,24,
3172041001,DKI JAKARTA,JAKARTA UTARA,CILINCING,CILINCING,783,10,54,1,718,3,2,0,0,1,7,0,1,6,1352,39,1313,109,0,0,109,482,5,437,13,27,
3175101001,DKI JAKARTA,JAKARTA TIMUR,CIPAYUNG,CIPAYUNG,698,8,65,2,623,3,0,0,1,2,8,0,0,8,875,80,795,37,0,0,37,285,10,258,5,12,
3174091006,DKI JAKARTA,JAKARTA SELATAN,JAGAKARSA,CIPEDAK,716,3,28,0,685,5,0,0,0,5,1,0,0,1,1032,71,961,9,0,0,9,353,6,324,3,20,
3174061005,DKI JAKARTA,JAKARTA SELATAN,CILANDAK,CIPETE SELATAN,448,6,37,1,404,2,0,0,0,2,46,0,0,46,788,101,687,6,0,0,6,218,7,167,8,36,
3174071010,DKI JAKARTA,JAKARTA SELATAN,KEBAYORAN BARU,CIPETE UTARA,895,5,96,3,791,0,0,0,0,0,10,0,0,10,749,59,690,6,0,0,6,253,4,220,4,25,
3175021003,DKI JAKARTA,JAKARTA TIMUR,PULO GADUNG,CIPINANG,444,5,36,2,401,1,0,0,0,1,3,0,0,3,1218,109,1109,46,0,0,46,460,19,409,16,16,
3175031007,DKI JAKARTA,JAKARTA TIMUR,JATINEGARA,CIPINANG BESAR SELATAN,388,3,22,2,361,2,0,0,0,2,3,0,0,3,795,94,701,19,0,0,19,336,9,291,2,34,
3175031008,DKI JAKARTA,JAKARTA TIMUR,JATINEGARA,CIPINANG BESAR UTARA,537,3,16,0,518,2,0,0,0,2,3,0,0,3,1187,74,1113,25,0,0,25,473,4,446,7,16,
3175031005,DKI JAKARTA,JAKARTA TIMUR,JATINEGARA,CIPINANG CEMPEDAK,387,11,33,2,341,1,0,0,0,1,8,0,0,8,735,60,675,25,0,0,25,284,15,246,6,17,
3175081005,DKI JAKARTA,JAKARTA TIMUR,MAKASAR,CIPINANG MELAYU,499,4,30,2,463,5,1,0,0,4,5,0,0,5,945,79,866,21,0,0,21,352,3,327,7,15,
3175031006,DKI JAKARTA,JAKARTA TIMUR,JATINEGARA,CIPINANG MUARA,604,6,40,1,557,5,0,0,0,5,10,0,0,10,1298,159,1139,34,0,0,34,579,9,529,7,34,
3174051003,DKI JAKARTA,JAKARTA SELATAN,KEBAYORAN LAMA,CIPULIR,460,5,30,4,421,6,0,0,0,6,6,0,0,6,685,64,621,11,0,0,11,336,12,288,5,31,
3175091001,DKI JAKARTA,JAKARTA TIMUR,CIRACAS,CIRACAS,1338,10,148,9,1171,4,1,0,0,3,34,0,0,34,2026,69,1957,45,0,0,45,622,11,564,17,30,
3175041003,DKI JAKARTA,JAKARTA TIMUR,KRAMAT JATI,DUKUH,427,1,48,1,377,1,1,0,0,0,1,0,0,1,987,59,928,16,0,0,16,246,7,216,5,18,
3175071001,DKI JAKARTA,JAKARTA TIMUR,DUREN SAWIT,DUREN SAWIT,1096,14,65,3,1014,18,0,0,0,18,5,0,0,5,1529,104,1425,38,0,0,38,717,14,656,16,31,
3174081004,DKI JAKARTA,JAKARTA SELATAN,PANCORAN,DUREN TIGA,599,5,24,0,570,2,0,0,0,2,6,0,0,6,875,59,816,4,0,0,4,268,9,243,2,14,
3173051005,DKI JAKARTA,JAKARTA BARAT,KEBON JERUK,DURI KEPA,835,18,78,2,737,4,0,0,0,4,12,0,0,12,1653,133,1520,74,0,0,74,555,12,491,14,38,
3173011002,DKI JAKARTA,JAKARTA BARAT,CENGKARENG,DURI KOSAMBI,913,6,71,3,833,1,0,0,0,1,4,0,0,4,1505,104,1401,12,0,0,12,602,14,559,8,21,
3171011006,DKI JAKARTA,JAKARTA PUSAT,GAMBIR,DURI PULO,249,1,8,3,237,0,0,0,0,0,1,0,0,1,621,29,592,7,0,0,7,233,4,211,8,10,
3173041011,DKI JAKARTA,JAKARTA BARAT,TAMBORA,DURI SELATAN,236,3,19,1,213,0,0,0,0,0,2,0,0,2,227,11,216,4,0,0,4,99,3,90,3,3,
3173041003,DKI JAKARTA,JAKARTA BARAT,TAMBORA,DURI UTARA,269,4,10,2,253,1,0,0,0,1,2,0,0,2,294,14,280,5,0,0,5,163,0,156,4,3,
3171081003,DKI JAKARTA,JAKARTA PUSAT,JOHAR BARU,GALUR,266,0,7,0,259,4,0,0,0,4,3,0,0,3,614,19,595,50,0,0,50,230,3,203,10,14,
3171011001,DKI JAKARTA,JAKARTA PUSAT,GAMBIR,GAMBIR,184,1,53,0,130,1,0,0,0,1,17,0,0,17,558,29,529,6,0,0,6,222,2,203,1,16,
3174061004,DKI JAKARTA,JAKARTA SELATAN,CILANDAK,GANDARIA SELATAN,306,3,22,0,281,2,0,0,0,2,20,0,0,20,870,44,826,4,0,0,4,213,5,181,6,21,
3174071009,DKI JAKARTA,JAKARTA SELATAN,KEBAYORAN BARU,GANDARIA UTARA,909,6,94,2,807,0,0,0,0,0,3,0,0,3,834,53,781,8,0,0,8,316,11,271,6,28,
3175051001,DKI JAKARTA,JAKARTA TIMUR,PASAR REBO,GEDONG,954,9,58,0,887,0,0,0,0,0,5,0,0,5,653,49,604,25,0,0,25,367,7,331,5,24,
3171071001,DKI JAKARTA,JAKARTA PUSAT,TANAH ABANG,GELORA,94,0,4,1,89,0,0,0,0,0,6,0,0,6,384,14,370,0,0,0,0,124,1,118,2,3,
3173031007,DKI JAKARTA,JAKARTA BARAT,TAMAN SARI,GLODOK,142,1,8,0,133,0,0,0,0,0,1,0,0,1,260,48,212,1,0,0,1,54,1,50,2,1,
3171061004,DKI JAKARTA,JAKARTA PUSAT,MENTENG,GONDANGDIA,107,4,4,1,98,0,0,0,0,0,13,0,0,13,263,17,246,7,0,0,7,76,3,63,3,7,
3173021001,DKI JAKARTA,JAKARTA BARAT,GROGOL PETAMBURAN,GROGOL,671,5,55,4,607,1,0,0,0,1,45,0,0,45,1331,145,1186,38,0,0,38,324,11,298,2,13,
3174051005,DKI JAKARTA,JAKARTA SELATAN,KEBAYORAN LAMA,GROGOL SELATAN,599,4,42,5,548,0,0,0,0,0,12,0,0,12,850,69,781,14,0,0,14,401,12,354,7,28,
3174051004,DKI JAKARTA,JAKARTA SELATAN,KEBAYORAN LAMA,GROGOL UTARA,595,8,46,4,537,0,0,0,0,0,24,0,0,24,853,58,795,19,0,0,19,473,11,421,14,27,
3174021007,DKI JAKARTA,JAKARTA SELATAN,SETIA BUDI,GUNTUR,80,0,2,0,78,0,0,0,0,0,1,0,0,1,339,70,269,1,0,0,1,65,0,63,1,1,
3174071002,DKI JAKARTA,JAKARTA SELATAN,KEBAYORAN BARU,GUNUNG,370,4,25,3,338,0,0,0,0,0,7,0,0,7,1058,49,1009,0,0,0,0,185,41,137,4,3,
3171031005,DKI JAKARTA,JAKARTA PUSAT,KEMAYORAN,GUNUNG SAHARI SELATAN,414,1,47,1,365,0,0,0,0,0,5,0,0,5,952,148,804,2,0,0,2,234,3,218,7,6,
3171021004,DKI JAKARTA,JAKARTA PUSAT,SAWAH BESAR,GUNUNG SAHARI UTARA,349,1,19,1,328,2,0,0,0,2,7,0,0,7,699,68,631,12,0,0,12,215,5,192,11,7,
3175081004,DKI JAKARTA,JAKARTA TIMUR,MAKASAR,HALIM PERDANA KUSUMAH,316,1,15,2,298,0,0,0,0,0,6,0,0,6,1236,472,764,10,0,0,10,597,25,552,7,13,
3171031003,DKI JAKARTA,JAKARTA PUSAT,KEMAYORAN,HARAPAN MULIA,450,2,25,3,420,1,0,0,0,1,6,0,0,6,703,52,651,35,0,0,35,302,4,283,9,6,
3174091001,DKI JAKARTA,JAKARTA SELATAN,JAGAKARSA,JAGAKARSA,1286,11,73,2,1200,8,0,0,0,8,8,0,0,8,1567,147,1420,21,0,0,21,561,9,495,8,49,
3175021007,DKI JAKARTA,JAKARTA TIMUR,PULO GADUNG,JATI,478,4,35,1,438,0,0,0,0,0,9,0,0,9,1192,74,1118,44,0,0,44,338,8,310,7,13,
3174041002,DKI JAKARTA,JAKARTA SELATAN,PASAR MINGGU,JATI PADANG,766,6,99,2,659,0,0,0,0,0,4,0,0,4,945,121,824,73,0,0,73,330,6,293,6,25,
3173071004,DKI JAKARTA,JAKARTA BARAT,PALMERAH,JATI PULO,698,3,39,4,652,2,0,0,0,2,8,0,1,7,958,75,883,66,0,0,66,381,10,344,10,17,
3175061001,DKI JAKARTA,JAKARTA TIMUR,CAKUNG,JATINEGARA,1087,3,171,3,910,1,0,0,0,1,4,0,0,4,2054,222,1832,52,0,0,52,764,17,706,12,29,
3175021004,DKI JAKARTA,JAKARTA TIMUR,PULO GADUNG,JATINEGARA KAUM,179,2,8,0,169,1,0,0,1,0,4,0,0,4,524,39,485,12,0,0,12,174,9,143,7,15,
3173021004,DKI JAKARTA,JAKARTA BARAT,GROGOL PETAMBURAN,JELAMBAR,610,3,47,5,555,2,0,0,0,2,28,0,0,28,1100,132,968,14,0,0,14,371,14,322,9,26,
3173021006,DKI JAKARTA,JAKARTA BARAT,GROGOL PETAMBURAN,JELAMBAR BARU,504,3,35,2,464,2,0,0,0,2,4,0,0,4,877,87,790,23,0,0,23,293,15,259,7,12,
3173041006,DKI JAKARTA,JAKARTA BARAT,TAMBORA,JEMBATAN BESI,631,1,28,1,601,1,0,0,0,1,6,0,0,6,591,32,559,13,0,0,13,298,2,280,8,8,
3173041008,DKI JAKARTA,JAKARTA BARAT,TAMBORA,JEMBATAN LIMA,279,0,17,0,262,0,0,0,0,0,1,0,0,1,276,15,261,6,0,0,6,181,4,168,4,5,
3173081005,DKI JAKARTA,JAKARTA BARAT,KEMBANGAN,JOGLO,716,5,53,4,654,1,0,0,0,1,5,0,0,5,1010,98,912,15,0,0,15,330,9,303,5,13,
3171081001,DKI JAKARTA,JAKARTA PUSAT,JOHAR BARU,JOHAR BARU,887,4,30,3,850,9,2,0,0,7,12,0,0,12,2297,111,2186,108,0,0,108,679,7,598,19,55,
3173041002,DKI JAKARTA,JAKARTA BARAT,TAMBORA,KALI ANYAR,476,6,29,0,441,2,0,0,0,2,4,0,0,4,419,12,407,14,0,0,14,234,3,213,8,10,
3172041004,DKI JAKARTA,JAKARTA UTARA,CILINCING,KALI BARU,730,11,49,5,665,0,0,0,0,0,5,0,0,5,800,32,768,49,0,0,49,377,1,361,9,6,
3174081002,DKI JAKARTA,JAKARTA SELATAN,PANCORAN,KALIBATA,816,5,50,4,757,7,0,0,0,7,13,0,0,13,1247,169,1078,15,0,0,15,444,8,398,9,29,
3173061001,DKI JAKARTA,JAKARTA BARAT,KALI DERES,KALIDERES,1587,6,114,4,1463,1,0,0,0,1,7,0,0,7,2831,199,2632,32,0,0,32,723,14,647,12,50,
3175051004,DKI JAKARTA,JAKARTA TIMUR,PASAR REBO,KALISARI,1298,1,92,0,1205,0,0,0,0,0,3,0,0,3,724,50,674,15,0,0,15,395,7,348,7,33,
3173061004,DKI JAKARTA,JAKARTA BARAT,KALI DERES,KAMAL,466,9,33,3,421,0,0,0,0,0,1,0,0,1,746,79,667,6,0,0,6,162,5,132,10,15,
3172011002,DKI JAKARTA,JAKARTA UTARA,PENJARINGAN,KAMAL MUARA,149,3,13,0,133,0,0,0,0,0,4,0,0,4,288,22,266,2,0,0,2,115,1,109,2,3,
3171071007,DKI JAKARTA,JAKARTA PUSAT,TANAH ABANG,KAMPUNG BALI,179,2,10,2,165,1,0,0,0,1,2,0,0,2,395,35,360,2,0,0,2,105,4,93,5,3,
3175031001,DKI JAKARTA,JAKARTA TIMUR,JATINEGARA,KAMPUNG MELAYU,362,5,28,5,324,2,0,0,0,2,7,0,0,7,474,47,427,9,0,0,9,321,0,308,6,7,
3171081002,DKI JAKARTA,JAKARTA PUSAT,JOHAR BARU,KAMPUNG RAWA,385,2,8,0,375,3,0,0,0,3,3,0,0,3,942,63,879,67,0,0,67,322,1,294,14,13,
3175041002,DKI JAKARTA,JAKARTA TIMUR,KRAMAT JATI,KAMPUNG TENGAH,737,4,43,1,689,6,2,0,0,4,9,0,0,9,1581,123,1458,54,0,0,54,402,8,365,13,16,
3173011005,DKI JAKARTA,JAKARTA BARAT,CENGKARENG,KAPUK,1211,16,95,16,1084,2,0,0,0,2,12,0,0,12,2087,141,1946,15,0,0,15,951,26,847,27,51,
3172011003,DKI JAKARTA,JAKARTA UTARA,PENJARINGAN,KAPUK MUARA,345,0,44,0,301,1,0,0,0,1,20,0,0,20,863,89,774,27,0,0,27,239,4,215,7,13,
3171021002,DKI JAKARTA,JAKARTA PUSAT,SAWAH BESAR,KARANG ANYAR,579,3,30,5,541,1,0,0,0,1,4,0,0,4,1089,70,1019,15,0,0,15,281,1,261,7,12,
3174021004,DKI JAKARTA,JAKARTA SELATAN,SETIA BUDI,KARET,167,0,5,0,162,0,0,0,0,0,11,0,0,11,467,30,437,4,0,0,4,143,1,137,0,5,
3174021003,DKI JAKARTA,JAKARTA SELATAN,SETIA BUDI,KARET KUNINGAN,400,1,36,1,362,0,0,0,0,0,23,0,1,22,588,92,496,4,0,0,4,310,7,276,6,21,
3174021002,DKI JAKARTA,JAKARTA SELATAN,SETIA BUDI,KARET SEMANGGI,87,0,6,1,80,0,0,0,0,0,3,0,0,3,110,11,99,2,0,0,2,38,2,31,2,3,
3171071003,DKI JAKARTA,JAKARTA PUSAT,TANAH ABANG,KARET TENGSIN,356,1,15,0,340,1,0,0,0,1,8,0,0,8,997,46,951,3,0,0,3,246,7,220,8,11,
3171021003,DKI JAKARTA,JAKARTA PUSAT,SAWAH BESAR,KARTINI,407,2,26,1,378,1,0,0,0,1,0,0,0,0,852,63,789,18,0,0,18,284,9,262,5,8,
3175011003,DKI JAKARTA,JAKARTA TIMUR,MATRAMAN,KAYU MANIS,491,3,27,0,461,3,0,0,0,3,3,0,0,3,933,92,841,37,0,0,37,290,5,264,7,14,
3175021006,DKI JAKARTA,JAKARTA TIMUR,PULO GADUNG,KAYU PUTIH,670,3,42,4,621,1,0,0,1,0,18,0,0,18,1372,83,1289,67,0,0,67,445,7,405,12,21,
3173031006,DKI JAKARTA,JAKARTA BARAT,TAMAN SARI,KEAGUNGAN,357,1,18,0,338,0,0,0,0,0,4,0,0,4,588,24,564,11,0,0,11,217,5,209,2,1,
3174041007,DKI JAKARTA,JAKARTA SELATAN,PASAR MINGGU,KEBAGUSAN,833,6,60,1,766,3,0,0,0,3,5,0,0,5,1015,106,909,43,0,0,43,346,11,303,3,29,
3174051006,DKI JAKARTA,JAKARTA SELATAN,KEBAYORAN LAMA,KEBAYORAN LAMA SELATAN,841,7,94,0,740,6,1,0,0,5,2,0,0,2,957,62,895,16,0,0,16,386,5,350,8,23,
3174051001,DKI JAKARTA,JAKARTA SELATAN,KEBAYORAN LAMA,KEBAYORAN LAMA UTARA,619,9,39,1,570,1,0,0,0,1,15,0,0,15,695,53,642,6,0,0,6,331,5,297,6,23,
3174011004,DKI JAKARTA,JAKARTA SELATAN,TEBET,KEBON BARU,534,1,31,2,500,0,0,0,0,0,15,0,0,15,865,53,812,22,0,0,22,284,8,254,8,14,
3172021005,DKI JAKARTA,JAKARTA UTARA,TANJUNG PRIOK,KEBON BAWANG,956,11,68,1,876,0,0,0,0,0,16,0,0,16,1623,151,1472,106,0,0,106,526,6,485,4,31,
3173051001,DKI JAKARTA,JAKARTA BARAT,KEBON JERUK,KEBON JERUK,1184,5,104,6,1069,2,0,0,0,2,15,0,0,15,2666,302,2364,64,0,0,64,792,14,706,21,51,
3171071006,DKI JAKARTA,JAKARTA PUSAT,TANAH ABANG,KEBON KACANG,511,4,8,1,498,1,0,0,0,1,0,0,0,0,683,40,643,8,0,0,8,338,3,310,13,12,
3171011005,DKI JAKARTA,JAKARTA PUSAT,GAMBIR,KEBON KELAPA,185,2,5,1,177,3,0,0,0,3,4,0,0,4,376,25,351,3,0,0,3,117,4,101,1,11,
3171031002,DKI JAKARTA,JAKARTA PUSAT,KEMAYORAN,KEBON KOSONG,489,1,45,5,438,1,0,0,0,1,9,0,0,9,1167,530,637,36,0,0,36,316,6,284,7,19,
3175011005,DKI JAKARTA,JAKARTA TIMUR,MATRAMAN,KEBON MANGGIS,274,2,17,4,251,0,0,0,0,0,2,0,0,2,390,30,360,24,0,0,24,196,1,182,3,10,
3171071005,DKI JAKARTA,JAKARTA PUSAT,TANAH ABANG,KEBON MELATI,610,4,16,3,587,3,2,0,0,1,5,0,0,5,1116,36,1080,10,0,0,10,521,5,491,9,16,
3175081003,DKI JAKARTA,JAKARTA TIMUR,MAKASAR,KEBON PALA,468,3,27,1,437,1,0,0,0,1,6,0,0,6,1223,108,1115,19,0,0,19,468,13,410,11,34,
3171061005,DKI JAKARTA,JAKARTA PUSAT,MENTENG,KEBON SIRIH,216,2,19,2,193,0,0,0,0,0,4,0,0,4,373,25,348,21,0,0,21,164,3,153,2,6,
3173011004,DKI JAKARTA,JAKARTA BARAT,CENGKARENG,KEDAUNG KALI ANGKE,607,3,32,0,572,0,0,0,0,0,1,0,0,1,820,55,765,7,0,0,7,426,5,402,8,11,
3173051007,DKI JAKARTA,JAKARTA BARAT,KEBON JERUK,KEDOYA SELATAN,623,9,55,5,554,2,0,0,0,2,8,0,0,8,979,90,889,23,0,0,23,311,8,275,8,20,
3173051006,DKI JAKARTA,JAKARTA BARAT,KEBON JERUK,KEDOYA UTARA,650,11,62,2,575,1,0,0,0,1,15,0,0,15,1259,98,1161,22,0,0,22,415,2,380,9,24,
3173051004,DKI JAKARTA,JAKARTA BARAT,KEBON JERUK,KELAPA DUA,450,2,42,0,406,0,0,0,0,0,6,0,0,6,922,90,832,28,0,0,28,252,4,233,3,12,
3175091003,DKI JAKARTA,JAKARTA TIMUR,CIRACAS,KELAPA DUA WETAN,842,8,77,1,756,1,0,0,0,1,9,0,0,9,1391,43,1348,37,0,0,37,328,3,297,4,24,
3172061003,DKI JAKARTA,JAKARTA UTARA,KELAPA GADING,KELAPA GADING BARAT,1237,8,77,3,1149,2,0,0,0,2,50,0,1,49,1608,101,1507,272,0,0,272,542,7,509,7,19,
3172061001,DKI JAKARTA,JAKARTA UTARA,KELAPA GADING,KELAPA GADING TIMUR,964,9,44,2,909,3,0,0,0,3,24,0,0,24,1587,137,1450,147,0,0,147,456,9,400,10,37,
3173071005,DKI JAKARTA,JAKARTA BARAT,PALMERAH,KEMANGGISAN,848,6,52,6,784,0,0,0,0,0,9,0,0,9,1182,101,1081,55,0,0,55,434,18,386,11,19,
3171031001,DKI JAKARTA,JAKARTA PUSAT,KEMAYORAN,KEMAYORAN,512,3,28,3,478,2,0,0,0,2,3,0,0,3,911,66,845,27,0,0,27,398,15,366,10,7,
3173081006,DKI JAKARTA,JAKARTA BARAT,KEMBANGAN,KEMBANGAN SELATAN,457,5,43,1,408,0,0,0,0,0,8,0,0,8,923,119,804,54,0,0,54,270,6,251,6,7,
3173081001,DKI JAKARTA,JAKARTA BARAT,KEMBANGAN,KEMBANGAN UTARA,857,8,54,3,792,4,0,0,1,3,3,0,0,3,2079,143,1936,11,0,0,11,448,14,394,10,30,
3171041002,DKI JAKARTA,JAKARTA PUSAT,SENEN,KENARI,291,1,5,1,284,1,0,0,0,1,8,0,0,8,681,43,638,46,0,0,46,214,0,196,3,15,
3173041005,DKI JAKARTA,JAKARTA BARAT,TAMBORA,KERENDANG,320,2,6,2,310,1,0,0,0,1,0,0,0,0,286,19,267,9,0,0,9,174,1,158,8,7,
3175071003,DKI JAKARTA,JAKARTA TIMUR,DUREN SAWIT,KLENDER,794,1,27,2,764,4,0,0,0,4,5,0,0,5,1462,134,1328,40,0,0,40,647,22,562,19,44,
3172031001,DKI JAKARTA,JAKARTA UTARA,KOJA,KOJA,440,3,35,0,402,0,0,0,0,0,4,0,0,4,757,211,546,57,0,0,57,426,3,390,9,24,
3173071006,DKI JAKARTA,JAKARTA BARAT,PALMERAH,KOTA BAMBU SELATAN,627,0,21,5,601,0,0,0,0,0,1,0,0,1,1031,45,986,73,0,0,73,326,3,312,6,5,
3173071003,DKI JAKARTA,JAKARTA BARAT,PALMERAH,KOTA BAMBU UTARA,546,4,41,11,490,3,0,0,0,3,3,0,0,3,841,176,665,54,0,0,54,299,3,275,9,12,
3171041004,DKI JAKARTA,JAKARTA PUSAT,SENEN,KRAMAT,542,5,13,6,518,0,0,0,0,0,10,0,0,10,1167,61,1106,37,0,0,37,360,3,336,11,10,
3175041001,DKI JAKARTA,JAKARTA TIMUR,KRAMAT JATI,KRAMAT JATI,599,2,61,1,535,1,0,0,0,1,13,0,0,13,1259,129,1130,25,0,0,25,515,9,461,16,29,
3174071003,DKI JAKARTA,JAKARTA SELATAN,KEBAYORAN BARU,KRAMAT PELA,340,2,21,0,317,0,0,0,0,0,1,0,0,1,580,21,559,7,0,0,7,187,5,172,3,7,
3173031002,DKI JAKARTA,JAKARTA BARAT,TAMAN SARI,KRUKUT,378,2,26,6,344,2,0,0,0,2,3,0,0,3,569,27,542,13,0,0,13,240,4,226,4,6,
3174031005,DKI JAKARTA,JAKARTA SELATAN,MAMPANG PRAPATAN,KUNINGAN BARAT,189,1,13,1,174,1,0,0,0,1,0,0,0,0,592,32,560,5,0,0,5,202,2,166,3,31,
3174021008,DKI JAKARTA,JAKARTA SELATAN,SETIA BUDI,KUNINGAN TIMUR,403,2,159,1,241,1,0,0,0,1,20,0,0,20,336,61,275,9,0,0,9,187,2,159,2,24,
3171041005,DKI JAKARTA,JAKARTA PUSAT,SENEN,KWITANG,292,2,13,0,277,3,0,0,0,3,7,0,0,7,618,62,556,11,0,0,11,159,4,137,6,12,
3172031003,DKI JAKARTA,JAKARTA UTARA,KOJA,LAGOA,870,5,61,1,803,1,0,0,0,1,6,0,0,6,941,37,904,88,0,0,88,758,3,715,17,23,
3174061002,DKI JAKARTA,JAKARTA SELATAN,CILANDAK,LEBAK BULUS,638,6,71,2,559,3,0,0,0,3,27,0,0,27,1398,111,1287,22,0,0,22,560,9,510,12,29,
3174091004,DKI JAKARTA,JAKARTA SELATAN,JAGAKARSA,LENTENG AGUNG,1026,10,56,0,960,5,1,0,0,4,7,0,0,7,1118,116,1002,16,0,0,16,399,5,365,4,25,
LUAR DKI JAKARTA,LUAR DKI JAKARTA,LUAR DKI JAKARTA,LUAR DKI JAKARTA,LUAR DKI JAKARTA,61557,387,4594,98,56478,112,11,0,0,101,717,0,10,707,95515,10354,85161,3388,0,0,3388,9703,292,8953,141,317,
3175101007,DKI JAKARTA,JAKARTA TIMUR,CIPAYUNG,LUBANG BUAYA,1121,5,89,3,1024,6,3,0,0,3,10,0,0,10,1056,80,976,35,0,0,35,543,9,502,3,29,
3175081001,DKI JAKARTA,JAKARTA TIMUR,MAKASAR,MAKASAR,492,3,24,1,464,0,0,0,0,0,8,0,0,8,1515,100,1415,25,0,0,25,440,7,389,8,36,
3175071006,DKI JAKARTA,JAKARTA TIMUR,DUREN SAWIT,MALAKA JAYA,422,1,20,2,399,1,0,0,0,1,2,0,0,2,835,47,788,17,0,0,17,320,7,294,4,15,
3175071005,DKI JAKARTA,JAKARTA TIMUR,DUREN SAWIT,MALAKA SARI,397,4,15,1,377,0,0,0,0,0,1,0,0,1,768,52,716,15,0,0,15,280,3,254,4,19,
3174031001,DKI JAKARTA,JAKARTA SELATAN,MAMPANG PRAPATAN,MAMPANG PRAPATAN,423,2,20,2,399,2,0,0,0,2,1,0,1,0,1280,92,1188,10,0,0,10,395,13,353,11,18,
3173031005,DKI JAKARTA,JAKARTA BARAT,TAMAN SARI,MANGGA BESAR,191,1,16,1,173,1,0,0,0,1,0,0,0,0,241,20,221,6,0,0,6,95,1,82,4,8,
3171021005,DKI JAKARTA,JAKARTA PUSAT,SAWAH BESAR,MANGGA DUA SELATAN,509,5,20,1,483,3,0,0,0,3,1,0,0,1,997,62,935,20,0,0,20,294,2,277,8,7,
3174011007,DKI JAKARTA,JAKARTA SELATAN,TEBET,MANGGARAI,545,4,26,0,515,4,0,0,0,4,4,0,0,4,746,40,706,27,0,0,27,316,2,297,2,15,
3174011006,DKI JAKARTA,JAKARTA SELATAN,TEBET,MANGGARAI SELATAN,389,3,19,2,365,0,0,0,0,0,6,0,0,6,630,48,582,24,0,0,24,221,2,183,10,26,
3173031003,DKI JAKARTA,JAKARTA BARAT,TAMAN SARI,MAPHAR,307,3,19,1,284,0,0,0,0,0,6,0,0,6,488,27,461,41,0,0,41,242,4,230,3,5,
3172041003,DKI JAKARTA,JAKARTA UTARA,CILINCING,MARUNDA,401,17,28,0,356,4,0,0,0,4,0,0,0,0,420,20,400,19,0,0,19,166,1,142,1,22,
3174071001,DKI JAKARTA,JAKARTA SELATAN,KEBAYORAN BARU,MELAWAI,114,2,10,0,102,0,0,0,0,0,1,0,0,1,127,11,116,1,0,0,1,26,1,22,1,2,
3171061001,DKI JAKARTA,JAKARTA PUSAT,MENTENG,MENTENG,625,1,45,2,577,3,1,0,0,2,5,0,0,5,1115,127,988,27,0,0,27,344,2,314,10,18,
3174021005,DKI JAKARTA,JAKARTA SELATAN,SETIA BUDI,MENTENG ATAS,537,3,43,3,488,2,0,0,0,2,55,0,0,55,1781,148,1633,41,0,0,41,393,5,368,9,11,
3174011003,DKI JAKARTA,JAKARTA SELATAN,TEBET,MENTENG DALAM,779,5,26,4,744,4,0,0,0,4,13,0,0,13,986,75,911,48,0,0,48,366,14,325,9,18,
3173081003,DKI JAKARTA,JAKARTA BARAT,KEMBANGAN,MERUYA SELATAN,608,2,47,1,558,1,0,0,0,1,5,0,0,5,1095,155,940,17,0,0,17,341,3,312,4,22,
3173081002,DKI JAKARTA,JAKARTA BARAT,KEMBANGAN,MERUYA UTARA,821,6,61,6,748,1,0,0,1,0,8,0,0,8,1319,134,1185,12,0,0,12,428,13,393,4,18,
3175101004,DKI JAKARTA,JAKARTA TIMUR,CIPAYUNG,MUNJUL,426,5,40,0,381,0,0,0,0,0,3,0,0,3,512,23,489,27,0,0,27,175,10,153,1,11,
3172051002,DKI JAKARTA,JAKARTA UTARA,PADEMANGAN,PADEMANGAN BARAT,2204,8,113,5,2078,5,0,0,0,5,21,0,5,16,2896,166,2730,38,0,0,38,899,3,841,24,31,
3172051001,DKI JAKARTA,JAKARTA UTARA,PADEMANGAN,PADEMANGAN TIMUR,955,4,176,3,772,2,0,0,0,2,39,0,24,15,1235,223,1012,26,0,0,26,370,6,342,6,16,
3175011004,DKI JAKARTA,JAKARTA TIMUR,MATRAMAN,PAL MERIAM,423,2,91,2,328,2,0,0,0,2,4,0,0,4,821,31,790,66,0,0,66,279,0,264,7,8,
3173071001,DKI JAKARTA,JAKARTA BARAT,PALMERAH,PALMERAH,1805,3,191,2,1609,0,0,0,0,0,2,0,0,2,2423,186,2237,89,0,0,89,758,28,671,27,32,
3174081001,DKI JAKARTA,JAKARTA SELATAN,PANCORAN,PANCORAN,568,2,33,0,533,1,0,0,0,1,9,0,0,9,804,67,737,7,0,0,7,326,7,302,5,12,
3172021003,DKI JAKARTA,JAKARTA UTARA,TANJUNG PRIOK,PAPANGGO,646,3,54,0,589,1,0,0,0,1,8,0,1,7,1060,58,1002,73,0,0,73,349,1,336,3,9,
3171021001,DKI JAKARTA,JAKARTA PUSAT,SAWAH BESAR,PASAR BARU,300,3,8,2,287,2,0,0,0,2,9,0,0,9,636,40,596,13,0,0,13,213,0,199,4,10,
3174021006,DKI JAKARTA,JAKARTA SELATAN,SETIA BUDI,PASAR MANGGIS,349,4,24,3,318,4,0,0,0,4,29,0,0,29,1169,63,1106,19,0,0,19,338,5,311,12,10,
3174041001,DKI JAKARTA,JAKARTA SELATAN,PASAR MINGGU,PASAR MINGGU,804,7,142,1,654,3,0,0,0,3,7,0,0,7,833,84,749,25,0,0,25,324,5,273,8,38,
3171041003,DKI JAKARTA,JAKARTA PUSAT,SENEN,PASEBAN,678,1,23,1,653,4,0,0,0,4,26,0,0,26,1384,101,1283,64,0,0,64,435,3,407,10,15,
3173061005,DKI JAKARTA,JAKARTA BARAT,KALI DERES,PEGADUNGAN,1029,6,70,7,946,1,0,0,0,1,10,0,0,10,1863,123,1740,20,0,0,20,424,5,382,10,27,
3171061002,DKI JAKARTA,JAKARTA PUSAT,MENTENG,PEGANGSAAN,496,3,36,2,455,3,0,0,0,3,4,0,0,4,1063,61,1002,54,0,0,54,427,5,399,6,17,
3172061002,DKI JAKARTA,JAKARTA UTARA,KELAPA GADING,PEGANGSAAN DUA,1156,7,51,1,1097,2,0,0,0,2,45,0,0,45,2265,103,2162,236,0,0,236,618,3,577,11,27,
3172011004,DKI JAKARTA,JAKARTA UTARA,PENJARINGAN,PEJAGALAN,803,8,53,2,740,3,0,0,0,3,11,0,0,11,1348,100,1248,36,0,0,36,465,3,429,7,26,
3174041006,DKI JAKARTA,JAKARTA SELATAN,PASAR MINGGU,PEJATEN BARAT,743,9,89,2,643,8,0,0,0,8,2,0,0,2,1106,171,935,76,0,0,76,410,13,354,6,37,
3174041005,DKI JAKARTA,JAKARTA SELATAN,PASAR MINGGU,PEJATEN TIMUR,740,5,68,1,666,4,0,0,0,4,3,0,0,3,1003,103,900,42,0,0,42,398,13,340,13,32,
3175051005,DKI JAKARTA,JAKARTA TIMUR,PASAR REBO,PEKAYON,1133,7,54,1,1071,2,0,0,0,2,3,0,0,3,537,37,500,15,0,0,15,323,4,298,6,15,
3173041009,DKI JAKARTA,JAKARTA BARAT,TAMBORA,PEKOJAN,396,2,19,2,373,0,0,0,0,0,3,0,0,3,350,19,331,18,0,0,18,174,0,162,5,7,
3174031003,DKI JAKARTA,JAKARTA SELATAN,MAMPANG PRAPATAN,PELA MAMPANG,552,6,24,2,520,4,0,0,0,4,15,0,0,15,1922,118,1804,6,0,0,6,525,14,459,8,44,
3174081005,DKI JAKARTA,JAKARTA SELATAN,PANCORAN,PENGADEGAN,319,3,24,2,290,0,0,0,0,0,9,0,0,9,682,82,600,12,0,0,12,167,8,146,1,12,
3175061003,DKI JAKARTA,JAKARTA TIMUR,CAKUNG,PENGGILINGAN,1143,7,145,1,990,3,0,0,0,3,12,0,1,11,2421,216,2205,87,0,0,87,816,16,738,14,48,
3172011001,DKI JAKARTA,JAKARTA UTARA,PENJARINGAN,PENJARINGAN,1587,11,118,4,1454,4,0,0,0,4,24,0,0,24,3496,139,3357,123,0,0,123,868,7,812,17,32,
3174101001,DKI JAKARTA,JAKARTA SELATAN,PESANGGRAHAN,PESANGGRAHAN,674,9,99,4,562,2,0,0,1,1,0,0,0,0,1257,157,1100,20,0,0,20,239,6,220,4,9,
3171071004,DKI JAKARTA,JAKARTA PUSAT,TANAH ABANG,PETAMBURAN,705,4,23,7,671,0,0,0,0,0,7,0,0,7,1170,116,1054,15,0,0,15,531,14,470,13,34,
3174071008,DKI JAKARTA,JAKARTA SELATAN,KEBAYORAN BARU,PETOGOGAN,353,2,49,0,302,0,0,0,0,0,3,0,0,3,377,26,351,3,0,0,3,153,3,139,0,11,
3171011004,DKI JAKARTA,JAKARTA PUSAT,GAMBIR,PETOJO SELATAN,427,3,137,1,286,0,0,0,0,0,28,0,0,28,916,50,866,17,0,0,17,332,6,293,9,24,
3171011003,DKI JAKARTA,JAKARTA PUSAT,GAMBIR,PETOJO UTARA,276,3,7,3,263,1,0,0,0,1,14,0,0,14,579,56,523,26,0,0,26,187,1,177,3,6,
3174101004,DKI JAKARTA,JAKARTA SELATAN,PESANGGRAHAN,PETUKANGAN SELATAN,685,12,70,2,601,1,0,0,0,1,2,0,0,2,1170,79,1091,11,0,0,11,302,3,287,5,7,
3174101003,DKI JAKARTA,JAKARTA SELATAN,PESANGGRAHAN,PETUKANGAN UTARA,758,6,57,4,691,6,0,0,0,6,6,0,0,6,2010,151,1859,12,0,0,12,444,6,410,2,26,
3175081002,DKI JAKARTA,JAKARTA TIMUR,MAKASAR,PINANG RANTI,348,1,17,1,329,2,1,0,0,1,2,0,0,2,843,42,801,31,0,0,31,251,10,221,6,14,
3173031008,DKI JAKARTA,JAKARTA BARAT,TAMAN SARI,PINANGSIA,197,3,14,1,179,0,0,0,0,0,2,0,0,2,298,10,288,4,0,0,4,136,0,134,0,2,
3175011001,DKI JAKARTA,JAKARTA TIMUR,MATRAMAN,PISANGAN BARU,495,4,37,3,451,2,0,0,0,2,5,0,0,5,772,48,724,35,0,0,35,301,5,262,11,23,
3175021002,DKI JAKARTA,JAKARTA TIMUR,PULO GADUNG,PISANGAN TIMUR,494,7,30,4,453,1,0,0,0,1,10,0,0,10,1496,78,1418,33,0,0,33,348,6,319,5,18,
3172011005,DKI JAKARTA,JAKARTA UTARA,PENJARINGAN,PLUIT,729,3,86,4,636,0,0,0,0,0,14,0,0,14,1719,159,1560,22,0,0,22,400,9,369,9,13,
3175071002,DKI JAKARTA,JAKARTA TIMUR,DUREN SAWIT,PONDOK BAMBU,1253,10,58,1,1184,6,1,0,0,5,3,0,0,3,1629,128,1501,42,0,0,42,614,6,558,13,37,
3175071004,DKI JAKARTA,JAKARTA TIMUR,DUREN SAWIT,PONDOK KELAPA,944,7,42,0,895,2,1,0,0,1,12,0,0,12,1716,157,1559,36,0,0,36,602,14,532,16,40,
3175071007,DKI JAKARTA,JAKARTA TIMUR,DUREN SAWIT,PONDOK KOPI,586,8,23,1,554,0,0,0,0,0,3,0,1,2,712,65,647,18,0,0,18,328,2,290,13,23,
3174061003,DKI JAKARTA,JAKARTA SELATAN,CILANDAK,PONDOK LABU,806,10,57,1,738,6,0,0,0,6,74,0,1,73,1499,73,1426,37,0,0,37,337,9,302,4,22,
3174051002,DKI JAKARTA,JAKARTA SELATAN,KEBAYORAN LAMA,PONDOK PINANG,976,6,136,4,830,0,0,0,0,0,45,0,0,45,1188,112,1076,12,0,0,12,517,14,456,12,35,
3175101003,DKI JAKARTA,JAKARTA TIMUR,CIPAYUNG,PONDOK RANGGON,391,6,31,3,351,1,0,0,0,1,3,0,0,3,641,43,598,23,0,0,23,265,3,243,1,18,
PROSES UPDATE DATA,PROSES UPDATE DATA,PROSES UPDATE DATA,PROSES UPDATE DATA,PROSES UPDATE DATA,19566,26,308,1696,17536,4156,0,0,4136,20,121,0,2,119,46520,1431,45089,535,0,1,534,28281,754,26627,508,392,
3101011003,DKI JAKARTA,KAB.ADM.KEP.SERIBU,KEP. SERIBU UTARA,PULAU HARAPAN,70,0,2,0,68,0,0,0,0,0,0,0,0,0,97,6,91,0,0,0,0,6,0,6,0,0,
3101011002,DKI JAKARTA,KAB.ADM.KEP.SERIBU,KEP. SERIBU UTARA,PULAU KELAPA,94,0,2,1,91,0,0,0,0,0,3,0,0,3,231,13,218,1,0,0,1,19,0,19,0,0,
3101011001,DKI JAKARTA,KAB.ADM.KEP.SERIBU,KEP. SERIBU UTARA,PULAU PANGGANG,216,0,28,1,187,0,0,0,0,0,0,0,0,0,197,14,183,4,0,0,4,30,0,30,0,0,
3101021003,DKI JAKARTA,KAB.ADM.KEP.SERIBU,KEP. SERIBU SELATAN,PULAU PARI,14,0,0,0,14,0,0,0,0,0,0,0,0,0,218,0,218,1,0,0,1,7,0,7,0,0,
3101021002,DKI JAKARTA,KAB.ADM.KEP.SERIBU,KEP. SERIBU SELATAN,PULAU TIDUNG,46,0,2,0,44,1,0,0,1,0,1,0,0,1,416,1,415,1,0,0,1,38,0,37,0,1,
3101021001,DKI JAKARTA,KAB.ADM.KEP.SERIBU,KEP. SERIBU SELATAN,PULAU UNTUNG JAWA,26,0,1,0,25,0,0,0,0,0,1,0,1,0,117,2,115,0,0,0,0,5,0,5,0,0,
3174071007,DKI JAKARTA,JAKARTA SELATAN,KEBAYORAN BARU,PULO,355,1,26,1,327,1,0,0,0,1,1,0,0,1,277,27,250,0,0,0,0,80,1,76,0,3,
3175021001,DKI JAKARTA,JAKARTA TIMUR,PULO GADUNG,PULO GADUNG,591,6,31,2,552,0,0,0,0,0,12,0,0,12,1161,71,1090,49,0,0,49,346,3,318,9,16,
3175061005,DKI JAKARTA,JAKARTA TIMUR,CAKUNG,PULO GEBANG,963,7,116,2,838,1,0,0,0,1,9,0,0,9,2109,379,1730,79,0,0,79,647,13,571,12,51,
3174041004,DKI JAKARTA,JAKARTA SELATAN,PASAR MINGGU,RAGUNAN,1263,7,152,2,1102,1,0,0,0,1,2,0,0,2,1021,77,944,25,0,0,25,378,11,328,8,31,
3175091005,DKI JAKARTA,JAKARTA TIMUR,CIRACAS,RAMBUTAN,714,14,80,1,619,2,0,0,0,2,12,0,0,12,936,40,896,29,0,0,29,317,4,282,5,26,
3172031006,DKI JAKARTA,JAKARTA UTARA,KOJA,RAWA BADAK SELATAN,679,8,52,2,617,3,1,0,0,2,2,0,0,2,761,65,696,64,0,0,64,446,6,399,5,36,
3172031004,DKI JAKARTA,JAKARTA UTARA,KOJA,RAWA BADAK UTARA,708,5,122,1,580,0,0,0,0,0,2,0,0,2,703,39,664,101,0,0,101,338,2,311,4,21,
3174071005,DKI JAKARTA,JAKARTA SELATAN,KEBAYORAN BARU,RAWA BARAT,170,3,15,2,150,0,0,0,0,0,2,0,0,2,219,7,212,0,0,0,0,73,2,62,1,8,
3173011003,DKI JAKARTA,JAKARTA BARAT,CENGKARENG,RAWA BUAYA,619,7,34,2,576,1,0,0,0,1,6,0,0,6,1207,82,1125,8,0,0,8,473,7,429,14,23,
3175031004,DKI JAKARTA,JAKARTA TIMUR,JATINEGARA,RAWA BUNGA,225,1,11,1,212,0,0,0,0,0,2,0,0,2,401,44,357,18,0,0,18,189,1,176,4,8,
3174081003,DKI JAKARTA,JAKARTA SELATAN,PANCORAN,RAWA JATI,443,3,33,0,407,2,0,0,0,2,12,0,0,12,810,66,744,8,0,0,8,181,4,159,0,18,
3175061002,DKI JAKARTA,JAKARTA TIMUR,CAKUNG,RAWA TERATE,215,0,13,0,202,0,0,0,0,0,2,0,0,2,551,76,475,12,0,0,12,233,1,216,1,15,
3175021005,DKI JAKARTA,JAKARTA TIMUR,PULO GADUNG,RAWAMANGUN,579,5,96,0,478,1,0,0,0,1,11,0,0,11,1236,94,1142,43,0,0,43,401,6,364,9,22,
3171051003,DKI JAKARTA,JAKARTA PUSAT,CEMPAKA PUTIH,RAWASARI,1056,3,134,2,917,8,1,0,1,6,10,0,0,10,1734,121,1613,40,0,0,40,524,12,481,8,23,
3173041010,DKI JAKARTA,JAKARTA BARAT,TAMBORA,ROA MALAKA,53,0,4,0,49,1,0,0,0,1,0,0,0,0,83,17,66,2,0,0,2,20,0,20,0,0,
3172041006,DKI JAKARTA,JAKARTA UTARA,CILINCING,ROROTAN,616,4,86,2,524,0,0,0,0,0,5,0,0,5,766,53,713,86,0,0,86,284,0,233,2,49,
3174071004,DKI JAKARTA,JAKARTA SELATAN,KEBAYORAN BARU,SELONG,130,1,16,0,113,0,0,0,0,0,3,0,0,3,181,16,165,3,0,0,3,39,1,31,1,6,
3173061002,DKI JAKARTA,JAKARTA BARAT,KALI DERES,SEMANAN,833,9,50,3,771,1,0,0,0,1,3,0,0,3,1488,114,1374,9,0,0,9,366,4,334,5,23,
3172041007,DKI JAKARTA,JAKARTA UTARA,CILINCING,SEMPER BARAT,1142,17,108,1,1016,3,0,0,0,3,12,0,0,12,1464,50,1414,129,0,0,129,623,5,575,11,32,
3172041005,DKI JAKARTA,JAKARTA UTARA,CILINCING,SEMPER TIMUR,609,12,40,1,556,1,0,0,0,1,5,0,1,4,868,33,835,61,0,0,61,317,2,300,6,9,
3174071006,DKI JAKARTA,JAKARTA SELATAN,KEBAYORAN BARU,SENAYAN,624,1,84,0,539,0,0,0,0,0,10,0,0,10,848,80,768,0,0,0,0,233,0,224,0,9,
3171041001,DKI JAKARTA,JAKARTA PUSAT,SENEN,SENEN,255,0,13,0,242,2,1,0,0,1,9,0,0,9,978,166,812,26,0,0,26,183,1,168,4,10,
3171031004,DKI JAKARTA,JAKARTA PUSAT,KEMAYORAN,SERDANG,628,4,51,2,571,0,0,0,0,0,5,0,0,5,985,76,909,32,0,0,32,373,4,346,10,13,
3174021001,DKI JAKARTA,JAKARTA SELATAN,SETIA BUDI,SETIA BUDI,141,1,9,0,131,0,0,0,0,0,4,0,0,4,424,22,402,6,0,0,6,68,6,56,1,5,
3175101005,DKI JAKARTA,JAKARTA TIMUR,CIPAYUNG,SETU,342,4,16,0,322,3,1,0,0,2,2,0,0,2,584,42,542,14,0,0,14,186,13,159,2,12,
3173071002,DKI JAKARTA,JAKARTA BARAT,PALMERAH,SLIPI,734,3,53,2,676,1,0,0,0,1,2,0,0,2,1286,82,1204,46,0,0,46,402,12,362,4,24,
3173081004,DKI JAKARTA,JAKARTA BARAT,KEMBANGAN,SRENGSENG,829,3,72,3,751,1,0,0,0,1,7,0,1,6,1751,174,1577,27,0,0,27,456,7,416,5,28,
3174091002,DKI JAKARTA,JAKARTA SELATAN,JAGAKARSA,SRENGSENG SAWAH,1101,4,75,0,1022,8,0,0,0,8,11,0,0,11,1320,68,1252,30,0,0,30,347,5,282,9,51,
3173051003,DKI JAKARTA,JAKARTA BARAT,KEBON JERUK,SUKABUMI SELATAN,464,2,40,4,418,1,0,0,0,1,1,0,0,1,932,78,854,25,0,0,25,294,5,265,7,17,
3173051002,DKI JAKARTA,JAKARTA BARAT,KEBON JERUK,SUKABUMI UTARA,594,1,53,3,537,1,0,0,0,1,21,0,1,20,1105,85,1020,49,0,0,49,386,7,341,11,27,
3172041002,DKI JAKARTA,JAKARTA UTARA,CILINCING,SUKAPURA,870,9,87,2,772,0,0,0,0,0,6,0,0,6,1317,164,1153,117,0,0,117,498,5,437,9,47,
3171031007,DKI JAKARTA,JAKARTA PUSAT,KEMAYORAN,SUMUR BATU,578,3,74,1,500,2,0,0,0,2,7,0,1,6,775,66,709,33,0,0,33,288,4,267,4,13,
3172021004,DKI JAKARTA,JAKARTA UTARA,TANJUNG PRIOK,SUNGAI BAMBU,562,2,51,0,509,0,0,0,0,0,7,0,0,7,840,59,781,50,0,0,50,290,4,262,6,18,
3172021006,DKI JAKARTA,JAKARTA UTARA,TANJUNG PRIOK,SUNTER AGUNG,1552,10,126,1,1415,5,0,0,0,5,24,0,1,23,2627,218,2409,115,0,0,115,836,17,763,22,34,
3172021002,DKI JAKARTA,JAKARTA UTARA,TANJUNG PRIOK,SUNTER JAYA,1250,5,90,6,1149,1,0,0,0,1,11,0,0,11,2245,192,2053,201,0,0,201,768,9,700,19,40,
3175091004,DKI JAKARTA,JAKARTA TIMUR,CIRACAS,SUSUKAN,748,1,79,1,667,0,0,0,0,0,18,0,0,18,1596,33,1563,69,0,0,69,262,1,238,8,15,
3173031001,DKI JAKARTA,JAKARTA BARAT,TAMAN SARI,TAMAN SARI,353,1,20,0,332,2,0,0,0,2,1,0,0,1,582,86,496,17,0,0,17,237,4,219,4,10,
3173041001,DKI JAKARTA,JAKARTA BARAT,TAMBORA,TAMBORA,268,3,11,3,251,1,0,0,0,1,2,0,0,2,367,14,353,4,0,0,4,132,2,120,3,7,
3173041004,DKI JAKARTA,JAKARTA BARAT,TAMBORA,TANAH SEREAL,390,3,26,2,359,1,0,0,0,1,4,0,0,4,373,25,348,5,0,0,5,216,0,194,7,15,
3171081004,DKI JAKARTA,JAKARTA PUSAT,JOHAR BARU,TANAH TINGGI,597,4,18,3,572,5,0,0,0,5,7,0,0,7,1303,37,1266,38,0,0,38,461,3,428,16,14,
3173031004,DKI JAKARTA,JAKARTA BARAT,TAMAN SARI,TANGKI,302,1,11,1,289,2,0,0,0,2,5,0,0,5,400,35,365,4,0,0,4,174,3,152,1,18,
3174091005,DKI JAKARTA,JAKARTA SELATAN,JAGAKARSA,TANJUNG BARAT,872,3,46,1,822,1,0,0,0,1,2,0,0,2,834,77,757,13,0,0,13,366,3,333,7,23,
3173021005,DKI JAKARTA,JAKARTA BARAT,GROGOL PETAMBURAN,TANJUNG DUREN SELATAN,586,2,59,1,524,0,0,0,0,0,19,0,0,19,925,87,838,25,0,0,25,410,8,371,12,19,
3173021002,DKI JAKARTA,JAKARTA BARAT,GROGOL PETAMBURAN,TANJUNG DUREN UTARA,377,1,28,0,348,2,0,0,0,2,21,0,0,21,801,69,732,21,0,0,21,229,4,209,9,7,
3172021001,DKI JAKARTA,JAKARTA UTARA,TANJUNG PRIOK,TANJUNG PRIOK,705,3,60,6,636,2,1,0,0,1,13,0,0,13,1002,69,933,76,0,0,76,474,2,441,12,19,
3174011002,DKI JAKARTA,JAKARTA SELATAN,TEBET,TEBET BARAT,900,7,248,0,645,2,0,0,0,2,8,0,0,8,845,53,792,25,0,0,25,513,11,416,8,78,
3174011001,DKI JAKARTA,JAKARTA SELATAN,TEBET,TEBET TIMUR,530,2,29,2,497,0,0,0,0,0,7,0,0,7,756,98,658,36,0,0,36,281,6,256,5,14,
3173061003,DKI JAKARTA,JAKARTA BARAT,KALI DERES,TEGAL ALUR,999,15,86,6,892,0,0,0,0,0,7,0,0,7,1675,147,1528,13,0,0,13,404,6,347,10,41,
3174031004,DKI JAKARTA,JAKARTA SELATAN,MAMPANG PRAPATAN,TEGAL PARANG,443,7,15,3,418,5,0,0,1,4,4,0,0,4,1290,107,1183,12,0,0,12,409,6,368,7,28,
3173021003,DKI JAKARTA,JAKARTA BARAT,GROGOL PETAMBURAN,TOMANG,605,1,36,2,566,0,0,0,0,0,23,0,0,23,1054,140,914,86,0,0,86,402,8,358,8,28,
3172031005,DKI JAKARTA,JAKARTA UTARA,KOJA,TUGU SELATAN,625,3,61,1,560,0,0,0,0,0,2,0,0,2,686,123,563,99,0,0,99,411,2,375,8,26,
3172031002,DKI JAKARTA,JAKARTA UTARA,KOJA,TUGU UTARA,1248,17,104,0,1127,3,0,0,0,3,10,0,1,9,1157,58,1099,124,0,0,124,576,4,519,18,35,
3175061006,DKI JAKARTA,JAKARTA TIMUR,CAKUNG,UJUNG MENTENG,266,2,32,2,230,1,0,0,0,1,1,0,0,1,674,89,585,34,0,0,34,216,3,177,3,33,
3174101005,DKI JAKARTA,JAKARTA SELATAN,PESANGGRAHAN,ULUJAMI,738,3,52,2,681,0,0,0,0,0,0,0,0,0,1423,91,1332,26,0,0,26,361,2,321,10,28,
3175011006,DKI JAKARTA,JAKARTA TIMUR,MATRAMAN,UTAN KAYU SELATAN,672,11,53,8,600,2,0,0,0,2,8,0,0,8,1257,154,1103,98,0,0,98,388,7,354,9,18,
3175011002,DKI JAKARTA,JAKARTA TIMUR,MATRAMAN,UTAN KAYU UTARA,664,5,144,0,515,3,1,0,0,2,6,0,0,6,1079,198,881,49,0,0,49,329,6,285,14,24,
3171031008,DKI JAKARTA,JAKARTA PUSAT,KEMAYORAN,UTAN PANJANG,514,0,30,2,482,0,0,0,0,0,4,0,0,4,743,32,711,30,0,0,30,348,1,330,9,8,
3172021007,DKI JAKARTA,JAKARTA UTARA,TANJUNG PRIOK,WARAKAS,786,4,52,2,728,0,0,0,0,0,12,0,1,11,1210,91,1119,70,0,0,70,456,6,426,8,16,
3173021007,DKI JAKARTA,JAKARTA BARAT,GROGOL PETAMBURAN,WIJAYA KUSUMA,531,4,36,2,489,1,0,0,0,1,7,0,0,7,1052,62,990,24,0,0,24,362,9,324,9,20,
