id_kel,nama_provinsi,nama_kota,nama_kecamatan,nama_kelurahan,suspek,perawatan_rs,isolasi_di_rumah,suspek_meninggal,selesai_isolasi,probable,perawatan_rs,isolasi_di_rumah,probable_meninggal,selesai_isolasi,pelaku_perjalanan,perawatan_rs,isolasi_di_rumah,selesai_isolasi,kontak_erat,isolasi_di_rumah,selesai_isolasi,discarded,isolasi_di_rumah,meninggal,selesai_isolasi,positif,dirawat,sembuh,meninggal,self_isolation,keterangan
3172051003,DKI JAKARTA,JAKARTA UTARA,PADEMANGAN,ANCOL,541,2,39,0,500,4,0,0,0,4,10,0,0,10,722,41,681,10,0,0,10,351,5,336,4,6,
3173041007,DKI JAKARTA,JAKARTA BARAT,TAMBORA,ANGKE,463,2,31,2,428,1,0,0,1,0,1,0,0,1,527,16,511,26,0,0,26,212,5,193,4,10,
3175041005,DKI JAKARTA,JAKARTA TIMUR,KRAMAT JATI,BALE KAMBANG,336,3,37,1,295,7,4,0,0,3,5,0,0,5,656,92,564,23,0,0,23,205,3,185,3,14,
3175031003,DKI JAKARTA,JAKARTA TIMUR,JATINEGARA,BALI MESTER,119,2,8,1,108,1,0,0,0,1,1,0,0,1,217,17,200,6,0,0,6,184,1,169,2,12,
3175101006,DKI JAKARTA,JAKARTA TIMUR,CIPAYUNG,BAMBU APUS,505,5,53,1,446,0,0,0,0,0,4,0,0,4,735,60,675,19,0,0,19,206,9,178,3,16,
3174031002,DKI JAKARTA,JAKARTA SELATAN,MAMPANG PRAPATAN,BANGKA,366,5,41,2,318,5,0,0,1,4,18,0,0,18,772,64,708,8,0,0,8,204,2,192,2,8,
3175051002,DKI JAKARTA,JAKARTA TIMUR,PASAR REBO,BARU,482,8,33,1,440,0,0,0,0,0,5,0,0,5,447,25,422,19,0,0,19,232,3,214,0,15,
3175041004,DKI JAKARTA,JAKARTA TIMUR,KRAMAT JATI,BATU AMPAR,613,2,62,1,548,3,0,0,0,3,3,0,0,3,1248,95,1153,28,0,0,28,319,12,283,6,18,
3171071002,DKI JAKARTA,JAKARTA PUSAT,TANAH ABANG,BENDUNGAN HILIR,497,2,27,0,468,2,0,0,0,2,4,0,0,4,894,44,850,11,0,0,11,301,7,267,9,18,
3175031002,DKI JAKARTA,JAKARTA TIMUR,JATINEGARA,BIDARA CINA,446,1,39,3,403,1,0,0,0,1,8,0,0,8,657,42,615,38,0,0,38,325,4,293,10,18,
3174101002,DKI JAKARTA,JAKARTA SELATAN,PESANGGRAHAN,BINTARO,865,7,74,2,782,5,1,0,0,4,9,0,0,9,1696,137,1559,27,0,0,27,426,9,366,10,41,
3174011005,DKI JAKARTA,JAKARTA SELATAN,TEBET,BUKIT DURI,457,4,41,3,409,2,0,0,0,2,15,0,1,14,683,56,627,16,0,0,16,258,1,242,8,7,
3171041006,DKI JAKARTA,JAKARTA PUSAT,SENEN,BUNGUR,278,2,20,2,254,1,0,0,0,1,13,0,0,13,648,27,621,17,0,0,17,213,1,201,5,6,
3175061007,DKI JAKARTA,JAKARTA TIMUR,CAKUNG,CAKUNG BARAT,417,0,46,1,370,3,1,0,0,2,0,0,0,0,835,83,752,53,0,0,53,386,11,335,6,34,
3175061004,DKI JAKARTA,JAKARTA TIMUR,CAKUNG,CAKUNG TIMUR,508,4,67,2,435,3,0,0,1,2,6,0,0,6,953,65,888,49,0,0,49,333,6,308,9,10,
3175041007,DKI JAKARTA,JAKARTA TIMUR,KRAMAT JATI,CAWANG,428,2,69,0,357,1,0,0,0,1,6,0,0,6,1096,75,1021,22,0,0,22,366,7,338,6,15,
3175101008,DKI JAKARTA,JAKARTA TIMUR,CIPAYUNG,CEGER,286,1,25,0,260,0,0,0,0,0,1,0,0,1,472,23,449,10,0,0,10,145,1,137,3,4,
3171031006,DKI JAKARTA,JAKARTA PUSAT,KEMAYORAN,CEMPAKA BARU,755,7,59,2,687,1,0,0,0,1,7,0,0,7,1167,80,1087,36,0,0,36,479,1,442,17,19,
3171051002,DKI JAKARTA,JAKARTA PUSAT,CEMPAKA PUTIH,CEMPAKA PUTIH BARAT,1079,6,114,2,957,9,5,0,0,4,21,0,0,21,2198,107,2091,51,0,0,51,722,2,684,16,20,
3171051001,DKI JAKARTA,JAKARTA PUSAT,CEMPAKA PUTIH,CEMPAKA PUTIH TIMUR,741,2,56,1,682,1,0,0,0,1,12,0,0,12,1616,42,1574,61,0,0,61,387,4,366,6,11,
3173011001,DKI JAKARTA,JAKARTA BARAT,CENGKARENG,CENGKARENG BARAT,937,4,141,1,791,0,0,0,0,0,6,0,0,6,1713,264,1449,14,0,0,14,582,20,503,10,49,
3173011006,DKI JAKARTA,JAKARTA BARAT,CENGKARENG,CENGKARENG TIMUR,1053,7,82,7,957,2,0,0,0,2,4,0,0,4,2097,128,1969,18,0,0,18,779,11,704,17,47,
3175091002,DKI JAKARTA,JAKARTA TIMUR,CIRACAS,CIBUBUR,999,8,32,4,955,1,0,0,0,1,30,0,0,30,2121,66,2055,94,0,0,94,396,5,363,8,20,
3171011002,DKI JAKARTA,JAKARTA PUSAT,GAMBIR,CIDENG,332,4,11,2,315,0,0,0,0,0,10,0,0,10,688,51,637,13,0,0,13,216,1,200,7,8,
3174091003,DKI JAKARTA,JAKARTA SELATAN,JAGAKARSA,CIGANJUR,820,1,81,1,737,2,0,0,0,2,12,0,0,12,879,53,826,14,0,0,14,254,7,224,4,19,
3175051003,DKI JAKARTA,JAKARTA TIMUR,PASAR REBO,CIJANTUNG,948,4,80,3,861,0,0,0,0,0,4,0,1,3,640,44,596,12,0,0,12,370,11,330,10,19,
3171061003,DKI JAKARTA,JAKARTA PUSAT,MENTENG,CIKINI,180,4,11,0,165,2,2,0,0,0,2,0,0,2,241,14,227,11,0,0,11,86,1,68,2,15,
3174081006,DKI JAKARTA,JAKARTA SELATAN,PANCORAN,CIKOKO,213,1,14,0,198,1,0,0,0,1,10,0,0,10,304,16,288,1,0,0,1,95,2,75,3,15,
3174061001,DKI JAKARTA,JAKARTA SELATAN,CILANDAK,CILANDAK BARAT,1604,10,272,5,1317,1,0,0,0,1,97,0,0,97,1857,158,1699,42,0,0,42,516,10,424,9,73,
3174041003,DKI JAKARTA,JAKARTA SELATAN,PASAR MINGGU,CILANDAK TIMUR,571,4,33,1,533,5,0,0,0,5,17,0,0,17,552,44,508,87,0,0,87,289,10,264,8,7,
3175101002,DKI JAKARTA,JAKARTA TIMUR,CIPAYUNG,CILANGKAP,412,1,26,1,384,1,0,0,0,1,3,0,0,3,724,57,667,22,0,0,22,201,3,189,2,7,
3175041006,DKI JAKARTA,JAKARTA TIMUR,KRAMAT JATI,CILILITAN,395,5,41,1,348,1,1,0,0,0,7,0,0,7,1009,79,930,48,0,0,48,364,4,335,8,17,
3172041001,DKI JAKARTA,JAKARTA UTARA,CILINCING,CILINCING,704,9,55,1,639,1,0,0,0,1,6,0,0,6,1240,42,1198,106,0,0,106,442,6,410,12,14,
3175101001,DKI JAKARTA,JAKARTA TIMUR,CIPAYUNG,CIPAYUNG,618,3,42,2,571,3,0,0,1,2,7,0,0,7,776,35,741,34,0,0,34,252,7,229,3,13,
3174091006,DKI JAKARTA,JAKARTA SELATAN,JAGAKARSA,CIPEDAK,666,2,52,0,612,5,3,0,0,2,1,0,0,1,960,73,887,9,0,0,9,315,6,276,3,30,
3174061005,DKI JAKARTA,JAKARTA SELATAN,CILANDAK,CIPETE SELATAN,390,1,53,1,335,2,0,0,0,2,46,0,0,46,634,43,591,6,0,0,6,171,5,153,8,5,
3174071010,DKI JAKARTA,JAKARTA SELATAN,KEBAYORAN BARU,CIPETE UTARA,787,3,62,3,719,0,0,0,0,0,9,0,0,9,678,34,644,6,0,0,6,214,3,193,4,14,
3175021003,DKI JAKARTA,JAKARTA TIMUR,PULO GADUNG,CIPINANG,385,3,18,2,362,1,0,0,0,1,3,0,0,3,1109,122,987,45,0,0,45,413,9,364,13,27,
3175031007,DKI JAKARTA,JAKARTA TIMUR,JATINEGARA,CIPINANG BESAR SELATAN,342,4,20,2,316,2,0,0,0,2,2,0,0,2,691,44,647,18,0,0,18,274,8,248,2,16,
3175031008,DKI JAKARTA,JAKARTA TIMUR,JATINEGARA,CIPINANG BESAR UTARA,497,1,19,0,477,2,0,0,0,2,3,0,0,3,1106,158,948,24,0,0,24,435,4,392,7,32,
3175031005,DKI JAKARTA,JAKARTA TIMUR,JATINEGARA,CIPINANG CEMPEDAK,309,3,14,2,290,0,0,0,0,0,7,0,0,7,613,40,573,23,0,0,23,241,5,214,6,16,
3175081005,DKI JAKARTA,JAKARTA TIMUR,MAKASAR,CIPINANG MELAYU,448,8,25,2,413,4,1,0,0,3,5,0,0,5,847,45,802,21,0,0,21,327,7,297,7,16,
3175031006,DKI JAKARTA,JAKARTA TIMUR,JATINEGARA,CIPINANG MUARA,527,3,39,1,484,5,0,0,0,5,10,0,0,10,1123,85,1038,32,0,0,32,518,16,455,6,41,
3174051003,DKI JAKARTA,JAKARTA SELATAN,KEBAYORAN LAMA,CIPULIR,415,3,31,4,377,6,0,0,0,6,6,0,0,6,610,30,580,10,0,0,10,288,5,260,4,19,
3175091001,DKI JAKARTA,JAKARTA TIMUR,CIRACAS,CIRACAS,1140,7,89,9,1035,4,1,0,0,3,32,0,6,26,1878,61,1817,45,0,0,45,568,6,504,17,41,
3175041003,DKI JAKARTA,JAKARTA TIMUR,KRAMAT JATI,DUKUH,375,0,50,1,324,0,0,0,0,0,1,0,0,1,926,167,759,14,0,0,14,213,0,196,5,12,
3175071001,DKI JAKARTA,JAKARTA TIMUR,DUREN SAWIT,DUREN SAWIT,992,8,42,3,939,18,0,0,0,18,4,0,0,4,1387,122,1265,37,0,0,37,660,7,615,15,23,
3174081004,DKI JAKARTA,JAKARTA SELATAN,PANCORAN,DUREN TIGA,519,5,34,0,480,2,0,0,0,2,6,0,0,6,726,46,680,3,0,0,3,236,3,225,2,6,
3173051005,DKI JAKARTA,JAKARTA BARAT,KEBON JERUK,DURI KEPA,698,5,67,2,624,4,1,0,0,3,12,0,0,12,1480,88,1392,74,0,0,74,490,14,442,14,20,
3173011002,DKI JAKARTA,JAKARTA BARAT,CENGKARENG,DURI KOSAMBI,803,10,97,3,693,1,0,0,0,1,4,0,0,4,1345,87,1258,11,0,0,11,547,9,498,8,32,
3171011006,DKI JAKARTA,JAKARTA PUSAT,GAMBIR,DURI PULO,234,2,15,3,214,0,0,0,0,0,1,0,0,1,580,49,531,7,0,0,7,215,5,190,8,12,
3173041011,DKI JAKARTA,JAKARTA BARAT,TAMBORA,DURI SELATAN,212,0,11,1,200,0,0,0,0,0,2,0,0,2,203,12,191,4,0,0,4,93,3,85,3,2,
3173041003,DKI JAKARTA,JAKARTA BARAT,TAMBORA,DURI UTARA,249,0,17,2,230,1,0,0,0,1,2,0,0,2,274,16,258,5,0,0,5,157,2,147,4,4,
3171081003,DKI JAKARTA,JAKARTA PUSAT,JOHAR BARU,GALUR,256,2,16,0,238,4,1,0,0,3,3,0,0,3,588,22,566,48,0,0,48,212,0,197,10,5,
3171011001,DKI JAKARTA,JAKARTA PUSAT,GAMBIR,GAMBIR,121,0,8,0,113,1,0,0,0,1,17,0,0,17,456,22,434,6,0,0,6,198,3,188,1,6,
3174061004,DKI JAKARTA,JAKARTA SELATAN,CILANDAK,GANDARIA SELATAN,273,2,20,0,251,2,0,0,0,2,20,0,0,20,794,54,740,4,0,0,4,185,2,170,5,8,
3174071009,DKI JAKARTA,JAKARTA SELATAN,KEBAYORAN BARU,GANDARIA UTARA,792,4,79,2,707,0,0,0,0,0,3,0,0,3,763,26,737,7,0,0,7,268,2,240,6,20,
3175051001,DKI JAKARTA,JAKARTA TIMUR,PASAR REBO,GEDONG,873,5,46,0,822,0,0,0,0,0,4,0,0,4,554,57,497,25,0,0,25,330,4,296,5,25,
3171071001,DKI JAKARTA,JAKARTA PUSAT,TANAH ABANG,GELORA,90,0,8,1,81,0,0,0,0,0,6,0,0,6,352,120,232,0,0,0,0,118,0,108,2,8,
3173031007,DKI JAKARTA,JAKARTA BARAT,TAMAN SARI,GLODOK,131,3,10,0,118,0,0,0,0,0,1,0,0,1,198,14,184,1,0,0,1,49,1,44,2,2,
3171061004,DKI JAKARTA,JAKARTA PUSAT,MENTENG,GONDANGDIA,92,0,13,1,78,0,0,0,0,0,13,0,0,13,173,17,156,7,0,0,7,66,1,60,3,2,
3173021001,DKI JAKARTA,JAKARTA BARAT,GROGOL PETAMBURAN,GROGOL,602,1,52,4,545,1,0,0,0,1,45,0,0,45,1159,90,1069,38,0,0,38,289,6,271,2,10,
3174051005,DKI JAKARTA,JAKARTA SELATAN,KEBAYORAN LAMA,GROGOL SELATAN,543,8,76,5,454,0,0,0,0,0,12,0,0,12,762,39,723,14,0,0,14,354,10,302,7,35,
3174051004,DKI JAKARTA,JAKARTA SELATAN,KEBAYORAN LAMA,GROGOL UTARA,540,6,39,4,491,0,0,0,0,0,24,0,0,24,775,46,729,18,0,0,18,404,6,364,12,22,
3174021007,DKI JAKARTA,JAKARTA SELATAN,SETIA BUDI,GUNTUR,72,0,3,0,69,0,0,0,0,0,1,0,0,1,257,37,220,1,0,0,1,62,0,61,1,0,
3174071002,DKI JAKARTA,JAKARTA SELATAN,KEBAYORAN BARU,GUNUNG,333,0,18,3,312,0,0,0,0,0,7,0,0,7,502,99,403,0,0,0,0,139,2,131,3,3,
3171031005,DKI JAKARTA,JAKARTA PUSAT,KEMAYORAN,GUNUNG SAHARI SELATAN,366,0,28,1,337,0,0,0,0,0,5,0,0,5,759,185,574,1,0,0,1,222,1,203,7,11,
3171021004,DKI JAKARTA,JAKARTA PUSAT,SAWAH BESAR,GUNUNG SAHARI UTARA,329,0,33,1,295,2,0,0,0,2,7,0,0,7,626,35,591,12,0,0,12,202,5,183,10,4,
3175081004,DKI JAKARTA,JAKARTA TIMUR,MAKASAR,HALIM PERDANA KUSUMAH,290,0,12,2,276,0,0,0,0,0,6,0,0,6,806,202,604,9,0,0,9,537,33,470,7,27,
3171031003,DKI JAKARTA,JAKARTA PUSAT,KEMAYORAN,HARAPAN MULIA,419,0,34,3,382,1,0,0,0,1,6,0,0,6,646,30,616,33,0,0,33,288,1,274,9,4,
3174091001,DKI JAKARTA,JAKARTA SELATAN,JAGAKARSA,JAGAKARSA,1193,6,66,2,1119,8,0,0,0,8,8,0,0,8,1410,131,1279,20,0,0,20,479,8,430,6,35,
3175021007,DKI JAKARTA,JAKARTA TIMUR,PULO GADUNG,JATI,433,1,30,1,401,0,0,0,0,0,9,0,0,9,1103,82,1021,40,0,0,40,311,2,286,6,17,
3174041002,DKI JAKARTA,JAKARTA SELATAN,PASAR MINGGU,JATI PADANG,681,10,94,2,575,0,0,0,0,0,4,0,0,4,816,90,726,72,0,0,72,280,3,244,5,28,
3173071004,DKI JAKARTA,JAKARTA BARAT,PALMERAH,JATI PULO,645,4,58,4,579,2,0,0,0,2,5,0,0,5,872,29,843,66,0,0,66,342,1,322,10,9,
3175061001,DKI JAKARTA,JAKARTA TIMUR,CAKUNG,JATINEGARA,949,8,166,3,772,1,0,0,0,1,4,0,0,4,1832,182,1650,51,0,0,51,700,7,637,11,45,
3175021004,DKI JAKARTA,JAKARTA TIMUR,PULO GADUNG,JATINEGARA KAUM,165,3,17,0,145,1,0,0,1,0,4,0,1,3,469,46,423,12,0,0,12,146,3,133,6,4,
3173021004,DKI JAKARTA,JAKARTA BARAT,GROGOL PETAMBURAN,JELAMBAR,552,1,37,5,509,2,0,0,0,2,27,0,0,27,965,78,887,14,0,0,14,327,4,297,8,18,
3173021006,DKI JAKARTA,JAKARTA BARAT,GROGOL PETAMBURAN,JELAMBAR BARU,461,0,31,2,428,2,0,0,0,2,4,0,0,4,800,91,709,23,0,0,23,259,8,232,5,14,
3173041006,DKI JAKARTA,JAKARTA BARAT,TAMBORA,JEMBATAN BESI,595,0,20,1,574,1,0,0,0,1,5,0,0,5,544,25,519,12,0,0,12,283,1,265,8,9,
3173041008,DKI JAKARTA,JAKARTA BARAT,TAMBORA,JEMBATAN LIMA,257,0,31,0,226,0,0,0,0,0,1,0,0,1,249,14,235,6,0,0,6,170,1,157,4,8,
3173081005,DKI JAKARTA,JAKARTA BARAT,KEMBANGAN,JOGLO,644,6,76,4,558,1,0,0,0,1,5,0,0,5,905,73,832,15,0,0,15,302,6,275,5,16,
3171081001,DKI JAKARTA,JAKARTA PUSAT,JOHAR BARU,JOHAR BARU,831,4,67,3,757,9,3,0,0,6,11,0,0,11,2141,110,2031,106,0,0,106,599,5,550,19,25,
3173041002,DKI JAKARTA,JAKARTA BARAT,TAMBORA,KALI ANYAR,432,2,20,0,410,1,0,0,0,1,4,0,0,4,395,17,378,14,0,0,14,220,2,202,7,9,
3172041004,DKI JAKARTA,JAKARTA UTARA,CILINCING,KALI BARU,657,4,54,5,594,0,0,0,0,0,5,0,0,5,738,21,717,49,0,0,49,369,0,355,9,5,
3174081002,DKI JAKARTA,JAKARTA SELATAN,PANCORAN,KALIBATA,715,6,46,4,659,7,0,0,0,7,12,0,0,12,1049,106,943,14,0,0,14,388,7,351,9,21,
3173061001,DKI JAKARTA,JAKARTA BARAT,KALI DERES,KALIDERES,1457,9,125,4,1319,1,0,0,0,1,7,0,1,6,2626,196,2430,31,0,0,31,630,16,547,10,57,
3175051004,DKI JAKARTA,JAKARTA TIMUR,PASAR REBO,KALISARI,1187,3,54,0,1130,0,0,0,0,0,3,0,0,3,647,43,604,14,0,0,14,343,4,311,7,21,
3173061004,DKI JAKARTA,JAKARTA BARAT,KALI DERES,KAMAL,420,5,49,3,363,0,0,0,0,0,1,0,0,1,670,65,605,6,0,0,6,133,5,98,9,21,
3172011002,DKI JAKARTA,JAKARTA UTARA,PENJARINGAN,KAMAL MUARA,130,1,13,0,116,0,0,0,0,0,4,0,0,4,264,26,238,2,0,0,2,111,5,98,2,6,
3171071007,DKI JAKARTA,JAKARTA PUSAT,TANAH ABANG,KAMPUNG BALI,161,2,5,2,152,1,0,0,0,1,2,0,0,2,359,17,342,2,0,0,2,92,2,80,4,6,
3175031001,DKI JAKARTA,JAKARTA TIMUR,JATINEGARA,KAMPUNG MELAYU,287,5,9,5,268,2,0,0,0,2,7,0,0,7,397,26,371,8,0,0,8,298,2,270,5,21,
3171081002,DKI JAKARTA,JAKARTA PUSAT,JOHAR BARU,KAMPUNG RAWA,368,1,29,0,338,3,0,0,0,3,2,0,0,2,868,38,830,66,0,0,66,305,3,280,14,8,
3175041002,DKI JAKARTA,JAKARTA TIMUR,KRAMAT JATI,KAMPUNG TENGAH,689,1,52,1,635,4,1,0,0,3,9,0,0,9,1438,137,1301,54,0,0,54,371,5,340,13,13,
3173011005,DKI JAKARTA,JAKARTA BARAT,CENGKARENG,KAPUK,1070,10,119,16,925,2,0,0,0,2,12,0,0,12,1874,127,1747,15,0,0,15,845,24,740,23,58,
3172011003,DKI JAKARTA,JAKARTA UTARA,PENJARINGAN,KAPUK MUARA,303,2,26,0,275,1,0,0,0,1,20,0,10,10,743,72,671,27,0,0,27,215,5,197,7,6,
3171021002,DKI JAKARTA,JAKARTA PUSAT,SAWAH BESAR,KARANG ANYAR,530,3,35,5,487,1,0,0,0,1,4,0,0,4,1009,52,957,15,0,0,15,259,3,233,7,16,
3174021004,DKI JAKARTA,JAKARTA SELATAN,SETIA BUDI,KARET,158,2,3,0,153,0,0,0,0,0,11,0,0,11,428,15,413,4,0,0,4,135,0,131,0,4,
3174021003,DKI JAKARTA,JAKARTA SELATAN,SETIA BUDI,KARET KUNINGAN,355,1,14,1,339,0,0,0,0,0,22,0,0,22,489,31,458,4,0,0,4,273,7,244,6,16,
3174021002,DKI JAKARTA,JAKARTA SELATAN,SETIA BUDI,KARET SEMANGGI,82,2,4,1,75,0,0,0,0,0,3,0,0,3,97,3,94,2,0,0,2,33,0,28,2,3,
3171071003,DKI JAKARTA,JAKARTA PUSAT,TANAH ABANG,KARET TENGSIN,328,3,18,0,307,1,0,0,0,1,8,0,0,8,829,47,782,3,0,0,3,222,2,198,8,14,
3171021003,DKI JAKARTA,JAKARTA PUSAT,SAWAH BESAR,KARTINI,382,3,26,1,352,1,0,0,0,1,0,0,0,0,773,32,741,18,0,0,18,261,0,242,5,14,
3175011003,DKI JAKARTA,JAKARTA TIMUR,MATRAMAN,KAYU MANIS,444,2,19,0,423,3,0,0,0,3,2,0,0,2,840,66,774,31,0,0,31,262,3,246,7,6,
3175021006,DKI JAKARTA,JAKARTA TIMUR,PULO GADUNG,KAYU PUTIH,601,2,40,4,555,1,0,0,1,0,16,0,0,16,1269,69,1200,66,0,0,66,410,4,373,12,21,
3173031006,DKI JAKARTA,JAKARTA BARAT,TAMAN SARI,KEAGUNGAN,336,1,16,0,319,0,0,0,0,0,4,0,0,4,553,22,531,10,0,0,10,206,4,193,1,8,
3174041007,DKI JAKARTA,JAKARTA SELATAN,PASAR MINGGU,KEBAGUSAN,750,13,46,1,690,3,0,0,0,3,4,0,1,3,904,100,804,41,0,0,41,299,4,263,3,29,
3174051006,DKI JAKARTA,JAKARTA SELATAN,KEBAYORAN LAMA,KEBAYORAN LAMA SELATAN,721,5,53,0,663,5,0,0,0,5,2,0,0,2,878,35,843,14,0,0,14,340,6,310,6,18,
3174051001,DKI JAKARTA,JAKARTA SELATAN,KEBAYORAN LAMA,KEBAYORAN LAMA UTARA,544,7,34,1,502,1,0,0,0,1,15,0,0,15,622,43,579,5,0,0,5,295,9,254,5,27,
3174011004,DKI JAKARTA,JAKARTA SELATAN,TEBET,KEBON BARU,488,1,39,2,446,0,0,0,0,0,15,0,0,15,792,37,755,22,0,0,22,258,2,238,8,10,
3172021005,DKI JAKARTA,JAKARTA UTARA,TANJUNG PRIOK,KEBON BAWANG,860,4,55,1,800,0,0,0,0,0,15,0,0,15,1482,105,1377,98,0,0,98,473,6,455,4,8,
3173051001,DKI JAKARTA,JAKARTA BARAT,KEBON JERUK,KEBON JERUK,1026,4,84,6,932,2,0,0,0,2,14,0,1,13,2350,167,2183,63,0,0,63,705,10,650,20,25,
3171071006,DKI JAKARTA,JAKARTA PUSAT,TANAH ABANG,KEBON KACANG,493,1,10,1,481,1,0,0,0,1,0,0,0,0,627,20,607,8,0,0,8,319,1,297,12,9,
3171011005,DKI JAKARTA,JAKARTA PUSAT,GAMBIR,KEBON KELAPA,174,0,4,1,169,3,0,0,0,3,4,0,0,4,349,10,339,3,0,0,3,101,2,96,1,2,
3171031002,DKI JAKARTA,JAKARTA PUSAT,KEMAYORAN,KEBON KOSONG,443,5,37,5,396,1,0,0,0,1,9,0,0,9,672,107,565,35,0,0,35,288,5,259,7,17,
3175011005,DKI JAKARTA,JAKARTA TIMUR,MATRAMAN,KEBON MANGGIS,236,2,8,4,222,0,0,0,0,0,2,0,0,2,347,35,312,24,0,0,24,175,3,161,3,8,
3171071005,DKI JAKARTA,JAKARTA PUSAT,TANAH ABANG,KEBON MELATI,580,1,22,3,554,2,1,0,0,1,5,0,0,5,1063,31,1032,10,0,0,10,496,1,477,9,9,
3175081003,DKI JAKARTA,JAKARTA TIMUR,MAKASAR,KEBON PALA,428,1,27,1,399,1,0,0,0,1,6,0,0,6,1095,38,1057,18,0,0,18,416,7,382,11,16,
3171061005,DKI JAKARTA,JAKARTA PUSAT,MENTENG,KEBON SIRIH,194,0,7,2,185,0,0,0,0,0,4,0,0,4,345,13,332,20,0,0,20,153,0,147,2,4,
3173011004,DKI JAKARTA,JAKARTA BARAT,CENGKARENG,KEDAUNG KALI ANGKE,565,3,27,0,535,0,0,0,0,0,1,0,0,1,737,40,697,7,0,0,7,399,6,364,7,22,
3173051007,DKI JAKARTA,JAKARTA BARAT,KEBON JERUK,KEDOYA SELATAN,536,9,53,5,469,2,0,0,0,2,8,0,0,8,873,53,820,22,0,0,22,280,6,253,7,14,
3173051006,DKI JAKARTA,JAKARTA BARAT,KEBON JERUK,KEDOYA UTARA,559,4,64,2,489,1,0,0,0,1,15,0,0,15,1132,114,1018,22,0,0,22,377,7,349,8,13,
3173051004,DKI JAKARTA,JAKARTA BARAT,KEBON JERUK,KELAPA DUA,393,3,29,0,361,0,0,0,0,0,5,0,0,5,821,63,758,25,0,0,25,230,3,215,3,9,
3175091003,DKI JAKARTA,JAKARTA TIMUR,CIRACAS,KELAPA DUA WETAN,741,2,62,1,676,1,0,0,0,1,8,0,0,8,1294,50,1244,37,0,0,37,295,8,256,3,28,
3172061003,DKI JAKARTA,JAKARTA UTARA,KELAPA GADING,KELAPA GADING BARAT,1093,5,70,3,1015,2,0,0,0,2,49,0,0,49,1492,66,1426,247,0,0,247,503,18,449,6,30,
3172061001,DKI JAKARTA,JAKARTA UTARA,KELAPA GADING,KELAPA GADING TIMUR,877,1,82,2,792,3,0,0,0,3,23,0,0,23,1427,77,1350,139,0,0,139,396,10,354,9,23,
3173071005,DKI JAKARTA,JAKARTA BARAT,PALMERAH,KEMANGGISAN,780,4,60,6,710,0,0,0,0,0,9,0,0,9,1064,45,1019,52,0,0,52,387,2,368,11,6,
3171031001,DKI JAKARTA,JAKARTA PUSAT,KEMAYORAN,KEMAYORAN,473,2,33,3,435,2,0,0,0,2,3,0,0,3,685,33,652,27,0,0,27,356,1,338,10,7,
3173081006,DKI JAKARTA,JAKARTA BARAT,KEMBANGAN,KEMBANGAN SELATAN,404,4,58,1,341,0,0,0,0,0,8,0,0,8,791,36,755,54,0,0,54,244,9,222,5,8,
3173081001,DKI JAKARTA,JAKARTA BARAT,KEMBANGAN,KEMBANGAN UTARA,792,8,79,3,702,4,0,0,1,3,3,0,0,3,1919,84,1835,11,0,0,11,393,5,365,7,16,
3171041002,DKI JAKARTA,JAKARTA PUSAT,SENEN,KENARI,277,0,13,1,263,1,0,0,0,1,8,0,0,8,625,37,588,46,0,0,46,196,3,186,3,4,
3173041005,DKI JAKARTA,JAKARTA BARAT,TAMBORA,KERENDANG,301,2,11,2,286,1,0,0,0,1,0,0,0,0,242,11,231,9,0,0,9,165,1,149,8,7,
3175071003,DKI JAKARTA,JAKARTA TIMUR,DUREN SAWIT,KLENDER,750,4,32,2,712,4,0,0,0,4,5,0,0,5,1294,82,1212,40,0,0,40,554,5,484,18,47,
3172031001,DKI JAKARTA,JAKARTA UTARA,KOJA,KOJA,393,7,27,0,359,0,0,0,0,0,4,0,0,4,546,43,503,54,0,0,54,383,1,361,9,12,
3173071006,DKI JAKARTA,JAKARTA BARAT,PALMERAH,KOTA BAMBU SELATAN,598,2,39,5,552,0,0,0,0,0,1,0,0,1,963,43,920,73,0,0,73,317,5,296,5,11,
3173071003,DKI JAKARTA,JAKARTA BARAT,PALMERAH,KOTA BAMBU UTARA,494,3,36,11,444,3,0,0,0,3,3,0,0,3,670,46,624,54,0,0,54,280,5,257,9,9,
3171041004,DKI JAKARTA,JAKARTA PUSAT,SENEN,KRAMAT,497,2,44,6,445,0,0,0,0,0,10,0,1,9,1097,80,1017,36,0,0,36,343,4,319,11,9,
3175041001,DKI JAKARTA,JAKARTA TIMUR,KRAMAT JATI,KRAMAT JATI,533,1,47,1,484,1,0,0,0,1,13,0,0,13,1113,82,1031,23,0,0,23,460,6,419,13,22,
3174071003,DKI JAKARTA,JAKARTA SELATAN,KEBAYORAN BARU,KRAMAT PELA,311,0,25,0,286,0,0,0,0,0,0,0,0,0,546,13,533,7,0,0,7,172,0,166,3,3,
3173031002,DKI JAKARTA,JAKARTA BARAT,TAMAN SARI,KRUKUT,349,5,35,6,303,2,0,0,0,2,3,0,0,3,531,25,506,13,0,0,13,223,3,210,4,6,
3174031005,DKI JAKARTA,JAKARTA SELATAN,MAMPANG PRAPATAN,KUNINGAN BARAT,168,0,9,1,158,1,0,0,0,1,0,0,0,0,537,33,504,5,0,0,5,169,4,154,2,9,
3174021008,DKI JAKARTA,JAKARTA SELATAN,SETIA BUDI,KUNINGAN TIMUR,242,3,46,1,192,1,0,0,0,1,20,0,0,20,269,28,241,4,0,0,4,156,3,131,2,20,
3171041005,DKI JAKARTA,JAKARTA PUSAT,SENEN,KWITANG,274,0,12,0,262,3,0,0,0,3,7,0,0,7,545,18,527,11,0,0,11,142,2,131,6,3,
3172031003,DKI JAKARTA,JAKARTA UTARA,KOJA,LAGOA,793,2,47,1,743,1,0,0,0,1,5,0,0,5,863,36,827,86,0,0,86,725,3,688,15,19,
3174061002,DKI JAKARTA,JAKARTA SELATAN,CILANDAK,LEBAK BULUS,550,2,47,2,499,3,0,0,0,3,27,0,0,27,1249,97,1152,22,0,0,22,510,4,481,10,15,
3174091004,DKI JAKARTA,JAKARTA SELATAN,JAGAKARSA,LENTENG AGUNG,940,3,66,0,871,4,1,0,0,3,6,0,0,6,978,133,845,16,0,0,16,350,3,296,3,48,
LUAR DKI JAKARTA,LUAR DKI JAKARTA,LUAR DKI JAKARTA,LUAR DKI JAKARTA,LUAR DKI JAKARTA,53822,355,5020,98,48349,101,6,0,0,95,690,0,10,680,82477,8920,73557,3082,0,0,3082,8822,198,8254,137,233,
3175101007,DKI JAKARTA,JAKARTA TIMUR,CIPAYUNG,LUBANG BUAYA,994,2,62,3,927,3,0,0,0,3,10,0,0,10,959,44,915,34,0,0,34,493,9,456,3,25,
3175081001,DKI JAKARTA,JAKARTA TIMUR,MAKASAR,MAKASAR,461,3,37,1,420,0,0,0,0,0,8,0,0,8,1391,64,1327,25,0,0,25,383,3,335,8,37,
3175071006,DKI JAKARTA,JAKARTA TIMUR,DUREN SAWIT,MALAKA JAYA,397,0,27,2,368,1,0,0,0,1,2,0,0,2,780,53,727,16,0,0,16,289,4,255,4,26,
3175071005,DKI JAKARTA,JAKARTA TIMUR,DUREN SAWIT,MALAKA SARI,370,1,21,1,347,0,0,0,0,0,1,0,0,1,705,44,661,15,0,0,15,250,2,225,4,19,
3174031001,DKI JAKARTA,JAKARTA SELATAN,MAMPANG PRAPATAN,MAMPANG PRAPATAN,382,2,24,2,354,2,0,0,0,2,0,0,0,0,1144,72,1072,10,0,0,10,353,6,326,11,10,
3173031005,DKI JAKARTA,JAKARTA BARAT,TAMAN SARI,MANGGA BESAR,173,2,13,1,157,1,0,0,0,1,0,0,0,0,216,11,205,6,0,0,6,85,1,79,4,1,
3171021005,DKI JAKARTA,JAKARTA PUSAT,SAWAH BESAR,MANGGA DUA SELATAN,481,4,31,1,445,3,0,0,0,3,1,0,0,1,927,32,895,19,0,0,19,283,2,267,8,6,
3174011007,DKI JAKARTA,JAKARTA SELATAN,TEBET,MANGGARAI,506,3,36,0,467,4,0,0,0,4,4,0,0,4,695,73,622,27,0,0,27,291,5,269,2,15,
3174011006,DKI JAKARTA,JAKARTA SELATAN,TEBET,MANGGARAI SELATAN,349,2,20,2,325,0,0,0,0,0,6,0,0,6,572,44,528,24,0,0,24,185,3,158,8,16,
3173031003,DKI JAKARTA,JAKARTA BARAT,TAMAN SARI,MAPHAR,277,3,18,1,255,0,0,0,0,0,6,0,0,6,437,20,417,41,0,0,41,231,3,219,3,6,
3172041003,DKI JAKARTA,JAKARTA UTARA,CILINCING,MARUNDA,356,7,29,0,320,3,0,0,0,3,0,0,0,0,394,18,376,18,0,0,18,141,1,131,1,8,
3174071001,DKI JAKARTA,JAKARTA SELATAN,KEBAYORAN BARU,MELAWAI,100,0,18,0,82,0,0,0,0,0,1,0,0,1,114,21,93,0,0,0,0,24,0,20,1,3,
3171061001,DKI JAKARTA,JAKARTA PUSAT,MENTENG,MENTENG,551,4,39,2,506,2,0,0,0,2,5,0,0,5,939,72,867,27,0,0,27,319,4,296,10,9,
3174021005,DKI JAKARTA,JAKARTA SELATAN,SETIA BUDI,MENTENG ATAS,484,7,37,3,437,2,0,0,0,2,55,0,0,55,1532,93,1439,40,0,0,40,368,7,328,9,24,
3174011003,DKI JAKARTA,JAKARTA SELATAN,TEBET,MENTENG DALAM,714,4,37,4,669,4,0,0,0,4,13,0,0,13,894,71,823,47,0,0,47,321,5,291,8,17,
3173081003,DKI JAKARTA,JAKARTA BARAT,KEMBANGAN,MERUYA SELATAN,537,1,85,1,450,1,0,0,0,1,5,0,0,5,922,58,864,17,0,0,17,308,8,277,4,19,
3173081002,DKI JAKARTA,JAKARTA BARAT,KEMBANGAN,MERUYA UTARA,740,2,79,6,653,1,0,0,1,0,8,0,0,8,1163,56,1107,12,0,0,12,380,19,335,4,22,
3175101004,DKI JAKARTA,JAKARTA TIMUR,CIPAYUNG,MUNJUL,370,1,42,0,327,0,0,0,0,0,3,0,0,3,462,32,430,26,0,0,26,153,3,134,1,15,
3172051002,DKI JAKARTA,JAKARTA UTARA,PADEMANGAN,PADEMANGAN BARAT,2060,3,103,5,1949,5,0,0,0,5,17,0,2,15,2666,83,2583,38,0,0,38,845,5,783,24,33,
3172051001,DKI JAKARTA,JAKARTA UTARA,PADEMANGAN,PADEMANGAN TIMUR,764,1,68,3,692,2,0,0,0,2,15,0,0,15,1000,50,950,23,0,0,23,339,5,315,6,13,
3175011004,DKI JAKARTA,JAKARTA TIMUR,MATRAMAN,PAL MERIAM,320,2,12,2,304,2,0,0,0,2,3,0,0,3,770,59,711,65,0,0,65,269,0,251,7,11,
3173071001,DKI JAKARTA,JAKARTA BARAT,PALMERAH,PALMERAH,1608,4,186,2,1416,0,0,0,0,0,2,0,0,2,2220,144,2076,84,0,0,84,678,13,613,23,29,
3174081001,DKI JAKARTA,JAKARTA SELATAN,PANCORAN,PANCORAN,517,7,43,0,467,1,0,0,0,1,9,0,0,9,720,58,662,7,0,0,7,300,1,284,4,11,
3172021003,DKI JAKARTA,JAKARTA UTARA,TANJUNG PRIOK,PAPANGGO,582,3,54,0,525,1,0,0,0,1,7,0,0,7,983,38,945,71,0,0,71,318,3,299,3,13,
3171021001,DKI JAKARTA,JAKARTA PUSAT,SAWAH BESAR,PASAR BARU,278,1,13,2,262,2,0,0,0,2,9,0,0,9,582,43,539,13,0,0,13,199,0,191,2,6,
3174021006,DKI JAKARTA,JAKARTA SELATAN,SETIA BUDI,PASAR MANGGIS,315,2,20,3,290,4,0,0,0,4,29,0,0,29,1094,61,1033,19,0,0,19,319,2,287,11,19,
3174041001,DKI JAKARTA,JAKARTA SELATAN,PASAR MINGGU,PASAR MINGGU,624,3,114,1,506,3,0,0,0,3,7,0,0,7,730,38,692,23,0,0,23,278,2,244,7,25,
3171041003,DKI JAKARTA,JAKARTA PUSAT,SENEN,PASEBAN,645,4,40,1,600,4,0,0,0,4,24,0,1,23,1261,120,1141,64,0,0,64,404,8,360,9,27,
3173061005,DKI JAKARTA,JAKARTA BARAT,KALI DERES,PEGADUNGAN,943,8,86,7,842,1,0,0,0,1,10,0,0,10,1738,102,1636,19,0,0,19,382,2,347,10,23,
3171061002,DKI JAKARTA,JAKARTA PUSAT,MENTENG,PEGANGSAAN,448,1,28,2,417,3,0,0,0,3,3,0,0,3,993,56,937,54,0,0,54,397,5,379,5,8,
3172061002,DKI JAKARTA,JAKARTA UTARA,KELAPA GADING,PEGANGSAAN DUA,1084,1,141,1,941,2,0,0,0,2,45,0,2,43,2123,195,1928,225,0,0,225,586,1,522,11,52,
3172011004,DKI JAKARTA,JAKARTA UTARA,PENJARINGAN,PEJAGALAN,719,1,54,2,662,3,0,0,0,3,11,0,3,8,1223,108,1115,36,0,0,36,423,5,388,7,23,
3174041006,DKI JAKARTA,JAKARTA SELATAN,PASAR MINGGU,PEJATEN BARAT,624,5,53,2,564,8,0,0,0,8,2,0,0,2,915,106,809,74,0,0,74,350,10,296,3,41,
3174041005,DKI JAKARTA,JAKARTA SELATAN,PASAR MINGGU,PEJATEN TIMUR,643,4,46,1,592,4,0,0,0,4,3,0,0,3,885,97,788,42,0,0,42,341,6,295,13,27,
3175051005,DKI JAKARTA,JAKARTA TIMUR,PASAR REBO,PEKAYON,1054,3,72,1,978,2,0,0,0,2,3,0,0,3,476,37,439,15,0,0,15,294,3,265,5,21,
3173041009,DKI JAKARTA,JAKARTA BARAT,TAMBORA,PEKOJAN,356,5,23,2,326,0,0,0,0,0,3,0,0,3,304,17,287,18,0,0,18,165,3,145,5,12,
3174031003,DKI JAKARTA,JAKARTA SELATAN,MAMPANG PRAPATAN,PELA MAMPANG,508,5,28,2,473,4,0,0,0,4,15,0,0,15,1713,124,1589,6,0,0,6,447,10,390,7,40,
3174081005,DKI JAKARTA,JAKARTA SELATAN,PANCORAN,PENGADEGAN,265,0,14,2,249,0,0,0,0,0,8,0,0,8,495,25,470,12,0,0,12,144,4,136,1,3,
3175061003,DKI JAKARTA,JAKARTA TIMUR,CAKUNG,PENGGILINGAN,999,4,149,1,845,2,0,0,0,2,11,0,0,11,2212,200,2012,86,0,0,86,740,8,663,14,55,
3172011001,DKI JAKARTA,JAKARTA UTARA,PENJARINGAN,PENJARINGAN,1431,10,97,4,1320,4,2,0,0,2,24,0,0,24,3301,165,3136,123,0,0,123,815,7,752,16,40,
3174101001,DKI JAKARTA,JAKARTA SELATAN,PESANGGRAHAN,PESANGGRAHAN,604,6,74,4,520,2,0,0,1,1,0,0,0,0,1112,98,1014,19,0,0,19,216,4,200,4,8,
3171071004,DKI JAKARTA,JAKARTA PUSAT,TANAH ABANG,PETAMBURAN,667,5,28,7,627,0,0,0,0,0,7,0,0,7,1041,40,1001,14,0,0,14,471,4,448,13,6,
3174071008,DKI JAKARTA,JAKARTA SELATAN,KEBAYORAN BARU,PETOGOGAN,299,4,26,0,269,0,0,0,0,0,3,0,0,3,343,17,326,3,0,0,3,135,0,127,0,8,
3171011004,DKI JAKARTA,JAKARTA PUSAT,GAMBIR,PETOJO SELATAN,287,4,15,1,267,0,0,0,0,0,28,0,0,28,864,32,832,16,0,0,16,292,0,277,8,7,
3171011003,DKI JAKARTA,JAKARTA PUSAT,GAMBIR,PETOJO UTARA,251,0,11,3,237,1,0,0,0,1,12,0,0,12,470,28,442,26,0,0,26,177,2,168,3,4,
3174101004,DKI JAKARTA,JAKARTA SELATAN,PESANGGRAHAN,PETUKANGAN SELATAN,604,9,60,2,533,1,0,0,0,1,2,0,0,2,1084,43,1041,10,0,0,10,290,0,269,4,17,
3174101003,DKI JAKARTA,JAKARTA SELATAN,PESANGGRAHAN,PETUKANGAN UTARA,692,7,72,4,609,6,1,0,0,5,6,0,0,6,1846,87,1759,11,0,0,11,402,2,371,2,27,
3175081002,DKI JAKARTA,JAKARTA TIMUR,MAKASAR,PINANG RANTI,326,2,17,1,306,1,1,0,0,0,2,0,0,2,797,32,765,31,0,0,31,225,3,203,6,13,
3173031008,DKI JAKARTA,JAKARTA BARAT,TAMAN SARI,PINANGSIA,180,1,19,1,159,0,0,0,0,0,2,0,0,2,281,20,261,4,0,0,4,128,1,125,0,2,
3175011001,DKI JAKARTA,JAKARTA TIMUR,MATRAMAN,PISANGAN BARU,440,0,21,3,416,2,0,0,0,2,5,0,0,5,700,62,638,35,0,0,35,267,1,234,9,23,
3175021002,DKI JAKARTA,JAKARTA TIMUR,PULO GADUNG,PISANGAN TIMUR,443,1,32,4,406,1,0,0,0,1,10,0,0,10,1402,197,1205,33,0,0,33,311,6,286,5,14,
3172011005,DKI JAKARTA,JAKARTA UTARA,PENJARINGAN,PLUIT,637,4,93,4,536,0,0,0,0,0,14,0,0,14,1536,103,1433,21,0,0,21,370,9,330,9,22,
3175071002,DKI JAKARTA,JAKARTA TIMUR,DUREN SAWIT,PONDOK BAMBU,1160,7,62,1,1090,5,0,0,0,5,3,0,0,3,1478,92,1386,39,0,0,39,552,14,500,12,26,
3175071004,DKI JAKARTA,JAKARTA TIMUR,DUREN SAWIT,PONDOK KELAPA,869,5,43,0,821,1,0,0,0,1,11,0,0,11,1528,124,1404,35,0,0,35,526,2,475,15,34,
3175071007,DKI JAKARTA,JAKARTA TIMUR,DUREN SAWIT,PONDOK KOPI,548,3,33,1,511,0,0,0,0,0,2,0,0,2,630,38,592,17,0,0,17,296,3,262,13,18,
3174061003,DKI JAKARTA,JAKARTA SELATAN,CILANDAK,PONDOK LABU,728,5,78,1,644,6,0,0,0,6,74,0,1,73,1341,74,1267,37,0,0,37,301,17,254,4,26,
3174051002,DKI JAKARTA,JAKARTA SELATAN,KEBAYORAN LAMA,PONDOK PINANG,801,4,66,4,727,0,0,0,0,0,45,0,1,44,1050,62,988,12,0,0,12,443,8,385,11,39,
3175101003,DKI JAKARTA,JAKARTA TIMUR,CIPAYUNG,PONDOK RANGGON,345,2,24,3,316,1,1,0,0,0,3,0,0,3,588,47,541,22,0,0,22,234,3,221,1,9,
PROSES UPDATE DATA,PROSES UPDATE DATA,PROSES UPDATE DATA,PROSES UPDATE DATA,PROSES UPDATE DATA,18479,146,1292,1696,15345,3813,2,0,3796,15,117,0,1,116,43679,5212,38467,502,0,1,501,26769,561,25480,499,229,
3101011003,DKI JAKARTA,KAB.ADM.KEP.SERIBU,KEP. SERIBU UTARA,PULAU HARAPAN,69,0,2,0,67,0,0,0,0,0,0,0,0,0,91,0,91,0,0,0,0,6,0,6,0,0,
3101011002,DKI JAKARTA,KAB.ADM.KEP.SERIBU,KEP. SERIBU UTARA,PULAU KELAPA,87,0,5,1,81,0,0,0,0,0,3,0,0,3,216,5,211,1,0,0,1,19,0,9,0,10,
3101011001,DKI JAKARTA,KAB.ADM.KEP.SERIBU,KEP. SERIBU UTARA,PULAU PANGGANG,188,0,10,1,177,0,0,0,0,0,0,0,0,0,179,0,179,4,0,0,4,30,0,29,0,1,
3101021003,DKI JAKARTA,KAB.ADM.KEP.SERIBU,KEP. SERIBU SELATAN,PULAU PARI,13,0,1,0,12,0,0,0,0,0,0,0,0,0,202,3,199,1,0,0,1,7,0,7,0,0,
3101021002,DKI JAKARTA,KAB.ADM.KEP.SERIBU,KEP. SERIBU SELATAN,PULAU TIDUNG,39,0,0,0,39,1,0,0,1,0,1,0,0,1,406,0,406,1,0,0,1,37,0,37,0,0,
3101021001,DKI JAKARTA,KAB.ADM.KEP.SERIBU,KEP. SERIBU SELATAN,PULAU UNTUNG JAWA,26,0,1,0,25,0,0,0,0,0,0,0,0,0,113,0,113,0,0,0,0,5,0,5,0,0,
3174071007,DKI JAKARTA,JAKARTA SELATAN,KEBAYORAN BARU,PULO,322,0,16,1,305,1,0,0,0,1,1,0,0,1,244,10,234,0,0,0,0,66,1,60,0,5,
3175021001,DKI JAKARTA,JAKARTA TIMUR,PULO GADUNG,PULO GADUNG,532,4,40,2,486,0,0,0,0,0,11,0,0,11,1073,75,998,46,0,0,46,321,1,302,8,10,
3175061005,DKI JAKARTA,JAKARTA TIMUR,CAKUNG,PULO GEBANG,826,3,112,2,709,1,0,0,0,1,9,0,0,9,1747,190,1557,73,0,0,73,568,4,501,12,51,
3174041004,DKI JAKARTA,JAKARTA SELATAN,PASAR MINGGU,RAGUNAN,1066,7,124,2,933,1,0,0,0,1,2,0,0,2,937,104,833,25,0,0,25,314,12,275,7,20,
3175091005,DKI JAKARTA,JAKARTA TIMUR,CIRACAS,RAMBUTAN,607,8,62,1,536,2,0,0,0,2,12,0,0,12,879,42,837,29,0,0,29,271,9,243,4,15,
3172031006,DKI JAKARTA,JAKARTA UTARA,KOJA,RAWA BADAK SELATAN,622,8,43,2,569,2,0,0,0,2,2,0,0,2,679,19,660,62,0,0,62,392,4,348,5,35,
3172031004,DKI JAKARTA,JAKARTA UTARA,KOJA,RAWA BADAK UTARA,559,2,23,1,533,0,0,0,0,0,2,0,0,2,646,24,622,100,0,0,100,304,0,290,4,10,
3174071005,DKI JAKARTA,JAKARTA SELATAN,KEBAYORAN BARU,RAWA BARAT,144,1,27,2,114,0,0,0,0,0,2,0,0,2,202,9,193,0,0,0,0,65,5,49,1,10,
3173011003,DKI JAKARTA,JAKARTA BARAT,CENGKARENG,RAWA BUAYA,554,6,65,2,481,1,0,0,0,1,6,0,0,6,1006,42,964,7,0,0,7,434,8,381,14,31,
3175031004,DKI JAKARTA,JAKARTA TIMUR,JATINEGARA,RAWA BUNGA,194,3,6,1,184,0,0,0,0,0,1,0,0,1,346,16,330,17,0,0,17,172,0,159,4,9,
3174081003,DKI JAKARTA,JAKARTA SELATAN,PANCORAN,RAWA JATI,378,2,29,0,347,2,0,0,0,2,11,0,0,11,668,46,622,8,0,0,8,153,4,141,0,8,
3175061002,DKI JAKARTA,JAKARTA TIMUR,CAKUNG,RAWA TERATE,205,0,29,0,176,0,0,0,0,0,2,0,0,2,474,48,426,11,0,0,11,213,5,195,1,12,
3175021005,DKI JAKARTA,JAKARTA TIMUR,PULO GADUNG,RAWAMANGUN,463,4,35,0,424,1,0,0,0,1,9,0,0,9,1130,108,1022,38,0,0,38,360,6,329,9,16,
3171051003,DKI JAKARTA,JAKARTA PUSAT,CEMPAKA PUTIH,RAWASARI,914,0,89,2,823,7,3,0,1,3,10,0,0,10,1601,87,1514,39,0,0,39,480,1,447,7,25,
3173041010,DKI JAKARTA,JAKARTA BARAT,TAMBORA,ROA MALAKA,46,0,3,0,43,1,0,0,0,1,0,0,0,0,53,5,48,2,0,0,2,18,2,16,0,0,
3172041006,DKI JAKARTA,JAKARTA UTARA,CILINCING,ROROTAN,530,5,66,2,457,0,0,0,0,0,5,0,0,5,699,26,673,85,0,0,85,222,11,189,2,20,
3174071004,DKI JAKARTA,JAKARTA SELATAN,KEBAYORAN BARU,SELONG,110,0,12,0,98,0,0,0,0,0,3,0,0,3,158,9,149,3,0,0,3,33,1,29,1,2,
3173061002,DKI JAKARTA,JAKARTA BARAT,KALI DERES,SEMANAN,766,5,70,3,688,1,0,0,0,1,3,0,0,3,1373,84,1289,9,0,0,9,331,9,300,4,18,
3172041007,DKI JAKARTA,JAKARTA UTARA,CILINCING,SEMPER BARAT,1011,8,104,1,898,3,0,0,0,3,12,0,0,12,1391,68,1323,124,0,0,124,575,3,532,11,29,
3172041005,DKI JAKARTA,JAKARTA UTARA,CILINCING,SEMPER TIMUR,556,8,52,1,495,1,0,0,0,1,4,0,0,4,815,42,773,59,0,0,59,296,2,278,6,10,
3174071006,DKI JAKARTA,JAKARTA SELATAN,KEBAYORAN BARU,SENAYAN,527,0,18,0,509,0,0,0,0,0,10,0,0,10,764,15,749,0,0,0,0,220,1,217,0,2,
3171041001,DKI JAKARTA,JAKARTA PUSAT,SENEN,SENEN,236,0,14,0,222,1,0,0,0,1,8,0,0,8,818,34,784,26,0,0,26,171,0,164,3,4,
3171031004,DKI JAKARTA,JAKARTA PUSAT,KEMAYORAN,SERDANG,576,6,62,2,506,0,0,0,0,0,5,0,0,5,898,72,826,32,0,0,32,350,9,308,8,25,
3174021001,DKI JAKARTA,JAKARTA SELATAN,SETIA BUDI,SETIA BUDI,125,0,6,0,119,0,0,0,0,0,4,0,0,4,398,19,379,6,0,0,6,54,0,51,0,3,
3175101005,DKI JAKARTA,JAKARTA TIMUR,CIPAYUNG,SETU,310,1,10,0,299,2,0,0,0,2,2,0,0,2,539,35,504,14,0,0,14,159,2,152,2,3,
3173071002,DKI JAKARTA,JAKARTA BARAT,PALMERAH,SLIPI,666,0,57,2,607,1,0,0,0,1,2,0,0,2,1159,83,1076,44,0,0,44,359,7,335,4,13,
3173081004,DKI JAKARTA,JAKARTA BARAT,KEMBANGAN,SRENGSENG,722,4,80,3,635,1,0,0,0,1,6,0,0,6,1528,101,1427,27,0,0,27,397,7,368,5,17,
3174091002,DKI JAKARTA,JAKARTA SELATAN,JAGAKARSA,SRENGSENG SAWAH,1029,2,39,0,988,8,0,0,0,8,11,0,0,11,1244,83,1161,28,0,0,28,277,7,254,9,7,
3173051003,DKI JAKARTA,JAKARTA BARAT,KEBON JERUK,SUKABUMI SELATAN,415,1,36,4,374,1,0,0,0,1,1,0,0,1,843,41,802,25,0,0,25,268,10,244,6,8,
3173051002,DKI JAKARTA,JAKARTA BARAT,KEBON JERUK,SUKABUMI UTARA,516,2,81,3,430,1,1,0,0,0,20,0,0,20,1005,110,895,49,0,0,49,340,5,293,10,32,
3172041002,DKI JAKARTA,JAKARTA UTARA,CILINCING,SUKAPURA,771,4,59,2,706,0,0,0,0,0,6,0,0,6,1070,66,1004,111,0,0,111,426,4,385,8,29,
3171031007,DKI JAKARTA,JAKARTA PUSAT,KEMAYORAN,SUMUR BATU,496,0,31,1,464,2,0,0,0,2,6,0,0,6,676,39,637,33,0,0,33,265,3,245,3,14,
3172021004,DKI JAKARTA,JAKARTA UTARA,TANJUNG PRIOK,SUNGAI BAMBU,502,1,65,0,436,0,0,0,0,0,7,0,0,7,790,59,731,47,0,0,47,264,6,238,6,14,
3172021006,DKI JAKARTA,JAKARTA UTARA,TANJUNG PRIOK,SUNTER AGUNG,1275,5,109,1,1160,4,0,0,0,4,23,0,0,23,2368,149,2219,108,0,0,108,758,17,694,21,26,
3172021002,DKI JAKARTA,JAKARTA UTARA,TANJUNG PRIOK,SUNTER JAYA,1134,5,108,6,1015,1,0,0,0,1,10,0,0,10,2018,117,1901,197,0,0,197,696,10,638,19,29,
3175091004,DKI JAKARTA,JAKARTA TIMUR,CIRACAS,SUSUKAN,646,1,35,1,609,0,0,0,0,0,17,0,0,17,1500,45,1455,69,0,0,69,240,5,213,8,14,
3173031001,DKI JAKARTA,JAKARTA BARAT,TAMAN SARI,TAMAN SARI,326,3,21,0,302,2,0,0,0,2,1,0,0,1,479,22,457,17,0,0,17,219,2,206,4,7,
3173041001,DKI JAKARTA,JAKARTA BARAT,TAMBORA,TAMBORA,247,2,16,3,226,1,1,0,0,0,1,0,0,1,345,10,335,4,0,0,4,122,2,113,3,4,
3173041004,DKI JAKARTA,JAKARTA BARAT,TAMBORA,TANAH SEREAL,351,1,18,2,330,1,0,0,0,1,4,0,0,4,333,28,305,5,0,0,5,199,0,182,7,10,
3171081004,DKI JAKARTA,JAKARTA PUSAT,JOHAR BARU,TANAH TINGGI,566,6,38,3,519,5,0,0,0,5,7,0,0,7,1242,79,1163,37,0,0,37,441,2,417,16,6,
3173031004,DKI JAKARTA,JAKARTA BARAT,TAMAN SARI,TANGKI,287,0,23,1,263,1,0,0,0,1,4,0,0,4,363,22,341,4,0,0,4,151,2,140,1,8,
3174091005,DKI JAKARTA,JAKARTA SELATAN,JAGAKARSA,TANJUNG BARAT,816,4,40,1,771,1,0,0,0,1,2,0,0,2,732,62,670,13,0,0,13,327,6,295,6,20,
3173021005,DKI JAKARTA,JAKARTA BARAT,GROGOL PETAMBURAN,TANJUNG DUREN SELATAN,515,4,27,1,483,0,0,0,0,0,19,0,0,19,822,64,758,24,0,0,24,378,3,336,11,28,
3173021002,DKI JAKARTA,JAKARTA BARAT,GROGOL PETAMBURAN,TANJUNG DUREN UTARA,344,0,27,0,317,2,0,0,0,2,21,0,0,21,731,81,650,19,0,0,19,213,5,189,9,10,
3172021001,DKI JAKARTA,JAKARTA UTARA,TANJUNG PRIOK,TANJUNG PRIOK,636,4,44,6,582,1,0,0,0,1,13,0,0,13,915,55,860,72,0,0,72,444,18,399,10,17,
3174011002,DKI JAKARTA,JAKARTA SELATAN,TEBET,TEBET BARAT,623,2,91,0,530,2,0,0,0,2,8,0,0,8,778,56,722,24,0,0,24,392,18,345,8,21,
3174011001,DKI JAKARTA,JAKARTA SELATAN,TEBET,TEBET TIMUR,466,4,32,2,428,0,0,0,0,0,7,0,1,6,641,33,608,35,0,0,35,251,8,229,4,10,
3173061003,DKI JAKARTA,JAKARTA BARAT,KALI DERES,TEGAL ALUR,899,5,97,6,791,0,0,0,0,0,7,0,0,7,1523,100,1423,13,0,0,13,340,15,289,9,27,
3174031004,DKI JAKARTA,JAKARTA SELATAN,MAMPANG PRAPATAN,TEGAL PARANG,413,9,16,3,385,5,0,0,1,4,4,0,0,4,1170,92,1078,12,0,0,12,362,0,342,6,14,
3173021003,DKI JAKARTA,JAKARTA BARAT,GROGOL PETAMBURAN,TOMANG,561,2,39,2,518,0,0,0,0,0,15,0,0,15,902,71,831,86,0,0,86,358,11,325,8,14,
3172031005,DKI JAKARTA,JAKARTA UTARA,KOJA,TUGU SELATAN,545,3,44,1,497,0,0,0,0,0,2,0,0,2,540,17,523,95,0,0,95,367,2,315,8,42,
3172031002,DKI JAKARTA,JAKARTA UTARA,KOJA,TUGU UTARA,1103,8,96,0,999,3,0,0,0,3,8,0,1,7,1061,46,1015,119,0,0,119,528,4,475,18,31,
3175061006,DKI JAKARTA,JAKARTA TIMUR,CAKUNG,UJUNG MENTENG,229,0,32,2,195,1,0,0,0,1,1,0,0,1,575,51,524,33,0,0,33,166,1,146,3,16,
3174101005,DKI JAKARTA,JAKARTA SELATAN,PESANGGRAHAN,ULUJAMI,672,6,48,2,616,0,0,0,0,0,0,0,0,0,1325,45,1280,26,0,0,26,321,3,288,9,21,
3175011006,DKI JAKARTA,JAKARTA TIMUR,MATRAMAN,UTAN KAYU SELATAN,583,7,21,8,547,2,0,0,0,2,8,0,0,8,1069,89,980,96,0,0,96,346,2,301,9,34,
3175011002,DKI JAKARTA,JAKARTA TIMUR,MATRAMAN,UTAN KAYU UTARA,495,4,21,0,470,2,0,0,0,2,5,0,0,5,854,63,791,47,0,0,47,288,3,243,12,30,
3171031008,DKI JAKARTA,JAKARTA PUSAT,KEMAYORAN,UTAN PANJANG,476,5,30,2,439,0,0,0,0,0,4,0,0,4,698,35,663,28,0,0,28,323,3,302,9,9,
3172021007,DKI JAKARTA,JAKARTA UTARA,TANJUNG PRIOK,WARAKAS,690,4,70,2,614,0,0,0,0,0,11,0,0,11,1118,58,1060,65,0,0,65,416,4,370,8,34,
3173021007,DKI JAKARTA,JAKARTA BARAT,GROGOL PETAMBURAN,WIJAYA KUSUMA,479,1,42,2,434,1,0,0,0,1,7,0,0,7,976,67,909,23,0,0,23,326,4,305,9,8,
