id_kel,nama_provinsi,nama_kota,nama_kecamatan,nama_kelurahan,suspek,perawatan_rs,isolasi_di_rumah,suspek_meninggal,selesai_isolasi,probable,perawatan_rs,isolasi_di_rumah,probable_meninggal,selesai_isolasi,pelaku_perjalanan,perawatan_rs,isolasi_di_rumah,selesai_isolasi,kontak_erat,isolasi_di_rumah,selesai_isolasi,discarded,isolasi_di_rumah,meninggal,selesai_isolasi,positif,dirawat,sembuh,meninggal,self_isolation,keterangan
3172051003,DKI JAKARTA,JAKARTA UTARA,PADEMANGAN,ANCOL,539,2,38,0,499,4,0,0,0,4,10,0,0,10,720,42,678,10,0,0,10,349,5,334,4,6,
3173041007,DKI JAKARTA,JAKARTA BARAT,TAMBORA,ANGKE,460,1,30,2,427,1,0,0,1,0,1,0,0,1,522,12,510,26,0,0,26,209,5,191,4,9,
3175041005,DKI JAKARTA,JAKARTA TIMUR,KRAMAT JATI,BALE KAMBANG,333,4,35,1,293,7,4,0,0,3,5,0,0,5,653,91,562,23,0,0,23,205,3,183,3,16,
3175031003,DKI JAKARTA,JAKARTA TIMUR,JATINEGARA,BALI MESTER,116,1,7,1,107,1,0,0,0,1,1,0,0,1,217,17,200,6,0,0,6,183,1,167,2,13,
3175101006,DKI JAKARTA,JAKARTA TIMUR,CIPAYUNG,BAMBU APUS,496,5,44,1,446,0,0,0,0,0,4,0,0,4,724,50,674,18,0,0,18,204,10,176,3,15,
3174031002,DKI JAKARTA,JAKARTA SELATAN,MAMPANG PRAPATAN,BANGKA,361,5,41,2,313,5,0,0,1,4,18,0,0,18,765,57,708,8,0,0,8,203,2,191,2,8,
3175051002,DKI JAKARTA,JAKARTA TIMUR,PASAR REBO,BARU,477,9,30,1,437,0,0,0,0,0,5,0,0,5,442,20,422,19,0,0,19,228,5,207,0,16,
3175041004,DKI JAKARTA,JAKARTA TIMUR,KRAMAT JATI,BATU AMPAR,609,3,58,1,547,3,0,0,0,3,3,0,0,3,1237,85,1152,27,0,0,27,316,10,279,6,21,
3171071002,DKI JAKARTA,JAKARTA PUSAT,TANAH ABANG,BENDUNGAN HILIR,494,2,25,0,467,2,0,0,0,2,4,0,0,4,880,31,849,11,0,0,11,291,6,265,9,11,
3175031002,DKI JAKARTA,JAKARTA TIMUR,JATINEGARA,BIDARA CINA,445,2,39,3,401,1,0,0,0,1,8,0,0,8,649,34,615,37,0,0,37,321,3,292,10,16,
3174101002,DKI JAKARTA,JAKARTA SELATAN,PESANGGRAHAN,BINTARO,859,7,73,2,777,5,1,0,0,4,9,0,0,9,1679,123,1556,27,0,0,27,419,10,361,10,38,
3174011005,DKI JAKARTA,JAKARTA SELATAN,TEBET,BUKIT DURI,453,4,40,3,406,2,0,0,0,2,14,0,1,13,676,49,627,15,0,0,15,256,1,239,8,8,
3171041006,DKI JAKARTA,JAKARTA PUSAT,SENEN,BUNGUR,276,2,18,2,254,1,0,0,0,1,13,0,0,13,643,23,620,17,0,0,17,212,1,195,5,11,
3175061007,DKI JAKARTA,JAKARTA TIMUR,CAKUNG,CAKUNG BARAT,414,0,43,1,370,3,1,0,0,2,0,0,0,0,831,79,752,51,0,0,51,380,10,331,6,33,
3175061004,DKI JAKARTA,JAKARTA TIMUR,CAKUNG,CAKUNG TIMUR,505,4,66,2,433,3,0,0,1,2,6,0,0,6,944,56,888,48,0,0,48,329,7,301,9,12,
3175041007,DKI JAKARTA,JAKARTA TIMUR,KRAMAT JATI,CAWANG,420,2,62,0,356,1,0,0,0,1,6,0,0,6,1086,65,1021,22,0,0,22,357,8,337,6,6,
3175101008,DKI JAKARTA,JAKARTA TIMUR,CIPAYUNG,CEGER,283,1,23,0,259,0,0,0,0,0,1,0,0,1,467,18,449,10,0,0,10,145,1,137,3,4,
3171031006,DKI JAKARTA,JAKARTA PUSAT,KEMAYORAN,CEMPAKA BARU,752,7,56,2,687,1,0,0,0,1,7,0,0,7,1155,72,1083,36,0,0,36,475,1,438,17,19,
3171051002,DKI JAKARTA,JAKARTA PUSAT,CEMPAKA PUTIH,CEMPAKA PUTIH BARAT,1072,8,110,2,952,9,5,0,0,4,21,0,0,21,2177,87,2090,51,0,0,51,720,3,681,16,20,
3171051001,DKI JAKARTA,JAKARTA PUSAT,CEMPAKA PUTIH,CEMPAKA PUTIH TIMUR,731,2,56,1,672,1,0,0,0,1,12,0,0,12,1543,36,1507,59,0,0,59,382,3,362,6,11,
3173011001,DKI JAKARTA,JAKARTA BARAT,CENGKARENG,CENGKARENG BARAT,929,5,136,1,787,0,0,0,0,0,6,0,0,6,1702,256,1446,14,0,0,14,577,19,487,10,61,
3173011006,DKI JAKARTA,JAKARTA BARAT,CENGKARENG,CENGKARENG TIMUR,1047,8,78,7,954,2,0,0,0,2,4,0,0,4,2080,117,1963,18,0,0,18,774,11,698,17,48,
3175091002,DKI JAKARTA,JAKARTA TIMUR,CIRACAS,CIBUBUR,996,9,32,4,951,1,0,0,0,1,30,0,0,30,2101,53,2048,94,0,0,94,387,5,359,8,15,
3171011002,DKI JAKARTA,JAKARTA PUSAT,GAMBIR,CIDENG,330,4,9,2,315,0,0,0,0,0,10,0,0,10,687,50,637,13,0,0,13,215,0,199,7,9,
3174091003,DKI JAKARTA,JAKARTA SELATAN,JAGAKARSA,CIGANJUR,813,2,76,1,734,2,0,0,0,2,12,0,0,12,871,47,824,14,0,0,14,245,6,210,4,25,
3175051003,DKI JAKARTA,JAKARTA TIMUR,PASAR REBO,CIJANTUNG,939,4,74,3,858,0,0,0,0,0,4,0,1,3,630,34,596,10,0,0,10,368,12,319,9,28,
3171061003,DKI JAKARTA,JAKARTA PUSAT,MENTENG,CIKINI,178,5,9,0,164,2,2,0,0,0,2,0,0,2,239,13,226,11,0,0,11,83,1,68,2,12,
3174081006,DKI JAKARTA,JAKARTA SELATAN,PANCORAN,CIKOKO,213,1,14,0,198,1,0,0,0,1,10,0,0,10,304,16,288,1,0,0,1,94,4,69,3,18,
3174061001,DKI JAKARTA,JAKARTA SELATAN,CILANDAK,CILANDAK BARAT,1549,10,246,5,1288,1,0,0,0,1,97,0,0,97,1845,158,1687,42,0,0,42,490,12,415,9,54,
3174041003,DKI JAKARTA,JAKARTA SELATAN,PASAR MINGGU,CILANDAK TIMUR,567,3,30,1,533,5,0,0,0,5,17,0,0,17,547,39,508,87,0,0,87,289,9,261,8,11,
3175101002,DKI JAKARTA,JAKARTA TIMUR,CIPAYUNG,CILANGKAP,410,1,26,1,382,1,0,0,0,1,3,0,0,3,714,51,663,22,0,0,22,198,2,188,2,6,
3175041006,DKI JAKARTA,JAKARTA TIMUR,KRAMAT JATI,CILILITAN,393,5,39,1,348,1,1,0,0,0,7,0,0,7,1007,77,930,48,0,0,48,361,4,332,8,17,
3172041001,DKI JAKARTA,JAKARTA UTARA,CILINCING,CILINCING,699,11,51,1,636,1,0,0,0,1,6,0,0,6,1235,39,1196,106,0,0,106,435,7,409,12,7,
3175101001,DKI JAKARTA,JAKARTA TIMUR,CIPAYUNG,CIPAYUNG,609,3,35,2,569,3,0,0,1,2,7,0,0,7,773,32,741,34,0,0,34,247,7,224,3,13,
3174091006,DKI JAKARTA,JAKARTA SELATAN,JAGAKARSA,CIPEDAK,660,2,51,0,607,5,3,0,0,2,1,0,0,1,955,68,887,9,0,0,9,311,6,273,3,29,
3174061005,DKI JAKARTA,JAKARTA SELATAN,CILANDAK,CIPETE SELATAN,383,1,47,1,334,2,0,0,0,2,46,0,0,46,632,41,591,6,0,0,6,171,5,152,7,7,
3174071010,DKI JAKARTA,JAKARTA SELATAN,KEBAYORAN BARU,CIPETE UTARA,784,3,61,3,717,0,0,0,0,0,9,0,0,9,670,28,642,6,0,0,6,206,3,188,4,11,
3175021003,DKI JAKARTA,JAKARTA TIMUR,PULO GADUNG,CIPINANG,382,4,18,2,358,1,0,0,0,1,3,0,0,3,1095,109,986,44,0,0,44,410,10,363,13,24,
3175031007,DKI JAKARTA,JAKARTA TIMUR,JATINEGARA,CIPINANG BESAR SELATAN,337,3,16,2,316,2,0,0,0,2,2,0,0,2,687,40,647,18,0,0,18,271,8,246,2,15,
3175031008,DKI JAKARTA,JAKARTA TIMUR,JATINEGARA,CIPINANG BESAR UTARA,496,1,18,0,477,2,0,0,0,2,3,0,0,3,1095,147,948,24,0,0,24,422,4,388,7,23,
3175031005,DKI JAKARTA,JAKARTA TIMUR,JATINEGARA,CIPINANG CEMPEDAK,303,3,12,2,286,0,0,0,0,0,7,0,0,7,601,31,570,22,0,0,22,235,5,214,6,10,
3175081005,DKI JAKARTA,JAKARTA TIMUR,MAKASAR,CIPINANG MELAYU,440,6,24,2,408,3,0,0,0,3,5,0,0,5,841,39,802,21,0,0,21,324,7,294,7,16,
3175031006,DKI JAKARTA,JAKARTA TIMUR,JATINEGARA,CIPINANG MUARA,523,3,36,1,483,5,0,0,0,5,9,0,0,9,1108,72,1036,32,0,0,32,507,17,441,6,43,
3174051003,DKI JAKARTA,JAKARTA SELATAN,KEBAYORAN LAMA,CIPULIR,410,3,27,4,376,6,0,0,0,6,6,0,0,6,610,32,578,10,0,0,10,277,4,259,4,10,
3175091001,DKI JAKARTA,JAKARTA TIMUR,CIRACAS,CIRACAS,1132,6,86,9,1031,4,1,0,0,3,32,0,6,26,1864,52,1812,45,0,0,45,555,8,497,17,33,
3175041003,DKI JAKARTA,JAKARTA TIMUR,KRAMAT JATI,DUKUH,371,1,46,1,323,0,0,0,0,0,1,0,0,1,921,164,757,14,0,0,14,212,1,195,5,11,
3175071001,DKI JAKARTA,JAKARTA TIMUR,DUREN SAWIT,DUREN SAWIT,980,5,38,3,934,18,0,0,0,18,4,0,0,4,1376,116,1260,37,0,0,37,654,7,609,15,23,
3174081004,DKI JAKARTA,JAKARTA SELATAN,PANCORAN,DUREN TIGA,517,5,33,0,479,2,0,0,0,2,6,0,0,6,720,40,680,3,0,0,3,232,3,225,2,2,
3173051005,DKI JAKARTA,JAKARTA BARAT,KEBON JERUK,DURI KEPA,686,4,61,2,619,4,1,0,0,3,12,0,0,12,1468,80,1388,74,0,0,74,480,12,437,14,17,
3173011002,DKI JAKARTA,JAKARTA BARAT,CENGKARENG,DURI KOSAMBI,795,11,93,3,688,1,0,0,0,1,4,0,0,4,1336,82,1254,11,0,0,11,540,7,488,8,37,
3171011006,DKI JAKARTA,JAKARTA PUSAT,GAMBIR,DURI PULO,231,3,14,3,211,0,0,0,0,0,1,0,0,1,578,47,531,7,0,0,7,212,5,187,8,12,
3173041011,DKI JAKARTA,JAKARTA BARAT,TAMBORA,DURI SELATAN,211,5,11,1,194,0,0,0,0,0,2,0,0,2,199,13,186,4,0,0,4,92,3,85,3,1,
3173041003,DKI JAKARTA,JAKARTA BARAT,TAMBORA,DURI UTARA,248,1,16,2,229,1,0,0,0,1,2,0,0,2,271,14,257,5,0,0,5,155,1,146,4,4,
3171081003,DKI JAKARTA,JAKARTA PUSAT,JOHAR BARU,GALUR,253,2,14,0,237,4,1,0,0,3,3,0,0,3,587,22,565,48,0,0,48,211,0,197,10,4,
3171011001,DKI JAKARTA,JAKARTA PUSAT,GAMBIR,GAMBIR,121,0,8,0,113,1,0,0,0,1,17,0,0,17,453,19,434,6,0,0,6,195,3,186,1,5,
3174061004,DKI JAKARTA,JAKARTA SELATAN,CILANDAK,GANDARIA SELATAN,270,2,18,0,250,2,0,0,0,2,20,0,0,20,789,49,740,4,0,0,4,185,2,168,5,10,
3174071009,DKI JAKARTA,JAKARTA SELATAN,KEBAYORAN BARU,GANDARIA UTARA,787,5,76,2,704,0,0,0,0,0,3,0,0,3,760,23,737,7,0,0,7,263,3,237,6,17,
3175051001,DKI JAKARTA,JAKARTA TIMUR,PASAR REBO,GEDONG,867,5,41,0,821,0,0,0,0,0,4,0,0,4,547,53,494,25,0,0,25,328,4,284,5,35,
3171071001,DKI JAKARTA,JAKARTA PUSAT,TANAH ABANG,GELORA,87,0,5,1,81,0,0,0,0,0,5,0,0,5,352,120,232,0,0,0,0,117,0,107,2,8,
3173031007,DKI JAKARTA,JAKARTA BARAT,TAMAN SARI,GLODOK,130,2,10,0,118,0,0,0,0,0,1,0,0,1,196,12,184,1,0,0,1,48,1,42,2,3,
3171061004,DKI JAKARTA,JAKARTA PUSAT,MENTENG,GONDANGDIA,91,0,13,1,77,0,0,0,0,0,13,0,0,13,164,10,154,7,0,0,7,66,1,59,3,3,
3173021001,DKI JAKARTA,JAKARTA BARAT,GROGOL PETAMBURAN,GROGOL,593,1,49,4,539,1,0,0,0,1,45,0,0,45,1147,82,1065,38,0,0,38,281,4,271,2,4,
3174051005,DKI JAKARTA,JAKARTA SELATAN,KEBAYORAN LAMA,GROGOL SELATAN,524,9,66,5,444,0,0,0,0,0,12,0,0,12,757,35,722,14,0,0,14,343,7,300,7,29,
3174051004,DKI JAKARTA,JAKARTA SELATAN,KEBAYORAN LAMA,GROGOL UTARA,525,6,36,4,479,0,0,0,0,0,24,0,0,24,771,49,722,18,0,0,18,397,5,359,12,21,
3174021007,DKI JAKARTA,JAKARTA SELATAN,SETIA BUDI,GUNTUR,71,0,2,0,69,0,0,0,0,0,1,0,0,1,257,37,220,1,0,0,1,62,0,61,1,0,
3174071002,DKI JAKARTA,JAKARTA SELATAN,KEBAYORAN BARU,GUNUNG,331,0,18,3,310,0,0,0,0,0,7,0,0,7,459,56,403,0,0,0,0,139,2,130,3,4,
3171031005,DKI JAKARTA,JAKARTA PUSAT,KEMAYORAN,GUNUNG SAHARI SELATAN,365,0,27,1,337,0,0,0,0,0,5,0,0,5,626,53,573,1,0,0,1,218,1,203,7,7,
3171021004,DKI JAKARTA,JAKARTA PUSAT,SAWAH BESAR,GUNUNG SAHARI UTARA,329,0,33,1,295,2,0,0,0,2,7,0,0,7,621,31,590,12,0,0,12,200,4,182,10,4,
3175081004,DKI JAKARTA,JAKARTA TIMUR,MAKASAR,HALIM PERDANA KUSUMAH,288,0,12,2,274,0,0,0,0,0,6,0,0,6,742,142,600,9,0,0,9,521,37,462,7,15,
3171031003,DKI JAKARTA,JAKARTA PUSAT,KEMAYORAN,HARAPAN MULIA,417,0,35,3,379,1,0,0,0,1,6,0,0,6,642,26,616,33,0,0,33,287,1,274,9,3,
3174091001,DKI JAKARTA,JAKARTA SELATAN,JAGAKARSA,JAGAKARSA,1183,7,58,2,1116,8,0,0,0,8,8,0,0,8,1396,120,1276,20,0,0,20,475,9,425,6,35,
3175021007,DKI JAKARTA,JAKARTA TIMUR,PULO GADUNG,JATI,425,1,25,1,398,0,0,0,0,0,9,0,0,9,1097,76,1021,40,0,0,40,306,1,283,6,16,
3174041002,DKI JAKARTA,JAKARTA SELATAN,PASAR MINGGU,JATI PADANG,676,11,92,2,571,0,0,0,0,0,4,0,0,4,810,87,723,72,0,0,72,272,3,243,5,21,
3173071004,DKI JAKARTA,JAKARTA BARAT,PALMERAH,JATI PULO,640,3,58,4,575,2,0,0,0,2,5,0,0,5,868,38,830,66,0,0,66,339,0,321,10,8,
3175061001,DKI JAKARTA,JAKARTA TIMUR,CAKUNG,JATINEGARA,948,8,165,3,772,1,0,0,0,1,4,0,0,4,1812,166,1646,51,0,0,51,690,5,620,11,54,
3175021004,DKI JAKARTA,JAKARTA TIMUR,PULO GADUNG,JATINEGARA KAUM,165,3,17,0,145,1,0,0,1,0,4,0,1,3,464,42,422,12,0,0,12,145,3,129,6,7,
3173021004,DKI JAKARTA,JAKARTA BARAT,GROGOL PETAMBURAN,JELAMBAR,548,3,35,5,505,2,0,0,0,2,27,0,0,27,963,78,885,14,0,0,14,322,1,296,8,17,
3173021006,DKI JAKARTA,JAKARTA BARAT,GROGOL PETAMBURAN,JELAMBAR BARU,458,1,31,2,424,2,0,0,0,2,4,0,0,4,797,90,707,22,0,0,22,253,5,231,5,12,
3173041006,DKI JAKARTA,JAKARTA BARAT,TAMBORA,JEMBATAN BESI,592,0,17,1,574,1,0,0,0,1,5,0,0,5,541,24,517,12,0,0,12,282,2,264,8,8,
3173041008,DKI JAKARTA,JAKARTA BARAT,TAMBORA,JEMBATAN LIMA,252,0,26,0,226,0,0,0,0,0,1,0,0,1,248,14,234,5,0,0,5,169,0,155,4,10,
3173081005,DKI JAKARTA,JAKARTA BARAT,KEMBANGAN,JOGLO,638,6,74,4,554,1,0,0,0,1,5,0,0,5,886,60,826,15,0,0,15,295,5,274,5,11,
3171081001,DKI JAKARTA,JAKARTA PUSAT,JOHAR BARU,JOHAR BARU,825,6,63,3,753,9,3,0,0,6,11,0,0,11,2128,111,2017,105,0,0,105,589,6,546,19,18,
3173041002,DKI JAKARTA,JAKARTA BARAT,TAMBORA,KALI ANYAR,431,2,20,0,409,1,0,0,0,1,4,0,0,4,394,20,374,14,0,0,14,220,2,201,7,10,
3172041004,DKI JAKARTA,JAKARTA UTARA,CILINCING,KALI BARU,655,5,56,5,589,0,0,0,0,0,5,0,0,5,736,21,715,49,0,0,49,366,0,353,9,4,
3174081002,DKI JAKARTA,JAKARTA SELATAN,PANCORAN,KALIBATA,713,6,46,4,657,7,0,0,0,7,12,0,0,12,1041,102,939,14,0,0,14,381,6,347,9,19,
3173061001,DKI JAKARTA,JAKARTA BARAT,KALI DERES,KALIDERES,1435,11,107,4,1313,1,0,0,0,1,7,0,1,6,2591,167,2424,30,0,0,30,614,15,539,10,50,
3175051004,DKI JAKARTA,JAKARTA TIMUR,PASAR REBO,KALISARI,1178,3,46,0,1129,0,0,0,0,0,3,0,0,3,636,36,600,14,0,0,14,332,4,306,7,15,
3173061004,DKI JAKARTA,JAKARTA BARAT,KALI DERES,KAMAL,419,5,48,3,363,0,0,0,0,0,1,0,0,1,661,56,605,6,0,0,6,131,5,96,9,21,
3172011002,DKI JAKARTA,JAKARTA UTARA,PENJARINGAN,KAMAL MUARA,125,4,9,0,112,0,0,0,0,0,4,0,0,4,262,26,236,2,0,0,2,110,4,98,2,6,
3171071007,DKI JAKARTA,JAKARTA PUSAT,TANAH ABANG,KAMPUNG BALI,161,2,5,2,152,1,0,0,0,1,2,0,0,2,356,15,341,2,0,0,2,88,2,78,4,4,
3175031001,DKI JAKARTA,JAKARTA TIMUR,JATINEGARA,KAMPUNG MELAYU,280,6,8,5,261,2,0,0,0,2,7,0,0,7,391,21,370,8,0,0,8,294,3,267,5,19,
3171081002,DKI JAKARTA,JAKARTA PUSAT,JOHAR BARU,KAMPUNG RAWA,364,1,25,0,338,2,0,0,0,2,2,0,0,2,866,37,829,66,0,0,66,304,6,276,14,8,
3175041002,DKI JAKARTA,JAKARTA TIMUR,KRAMAT JATI,KAMPUNG TENGAH,685,4,48,1,632,4,1,0,0,3,9,0,0,9,1420,119,1301,54,0,0,54,368,5,336,13,14,
3173011005,DKI JAKARTA,JAKARTA BARAT,CENGKARENG,KAPUK,1054,9,109,16,920,2,0,0,0,2,12,0,0,12,1862,120,1742,15,0,0,15,838,25,729,23,61,
3172011003,DKI JAKARTA,JAKARTA UTARA,PENJARINGAN,KAPUK MUARA,297,2,20,0,275,1,0,0,0,1,20,0,10,10,737,71,666,27,0,0,27,214,6,195,7,6,
3171021002,DKI JAKARTA,JAKARTA PUSAT,SAWAH BESAR,KARANG ANYAR,527,3,32,5,487,1,0,0,0,1,4,0,0,4,1005,51,954,15,0,0,15,256,3,232,7,14,
3174021004,DKI JAKARTA,JAKARTA SELATAN,SETIA BUDI,KARET,158,2,3,0,153,0,0,0,0,0,11,0,0,11,427,14,413,4,0,0,4,134,0,131,0,3,
3174021003,DKI JAKARTA,JAKARTA SELATAN,SETIA BUDI,KARET KUNINGAN,354,1,14,1,338,0,0,0,0,0,22,0,0,22,482,25,457,4,0,0,4,271,6,243,6,16,
3174021002,DKI JAKARTA,JAKARTA SELATAN,SETIA BUDI,KARET SEMANGGI,82,2,4,1,75,0,0,0,0,0,3,0,0,3,97,4,93,2,0,0,2,32,0,28,2,2,
3171071003,DKI JAKARTA,JAKARTA PUSAT,TANAH ABANG,KARET TENGSIN,324,2,15,0,307,1,0,0,0,1,8,0,0,8,820,38,782,3,0,0,3,218,2,193,8,15,
3171021003,DKI JAKARTA,JAKARTA PUSAT,SAWAH BESAR,KARTINI,381,3,25,1,352,1,0,0,0,1,0,0,0,0,770,30,740,18,0,0,18,259,0,242,5,12,
3175011003,DKI JAKARTA,JAKARTA TIMUR,MATRAMAN,KAYU MANIS,442,3,18,0,421,3,0,0,0,3,2,0,0,2,825,52,773,30,0,0,30,261,4,244,7,6,
3175021006,DKI JAKARTA,JAKARTA TIMUR,PULO GADUNG,KAYU PUTIH,592,3,35,4,550,1,0,0,1,0,16,0,0,16,1262,62,1200,66,0,0,66,405,6,366,12,21,
3173031006,DKI JAKARTA,JAKARTA BARAT,TAMAN SARI,KEAGUNGAN,334,2,14,0,318,0,0,0,0,0,4,0,0,4,553,23,530,10,0,0,10,203,4,193,1,5,
3174041007,DKI JAKARTA,JAKARTA SELATAN,PASAR MINGGU,KEBAGUSAN,744,13,41,1,689,3,0,0,0,3,4,0,1,3,899,95,804,40,0,0,40,293,3,249,3,38,
3174051006,DKI JAKARTA,JAKARTA SELATAN,KEBAYORAN LAMA,KEBAYORAN LAMA SELATAN,716,6,49,0,661,5,0,0,0,5,2,0,0,2,872,32,840,14,0,0,14,336,4,308,6,18,
3174051001,DKI JAKARTA,JAKARTA SELATAN,KEBAYORAN LAMA,KEBAYORAN LAMA UTARA,538,8,30,1,499,1,0,0,0,1,15,0,0,15,615,36,579,5,0,0,5,290,8,251,5,26,
3174011004,DKI JAKARTA,JAKARTA SELATAN,TEBET,KEBON BARU,486,1,37,2,446,0,0,0,0,0,15,0,0,15,790,35,755,22,0,0,22,255,3,234,8,10,
3172021005,DKI JAKARTA,JAKARTA UTARA,TANJUNG PRIOK,KEBON BAWANG,856,3,53,1,799,0,0,0,0,0,15,0,0,15,1476,103,1373,98,0,0,98,472,6,453,4,9,
3173051001,DKI JAKARTA,JAKARTA BARAT,KEBON JERUK,KEBON JERUK,1016,4,78,6,928,2,0,0,0,2,14,0,1,13,2322,148,2174,63,0,0,63,695,8,647,20,20,
3171071006,DKI JAKARTA,JAKARTA PUSAT,TANAH ABANG,KEBON KACANG,490,0,10,1,479,1,0,0,0,1,0,0,0,0,620,14,606,7,0,0,7,313,1,297,12,3,
3171011005,DKI JAKARTA,JAKARTA PUSAT,GAMBIR,KEBON KELAPA,173,0,6,1,166,3,0,0,0,3,4,0,0,4,347,9,338,3,0,0,3,100,2,95,1,2,
3171031002,DKI JAKARTA,JAKARTA PUSAT,KEMAYORAN,KEBON KOSONG,442,6,36,5,395,1,0,0,0,1,9,0,0,9,640,79,561,35,0,0,35,277,3,259,7,8,
3175011005,DKI JAKARTA,JAKARTA TIMUR,MATRAMAN,KEBON MANGGIS,235,2,9,4,220,0,0,0,0,0,2,0,0,2,346,34,312,24,0,0,24,174,2,160,3,9,
3171071005,DKI JAKARTA,JAKARTA PUSAT,TANAH ABANG,KEBON MELATI,579,1,22,3,553,2,1,0,0,1,5,0,0,5,1058,26,1032,10,0,0,10,492,1,477,9,5,
3175081003,DKI JAKARTA,JAKARTA TIMUR,MAKASAR,KEBON PALA,423,2,22,1,398,1,0,0,0,1,6,0,0,6,1090,34,1056,18,0,0,18,412,6,381,11,14,
3171061005,DKI JAKARTA,JAKARTA PUSAT,MENTENG,KEBON SIRIH,193,0,7,2,184,0,0,0,0,0,4,0,0,4,344,12,332,20,0,0,20,152,1,145,2,4,
3173011004,DKI JAKARTA,JAKARTA BARAT,CENGKARENG,KEDAUNG KALI ANGKE,562,3,24,0,535,0,0,0,0,0,1,0,0,1,731,34,697,7,0,0,7,395,7,360,7,21,
3173051007,DKI JAKARTA,JAKARTA BARAT,KEBON JERUK,KEDOYA SELATAN,524,9,44,5,466,2,0,0,0,2,8,0,0,8,867,50,817,22,0,0,22,277,6,252,7,12,
3173051006,DKI JAKARTA,JAKARTA BARAT,KEBON JERUK,KEDOYA UTARA,556,4,62,2,488,1,0,0,0,1,15,0,0,15,1109,100,1009,22,0,0,22,373,7,349,8,9,
3173051004,DKI JAKARTA,JAKARTA BARAT,KEBON JERUK,KELAPA DUA,392,6,28,0,358,0,0,0,0,0,5,0,0,5,812,57,755,25,0,0,25,230,4,213,3,10,
3175091003,DKI JAKARTA,JAKARTA TIMUR,CIRACAS,KELAPA DUA WETAN,724,2,45,1,676,1,0,0,0,1,8,0,0,8,1285,45,1240,37,0,0,37,289,8,255,3,23,
3172061003,DKI JAKARTA,JAKARTA UTARA,KELAPA GADING,KELAPA GADING BARAT,1079,5,57,3,1014,2,0,0,0,2,49,0,0,49,1479,55,1424,241,0,0,241,487,17,448,6,16,
3172061001,DKI JAKARTA,JAKARTA UTARA,KELAPA GADING,KELAPA GADING TIMUR,863,1,75,2,785,3,0,0,0,3,23,0,0,23,1416,70,1346,139,0,0,139,387,8,353,9,17,
3173071005,DKI JAKARTA,JAKARTA BARAT,PALMERAH,KEMANGGISAN,774,4,59,6,705,0,0,0,0,0,9,0,0,9,1055,49,1006,52,0,0,52,386,6,361,11,8,
3171031001,DKI JAKARTA,JAKARTA PUSAT,KEMAYORAN,KEMAYORAN,470,3,32,3,432,2,0,0,0,2,3,0,0,3,682,33,649,27,0,0,27,352,3,335,10,4,
3173081006,DKI JAKARTA,JAKARTA BARAT,KEMBANGAN,KEMBANGAN SELATAN,397,4,51,1,341,0,0,0,0,0,8,0,0,8,780,31,749,54,0,0,54,240,6,222,5,7,
3173081001,DKI JAKARTA,JAKARTA BARAT,KEMBANGAN,KEMBANGAN UTARA,782,8,74,3,697,4,0,0,1,3,3,0,0,3,1906,76,1830,11,0,0,11,388,5,363,7,13,
3171041002,DKI JAKARTA,JAKARTA PUSAT,SENEN,KENARI,276,0,12,1,263,1,0,0,0,1,8,0,0,8,620,32,588,46,0,0,46,196,3,185,3,5,
3173041005,DKI JAKARTA,JAKARTA BARAT,TAMBORA,KERENDANG,301,2,11,2,286,1,0,0,0,1,0,0,0,0,235,7,228,9,0,0,9,163,1,148,8,6,
3175071003,DKI JAKARTA,JAKARTA TIMUR,DUREN SAWIT,KLENDER,742,6,27,2,707,4,0,0,0,4,5,0,0,5,1288,77,1211,38,0,0,38,547,3,480,18,46,
3172031001,DKI JAKARTA,JAKARTA UTARA,KOJA,KOJA,388,7,23,0,358,0,0,0,0,0,4,0,0,4,519,17,502,51,0,0,51,378,1,360,9,8,
3173071006,DKI JAKARTA,JAKARTA BARAT,PALMERAH,KOTA BAMBU SELATAN,595,2,36,5,552,0,0,0,0,0,1,0,0,1,963,45,918,73,0,0,73,316,5,296,5,10,
3173071003,DKI JAKARTA,JAKARTA BARAT,PALMERAH,KOTA BAMBU UTARA,493,3,35,11,444,3,0,0,0,3,3,0,0,3,657,35,622,54,0,0,54,275,4,255,9,7,
3171041004,DKI JAKARTA,JAKARTA PUSAT,SENEN,KRAMAT,496,2,43,6,445,0,0,0,0,0,10,0,1,9,1092,76,1016,36,0,0,36,340,4,316,11,9,
3175041001,DKI JAKARTA,JAKARTA TIMUR,KRAMAT JATI,KRAMAT JATI,528,1,48,1,478,1,0,0,0,1,13,0,0,13,1103,72,1031,23,0,0,23,450,4,419,12,15,
3174071003,DKI JAKARTA,JAKARTA SELATAN,KEBAYORAN BARU,KRAMAT PELA,309,0,23,0,286,0,0,0,0,0,0,0,0,0,546,15,531,7,0,0,7,170,0,166,3,1,
3173031002,DKI JAKARTA,JAKARTA BARAT,TAMAN SARI,KRUKUT,347,4,34,6,303,2,0,0,0,2,3,0,0,3,530,30,500,13,0,0,13,221,4,209,4,4,
3174031005,DKI JAKARTA,JAKARTA SELATAN,MAMPANG PRAPATAN,KUNINGAN BARAT,166,1,8,1,156,1,0,0,0,1,0,0,0,0,535,31,504,5,0,0,5,166,4,154,2,6,
3174021008,DKI JAKARTA,JAKARTA SELATAN,SETIA BUDI,KUNINGAN TIMUR,238,3,47,1,187,1,0,0,0,1,20,0,0,20,268,28,240,4,0,0,4,154,3,130,2,19,
3171041005,DKI JAKARTA,JAKARTA PUSAT,SENEN,KWITANG,272,0,11,0,261,3,0,0,0,3,7,0,0,7,543,16,527,11,0,0,11,142,2,131,6,3,
3172031003,DKI JAKARTA,JAKARTA UTARA,KOJA,LAGOA,787,2,41,1,743,1,0,0,0,1,5,0,0,5,860,35,825,84,0,0,84,723,4,685,15,19,
3174061002,DKI JAKARTA,JAKARTA SELATAN,CILANDAK,LEBAK BULUS,541,2,42,2,495,3,0,0,0,3,27,0,0,27,1233,82,1151,22,0,0,22,508,5,476,10,17,
3174091004,DKI JAKARTA,JAKARTA SELATAN,JAGAKARSA,LENTENG AGUNG,938,3,66,0,869,4,1,0,0,3,6,0,0,6,973,130,843,16,0,0,16,345,3,292,3,47,
LUAR DKI JAKARTA,LUAR DKI JAKARTA,LUAR DKI JAKARTA,LUAR DKI JAKARTA,LUAR DKI JAKARTA,53068,398,4654,98,47918,101,6,0,0,95,688,0,9,679,81373,8418,72955,3030,0,0,3030,8806,218,8257,136,195,
3175101007,DKI JAKARTA,JAKARTA TIMUR,CIPAYUNG,LUBANG BUAYA,988,2,56,3,927,3,0,0,0,3,10,0,0,10,950,38,912,34,0,0,34,491,11,454,3,23,
3175081001,DKI JAKARTA,JAKARTA TIMUR,MAKASAR,MAKASAR,458,5,37,1,415,0,0,0,0,0,8,0,0,8,1388,64,1324,25,0,0,25,376,6,332,8,30,
3175071006,DKI JAKARTA,JAKARTA TIMUR,DUREN SAWIT,MALAKA JAYA,393,1,23,2,367,1,0,0,0,1,2,0,0,2,772,45,727,16,0,0,16,282,3,252,4,23,
3175071005,DKI JAKARTA,JAKARTA TIMUR,DUREN SAWIT,MALAKA SARI,368,1,22,1,344,0,0,0,0,0,1,0,0,1,697,36,661,15,0,0,15,247,2,223,4,18,
3174031001,DKI JAKARTA,JAKARTA SELATAN,MAMPANG PRAPATAN,MAMPANG PRAPATAN,378,2,21,2,353,2,0,0,0,2,0,0,0,0,1137,67,1070,10,0,0,10,350,5,323,11,11,
3173031005,DKI JAKARTA,JAKARTA BARAT,TAMAN SARI,MANGGA BESAR,173,2,13,1,157,1,0,0,0,1,0,0,0,0,216,12,204,6,0,0,6,85,1,79,4,1,
3171021005,DKI JAKARTA,JAKARTA PUSAT,SAWAH BESAR,MANGGA DUA SELATAN,480,6,33,1,440,3,0,0,0,3,1,0,0,1,924,29,895,19,0,0,19,278,2,264,8,4,
3174011007,DKI JAKARTA,JAKARTA SELATAN,TEBET,MANGGARAI,504,4,34,0,466,4,0,0,0,4,4,0,0,4,693,79,614,27,0,0,27,289,7,266,2,14,
3174011006,DKI JAKARTA,JAKARTA SELATAN,TEBET,MANGGARAI SELATAN,346,2,20,2,322,0,0,0,0,0,6,0,0,6,567,42,525,24,0,0,24,185,6,154,8,17,
3173031003,DKI JAKARTA,JAKARTA BARAT,TAMAN SARI,MAPHAR,276,3,18,1,254,0,0,0,0,0,6,0,0,6,436,20,416,41,0,0,41,231,4,219,3,5,
3172041003,DKI JAKARTA,JAKARTA UTARA,CILINCING,MARUNDA,354,7,29,0,318,3,0,0,0,3,0,0,0,0,392,17,375,17,0,0,17,138,1,127,1,9,
3174071001,DKI JAKARTA,JAKARTA SELATAN,KEBAYORAN BARU,MELAWAI,99,0,17,0,82,0,0,0,0,0,1,0,0,1,104,11,93,0,0,0,0,22,0,20,1,1,
3171061001,DKI JAKARTA,JAKARTA PUSAT,MENTENG,MENTENG,546,7,36,2,501,2,0,0,0,2,5,0,0,5,936,72,864,27,0,0,27,318,4,296,10,8,
3174021005,DKI JAKARTA,JAKARTA SELATAN,SETIA BUDI,MENTENG ATAS,480,7,37,3,433,2,0,0,0,2,55,0,0,55,1528,92,1436,40,0,0,40,362,5,326,9,22,
3174011003,DKI JAKARTA,JAKARTA SELATAN,TEBET,MENTENG DALAM,712,5,35,4,668,4,0,0,0,4,13,0,0,13,887,82,805,47,0,0,47,314,5,289,8,12,
3173081003,DKI JAKARTA,JAKARTA BARAT,KEMBANGAN,MERUYA SELATAN,534,1,89,1,443,1,0,0,0,1,5,0,0,5,916,58,858,17,0,0,17,303,8,273,4,18,
3173081002,DKI JAKARTA,JAKARTA BARAT,KEMBANGAN,MERUYA UTARA,736,2,80,6,648,1,0,0,1,0,8,0,0,8,1155,51,1104,12,0,0,12,373,18,334,4,17,
3175101004,DKI JAKARTA,JAKARTA TIMUR,CIPAYUNG,MUNJUL,362,1,34,0,327,0,0,0,0,0,3,0,0,3,454,25,429,26,0,0,26,148,4,132,1,11,
3172051002,DKI JAKARTA,JAKARTA UTARA,PADEMANGAN,PADEMANGAN BARAT,2057,5,102,5,1945,5,0,0,0,5,17,0,2,15,2658,79,2579,38,0,0,38,840,6,777,24,33,
3172051001,DKI JAKARTA,JAKARTA UTARA,PADEMANGAN,PADEMANGAN TIMUR,764,1,68,3,692,2,0,0,0,2,15,0,0,15,985,37,948,23,0,0,23,337,5,314,6,12,
3175011004,DKI JAKARTA,JAKARTA TIMUR,MATRAMAN,PAL MERIAM,318,3,11,2,302,2,0,0,0,2,3,0,0,3,769,58,711,65,0,0,65,266,0,247,7,12,
3173071001,DKI JAKARTA,JAKARTA BARAT,PALMERAH,PALMERAH,1593,5,183,2,1403,0,0,0,0,0,2,0,0,2,2209,143,2066,83,0,0,83,671,12,607,23,29,
3174081001,DKI JAKARTA,JAKARTA SELATAN,PANCORAN,PANCORAN,516,10,43,0,463,1,0,0,0,1,9,0,0,9,701,42,659,7,0,0,7,294,0,284,4,6,
3172021003,DKI JAKARTA,JAKARTA UTARA,TANJUNG PRIOK,PAPANGGO,581,4,53,0,524,1,0,0,0,1,7,0,0,7,983,40,943,70,0,0,70,310,3,298,3,6,
3171021001,DKI JAKARTA,JAKARTA PUSAT,SAWAH BESAR,PASAR BARU,278,1,14,2,261,2,0,0,0,2,9,0,0,9,578,39,539,13,0,0,13,196,0,189,2,5,
3174021006,DKI JAKARTA,JAKARTA SELATAN,SETIA BUDI,PASAR MANGGIS,315,2,22,3,288,4,0,0,0,4,29,0,0,29,1092,59,1033,19,0,0,19,316,1,284,11,20,
3174041001,DKI JAKARTA,JAKARTA SELATAN,PASAR MINGGU,PASAR MINGGU,567,6,58,1,502,3,0,0,0,3,7,0,0,7,723,31,692,23,0,0,23,275,2,243,7,23,
3171041003,DKI JAKARTA,JAKARTA PUSAT,SENEN,PASEBAN,640,5,35,1,599,4,0,0,0,4,24,0,1,23,1249,117,1132,64,0,0,64,401,8,358,9,26,
3173061005,DKI JAKARTA,JAKARTA BARAT,KALI DERES,PEGADUNGAN,932,9,77,7,839,1,0,0,0,1,10,0,0,10,1717,83,1634,18,0,0,18,375,3,343,10,19,
3171061002,DKI JAKARTA,JAKARTA PUSAT,MENTENG,PEGANGSAAN,446,1,27,2,416,3,0,0,0,3,3,0,0,3,991,54,937,54,0,0,54,395,4,378,5,8,
3172061002,DKI JAKARTA,JAKARTA UTARA,KELAPA GADING,PEGANGSAAN DUA,1076,2,135,1,938,2,0,0,0,2,45,0,2,43,2116,192,1924,221,0,0,221,567,1,520,11,35,
3172011004,DKI JAKARTA,JAKARTA UTARA,PENJARINGAN,PEJAGALAN,709,1,47,2,659,3,0,0,0,3,11,0,3,8,1213,105,1108,35,0,0,35,415,6,382,7,20,
3174041006,DKI JAKARTA,JAKARTA SELATAN,PASAR MINGGU,PEJATEN BARAT,620,5,52,2,561,8,0,0,0,8,2,0,0,2,908,105,803,74,0,0,74,343,9,290,3,41,
3174041005,DKI JAKARTA,JAKARTA SELATAN,PASAR MINGGU,PEJATEN TIMUR,638,7,47,1,583,4,0,0,0,4,3,0,0,3,875,93,782,42,0,0,42,336,8,287,13,28,
3175051005,DKI JAKARTA,JAKARTA TIMUR,PASAR REBO,PEKAYON,1048,3,66,1,978,2,0,0,0,2,3,0,0,3,469,32,437,15,0,0,15,293,6,262,5,20,
3173041009,DKI JAKARTA,JAKARTA BARAT,TAMBORA,PEKOJAN,356,5,23,2,326,0,0,0,0,0,3,0,0,3,300,15,285,18,0,0,18,164,3,145,5,11,
3174031003,DKI JAKARTA,JAKARTA SELATAN,MAMPANG PRAPATAN,PELA MAMPANG,506,5,30,2,469,4,0,0,0,4,15,0,0,15,1708,120,1588,6,0,0,6,440,10,382,7,41,
3174081005,DKI JAKARTA,JAKARTA SELATAN,PANCORAN,PENGADEGAN,265,0,14,2,249,0,0,0,0,0,8,0,0,8,491,22,469,12,0,0,12,143,4,131,1,7,
3175061003,DKI JAKARTA,JAKARTA TIMUR,CAKUNG,PENGGILINGAN,992,3,145,1,843,2,0,0,0,2,11,0,0,11,2195,185,2010,85,0,0,85,728,7,650,14,57,
3172011001,DKI JAKARTA,JAKARTA UTARA,PENJARINGAN,PENJARINGAN,1405,12,81,4,1308,4,2,0,0,2,24,0,0,24,3289,153,3136,123,0,0,123,806,7,739,16,44,
3174101001,DKI JAKARTA,JAKARTA SELATAN,PESANGGRAHAN,PESANGGRAHAN,602,6,74,4,518,2,0,0,1,1,0,0,0,0,1106,92,1014,19,0,0,19,214,5,196,4,9,
3171071004,DKI JAKARTA,JAKARTA PUSAT,TANAH ABANG,PETAMBURAN,663,5,25,7,626,0,0,0,0,0,7,0,0,7,1026,25,1001,14,0,0,14,469,5,446,13,5,
3174071008,DKI JAKARTA,JAKARTA SELATAN,KEBAYORAN BARU,PETOGOGAN,298,4,26,0,268,0,0,0,0,0,3,0,0,3,342,16,326,3,0,0,3,131,0,122,0,9,
3171011004,DKI JAKARTA,JAKARTA PUSAT,GAMBIR,PETOJO SELATAN,284,3,14,1,266,0,0,0,0,0,28,0,0,28,859,32,827,16,0,0,16,290,0,276,8,6,
3171011003,DKI JAKARTA,JAKARTA PUSAT,GAMBIR,PETOJO UTARA,246,1,7,3,235,1,0,0,0,1,12,0,0,12,468,27,441,26,0,0,26,174,1,168,3,2,
3174101004,DKI JAKARTA,JAKARTA SELATAN,PESANGGRAHAN,PETUKANGAN SELATAN,597,8,55,2,532,1,0,0,0,1,2,0,0,2,1079,39,1040,10,0,0,10,287,0,267,4,16,
3174101003,DKI JAKARTA,JAKARTA SELATAN,PESANGGRAHAN,PETUKANGAN UTARA,688,7,70,4,607,6,1,0,0,5,6,0,0,6,1842,83,1759,11,0,0,11,399,4,368,2,25,
3175081002,DKI JAKARTA,JAKARTA TIMUR,MAKASAR,PINANG RANTI,325,4,16,1,304,1,1,0,0,0,2,0,0,2,797,33,764,31,0,0,31,222,3,202,6,11,
3173031008,DKI JAKARTA,JAKARTA BARAT,TAMAN SARI,PINANGSIA,179,1,18,1,159,0,0,0,0,0,2,0,0,2,280,19,261,4,0,0,4,127,1,125,0,1,
3175011001,DKI JAKARTA,JAKARTA TIMUR,MATRAMAN,PISANGAN BARU,437,0,20,3,414,2,0,0,0,2,5,0,0,5,696,60,636,35,0,0,35,267,1,226,9,31,
3175021002,DKI JAKARTA,JAKARTA TIMUR,PULO GADUNG,PISANGAN TIMUR,438,1,28,4,405,1,0,0,0,1,10,0,0,10,1392,189,1203,33,0,0,33,306,5,285,5,11,
3172011005,DKI JAKARTA,JAKARTA UTARA,PENJARINGAN,PLUIT,620,5,78,4,533,0,0,0,0,0,14,0,0,14,1532,102,1430,20,0,0,20,365,5,325,9,26,
3175071002,DKI JAKARTA,JAKARTA TIMUR,DUREN SAWIT,PONDOK BAMBU,1151,10,58,1,1082,5,0,0,0,5,3,0,0,3,1468,86,1382,39,0,0,39,539,13,493,12,21,
3175071004,DKI JAKARTA,JAKARTA TIMUR,DUREN SAWIT,PONDOK KELAPA,863,5,41,0,817,1,0,0,0,1,11,0,0,11,1503,99,1404,31,0,0,31,523,2,473,15,33,
3175071007,DKI JAKARTA,JAKARTA TIMUR,DUREN SAWIT,PONDOK KOPI,546,3,34,1,508,0,0,0,0,0,2,0,0,2,622,30,592,17,0,0,17,295,4,258,13,20,
3174061003,DKI JAKARTA,JAKARTA SELATAN,CILANDAK,PONDOK LABU,713,6,77,1,629,6,0,0,0,6,74,0,1,73,1333,73,1260,37,0,0,37,292,17,251,4,20,
3174051002,DKI JAKARTA,JAKARTA SELATAN,KEBAYORAN LAMA,PONDOK PINANG,788,5,57,4,722,0,0,0,0,0,45,0,1,44,1040,54,986,12,0,0,12,425,7,372,11,35,
3175101003,DKI JAKARTA,JAKARTA TIMUR,CIPAYUNG,PONDOK RANGGON,343,2,25,3,313,1,1,0,0,0,3,0,0,3,586,49,537,22,0,0,22,228,3,215,1,9,
PROSES UPDATE DATA,PROSES UPDATE DATA,PROSES UPDATE DATA,PROSES UPDATE DATA,PROSES UPDATE DATA,18401,165,1314,1696,15226,3778,3,0,3761,14,117,0,1,116,43499,5505,37994,493,0,1,492,26758,594,25330,498,336,
3101011003,DKI JAKARTA,KAB.ADM.KEP.SERIBU,KEP. SERIBU UTARA,PULAU HARAPAN,69,0,2,0,67,0,0,0,0,0,0,0,0,0,91,0,91,0,0,0,0,6,0,6,0,0,
3101011002,DKI JAKARTA,KAB.ADM.KEP.SERIBU,KEP. SERIBU UTARA,PULAU KELAPA,86,0,4,1,81,0,0,0,0,0,3,0,0,3,216,6,210,1,0,0,1,18,0,9,0,9,
3101011001,DKI JAKARTA,KAB.ADM.KEP.SERIBU,KEP. SERIBU UTARA,PULAU PANGGANG,187,0,9,1,177,0,0,0,0,0,0,0,0,0,179,0,179,4,0,0,4,30,0,29,0,1,
3101021003,DKI JAKARTA,KAB.ADM.KEP.SERIBU,KEP. SERIBU SELATAN,PULAU PARI,13,0,1,0,12,0,0,0,0,0,0,0,0,0,202,3,199,1,0,0,1,7,0,7,0,0,
3101021002,DKI JAKARTA,KAB.ADM.KEP.SERIBU,KEP. SERIBU SELATAN,PULAU TIDUNG,39,0,0,0,39,1,0,0,1,0,1,0,0,1,402,0,402,1,0,0,1,37,0,37,0,0,
3101021001,DKI JAKARTA,KAB.ADM.KEP.SERIBU,KEP. SERIBU SELATAN,PULAU UNTUNG JAWA,26,0,1,0,25,0,0,0,0,0,0,0,0,0,113,0,113,0,0,0,0,5,0,5,0,0,
3174071007,DKI JAKARTA,JAKARTA SELATAN,KEBAYORAN BARU,PULO,321,0,15,1,305,1,0,0,0,1,1,0,0,1,243,9,234,0,0,0,0,66,1,60,0,5,
3175021001,DKI JAKARTA,JAKARTA TIMUR,PULO GADUNG,PULO GADUNG,528,4,38,2,484,0,0,0,0,0,11,0,0,11,1063,67,996,46,0,0,46,318,1,296,8,13,
3175061005,DKI JAKARTA,JAKARTA TIMUR,CAKUNG,PULO GEBANG,822,3,120,2,697,1,0,0,0,1,9,0,0,9,1728,175,1553,73,0,0,73,554,4,494,12,44,
3174041004,DKI JAKARTA,JAKARTA SELATAN,PASAR MINGGU,RAGUNAN,1043,8,118,2,915,1,0,0,0,1,2,0,0,2,927,99,828,25,0,0,25,305,11,269,6,19,
3175091005,DKI JAKARTA,JAKARTA TIMUR,CIRACAS,RAMBUTAN,594,10,50,1,533,2,0,0,0,2,12,0,0,12,870,33,837,29,0,0,29,266,12,238,4,12,
3172031006,DKI JAKARTA,JAKARTA UTARA,KOJA,RAWA BADAK SELATAN,618,8,40,2,568,2,0,0,0,2,2,0,0,2,678,27,651,62,0,0,62,388,4,346,5,33,
3172031004,DKI JAKARTA,JAKARTA UTARA,KOJA,RAWA BADAK UTARA,556,1,21,1,533,0,0,0,0,0,2,0,0,2,644,24,620,100,0,0,100,304,0,290,4,10,
3174071005,DKI JAKARTA,JAKARTA SELATAN,KEBAYORAN BARU,RAWA BARAT,143,1,26,2,114,0,0,0,0,0,2,0,0,2,200,8,192,0,0,0,0,58,5,48,1,4,
3173011003,DKI JAKARTA,JAKARTA BARAT,CENGKARENG,RAWA BUAYA,547,9,61,2,475,1,0,0,0,1,6,0,0,6,998,39,959,7,0,0,7,430,8,379,14,29,
3175031004,DKI JAKARTA,JAKARTA TIMUR,JATINEGARA,RAWA BUNGA,191,6,4,1,180,0,0,0,0,0,1,0,0,1,341,14,327,17,0,0,17,171,0,157,4,10,
3174081003,DKI JAKARTA,JAKARTA SELATAN,PANCORAN,RAWA JATI,377,2,28,0,347,2,0,0,0,2,11,0,0,11,666,44,622,8,0,0,8,151,3,140,0,8,
3175061002,DKI JAKARTA,JAKARTA TIMUR,CAKUNG,RAWA TERATE,204,0,29,0,175,0,0,0,0,0,2,0,0,2,471,46,425,11,0,0,11,211,5,194,1,11,
3175021005,DKI JAKARTA,JAKARTA TIMUR,PULO GADUNG,RAWAMANGUN,462,4,34,0,424,1,0,0,0,1,9,0,0,9,1121,99,1022,38,0,0,38,359,6,325,9,19,
3171051003,DKI JAKARTA,JAKARTA PUSAT,CEMPAKA PUTIH,RAWASARI,908,0,83,2,823,7,3,0,1,3,10,0,0,10,1587,74,1513,39,0,0,39,471,2,443,7,19,
3173041010,DKI JAKARTA,JAKARTA BARAT,TAMBORA,ROA MALAKA,46,0,3,0,43,1,0,0,0,1,0,0,0,0,51,3,48,2,0,0,2,17,1,16,0,0,
3172041006,DKI JAKARTA,JAKARTA UTARA,CILINCING,ROROTAN,527,6,64,2,455,0,0,0,0,0,5,0,0,5,697,25,672,84,0,0,84,214,12,187,2,13,
3174071004,DKI JAKARTA,JAKARTA SELATAN,KEBAYORAN BARU,SELONG,110,0,12,0,98,0,0,0,0,0,3,0,0,3,158,9,149,3,0,0,3,32,1,29,1,1,
3173061002,DKI JAKARTA,JAKARTA BARAT,KALI DERES,SEMANAN,758,7,62,3,686,1,0,0,0,1,3,0,0,3,1354,69,1285,9,0,0,9,322,9,297,4,12,
3172041007,DKI JAKARTA,JAKARTA UTARA,CILINCING,SEMPER BARAT,1009,9,104,1,895,3,0,0,0,3,12,0,0,12,1386,66,1320,123,0,0,123,568,6,527,11,24,
3172041005,DKI JAKARTA,JAKARTA UTARA,CILINCING,SEMPER TIMUR,553,9,50,1,493,1,0,0,0,1,4,0,0,4,813,40,773,59,0,0,59,293,5,274,6,8,
3174071006,DKI JAKARTA,JAKARTA SELATAN,KEBAYORAN BARU,SENAYAN,524,0,15,0,509,0,0,0,0,0,10,0,0,10,763,14,749,0,0,0,0,219,0,215,0,4,
3171041001,DKI JAKARTA,JAKARTA PUSAT,SENEN,SENEN,233,0,11,0,222,1,0,0,0,1,8,0,0,8,803,20,783,26,0,0,26,168,0,163,3,2,
3171031004,DKI JAKARTA,JAKARTA PUSAT,KEMAYORAN,SERDANG,576,6,62,2,506,0,0,0,0,0,5,0,0,5,894,70,824,32,0,0,32,349,10,302,8,29,
3174021001,DKI JAKARTA,JAKARTA SELATAN,SETIA BUDI,SETIA BUDI,125,0,10,0,115,0,0,0,0,0,4,0,0,4,395,17,378,6,0,0,6,53,0,49,0,4,
3175101005,DKI JAKARTA,JAKARTA TIMUR,CIPAYUNG,SETU,309,1,10,0,298,2,0,0,0,2,2,0,0,2,529,25,504,14,0,0,14,158,2,144,2,10,
3173071002,DKI JAKARTA,JAKARTA BARAT,PALMERAH,SLIPI,665,0,56,2,607,1,0,0,0,1,2,0,0,2,1152,77,1075,44,0,0,44,356,6,335,4,11,
3173081004,DKI JAKARTA,JAKARTA BARAT,KEMBANGAN,SRENGSENG,711,6,76,3,626,1,0,0,0,1,6,0,0,6,1507,86,1421,27,0,0,27,391,8,364,5,14,
3174091002,DKI JAKARTA,JAKARTA SELATAN,JAGAKARSA,SRENGSENG SAWAH,1021,2,35,0,984,8,0,0,0,8,11,0,0,11,1239,80,1159,27,0,0,27,274,8,251,9,6,
3173051003,DKI JAKARTA,JAKARTA BARAT,KEBON JERUK,SUKABUMI SELATAN,408,1,30,4,373,1,0,0,0,1,1,0,0,1,837,36,801,25,0,0,25,266,10,243,5,8,
3173051002,DKI JAKARTA,JAKARTA BARAT,KEBON JERUK,SUKABUMI UTARA,512,2,78,3,429,1,1,0,0,0,20,0,0,20,1002,110,892,49,0,0,49,334,5,293,10,26,
3172041002,DKI JAKARTA,JAKARTA UTARA,CILINCING,SUKAPURA,769,6,58,2,703,0,0,0,0,0,6,0,0,6,1062,60,1002,109,0,0,109,418,5,375,8,30,
3171031007,DKI JAKARTA,JAKARTA PUSAT,KEMAYORAN,SUMUR BATU,493,0,28,1,464,2,0,0,0,2,6,0,0,6,674,38,636,33,0,0,33,262,3,245,3,11,
3172021004,DKI JAKARTA,JAKARTA UTARA,TANJUNG PRIOK,SUNGAI BAMBU,500,1,64,0,435,0,0,0,0,0,7,0,0,7,789,58,731,46,0,0,46,255,6,236,6,7,
3172021006,DKI JAKARTA,JAKARTA UTARA,TANJUNG PRIOK,SUNTER AGUNG,1234,5,106,1,1122,4,0,0,0,4,23,0,0,23,2352,142,2210,108,0,0,108,748,16,686,21,25,
3172021002,DKI JAKARTA,JAKARTA UTARA,TANJUNG PRIOK,SUNTER JAYA,1127,8,101,6,1012,1,0,0,0,1,10,0,0,10,2009,111,1898,197,0,0,197,686,10,634,19,23,
3175091004,DKI JAKARTA,JAKARTA TIMUR,CIRACAS,SUSUKAN,641,2,34,1,604,0,0,0,0,0,17,0,0,17,1493,43,1450,69,0,0,69,240,5,210,8,17,
3173031001,DKI JAKARTA,JAKARTA BARAT,TAMAN SARI,TAMAN SARI,326,3,21,0,302,2,0,0,0,2,1,0,0,1,477,20,457,17,0,0,17,217,1,206,4,6,
3173041001,DKI JAKARTA,JAKARTA BARAT,TAMBORA,TAMBORA,243,1,13,3,226,1,1,0,0,0,1,0,0,1,343,11,332,4,0,0,4,122,2,112,3,5,
3173041004,DKI JAKARTA,JAKARTA BARAT,TAMBORA,TANAH SEREAL,349,1,16,2,330,1,0,0,0,1,4,0,0,4,324,20,304,5,0,0,5,198,1,177,7,13,
3171081004,DKI JAKARTA,JAKARTA PUSAT,JOHAR BARU,TANAH TINGGI,566,8,39,3,516,5,0,0,0,5,7,0,0,7,1234,71,1163,36,0,0,36,439,2,417,16,4,
3173031004,DKI JAKARTA,JAKARTA BARAT,TAMAN SARI,TANGKI,285,0,21,1,263,1,0,0,0,1,4,0,0,4,361,20,341,3,0,0,3,149,2,138,1,8,
3174091005,DKI JAKARTA,JAKARTA SELATAN,JAGAKARSA,TANJUNG BARAT,808,4,34,1,769,1,0,0,0,1,2,0,0,2,728,58,670,13,0,0,13,325,6,290,6,23,
3173021005,DKI JAKARTA,JAKARTA BARAT,GROGOL PETAMBURAN,TANJUNG DUREN SELATAN,514,4,27,1,482,0,0,0,0,0,19,0,0,19,822,67,755,24,0,0,24,377,3,336,11,27,
3173021002,DKI JAKARTA,JAKARTA BARAT,GROGOL PETAMBURAN,TANJUNG DUREN UTARA,340,0,23,0,317,2,0,0,0,2,21,0,0,21,724,74,650,19,0,0,19,212,5,187,9,11,
3172021001,DKI JAKARTA,JAKARTA UTARA,TANJUNG PRIOK,TANJUNG PRIOK,634,4,43,6,581,1,0,0,0,1,13,0,0,13,899,41,858,71,0,0,71,434,18,396,10,10,
3174011002,DKI JAKARTA,JAKARTA SELATAN,TEBET,TEBET BARAT,601,3,71,0,527,2,0,0,0,2,8,0,0,8,767,49,718,24,0,0,24,388,19,339,8,22,
3174011001,DKI JAKARTA,JAKARTA SELATAN,TEBET,TEBET TIMUR,462,4,28,2,428,0,0,0,0,0,7,0,1,6,635,33,602,35,0,0,35,246,9,220,4,13,
3173061003,DKI JAKARTA,JAKARTA BARAT,KALI DERES,TEGAL ALUR,886,6,87,6,787,0,0,0,0,0,7,0,0,7,1510,91,1419,13,0,0,13,332,16,282,9,25,
3174031004,DKI JAKARTA,JAKARTA SELATAN,MAMPANG PRAPATAN,TEGAL PARANG,410,8,15,3,384,5,0,0,1,4,4,0,0,4,1169,92,1077,12,0,0,12,357,0,337,6,14,
3173021003,DKI JAKARTA,JAKARTA BARAT,GROGOL PETAMBURAN,TOMANG,559,2,38,2,517,0,0,0,0,0,15,0,0,15,896,68,828,86,0,0,86,357,10,324,8,15,
3172031005,DKI JAKARTA,JAKARTA UTARA,KOJA,TUGU SELATAN,541,3,42,1,495,0,0,0,0,0,2,0,0,2,539,17,522,94,0,0,94,363,3,310,8,42,
3172031002,DKI JAKARTA,JAKARTA UTARA,KOJA,TUGU UTARA,1098,10,94,0,994,3,0,0,0,3,8,0,1,7,1053,41,1012,115,0,0,115,524,5,471,18,30,
3175061006,DKI JAKARTA,JAKARTA TIMUR,CAKUNG,UJUNG MENTENG,226,0,30,2,194,1,0,0,0,1,1,0,0,1,569,47,522,32,0,0,32,166,1,143,3,19,
3174101005,DKI JAKARTA,JAKARTA SELATAN,PESANGGRAHAN,ULUJAMI,668,6,44,2,616,0,0,0,0,0,0,0,0,0,1318,38,1280,26,0,0,26,315,3,285,9,18,
3175011006,DKI JAKARTA,JAKARTA TIMUR,MATRAMAN,UTAN KAYU SELATAN,578,4,21,8,545,2,0,0,0,2,8,0,0,8,1062,82,980,96,0,0,96,344,2,293,9,40,
3175011002,DKI JAKARTA,JAKARTA TIMUR,MATRAMAN,UTAN KAYU UTARA,494,5,20,0,469,2,0,0,0,2,5,0,0,5,840,50,790,46,0,0,46,283,2,237,12,32,
3171031008,DKI JAKARTA,JAKARTA PUSAT,KEMAYORAN,UTAN PANJANG,475,6,29,2,438,0,0,0,0,0,4,0,0,4,692,30,662,28,0,0,28,320,2,300,9,9,
3172021007,DKI JAKARTA,JAKARTA UTARA,TANJUNG PRIOK,WARAKAS,688,5,69,2,612,0,0,0,0,0,11,0,0,11,1116,57,1059,65,0,0,65,402,4,367,8,23,
3173021007,DKI JAKARTA,JAKARTA BARAT,GROGOL PETAMBURAN,WIJAYA KUSUMA,478,1,41,2,434,1,0,0,0,1,7,0,0,7,970,66,904,23,0,0,23,325,3,304,9,9,
